
===========================================================================
report_checks -unconstrained
===========================================================================
======================= nom_typ_1p20V_25C Corner ===================================

Startpoint: rst_n (input port clocked by clk)
Endpoint: _1297_ (recovery check against rising-edge clock clk')
Path Group: asynchronous
Path Type: max

Fanout         Cap        Slew       Delay        Time   Description
---------------------------------------------------------------------------------------------
                                  0.000000    0.000000   clock clk (rise edge)
                                  0.000000    0.000000   clock network delay (propagated)
                                  4.000000    4.000000 ^ input external delay
     1    0.004550    0.021657    0.003911    4.003911 ^ rst_n (in)
                                                         rst_n (net)
                      0.021657    0.000000    4.003911 ^ input1/A (sg13g2_buf_1)
     1    0.003354    0.023622    0.057864    4.061775 ^ input1/X (sg13g2_buf_1)
                                                         net1 (net)
                      0.023622    0.000129    4.061904 ^ fanout68/A (sg13g2_buf_1)
     6    0.067582    0.279369    0.234027    4.295931 ^ fanout68/X (sg13g2_buf_1)
                                                         net68 (net)
                      0.279800    0.009084    4.305015 ^ fanout57/A (sg13g2_buf_1)
     8    0.054096    0.225403    0.276983    4.581998 ^ fanout57/X (sg13g2_buf_1)
                                                         net57 (net)
                      0.225429    0.002020    4.584018 ^ fanout56/A (sg13g2_buf_1)
     8    0.062425    0.257844    0.287360    4.871378 ^ fanout56/X (sg13g2_buf_1)
                                                         net56 (net)
                      0.258035    0.005801    4.877179 ^ _1297_/RESET_B (sg13g2_dfrbpq_1)
                                              4.877179   data arrival time

                                 50.000000   50.000000   clock clk' (rise edge)
                                  0.000000   50.000000   clock source latency
     1    0.034621    0.039729    0.025782   50.025780 v clk (in)
                                                         clk (net)
                      0.040212    0.000000   50.025780 v clkbuf_0_clk/A (sg13g2_buf_16)
    16    0.181083    0.051751    0.097184   50.122967 v clkbuf_0_clk/X (sg13g2_buf_16)
                                                         clknet_0_clk (net)
                      0.054621    0.009287   50.132252 v clkbuf_4_8_0_clk/A (sg13g2_buf_8)
     2    0.037059    0.029558    0.092545   50.224796 v clkbuf_4_8_0_clk/X (sg13g2_buf_8)
                                                         clknet_4_8_0_clk (net)
                      0.029568    0.000714   50.225510 v clkbuf_5_16__f_clk/A (sg13g2_buf_16)
     4    0.023873    0.020758    0.072337   50.297848 v clkbuf_5_16__f_clk/X (sg13g2_buf_16)
                                                         clknet_5_16__leaf_clk (net)
                      0.020762    0.000629   50.298477 v _1205__86/A (sg13g2_inv_1)
     1    0.003428    0.021918    0.028091   50.326569 ^ _1205__86/Y (sg13g2_inv_1)
                                                         net85 (net)
                      0.021918    0.000135   50.326702 ^ _1297_/CLK (sg13g2_dfrbpq_1)
                                 -0.250000   50.076702   clock uncertainty
                                  0.000000   50.076702   clock reconvergence pessimism
                                 -0.192422   49.884281   library recovery time
                                             49.884281   data required time
---------------------------------------------------------------------------------------------
                                             49.884281   data required time
                                             -4.877179   data arrival time
---------------------------------------------------------------------------------------------
                                             45.007099   slack (MET)


Startpoint: _1319_ (rising edge-triggered flip-flop clocked by clk)
Endpoint: _1304_ (rising edge-triggered flip-flop clocked by clk')
Path Group: clk
Path Type: max

Fanout         Cap        Slew       Delay        Time   Description
---------------------------------------------------------------------------------------------
                                  0.000000    0.000000   clock clk (rise edge)
                                  0.000000    0.000000   clock source latency
     1    0.035193    0.049664    0.030655    0.030655 ^ clk (in)
                                                         clk (net)
                      0.050076    0.000000    0.030655 ^ clkbuf_0_clk/A (sg13g2_buf_16)
    16    0.185662    0.060421    0.099640    0.130294 ^ clkbuf_0_clk/X (sg13g2_buf_16)
                                                         clknet_0_clk (net)
                      0.063049    0.009651    0.139946 ^ clkbuf_4_15_0_clk/A (sg13g2_buf_8)
     2    0.039738    0.033565    0.091472    0.231418 ^ clkbuf_4_15_0_clk/X (sg13g2_buf_8)
                                                         clknet_4_15_0_clk (net)
                      0.034100    0.003150    0.234567 ^ clkbuf_5_30__f_clk/A (sg13g2_buf_16)
     4    0.018636    0.019334    0.066864    0.301432 ^ clkbuf_5_30__f_clk/X (sg13g2_buf_16)
                                                         clknet_5_30__leaf_clk (net)
                      0.019338    0.000490    0.301921 ^ _1319_/CLK (sg13g2_dfrbpq_1)
     2    0.029570    0.125146    0.237114    0.539035 ^ _1319_/Q (sg13g2_dfrbpq_1)
                                                         cfg[8] (net)
                      0.125383    0.003911    0.542946 ^ fanout42/A (sg13g2_buf_1)
     8    0.035254    0.149054    0.189069    0.732016 ^ fanout42/X (sg13g2_buf_1)
                                                         net42 (net)
                      0.149138    0.001912    0.733927 ^ _0705_/A (sg13g2_nor2b_1)
     8    0.034479    0.132764    0.171800    0.905727 v _0705_/Y (sg13g2_nor2b_1)
                                                         _0261_ (net)
                      0.132793    0.001894    0.907621 v _0715_/A2 (sg13g2_a221oi_1)
     4    0.027384    0.394303    0.394650    1.302271 ^ _0715_/Y (sg13g2_a221oi_1)
                                                         _0271_ (net)
                      0.394317    0.001931    1.304203 ^ _0716_/A (sg13g2_inv_1)
     6    0.033079    0.186842    0.255136    1.559339 v _0716_/Y (sg13g2_inv_1)
                                                         u_dut.g_seg[0].g_fa[0].u_fa.b (net)
                      0.186868    0.002207    1.561546 v u_dut.g_seg[0].g_fa[0].u_fa.u_x1/B (sg13g2_xor2_1)
     2    0.008863    0.094956    0.158323    1.719868 v u_dut.g_seg[0].g_fa[0].u_fa.u_x1/X (sg13g2_xor2_1)
                                                         u_dut.g_seg[0].g_fa[0].u_fa.t (net)
                      0.094956    0.000246    1.720115 v u_dut.g_seg[0].g_fa[0].u_fa.u_a2/B (sg13g2_and2_1)
     1    0.003520    0.028593    0.103038    1.823153 v u_dut.g_seg[0].g_fa[0].u_fa.u_a2/X (sg13g2_and2_1)
                                                         u_dut.g_seg[0].g_fa[0].u_fa.v (net)
                      0.028593    0.000223    1.823376 v u_dut.g_seg[0].g_fa[0].u_fa.u_o1/B (sg13g2_or2_1)
     2    0.009516    0.045603    0.114515    1.937891 v u_dut.g_seg[0].g_fa[0].u_fa.u_o1/X (sg13g2_or2_1)
                                                         u_dut.g_seg[0].g_fa[0].u_fa.co (net)
                      0.045603    0.000258    1.938149 v u_dut.g_seg[0].g_fa[1].u_fa.u_a2/A (sg13g2_and2_1)
     1    0.004345    0.026870    0.076339    2.014488 v u_dut.g_seg[0].g_fa[1].u_fa.u_a2/X (sg13g2_and2_1)
                                                         u_dut.g_seg[0].g_fa[1].u_fa.v (net)
                      0.026870    0.000268    2.014756 v u_dut.g_seg[0].g_fa[1].u_fa.u_o1/B (sg13g2_or2_1)
     2    0.008499    0.042526    0.110802    2.125557 v u_dut.g_seg[0].g_fa[1].u_fa.u_o1/X (sg13g2_or2_1)
                                                         u_dut.g_seg[0].g_fa[1].u_fa.co (net)
                      0.042534    0.000573    2.126131 v u_dut.g_seg[0].g_fa[2].u_fa.u_a2/A (sg13g2_and2_1)
     1    0.002482    0.021280    0.070361    2.196492 v u_dut.g_seg[0].g_fa[2].u_fa.u_a2/X (sg13g2_and2_1)
                                                         u_dut.g_seg[0].g_fa[2].u_fa.v (net)
                      0.021280    0.000187    2.196679 v u_dut.g_seg[0].g_fa[2].u_fa.u_o1/B (sg13g2_or2_1)
     2    0.010529    0.048587    0.114316    2.310995 v u_dut.g_seg[0].g_fa[2].u_fa.u_o1/X (sg13g2_or2_1)
                                                         u_dut.g_seg[0].g_fa[2].u_fa.co (net)
                      0.048595    0.000611    2.311606 v u_dut.g_seg[0].g_fa[3].u_fa.u_a2/A (sg13g2_and2_1)
     1    0.002916    0.022619    0.074083    2.385689 v u_dut.g_seg[0].g_fa[3].u_fa.u_a2/X (sg13g2_and2_1)
                                                         u_dut.g_seg[0].g_fa[3].u_fa.v (net)
                      0.022619    0.000113    2.385803 v u_dut.g_seg[0].g_fa[3].u_fa.u_o1/B (sg13g2_or2_1)
     2    0.012457    0.054648    0.120177    2.505980 v u_dut.g_seg[0].g_fa[3].u_fa.u_o1/X (sg13g2_or2_1)
                                                         u_dut.g_seg[0].u_bank.node[0] (net)
                      0.054670    0.001029    2.507009 v u_dut.g_seg[0].u_bank.g_inv[0].u_inv._cell/A (sg13g2_inv_1)
     1    0.003016    0.027406    0.036195    2.543204 ^ u_dut.g_seg[0].u_bank.g_inv[0].u_inv._cell/Y (sg13g2_inv_1)
                                                         u_dut.g_seg[0].u_bank.node[1] (net)
                      0.027407    0.000121    2.543324 ^ u_dut.g_seg[0].u_bank.g_inv[1].u_inv._cell/A (sg13g2_inv_1)
     1    0.002911    0.017051    0.026787    2.570111 v u_dut.g_seg[0].u_bank.g_inv[1].u_inv._cell/Y (sg13g2_inv_1)
                                                         u_dut.g_seg[0].u_bank.node[2] (net)
                      0.017051    0.000116    2.570227 v u_dut.g_seg[0].u_bank.g_inv[2].u_inv._cell/A (sg13g2_inv_1)
     1    0.003177    0.020223    0.026301    2.596528 ^ u_dut.g_seg[0].u_bank.g_inv[2].u_inv._cell/Y (sg13g2_inv_1)
                                                         u_dut.g_seg[0].u_bank.node[3] (net)
                      0.020224    0.000243    2.596771 ^ u_dut.g_seg[0].u_bank.g_inv[3].u_inv._cell/A (sg13g2_inv_1)
     1    0.002916    0.015717    0.024768    2.621539 v u_dut.g_seg[0].u_bank.g_inv[3].u_inv._cell/Y (sg13g2_inv_1)
                                                         u_dut.g_seg[0].u_bank.node[4] (net)
                      0.015717    0.000116    2.621656 v u_dut.g_seg[0].u_bank.g_inv[4].u_inv._cell/A (sg13g2_inv_1)
     1    0.003537    0.021290    0.026988    2.648644 ^ u_dut.g_seg[0].u_bank.g_inv[4].u_inv._cell/Y (sg13g2_inv_1)
                                                         u_dut.g_seg[0].u_bank.node[5] (net)
                      0.021291    0.000139    2.648783 ^ u_dut.g_seg[0].u_bank.g_inv[5].u_inv._cell/A (sg13g2_inv_1)
     1    0.003146    0.016529    0.025612    2.674395 v u_dut.g_seg[0].u_bank.g_inv[5].u_inv._cell/Y (sg13g2_inv_1)
                                                         u_dut.g_seg[0].u_bank.node[6] (net)
                      0.016529    0.000125    2.674520 v u_dut.g_seg[0].u_bank.g_inv[6].u_inv._cell/A (sg13g2_inv_1)
     1    0.003031    0.019588    0.025784    2.700303 ^ u_dut.g_seg[0].u_bank.g_inv[6].u_inv._cell/Y (sg13g2_inv_1)
                                                         u_dut.g_seg[0].u_bank.node[7] (net)
                      0.019588    0.000121    2.700424 ^ u_dut.g_seg[0].u_bank.g_inv[7].u_inv._cell/A (sg13g2_inv_1)
     1    0.003023    0.015871    0.024797    2.725221 v u_dut.g_seg[0].u_bank.g_inv[7].u_inv._cell/Y (sg13g2_inv_1)
                                                         u_dut.g_seg[0].u_bank.node[8] (net)
                      0.015872    0.000234    2.725454 v u_dut.g_seg[0].u_bank.g_inv[8].u_inv._cell/A (sg13g2_inv_1)
     1    0.003024    0.019427    0.025584    2.751039 ^ u_dut.g_seg[0].u_bank.g_inv[8].u_inv._cell/Y (sg13g2_inv_1)
                                                         u_dut.g_seg[0].u_bank.node[9] (net)
                      0.019427    0.000121    2.751159 ^ u_dut.g_seg[0].u_bank.g_inv[9].u_inv._cell/A (sg13g2_inv_1)
     1    0.002956    0.015675    0.024637    2.775796 v u_dut.g_seg[0].u_bank.g_inv[9].u_inv._cell/Y (sg13g2_inv_1)
                                                         u_dut.g_seg[0].u_bank.node[10] (net)
                      0.015675    0.000117    2.775913 v u_dut.g_seg[0].u_bank.g_inv[10].u_inv._cell/A (sg13g2_inv_1)
     1    0.003475    0.021053    0.026802    2.802715 ^ u_dut.g_seg[0].u_bank.g_inv[10].u_inv._cell/Y (sg13g2_inv_1)
                                                         u_dut.g_seg[0].u_bank.node[11] (net)
                      0.021053    0.000138    2.802853 ^ u_dut.g_seg[0].u_bank.g_inv[11].u_inv._cell/A (sg13g2_inv_1)
     1    0.003727    0.018046    0.026911    2.829764 v u_dut.g_seg[0].u_bank.g_inv[11].u_inv._cell/Y (sg13g2_inv_1)
                                                         u_dut.g_seg[0].u_bank.node[12] (net)
                      0.018047    0.000146    2.829910 v u_dut.g_seg[0].u_bank.g_inv[12].u_inv._cell/A (sg13g2_inv_1)
     1    0.003151    0.020345    0.026544    2.856454 ^ u_dut.g_seg[0].u_bank.g_inv[12].u_inv._cell/Y (sg13g2_inv_1)
                                                         u_dut.g_seg[0].u_bank.node[13] (net)
                      0.020345    0.000125    2.856579 ^ u_dut.g_seg[0].u_bank.g_inv[13].u_inv._cell/A (sg13g2_inv_1)
     1    0.003454    0.017172    0.026064    2.882643 v u_dut.g_seg[0].u_bank.g_inv[13].u_inv._cell/Y (sg13g2_inv_1)
                                                         u_dut.g_seg[0].u_bank.node[14] (net)
                      0.017175    0.000136    2.882779 v u_dut.g_seg[0].u_bank.g_inv[14].u_inv._cell/A (sg13g2_inv_1)
     1    0.003070    0.019851    0.026029    2.908808 ^ u_dut.g_seg[0].u_bank.g_inv[14].u_inv._cell/Y (sg13g2_inv_1)
                                                         u_dut.g_seg[0].u_bank.node[15] (net)
                      0.019852    0.000239    2.909047 ^ u_dut.g_seg[0].u_bank.g_inv[15].u_inv._cell/A (sg13g2_inv_1)
     1    0.003907    0.018311    0.026932    2.935979 v u_dut.g_seg[0].u_bank.g_inv[15].u_inv._cell/Y (sg13g2_inv_1)
                                                         u_dut.g_seg[0].u_bank.node[16] (net)
                      0.018316    0.000274    2.936252 v u_dut.g_seg[0].u_bank.g_inv[16].u_inv._cell/A (sg13g2_inv_1)
     1    0.003902    0.023163    0.028714    2.964967 ^ u_dut.g_seg[0].u_bank.g_inv[16].u_inv._cell/Y (sg13g2_inv_1)
                                                         u_dut.g_seg[0].u_bank.node[17] (net)
                      0.023167    0.000277    2.965243 ^ u_dut.g_seg[0].u_bank.g_inv[17].u_inv._cell/A (sg13g2_inv_1)
     1    0.003966    0.019080    0.028056    2.993299 v u_dut.g_seg[0].u_bank.g_inv[17].u_inv._cell/Y (sg13g2_inv_1)
                                                         u_dut.g_seg[0].u_bank.node[18] (net)
                      0.019085    0.000276    2.993575 v u_dut.g_seg[0].u_bank.g_inv[18].u_inv._cell/A (sg13g2_inv_1)
     1    0.004187    0.024386    0.029753    3.023328 ^ u_dut.g_seg[0].u_bank.g_inv[18].u_inv._cell/Y (sg13g2_inv_1)
                                                         u_dut.g_seg[0].u_bank.node[19] (net)
                      0.024400    0.000286    3.023614 ^ u_dut.g_seg[0].u_bank.g_inv[19].u_inv._cell/A (sg13g2_inv_1)
     1    0.003054    0.016867    0.026281    3.049896 v u_dut.g_seg[0].u_bank.g_inv[19].u_inv._cell/Y (sg13g2_inv_1)
                                                         u_dut.g_seg[0].u_bank.node[20] (net)
                      0.016867    0.000121    3.050017 v u_dut.g_seg[0].u_bank.g_inv[20].u_inv._cell/A (sg13g2_inv_1)
     1    0.004442    0.024916    0.029827    3.079844 ^ u_dut.g_seg[0].u_bank.g_inv[20].u_inv._cell/Y (sg13g2_inv_1)
                                                         u_dut.g_seg[0].u_bank.node[21] (net)
                      0.024931    0.000300    3.080144 ^ u_dut.g_seg[0].u_bank.g_inv[21].u_inv._cell/A (sg13g2_inv_1)
     1    0.004616    0.021206    0.030124    3.110268 v u_dut.g_seg[0].u_bank.g_inv[21].u_inv._cell/Y (sg13g2_inv_1)
                                                         u_dut.g_seg[0].u_bank.node[22] (net)
                      0.021224    0.000336    3.110605 v u_dut.g_seg[0].u_bank.g_inv[22].u_inv._cell/A (sg13g2_inv_1)
     1    0.004687    0.026689    0.031810    3.142415 ^ u_dut.g_seg[0].u_bank.g_inv[22].u_inv._cell/Y (sg13g2_inv_1)
                                                         u_dut.g_seg[0].u_bank.node[23] (net)
                      0.026705    0.000315    3.142730 ^ u_dut.g_seg[0].u_bank.g_inv[23].u_inv._cell/A (sg13g2_inv_1)
     1    0.004657    0.021642    0.030762    3.173492 v u_dut.g_seg[0].u_bank.g_inv[23].u_inv._cell/Y (sg13g2_inv_1)
                                                         u_dut.g_seg[0].u_bank.node[24] (net)
                      0.021660    0.000349    3.173841 v u_dut.g_seg[0].u_bank.g_inv[24].u_inv._cell/A (sg13g2_inv_1)
     1    0.004392    0.025665    0.031131    3.204972 ^ u_dut.g_seg[0].u_bank.g_inv[24].u_inv._cell/Y (sg13g2_inv_1)
                                                         u_dut.g_seg[0].u_bank.node[25] (net)
                      0.025666    0.000174    3.205146 ^ u_dut.g_seg[0].u_bank.g_inv[25].u_inv._cell/A (sg13g2_inv_1)
     1    0.003077    0.017165    0.026698    3.231844 v u_dut.g_seg[0].u_bank.g_inv[25].u_inv._cell/Y (sg13g2_inv_1)
                                                         u_dut.g_seg[0].u_bank.node[26] (net)
                      0.017165    0.000122    3.231966 v u_dut.g_seg[0].u_bank.g_inv[26].u_inv._cell/A (sg13g2_inv_1)
     1    0.003136    0.020094    0.026214    3.258180 ^ u_dut.g_seg[0].u_bank.g_inv[26].u_inv._cell/Y (sg13g2_inv_1)
                                                         u_dut.g_seg[0].u_bank.node[27] (net)
                      0.020095    0.000242    3.258422 ^ u_dut.g_seg[0].u_bank.g_inv[27].u_inv._cell/A (sg13g2_inv_1)
     1    0.002915    0.015691    0.024730    3.283152 v u_dut.g_seg[0].u_bank.g_inv[27].u_inv._cell/Y (sg13g2_inv_1)
                                                         u_dut.g_seg[0].u_bank.node[28] (net)
                      0.015691    0.000116    3.283268 v u_dut.g_seg[0].u_bank.g_inv[28].u_inv._cell/A (sg13g2_inv_1)
     1    0.003018    0.019368    0.025518    3.308787 ^ u_dut.g_seg[0].u_bank.g_inv[28].u_inv._cell/Y (sg13g2_inv_1)
                                                         u_dut.g_seg[0].u_bank.node[29] (net)
                      0.019369    0.000121    3.308907 ^ u_dut.g_seg[0].u_bank.g_inv[29].u_inv._cell/A (sg13g2_inv_1)
     1    0.002913    0.015549    0.024519    3.333427 v u_dut.g_seg[0].u_bank.g_inv[29].u_inv._cell/Y (sg13g2_inv_1)
                                                         u_dut.g_seg[0].u_bank.node[30] (net)
                      0.015549    0.000116    3.333543 v u_dut.g_seg[0].u_bank.g_inv[30].u_inv._cell/A (sg13g2_inv_1)
     1    0.003996    0.022968    0.028189    3.361732 ^ u_dut.g_seg[0].u_bank.g_inv[30].u_inv._cell/Y (sg13g2_inv_1)
                                                         u_dut.g_seg[0].u_bank.node[31] (net)
                      0.022982    0.000280    3.362011 ^ u_dut.g_seg[0].u_bank.g_inv[31].u_inv._cell/A (sg13g2_inv_1)
     2    0.007223    0.028362    0.035673    3.397685 v u_dut.g_seg[0].u_bank.g_inv[31].u_inv._cell/Y (sg13g2_inv_1)
                                                         u_dut.g_seg[0].u_bank.node[32] (net)
                      0.028371    0.000408    3.398093 v u_dut.g_seg[0].u_bank.g_inv[32].u_inv._cell/A (sg13g2_inv_1)
     1    0.003331    0.023110    0.029888    3.427981 ^ u_dut.g_seg[0].u_bank.g_inv[32].u_inv._cell/Y (sg13g2_inv_1)
                                                         u_dut.g_seg[0].u_bank.node[33] (net)
                      0.023111    0.000250    3.428231 ^ u_dut.g_seg[0].u_bank.g_inv[33].u_inv._cell/A (sg13g2_inv_1)
     1    0.003372    0.017470    0.026672    3.454903 v u_dut.g_seg[0].u_bank.g_inv[33].u_inv._cell/Y (sg13g2_inv_1)
                                                         u_dut.g_seg[0].u_bank.node[34] (net)
                      0.017470    0.000134    3.455037 v u_dut.g_seg[0].u_bank.g_inv[34].u_inv._cell/A (sg13g2_inv_1)
     1    0.003307    0.020798    0.026826    3.481863 ^ u_dut.g_seg[0].u_bank.g_inv[34].u_inv._cell/Y (sg13g2_inv_1)
                                                         u_dut.g_seg[0].u_bank.node[35] (net)
                      0.020798    0.000131    3.481994 ^ u_dut.g_seg[0].u_bank.g_inv[35].u_inv._cell/A (sg13g2_inv_1)
     1    0.002913    0.015818    0.024925    3.506919 v u_dut.g_seg[0].u_bank.g_inv[35].u_inv._cell/Y (sg13g2_inv_1)
                                                         u_dut.g_seg[0].u_bank.node[36] (net)
                      0.015819    0.000116    3.507035 v u_dut.g_seg[0].u_bank.g_inv[36].u_inv._cell/A (sg13g2_inv_1)
     1    0.003016    0.019385    0.025546    3.532581 ^ u_dut.g_seg[0].u_bank.g_inv[36].u_inv._cell/Y (sg13g2_inv_1)
                                                         u_dut.g_seg[0].u_bank.node[37] (net)
                      0.019385    0.000120    3.532701 ^ u_dut.g_seg[0].u_bank.g_inv[37].u_inv._cell/A (sg13g2_inv_1)
     1    0.003199    0.016315    0.025192    3.557893 v u_dut.g_seg[0].u_bank.g_inv[37].u_inv._cell/Y (sg13g2_inv_1)
                                                         u_dut.g_seg[0].u_bank.node[38] (net)
                      0.016315    0.000127    3.558020 v u_dut.g_seg[0].u_bank.g_inv[38].u_inv._cell/A (sg13g2_inv_1)
     1    0.003100    0.019786    0.025878    3.583898 ^ u_dut.g_seg[0].u_bank.g_inv[38].u_inv._cell/Y (sg13g2_inv_1)
                                                         u_dut.g_seg[0].u_bank.node[39] (net)
                      0.019787    0.000240    3.584137 ^ u_dut.g_seg[0].u_bank.g_inv[39].u_inv._cell/A (sg13g2_inv_1)
     1    0.003294    0.016641    0.025526    3.609663 v u_dut.g_seg[0].u_bank.g_inv[39].u_inv._cell/Y (sg13g2_inv_1)
                                                         u_dut.g_seg[0].u_bank.node[40] (net)
                      0.016641    0.000131    3.609795 v u_dut.g_seg[0].u_bank.g_inv[40].u_inv._cell/A (sg13g2_inv_1)
     1    0.003476    0.021251    0.027072    3.636867 ^ u_dut.g_seg[0].u_bank.g_inv[40].u_inv._cell/Y (sg13g2_inv_1)
                                                         u_dut.g_seg[0].u_bank.node[41] (net)
                      0.021251    0.000139    3.637006 ^ u_dut.g_seg[0].u_bank.g_inv[41].u_inv._cell/A (sg13g2_inv_1)
     1    0.002910    0.015896    0.025046    3.662052 v u_dut.g_seg[0].u_bank.g_inv[41].u_inv._cell/Y (sg13g2_inv_1)
                                                         u_dut.g_seg[0].u_bank.node[42] (net)
                      0.015896    0.000116    3.662168 v u_dut.g_seg[0].u_bank.g_inv[42].u_inv._cell/A (sg13g2_inv_1)
     1    0.003026    0.019439    0.025596    3.687764 ^ u_dut.g_seg[0].u_bank.g_inv[42].u_inv._cell/Y (sg13g2_inv_1)
                                                         u_dut.g_seg[0].u_bank.node[43] (net)
                      0.019439    0.000121    3.687885 ^ u_dut.g_seg[0].u_bank.g_inv[43].u_inv._cell/A (sg13g2_inv_1)
     1    0.003914    0.018255    0.026823    3.714708 v u_dut.g_seg[0].u_bank.g_inv[43].u_inv._cell/Y (sg13g2_inv_1)
                                                         u_dut.g_seg[0].u_bank.node[44] (net)
                      0.018260    0.000274    3.714981 v u_dut.g_seg[0].u_bank.g_inv[44].u_inv._cell/A (sg13g2_inv_1)
     1    0.003314    0.020972    0.027018    3.742000 ^ u_dut.g_seg[0].u_bank.g_inv[44].u_inv._cell/Y (sg13g2_inv_1)
                                                         u_dut.g_seg[0].u_bank.node[45] (net)
                      0.020973    0.000256    3.742256 ^ u_dut.g_seg[0].u_bank.g_inv[45].u_inv._cell/A (sg13g2_inv_1)
     1    0.002915    0.015855    0.024978    3.767234 v u_dut.g_seg[0].u_bank.g_inv[45].u_inv._cell/Y (sg13g2_inv_1)
                                                         u_dut.g_seg[0].u_bank.node[46] (net)
                      0.015855    0.000116    3.767350 v u_dut.g_seg[0].u_bank.g_inv[46].u_inv._cell/A (sg13g2_inv_1)
     1    0.003018    0.019402    0.025564    3.792914 ^ u_dut.g_seg[0].u_bank.g_inv[46].u_inv._cell/Y (sg13g2_inv_1)
                                                         u_dut.g_seg[0].u_bank.node[47] (net)
                      0.019403    0.000120    3.793034 ^ u_dut.g_seg[0].u_bank.g_inv[47].u_inv._cell/A (sg13g2_inv_1)
     1    0.004290    0.019293    0.027687    3.820721 v u_dut.g_seg[0].u_bank.g_inv[47].u_inv._cell/Y (sg13g2_inv_1)
                                                         u_dut.g_seg[0].u_bank.node[48] (net)
                      0.019309    0.000296    3.821017 v u_dut.g_seg[0].u_bank.g_inv[48].u_inv._cell/A (sg13g2_inv_1)
     1    0.005219    0.028355    0.032763    3.853780 ^ u_dut.g_seg[0].u_bank.g_inv[48].u_inv._cell/Y (sg13g2_inv_1)
                                                         u_dut.g_seg[0].u_bank.node[49] (net)
                      0.028362    0.000349    3.854129 ^ u_dut.g_seg[0].u_bank.g_inv[49].u_inv._cell/A (sg13g2_inv_1)
     1    0.003055    0.017603    0.027373    3.881502 v u_dut.g_seg[0].u_bank.g_inv[49].u_inv._cell/Y (sg13g2_inv_1)
                                                         u_dut.g_seg[0].u_bank.node[50] (net)
                      0.017604    0.000233    3.881735 v u_dut.g_seg[0].u_bank.g_inv[50].u_inv._cell/A (sg13g2_inv_1)
     1    0.003603    0.021915    0.027705    3.909440 ^ u_dut.g_seg[0].u_bank.g_inv[50].u_inv._cell/Y (sg13g2_inv_1)
                                                         u_dut.g_seg[0].u_bank.node[51] (net)
                      0.021916    0.000142    3.909582 ^ u_dut.g_seg[0].u_bank.g_inv[51].u_inv._cell/A (sg13g2_inv_1)
     1    0.002982    0.016209    0.025403    3.934984 v u_dut.g_seg[0].u_bank.g_inv[51].u_inv._cell/Y (sg13g2_inv_1)
                                                         u_dut.g_seg[0].u_bank.node[52] (net)
                      0.016210    0.000119    3.935103 v u_dut.g_seg[0].u_bank.g_inv[52].u_inv._cell/A (sg13g2_inv_1)
     1    0.003367    0.020761    0.026645    3.961748 ^ u_dut.g_seg[0].u_bank.g_inv[52].u_inv._cell/Y (sg13g2_inv_1)
                                                         u_dut.g_seg[0].u_bank.node[53] (net)
                      0.020761    0.000133    3.961881 ^ u_dut.g_seg[0].u_bank.g_inv[53].u_inv._cell/A (sg13g2_inv_1)
     1    0.003105    0.016308    0.025322    3.987203 v u_dut.g_seg[0].u_bank.g_inv[53].u_inv._cell/Y (sg13g2_inv_1)
                                                         u_dut.g_seg[0].u_bank.node[54] (net)
                      0.016309    0.000237    3.987440 v u_dut.g_seg[0].u_bank.g_inv[54].u_inv._cell/A (sg13g2_inv_1)
     1    0.003019    0.019499    0.025690    4.013130 ^ u_dut.g_seg[0].u_bank.g_inv[54].u_inv._cell/Y (sg13g2_inv_1)
                                                         u_dut.g_seg[0].u_bank.node[55] (net)
                      0.019499    0.000120    4.013250 ^ u_dut.g_seg[0].u_bank.g_inv[55].u_inv._cell/A (sg13g2_inv_1)
     1    0.002923    0.015602    0.024582    4.037832 v u_dut.g_seg[0].u_bank.g_inv[55].u_inv._cell/Y (sg13g2_inv_1)
                                                         u_dut.g_seg[0].u_bank.node[56] (net)
                      0.015602    0.000116    4.037948 v u_dut.g_seg[0].u_bank.g_inv[56].u_inv._cell/A (sg13g2_inv_1)
     1    0.003376    0.020672    0.026503    4.064451 ^ u_dut.g_seg[0].u_bank.g_inv[56].u_inv._cell/Y (sg13g2_inv_1)
                                                         u_dut.g_seg[0].u_bank.node[57] (net)
                      0.020673    0.000134    4.064585 ^ u_dut.g_seg[0].u_bank.g_inv[57].u_inv._cell/A (sg13g2_inv_1)
     1    0.003043    0.016139    0.025194    4.089778 v u_dut.g_seg[0].u_bank.g_inv[57].u_inv._cell/Y (sg13g2_inv_1)
                                                         u_dut.g_seg[0].u_bank.node[58] (net)
                      0.016139    0.000121    4.089900 v u_dut.g_seg[0].u_bank.g_inv[58].u_inv._cell/A (sg13g2_inv_1)
     1    0.003311    0.020526    0.026422    4.116322 ^ u_dut.g_seg[0].u_bank.g_inv[58].u_inv._cell/Y (sg13g2_inv_1)
                                                         u_dut.g_seg[0].u_bank.node[59] (net)
                      0.020527    0.000252    4.116574 ^ u_dut.g_seg[0].u_bank.g_inv[59].u_inv._cell/A (sg13g2_inv_1)
     1    0.003066    0.016161    0.025164    4.141738 v u_dut.g_seg[0].u_bank.g_inv[59].u_inv._cell/Y (sg13g2_inv_1)
                                                         u_dut.g_seg[0].u_bank.node[60] (net)
                      0.016162    0.000235    4.141973 v u_dut.g_seg[0].u_bank.g_inv[60].u_inv._cell/A (sg13g2_inv_1)
     1    0.003363    0.020736    0.026620    4.168594 ^ u_dut.g_seg[0].u_bank.g_inv[60].u_inv._cell/Y (sg13g2_inv_1)
                                                         u_dut.g_seg[0].u_bank.node[61] (net)
                      0.020736    0.000133    4.168727 ^ u_dut.g_seg[0].u_bank.g_inv[61].u_inv._cell/A (sg13g2_inv_1)
     1    0.003057    0.016189    0.025245    4.193972 v u_dut.g_seg[0].u_bank.g_inv[61].u_inv._cell/Y (sg13g2_inv_1)
                                                         u_dut.g_seg[0].u_bank.node[62] (net)
                      0.016189    0.000122    4.194094 v u_dut.g_seg[0].u_bank.g_inv[62].u_inv._cell/A (sg13g2_inv_1)
     1    0.003030    0.019514    0.025688    4.219781 ^ u_dut.g_seg[0].u_bank.g_inv[62].u_inv._cell/Y (sg13g2_inv_1)
                                                         u_dut.g_seg[0].u_bank.node[63] (net)
                      0.019514    0.000121    4.219903 ^ u_dut.g_seg[0].u_bank.g_inv[63].u_inv._cell/A (sg13g2_inv_1)
     2    0.006390    0.025308    0.032629    4.252532 v u_dut.g_seg[0].u_bank.g_inv[63].u_inv._cell/Y (sg13g2_inv_1)
                                                         u_dut.g_seg[0].u_bank.node[64] (net)
                      0.025314    0.000310    4.252842 v u_dut.g_seg[0].u_bank.g_inv[64].u_inv._cell/A (sg13g2_inv_1)
     1    0.003031    0.021404    0.028196    4.281037 ^ u_dut.g_seg[0].u_bank.g_inv[64].u_inv._cell/Y (sg13g2_inv_1)
                                                         u_dut.g_seg[0].u_bank.node[65] (net)
                      0.021404    0.000121    4.281158 ^ u_dut.g_seg[0].u_bank.g_inv[65].u_inv._cell/A (sg13g2_inv_1)
     1    0.002941    0.016006    0.025163    4.306321 v u_dut.g_seg[0].u_bank.g_inv[65].u_inv._cell/Y (sg13g2_inv_1)
                                                         u_dut.g_seg[0].u_bank.node[66] (net)
                      0.016007    0.000117    4.306437 v u_dut.g_seg[0].u_bank.g_inv[66].u_inv._cell/A (sg13g2_inv_1)
     1    0.003497    0.021201    0.026957    4.333395 ^ u_dut.g_seg[0].u_bank.g_inv[66].u_inv._cell/Y (sg13g2_inv_1)
                                                         u_dut.g_seg[0].u_bank.node[67] (net)
                      0.021201    0.000137    4.333532 ^ u_dut.g_seg[0].u_bank.g_inv[67].u_inv._cell/A (sg13g2_inv_1)
     1    0.003276    0.016857    0.025893    4.359425 v u_dut.g_seg[0].u_bank.g_inv[67].u_inv._cell/Y (sg13g2_inv_1)
                                                         u_dut.g_seg[0].u_bank.node[68] (net)
                      0.016858    0.000130    4.359554 v u_dut.g_seg[0].u_bank.g_inv[68].u_inv._cell/A (sg13g2_inv_1)
     1    0.003145    0.020075    0.026197    4.385751 ^ u_dut.g_seg[0].u_bank.g_inv[68].u_inv._cell/Y (sg13g2_inv_1)
                                                         u_dut.g_seg[0].u_bank.node[69] (net)
                      0.020076    0.000125    4.385876 ^ u_dut.g_seg[0].u_bank.g_inv[69].u_inv._cell/A (sg13g2_inv_1)
     1    0.003024    0.015966    0.024937    4.410813 v u_dut.g_seg[0].u_bank.g_inv[69].u_inv._cell/Y (sg13g2_inv_1)
                                                         u_dut.g_seg[0].u_bank.node[70] (net)
                      0.015967    0.000234    4.411047 v u_dut.g_seg[0].u_bank.g_inv[70].u_inv._cell/A (sg13g2_inv_1)
     1    0.003851    0.022500    0.027884    4.438931 ^ u_dut.g_seg[0].u_bank.g_inv[70].u_inv._cell/Y (sg13g2_inv_1)
                                                         u_dut.g_seg[0].u_bank.node[71] (net)
                      0.022505    0.000294    4.439225 ^ u_dut.g_seg[0].u_bank.g_inv[71].u_inv._cell/A (sg13g2_inv_1)
     1    0.002910    0.016130    0.025400    4.464625 v u_dut.g_seg[0].u_bank.g_inv[71].u_inv._cell/Y (sg13g2_inv_1)
                                                         u_dut.g_seg[0].u_bank.node[72] (net)
                      0.016131    0.000116    4.464741 v u_dut.g_seg[0].u_bank.g_inv[72].u_inv._cell/A (sg13g2_inv_1)
     1    0.003016    0.019451    0.025633    4.490374 ^ u_dut.g_seg[0].u_bank.g_inv[72].u_inv._cell/Y (sg13g2_inv_1)
                                                         u_dut.g_seg[0].u_bank.node[73] (net)
                      0.019451    0.000120    4.490494 ^ u_dut.g_seg[0].u_bank.g_inv[73].u_inv._cell/A (sg13g2_inv_1)
     1    0.002923    0.015581    0.024526    4.515020 v u_dut.g_seg[0].u_bank.g_inv[73].u_inv._cell/Y (sg13g2_inv_1)
                                                         u_dut.g_seg[0].u_bank.node[74] (net)
                      0.015582    0.000229    4.515249 v u_dut.g_seg[0].u_bank.g_inv[74].u_inv._cell/A (sg13g2_inv_1)
     1    0.003779    0.022157    0.027591    4.542840 ^ u_dut.g_seg[0].u_bank.g_inv[74].u_inv._cell/Y (sg13g2_inv_1)
                                                         u_dut.g_seg[0].u_bank.node[75] (net)
                      0.022161    0.000266    4.543106 ^ u_dut.g_seg[0].u_bank.g_inv[75].u_inv._cell/A (sg13g2_inv_1)
     1    0.003930    0.018796    0.027668    4.570774 v u_dut.g_seg[0].u_bank.g_inv[75].u_inv._cell/Y (sg13g2_inv_1)
                                                         u_dut.g_seg[0].u_bank.node[76] (net)
                      0.018801    0.000285    4.571059 v u_dut.g_seg[0].u_bank.g_inv[76].u_inv._cell/A (sg13g2_inv_1)
     1    0.003034    0.020056    0.026373    4.597432 ^ u_dut.g_seg[0].u_bank.g_inv[76].u_inv._cell/Y (sg13g2_inv_1)
                                                         u_dut.g_seg[0].u_bank.node[77] (net)
                      0.020057    0.000238    4.597670 ^ u_dut.g_seg[0].u_bank.g_inv[77].u_inv._cell/A (sg13g2_inv_1)
     1    0.005448    0.022697    0.030584    4.628253 v u_dut.g_seg[0].u_bank.g_inv[77].u_inv._cell/Y (sg13g2_inv_1)
                                                         u_dut.g_seg[0].u_bank.node[78] (net)
                      0.022706    0.000349    4.628602 v u_dut.g_seg[0].u_bank.g_inv[78].u_inv._cell/A (sg13g2_inv_1)
     1    0.004013    0.024446    0.030292    4.658894 ^ u_dut.g_seg[0].u_bank.g_inv[78].u_inv._cell/Y (sg13g2_inv_1)
                                                         u_dut.g_seg[0].u_bank.node[79] (net)
                      0.024452    0.000283    4.659177 ^ u_dut.g_seg[0].u_bank.g_inv[79].u_inv._cell/A (sg13g2_inv_1)
     1    0.004206    0.019977    0.029016    4.688193 v u_dut.g_seg[0].u_bank.g_inv[79].u_inv._cell/Y (sg13g2_inv_1)
                                                         u_dut.g_seg[0].u_bank.node[80] (net)
                      0.019981    0.000286    4.688478 v u_dut.g_seg[0].u_bank.g_inv[80].u_inv._cell/A (sg13g2_inv_1)
     1    0.004148    0.024416    0.029893    4.718372 ^ u_dut.g_seg[0].u_bank.g_inv[80].u_inv._cell/Y (sg13g2_inv_1)
                                                         u_dut.g_seg[0].u_bank.node[81] (net)
                      0.024420    0.000290    4.718662 ^ u_dut.g_seg[0].u_bank.g_inv[81].u_inv._cell/A (sg13g2_inv_1)
     1    0.003740    0.018690    0.027886    4.746548 v u_dut.g_seg[0].u_bank.g_inv[81].u_inv._cell/Y (sg13g2_inv_1)
                                                         u_dut.g_seg[0].u_bank.node[82] (net)
                      0.018695    0.000270    4.746818 v u_dut.g_seg[0].u_bank.g_inv[82].u_inv._cell/A (sg13g2_inv_1)
     1    0.004345    0.024903    0.030083    4.776901 ^ u_dut.g_seg[0].u_bank.g_inv[82].u_inv._cell/Y (sg13g2_inv_1)
                                                         u_dut.g_seg[0].u_bank.node[83] (net)
                      0.024918    0.000305    4.777206 ^ u_dut.g_seg[0].u_bank.g_inv[83].u_inv._cell/A (sg13g2_inv_1)
     1    0.003799    0.018942    0.028173    4.805378 v u_dut.g_seg[0].u_bank.g_inv[83].u_inv._cell/Y (sg13g2_inv_1)
                                                         u_dut.g_seg[0].u_bank.node[84] (net)
                      0.018947    0.000281    4.805659 v u_dut.g_seg[0].u_bank.g_inv[84].u_inv._cell/A (sg13g2_inv_1)
     1    0.004329    0.024893    0.030109    4.835768 ^ u_dut.g_seg[0].u_bank.g_inv[84].u_inv._cell/Y (sg13g2_inv_1)
                                                         u_dut.g_seg[0].u_bank.node[85] (net)
                      0.024909    0.000305    4.836073 ^ u_dut.g_seg[0].u_bank.g_inv[85].u_inv._cell/A (sg13g2_inv_1)
     1    0.002980    0.016755    0.026206    4.862279 v u_dut.g_seg[0].u_bank.g_inv[85].u_inv._cell/Y (sg13g2_inv_1)
                                                         u_dut.g_seg[0].u_bank.node[86] (net)
                      0.016756    0.000231    4.862510 v u_dut.g_seg[0].u_bank.g_inv[86].u_inv._cell/A (sg13g2_inv_1)
     1    0.003014    0.019572    0.025798    4.888308 ^ u_dut.g_seg[0].u_bank.g_inv[86].u_inv._cell/Y (sg13g2_inv_1)
                                                         u_dut.g_seg[0].u_bank.node[87] (net)
                      0.019572    0.000120    4.888428 ^ u_dut.g_seg[0].u_bank.g_inv[87].u_inv._cell/A (sg13g2_inv_1)
     1    0.002929    0.015619    0.024573    4.913001 v u_dut.g_seg[0].u_bank.g_inv[87].u_inv._cell/Y (sg13g2_inv_1)
                                                         u_dut.g_seg[0].u_bank.node[88] (net)
                      0.015620    0.000229    4.913230 v u_dut.g_seg[0].u_bank.g_inv[88].u_inv._cell/A (sg13g2_inv_1)
     1    0.004061    0.023234    0.028431    4.941661 ^ u_dut.g_seg[0].u_bank.g_inv[88].u_inv._cell/Y (sg13g2_inv_1)
                                                         u_dut.g_seg[0].u_bank.node[89] (net)
                      0.023235    0.000163    4.941824 ^ u_dut.g_seg[0].u_bank.g_inv[89].u_inv._cell/A (sg13g2_inv_1)
     1    0.003867    0.018829    0.027885    4.969709 v u_dut.g_seg[0].u_bank.g_inv[89].u_inv._cell/Y (sg13g2_inv_1)
                                                         u_dut.g_seg[0].u_bank.node[90] (net)
                      0.018830    0.000154    4.969862 v u_dut.g_seg[0].u_bank.g_inv[90].u_inv._cell/A (sg13g2_inv_1)
     1    0.003963    0.023503    0.029080    4.998942 ^ u_dut.g_seg[0].u_bank.g_inv[90].u_inv._cell/Y (sg13g2_inv_1)
                                                         u_dut.g_seg[0].u_bank.node[91] (net)
                      0.023504    0.000155    4.999097 ^ u_dut.g_seg[0].u_bank.g_inv[91].u_inv._cell/A (sg13g2_inv_1)
     1    0.003915    0.019010    0.028081    5.027178 v u_dut.g_seg[0].u_bank.g_inv[91].u_inv._cell/Y (sg13g2_inv_1)
                                                         u_dut.g_seg[0].u_bank.node[92] (net)
                      0.019011    0.000154    5.027332 v u_dut.g_seg[0].u_bank.g_inv[92].u_inv._cell/A (sg13g2_inv_1)
     1    0.004281    0.024722    0.029987    5.057319 ^ u_dut.g_seg[0].u_bank.g_inv[92].u_inv._cell/Y (sg13g2_inv_1)
                                                         u_dut.g_seg[0].u_bank.node[93] (net)
                      0.024737    0.000305    5.057624 ^ u_dut.g_seg[0].u_bank.g_inv[93].u_inv._cell/A (sg13g2_inv_1)
     1    0.003681    0.018585    0.027846    5.085470 v u_dut.g_seg[0].u_bank.g_inv[93].u_inv._cell/Y (sg13g2_inv_1)
                                                         u_dut.g_seg[0].u_bank.node[94] (net)
                      0.018594    0.000259    5.085729 v u_dut.g_seg[0].u_bank.g_inv[94].u_inv._cell/A (sg13g2_inv_1)
     1    0.003180    0.020563    0.026777    5.112506 ^ u_dut.g_seg[0].u_bank.g_inv[94].u_inv._cell/Y (sg13g2_inv_1)
                                                         u_dut.g_seg[0].u_bank.node[95] (net)
                      0.020563    0.000126    5.112632 ^ u_dut.g_seg[0].u_bank.g_inv[95].u_inv._cell/A (sg13g2_inv_1)
     1    0.003540    0.017431    0.026283    5.138915 v u_dut.g_seg[0].u_bank.g_inv[95].u_inv._cell/Y (sg13g2_inv_1)
                                                         u_dut.g_seg[0].u_bank.node[96] (net)
                      0.017440    0.000257    5.139172 v u_dut.g_seg[0].u_bank.u_mux.u_m1/A1 (sg13g2_mux2_1)
     1    0.006026    0.042214    0.113176    5.252348 v u_dut.g_seg[0].u_bank.u_mux.u_m1/X (sg13g2_mux2_1)
                                                         u_dut.g_seg[0].u_bank.u_mux.w1 (net)
                      0.042224    0.000378    5.252726 v u_dut.g_seg[0].u_bank.u_mux.u_m2/A1 (sg13g2_mux2_1)
     2    0.016054    0.073797    0.156011    5.408737 v u_dut.g_seg[0].u_bank.u_mux.u_m2/X (sg13g2_mux2_1)
                                                         u_dut.g_seg[0].bank_dout (net)
                      0.073831    0.001447    5.410184 v u_dut.g_seg[1].g_fa[0].u_fa.u_a2/A (sg13g2_and2_1)
     1    0.002742    0.021753    0.084543    5.494727 v u_dut.g_seg[1].g_fa[0].u_fa.u_a2/X (sg13g2_and2_1)
                                                         u_dut.g_seg[1].g_fa[0].u_fa.v (net)
                      0.021753    0.000106    5.494833 v u_dut.g_seg[1].g_fa[0].u_fa.u_o1/B (sg13g2_or2_1)
     2    0.009787    0.046284    0.112322    5.607154 v u_dut.g_seg[1].g_fa[0].u_fa.u_o1/X (sg13g2_or2_1)
                                                         u_dut.g_seg[1].g_fa[0].u_fa.co (net)
                      0.046300    0.000808    5.607963 v u_dut.g_seg[1].g_fa[1].u_fa.u_a2/A (sg13g2_and2_1)
     1    0.002609    0.022137    0.072324    5.680287 v u_dut.g_seg[1].g_fa[1].u_fa.u_a2/X (sg13g2_and2_1)
                                                         u_dut.g_seg[1].g_fa[1].u_fa.v (net)
                      0.022137    0.000101    5.680388 v u_dut.g_seg[1].g_fa[1].u_fa.u_o1/B (sg13g2_or2_1)
     2    0.009321    0.044953    0.111226    5.791614 v u_dut.g_seg[1].g_fa[1].u_fa.u_o1/X (sg13g2_or2_1)
                                                         u_dut.g_seg[1].g_fa[1].u_fa.co (net)
                      0.044959    0.000531    5.792145 v u_dut.g_seg[1].g_fa[2].u_fa.u_a2/A (sg13g2_and2_1)
     1    0.002393    0.021443    0.071206    5.863350 v u_dut.g_seg[1].g_fa[2].u_fa.u_a2/X (sg13g2_and2_1)
                                                         u_dut.g_seg[1].g_fa[2].u_fa.v (net)
                      0.021443    0.000095    5.863445 v u_dut.g_seg[1].g_fa[2].u_fa.u_o1/B (sg13g2_or2_1)
     2    0.009296    0.044784    0.110874    5.974319 v u_dut.g_seg[1].g_fa[2].u_fa.u_o1/X (sg13g2_or2_1)
                                                         u_dut.g_seg[1].g_fa[2].u_fa.co (net)
                      0.044790    0.000535    5.974854 v u_dut.g_seg[1].g_fa[3].u_fa.u_a2/A (sg13g2_and2_1)
     1    0.002431    0.021974    0.071207    6.046062 v u_dut.g_seg[1].g_fa[3].u_fa.u_a2/X (sg13g2_and2_1)
                                                         u_dut.g_seg[1].g_fa[3].u_fa.v (net)
                      0.021974    0.000185    6.046247 v u_dut.g_seg[1].g_fa[3].u_fa.u_o1/B (sg13g2_or2_1)
     2    0.013807    0.058909    0.123684    6.169931 v u_dut.g_seg[1].g_fa[3].u_fa.u_o1/X (sg13g2_or2_1)
                                                         u_dut.g_seg[1].u_bank.node[0] (net)
                      0.058935    0.001136    6.171067 v u_dut.g_seg[1].u_bank.g_inv[0].u_inv._cell/A (sg13g2_inv_1)
     1    0.003661    0.030497    0.039516    6.210583 ^ u_dut.g_seg[1].u_bank.g_inv[0].u_inv._cell/Y (sg13g2_inv_1)
                                                         u_dut.g_seg[1].u_bank.node[1] (net)
                      0.030498    0.000266    6.210849 ^ u_dut.g_seg[1].u_bank.g_inv[1].u_inv._cell/A (sg13g2_inv_1)
     1    0.002922    0.017658    0.027687    6.238535 v u_dut.g_seg[1].u_bank.g_inv[1].u_inv._cell/Y (sg13g2_inv_1)
                                                         u_dut.g_seg[1].u_bank.node[2] (net)
                      0.017658    0.000116    6.238652 v u_dut.g_seg[1].u_bank.g_inv[2].u_inv._cell/A (sg13g2_inv_1)
     1    0.003016    0.019768    0.026053    6.264705 ^ u_dut.g_seg[1].u_bank.g_inv[2].u_inv._cell/Y (sg13g2_inv_1)
                                                         u_dut.g_seg[1].u_bank.node[3] (net)
                      0.019769    0.000120    6.264825 ^ u_dut.g_seg[1].u_bank.g_inv[3].u_inv._cell/A (sg13g2_inv_1)
     1    0.003091    0.016098    0.025049    6.289874 v u_dut.g_seg[1].u_bank.g_inv[3].u_inv._cell/Y (sg13g2_inv_1)
                                                         u_dut.g_seg[1].u_bank.node[4] (net)
                      0.016098    0.000122    6.289996 v u_dut.g_seg[1].u_bank.g_inv[4].u_inv._cell/A (sg13g2_inv_1)
     1    0.003295    0.020473    0.026411    6.316407 ^ u_dut.g_seg[1].u_bank.g_inv[4].u_inv._cell/Y (sg13g2_inv_1)
                                                         u_dut.g_seg[1].u_bank.node[5] (net)
                      0.020473    0.000131    6.316538 ^ u_dut.g_seg[1].u_bank.g_inv[5].u_inv._cell/A (sg13g2_inv_1)
     1    0.003118    0.016301    0.025313    6.341851 v u_dut.g_seg[1].u_bank.g_inv[5].u_inv._cell/Y (sg13g2_inv_1)
                                                         u_dut.g_seg[1].u_bank.node[6] (net)
                      0.016301    0.000124    6.341975 v u_dut.g_seg[1].u_bank.g_inv[6].u_inv._cell/A (sg13g2_inv_1)
     1    0.003014    0.019478    0.025673    6.367649 ^ u_dut.g_seg[1].u_bank.g_inv[6].u_inv._cell/Y (sg13g2_inv_1)
                                                         u_dut.g_seg[1].u_bank.node[7] (net)
                      0.019478    0.000120    6.367769 ^ u_dut.g_seg[1].u_bank.g_inv[7].u_inv._cell/A (sg13g2_inv_1)
     1    0.002910    0.015563    0.024545    6.392314 v u_dut.g_seg[1].u_bank.g_inv[7].u_inv._cell/Y (sg13g2_inv_1)
                                                         u_dut.g_seg[1].u_bank.node[8] (net)
                      0.015564    0.000116    6.392430 v u_dut.g_seg[1].u_bank.g_inv[8].u_inv._cell/A (sg13g2_inv_1)
     1    0.003363    0.020603    0.026414    6.418845 ^ u_dut.g_seg[1].u_bank.g_inv[8].u_inv._cell/Y (sg13g2_inv_1)
                                                         u_dut.g_seg[1].u_bank.node[9] (net)
                      0.020604    0.000250    6.419095 ^ u_dut.g_seg[1].u_bank.g_inv[9].u_inv._cell/A (sg13g2_inv_1)
     1    0.003234    0.016635    0.025624    6.444718 v u_dut.g_seg[1].u_bank.g_inv[9].u_inv._cell/Y (sg13g2_inv_1)
                                                         u_dut.g_seg[1].u_bank.node[10] (net)
                      0.016636    0.000128    6.444846 v u_dut.g_seg[1].u_bank.g_inv[10].u_inv._cell/A (sg13g2_inv_1)
     1    0.003265    0.020472    0.026475    6.471322 ^ u_dut.g_seg[1].u_bank.g_inv[10].u_inv._cell/Y (sg13g2_inv_1)
                                                         u_dut.g_seg[1].u_bank.node[11] (net)
                      0.020472    0.000129    6.471451 ^ u_dut.g_seg[1].u_bank.g_inv[11].u_inv._cell/A (sg13g2_inv_1)
     1    0.003396    0.017040    0.025963    6.497414 v u_dut.g_seg[1].u_bank.g_inv[11].u_inv._cell/Y (sg13g2_inv_1)
                                                         u_dut.g_seg[1].u_bank.node[12] (net)
                      0.017041    0.000135    6.497549 v u_dut.g_seg[1].u_bank.g_inv[12].u_inv._cell/A (sg13g2_inv_1)
     1    0.003570    0.021667    0.027412    6.524961 ^ u_dut.g_seg[1].u_bank.g_inv[12].u_inv._cell/Y (sg13g2_inv_1)
                                                         u_dut.g_seg[1].u_bank.node[13] (net)
                      0.021672    0.000260    6.525220 ^ u_dut.g_seg[1].u_bank.g_inv[13].u_inv._cell/A (sg13g2_inv_1)
     1    0.002940    0.016054    0.025236    6.550456 v u_dut.g_seg[1].u_bank.g_inv[13].u_inv._cell/Y (sg13g2_inv_1)
                                                         u_dut.g_seg[1].u_bank.node[14] (net)
                      0.016054    0.000117    6.550573 v u_dut.g_seg[1].u_bank.g_inv[14].u_inv._cell/A (sg13g2_inv_1)
     1    0.003287    0.020434    0.026376    6.576949 ^ u_dut.g_seg[1].u_bank.g_inv[14].u_inv._cell/Y (sg13g2_inv_1)
                                                         u_dut.g_seg[1].u_bank.node[15] (net)
                      0.020434    0.000131    6.577079 ^ u_dut.g_seg[1].u_bank.g_inv[15].u_inv._cell/A (sg13g2_inv_1)
     1    0.002910    0.015742    0.024815    6.601894 v u_dut.g_seg[1].u_bank.g_inv[15].u_inv._cell/Y (sg13g2_inv_1)
                                                         u_dut.g_seg[1].u_bank.node[16] (net)
                      0.015743    0.000116    6.602011 v u_dut.g_seg[1].u_bank.g_inv[16].u_inv._cell/A (sg13g2_inv_1)
     1    0.003038    0.019452    0.025588    6.627599 ^ u_dut.g_seg[1].u_bank.g_inv[16].u_inv._cell/Y (sg13g2_inv_1)
                                                         u_dut.g_seg[1].u_bank.node[17] (net)
                      0.019452    0.000121    6.627720 ^ u_dut.g_seg[1].u_bank.g_inv[17].u_inv._cell/A (sg13g2_inv_1)
     1    0.003188    0.016297    0.025184    6.652904 v u_dut.g_seg[1].u_bank.g_inv[17].u_inv._cell/Y (sg13g2_inv_1)
                                                         u_dut.g_seg[1].u_bank.node[18] (net)
                      0.016297    0.000126    6.653030 v u_dut.g_seg[1].u_bank.g_inv[18].u_inv._cell/A (sg13g2_inv_1)
     1    0.003380    0.020830    0.026708    6.679739 ^ u_dut.g_seg[1].u_bank.g_inv[18].u_inv._cell/Y (sg13g2_inv_1)
                                                         u_dut.g_seg[1].u_bank.node[19] (net)
                      0.020830    0.000134    6.679873 ^ u_dut.g_seg[1].u_bank.g_inv[19].u_inv._cell/A (sg13g2_inv_1)
     1    0.003231    0.016655    0.025636    6.705509 v u_dut.g_seg[1].u_bank.g_inv[19].u_inv._cell/Y (sg13g2_inv_1)
                                                         u_dut.g_seg[1].u_bank.node[20] (net)
                      0.016656    0.000244    6.705752 v u_dut.g_seg[1].u_bank.g_inv[20].u_inv._cell/A (sg13g2_inv_1)
     1    0.003293    0.020582    0.026562    6.732315 ^ u_dut.g_seg[1].u_bank.g_inv[20].u_inv._cell/Y (sg13g2_inv_1)
                                                         u_dut.g_seg[1].u_bank.node[21] (net)
                      0.020582    0.000131    6.732445 ^ u_dut.g_seg[1].u_bank.g_inv[21].u_inv._cell/A (sg13g2_inv_1)
     1    0.003115    0.016315    0.025338    6.757782 v u_dut.g_seg[1].u_bank.g_inv[21].u_inv._cell/Y (sg13g2_inv_1)
                                                         u_dut.g_seg[1].u_bank.node[22] (net)
                      0.016315    0.000124    6.757907 v u_dut.g_seg[1].u_bank.g_inv[22].u_inv._cell/A (sg13g2_inv_1)
     1    0.003311    0.020563    0.026473    6.784380 ^ u_dut.g_seg[1].u_bank.g_inv[22].u_inv._cell/Y (sg13g2_inv_1)
                                                         u_dut.g_seg[1].u_bank.node[23] (net)
                      0.020564    0.000249    6.784629 ^ u_dut.g_seg[1].u_bank.g_inv[23].u_inv._cell/A (sg13g2_inv_1)
     1    0.003135    0.016364    0.025378    6.810008 v u_dut.g_seg[1].u_bank.g_inv[23].u_inv._cell/Y (sg13g2_inv_1)
                                                         u_dut.g_seg[1].u_bank.node[24] (net)
                      0.016364    0.000124    6.810132 v u_dut.g_seg[1].u_bank.g_inv[24].u_inv._cell/A (sg13g2_inv_1)
     1    0.003215    0.020234    0.026260    6.836392 ^ u_dut.g_seg[1].u_bank.g_inv[24].u_inv._cell/Y (sg13g2_inv_1)
                                                         u_dut.g_seg[1].u_bank.node[25] (net)
                      0.020234    0.000127    6.836520 ^ u_dut.g_seg[1].u_bank.g_inv[25].u_inv._cell/A (sg13g2_inv_1)
     1    0.002911    0.015707    0.024761    6.861280 v u_dut.g_seg[1].u_bank.g_inv[25].u_inv._cell/Y (sg13g2_inv_1)
                                                         u_dut.g_seg[1].u_bank.node[26] (net)
                      0.015707    0.000116    6.861396 v u_dut.g_seg[1].u_bank.g_inv[26].u_inv._cell/A (sg13g2_inv_1)
     1    0.003022    0.019387    0.025535    6.886931 ^ u_dut.g_seg[1].u_bank.g_inv[26].u_inv._cell/Y (sg13g2_inv_1)
                                                         u_dut.g_seg[1].u_bank.node[27] (net)
                      0.019387    0.000121    6.887052 ^ u_dut.g_seg[1].u_bank.g_inv[27].u_inv._cell/A (sg13g2_inv_1)
     1    0.002915    0.015559    0.024531    6.911583 v u_dut.g_seg[1].u_bank.g_inv[27].u_inv._cell/Y (sg13g2_inv_1)
                                                         u_dut.g_seg[1].u_bank.node[28] (net)
                      0.015560    0.000116    6.911699 v u_dut.g_seg[1].u_bank.g_inv[28].u_inv._cell/A (sg13g2_inv_1)
     1    0.003622    0.021558    0.027140    6.938839 ^ u_dut.g_seg[1].u_bank.g_inv[28].u_inv._cell/Y (sg13g2_inv_1)
                                                         u_dut.g_seg[1].u_bank.node[29] (net)
                      0.021568    0.000264    6.939103 ^ u_dut.g_seg[1].u_bank.g_inv[29].u_inv._cell/A (sg13g2_inv_1)
     1    0.003651    0.017923    0.026842    6.965945 v u_dut.g_seg[1].u_bank.g_inv[29].u_inv._cell/Y (sg13g2_inv_1)
                                                         u_dut.g_seg[1].u_bank.node[30] (net)
                      0.017928    0.000260    6.966205 v u_dut.g_seg[1].u_bank.g_inv[30].u_inv._cell/A (sg13g2_inv_1)
     1    0.003192    0.020468    0.026626    6.992831 ^ u_dut.g_seg[1].u_bank.g_inv[30].u_inv._cell/Y (sg13g2_inv_1)
                                                         u_dut.g_seg[1].u_bank.node[31] (net)
                      0.020468    0.000126    6.992957 ^ u_dut.g_seg[1].u_bank.g_inv[31].u_inv._cell/A (sg13g2_inv_1)
     2    0.006434    0.025606    0.033049    7.026005 v u_dut.g_seg[1].u_bank.g_inv[31].u_inv._cell/Y (sg13g2_inv_1)
                                                         u_dut.g_seg[1].u_bank.node[32] (net)
                      0.025612    0.000323    7.026329 v u_dut.g_seg[1].u_bank.g_inv[32].u_inv._cell/A (sg13g2_inv_1)
     1    0.003424    0.022881    0.029392    7.055721 ^ u_dut.g_seg[1].u_bank.g_inv[32].u_inv._cell/Y (sg13g2_inv_1)
                                                         u_dut.g_seg[1].u_bank.node[33] (net)
                      0.022882    0.000257    7.055978 ^ u_dut.g_seg[1].u_bank.g_inv[33].u_inv._cell/A (sg13g2_inv_1)
     1    0.003081    0.016655    0.025913    7.081891 v u_dut.g_seg[1].u_bank.g_inv[33].u_inv._cell/Y (sg13g2_inv_1)
                                                         u_dut.g_seg[1].u_bank.node[34] (net)
                      0.016655    0.000122    7.082014 v u_dut.g_seg[1].u_bank.g_inv[34].u_inv._cell/A (sg13g2_inv_1)
     1    0.003231    0.020353    0.026386    7.108399 ^ u_dut.g_seg[1].u_bank.g_inv[34].u_inv._cell/Y (sg13g2_inv_1)
                                                         u_dut.g_seg[1].u_bank.node[35] (net)
                      0.020354    0.000129    7.108528 ^ u_dut.g_seg[1].u_bank.g_inv[35].u_inv._cell/A (sg13g2_inv_1)
     1    0.002915    0.015739    0.024803    7.133331 v u_dut.g_seg[1].u_bank.g_inv[35].u_inv._cell/Y (sg13g2_inv_1)
                                                         u_dut.g_seg[1].u_bank.node[36] (net)
                      0.015739    0.000116    7.133447 v u_dut.g_seg[1].u_bank.g_inv[36].u_inv._cell/A (sg13g2_inv_1)
     1    0.003018    0.019378    0.025532    7.158979 ^ u_dut.g_seg[1].u_bank.g_inv[36].u_inv._cell/Y (sg13g2_inv_1)
                                                         u_dut.g_seg[1].u_bank.node[37] (net)
                      0.019379    0.000120    7.159099 ^ u_dut.g_seg[1].u_bank.g_inv[37].u_inv._cell/A (sg13g2_inv_1)
     1    0.002915    0.015556    0.024527    7.183627 v u_dut.g_seg[1].u_bank.g_inv[37].u_inv._cell/Y (sg13g2_inv_1)
                                                         u_dut.g_seg[1].u_bank.node[38] (net)
                      0.015557    0.000116    7.183743 v u_dut.g_seg[1].u_bank.g_inv[38].u_inv._cell/A (sg13g2_inv_1)
     1    0.003014    0.019324    0.025469    7.209213 ^ u_dut.g_seg[1].u_bank.g_inv[38].u_inv._cell/Y (sg13g2_inv_1)
                                                         u_dut.g_seg[1].u_bank.node[39] (net)
                      0.019324    0.000120    7.209333 ^ u_dut.g_seg[1].u_bank.g_inv[39].u_inv._cell/A (sg13g2_inv_1)
     1    0.002928    0.015581    0.024543    7.233875 v u_dut.g_seg[1].u_bank.g_inv[39].u_inv._cell/Y (sg13g2_inv_1)
                                                         u_dut.g_seg[1].u_bank.node[40] (net)
                      0.015582    0.000116    7.233992 v u_dut.g_seg[1].u_bank.g_inv[40].u_inv._cell/A (sg13g2_inv_1)
     1    0.003044    0.019440    0.025560    7.259552 ^ u_dut.g_seg[1].u_bank.g_inv[40].u_inv._cell/Y (sg13g2_inv_1)
                                                         u_dut.g_seg[1].u_bank.node[41] (net)
                      0.019440    0.000121    7.259673 ^ u_dut.g_seg[1].u_bank.g_inv[41].u_inv._cell/A (sg13g2_inv_1)
     1    0.003467    0.017037    0.025829    7.285502 v u_dut.g_seg[1].u_bank.g_inv[41].u_inv._cell/Y (sg13g2_inv_1)
                                                         u_dut.g_seg[1].u_bank.node[42] (net)
                      0.017043    0.000137    7.285639 v u_dut.g_seg[1].u_bank.g_inv[42].u_inv._cell/A (sg13g2_inv_1)
     1    0.003697    0.022135    0.027773    7.313412 ^ u_dut.g_seg[1].u_bank.g_inv[42].u_inv._cell/Y (sg13g2_inv_1)
                                                         u_dut.g_seg[1].u_bank.node[43] (net)
                      0.022145    0.000264    7.313676 ^ u_dut.g_seg[1].u_bank.g_inv[43].u_inv._cell/A (sg13g2_inv_1)
     1    0.003354    0.017241    0.026350    7.340026 v u_dut.g_seg[1].u_bank.g_inv[43].u_inv._cell/Y (sg13g2_inv_1)
                                                         u_dut.g_seg[1].u_bank.node[44] (net)
                      0.017242    0.000132    7.340158 v u_dut.g_seg[1].u_bank.g_inv[44].u_inv._cell/A (sg13g2_inv_1)
     1    0.003724    0.022273    0.027895    7.368053 ^ u_dut.g_seg[1].u_bank.g_inv[44].u_inv._cell/Y (sg13g2_inv_1)
                                                         u_dut.g_seg[1].u_bank.node[45] (net)
                      0.022286    0.000281    7.368334 ^ u_dut.g_seg[1].u_bank.g_inv[45].u_inv._cell/A (sg13g2_inv_1)
     1    0.002910    0.016089    0.025338    7.393672 v u_dut.g_seg[1].u_bank.g_inv[45].u_inv._cell/Y (sg13g2_inv_1)
                                                         u_dut.g_seg[1].u_bank.node[46] (net)
                      0.016090    0.000116    7.393789 v u_dut.g_seg[1].u_bank.g_inv[46].u_inv._cell/A (sg13g2_inv_1)
     1    0.003856    0.022545    0.027935    7.421723 ^ u_dut.g_seg[1].u_bank.g_inv[46].u_inv._cell/Y (sg13g2_inv_1)
                                                         u_dut.g_seg[1].u_bank.node[47] (net)
                      0.022549    0.000291    7.422015 ^ u_dut.g_seg[1].u_bank.g_inv[47].u_inv._cell/A (sg13g2_inv_1)
     1    0.003780    0.018456    0.027436    7.449451 v u_dut.g_seg[1].u_bank.g_inv[47].u_inv._cell/Y (sg13g2_inv_1)
                                                         u_dut.g_seg[1].u_bank.node[48] (net)
                      0.018461    0.000265    7.449716 v u_dut.g_seg[1].u_bank.g_inv[48].u_inv._cell/A (sg13g2_inv_1)
     1    0.003315    0.021033    0.027126    7.476841 ^ u_dut.g_seg[1].u_bank.g_inv[48].u_inv._cell/Y (sg13g2_inv_1)
                                                         u_dut.g_seg[1].u_bank.node[49] (net)
                      0.021033    0.000131    7.476972 ^ u_dut.g_seg[1].u_bank.g_inv[49].u_inv._cell/A (sg13g2_inv_1)
     1    0.003678    0.017908    0.026787    7.503759 v u_dut.g_seg[1].u_bank.g_inv[49].u_inv._cell/Y (sg13g2_inv_1)
                                                         u_dut.g_seg[1].u_bank.node[50] (net)
                      0.017909    0.000147    7.503906 v u_dut.g_seg[1].u_bank.g_inv[50].u_inv._cell/A (sg13g2_inv_1)
     1    0.003558    0.021813    0.027661    7.531567 ^ u_dut.g_seg[1].u_bank.g_inv[50].u_inv._cell/Y (sg13g2_inv_1)
                                                         u_dut.g_seg[1].u_bank.node[51] (net)
                      0.021813    0.000143    7.531710 ^ u_dut.g_seg[1].u_bank.g_inv[51].u_inv._cell/A (sg13g2_inv_1)
     1    0.004161    0.019372    0.028121    7.559830 v u_dut.g_seg[1].u_bank.g_inv[51].u_inv._cell/Y (sg13g2_inv_1)
                                                         u_dut.g_seg[1].u_bank.node[52] (net)
                      0.019376    0.000279    7.560109 v u_dut.g_seg[1].u_bank.g_inv[52].u_inv._cell/A (sg13g2_inv_1)
     1    0.003650    0.022433    0.028289    7.588398 ^ u_dut.g_seg[1].u_bank.g_inv[52].u_inv._cell/Y (sg13g2_inv_1)
                                                         u_dut.g_seg[1].u_bank.node[53] (net)
                      0.022437    0.000274    7.588673 ^ u_dut.g_seg[1].u_bank.g_inv[53].u_inv._cell/A (sg13g2_inv_1)
     1    0.003932    0.018862    0.027803    7.616476 v u_dut.g_seg[1].u_bank.g_inv[53].u_inv._cell/Y (sg13g2_inv_1)
                                                         u_dut.g_seg[1].u_bank.node[54] (net)
                      0.018863    0.000158    7.616634 v u_dut.g_seg[1].u_bank.g_inv[54].u_inv._cell/A (sg13g2_inv_1)
     1    0.003015    0.020010    0.026378    7.643012 ^ u_dut.g_seg[1].u_bank.g_inv[54].u_inv._cell/Y (sg13g2_inv_1)
                                                         u_dut.g_seg[1].u_bank.node[55] (net)
                      0.020011    0.000121    7.643133 ^ u_dut.g_seg[1].u_bank.g_inv[55].u_inv._cell/A (sg13g2_inv_1)
     1    0.003243    0.016549    0.025474    7.668606 v u_dut.g_seg[1].u_bank.g_inv[55].u_inv._cell/Y (sg13g2_inv_1)
                                                         u_dut.g_seg[1].u_bank.node[56] (net)
                      0.016549    0.000129    7.668735 v u_dut.g_seg[1].u_bank.g_inv[56].u_inv._cell/A (sg13g2_inv_1)
     1    0.003438    0.021092    0.026940    7.695675 ^ u_dut.g_seg[1].u_bank.g_inv[56].u_inv._cell/Y (sg13g2_inv_1)
                                                         u_dut.g_seg[1].u_bank.node[57] (net)
                      0.021092    0.000137    7.695812 ^ u_dut.g_seg[1].u_bank.g_inv[57].u_inv._cell/A (sg13g2_inv_1)
     1    0.003206    0.016652    0.025699    7.721511 v u_dut.g_seg[1].u_bank.g_inv[57].u_inv._cell/Y (sg13g2_inv_1)
                                                         u_dut.g_seg[1].u_bank.node[58] (net)
                      0.016653    0.000125    7.721636 v u_dut.g_seg[1].u_bank.g_inv[58].u_inv._cell/A (sg13g2_inv_1)
     1    0.003130    0.019977    0.026097    7.747733 ^ u_dut.g_seg[1].u_bank.g_inv[58].u_inv._cell/Y (sg13g2_inv_1)
                                                         u_dut.g_seg[1].u_bank.node[59] (net)
                      0.019977    0.000124    7.747858 ^ u_dut.g_seg[1].u_bank.g_inv[59].u_inv._cell/A (sg13g2_inv_1)
     1    0.003222    0.016485    0.025414    7.773272 v u_dut.g_seg[1].u_bank.g_inv[59].u_inv._cell/Y (sg13g2_inv_1)
                                                         u_dut.g_seg[1].u_bank.node[60] (net)
                      0.016486    0.000127    7.773399 v u_dut.g_seg[1].u_bank.g_inv[60].u_inv._cell/A (sg13g2_inv_1)
     1    0.003014    0.019516    0.025723    7.799122 ^ u_dut.g_seg[1].u_bank.g_inv[60].u_inv._cell/Y (sg13g2_inv_1)
                                                         u_dut.g_seg[1].u_bank.node[61] (net)
                      0.019516    0.000121    7.799243 ^ u_dut.g_seg[1].u_bank.g_inv[61].u_inv._cell/A (sg13g2_inv_1)
     1    0.002989    0.015779    0.024738    7.823982 v u_dut.g_seg[1].u_bank.g_inv[61].u_inv._cell/Y (sg13g2_inv_1)
                                                         u_dut.g_seg[1].u_bank.node[62] (net)
                      0.015779    0.000119    7.824100 v u_dut.g_seg[1].u_bank.g_inv[62].u_inv._cell/A (sg13g2_inv_1)
     1    0.003085    0.019618    0.025686    7.849787 ^ u_dut.g_seg[1].u_bank.g_inv[62].u_inv._cell/Y (sg13g2_inv_1)
                                                         u_dut.g_seg[1].u_bank.node[63] (net)
                      0.019619    0.000240    7.850027 ^ u_dut.g_seg[1].u_bank.g_inv[63].u_inv._cell/A (sg13g2_inv_1)
     2    0.006535    0.025744    0.032997    7.883023 v u_dut.g_seg[1].u_bank.g_inv[63].u_inv._cell/Y (sg13g2_inv_1)
                                                         u_dut.g_seg[1].u_bank.node[64] (net)
                      0.025746    0.000193    7.883216 v u_dut.g_seg[1].u_bank.g_inv[64].u_inv._cell/A (sg13g2_inv_1)
     1    0.003014    0.021430    0.028262    7.911478 ^ u_dut.g_seg[1].u_bank.g_inv[64].u_inv._cell/Y (sg13g2_inv_1)
                                                         u_dut.g_seg[1].u_bank.node[65] (net)
                      0.021430    0.000121    7.911599 ^ u_dut.g_seg[1].u_bank.g_inv[65].u_inv._cell/A (sg13g2_inv_1)
     1    0.002910    0.015929    0.025096    7.936695 v u_dut.g_seg[1].u_bank.g_inv[65].u_inv._cell/Y (sg13g2_inv_1)
                                                         u_dut.g_seg[1].u_bank.node[66] (net)
                      0.015929    0.000116    7.936811 v u_dut.g_seg[1].u_bank.g_inv[66].u_inv._cell/A (sg13g2_inv_1)
     1    0.003014    0.019401    0.025572    7.962383 ^ u_dut.g_seg[1].u_bank.g_inv[66].u_inv._cell/Y (sg13g2_inv_1)
                                                         u_dut.g_seg[1].u_bank.node[67] (net)
                      0.019401    0.000121    7.962504 ^ u_dut.g_seg[1].u_bank.g_inv[67].u_inv._cell/A (sg13g2_inv_1)
     1    0.002910    0.015549    0.024523    7.987027 v u_dut.g_seg[1].u_bank.g_inv[67].u_inv._cell/Y (sg13g2_inv_1)
                                                         u_dut.g_seg[1].u_bank.node[68] (net)
                      0.015549    0.000116    7.987144 v u_dut.g_seg[1].u_bank.g_inv[68].u_inv._cell/A (sg13g2_inv_1)
     1    0.003014    0.019323    0.025467    8.012610 ^ u_dut.g_seg[1].u_bank.g_inv[68].u_inv._cell/Y (sg13g2_inv_1)
                                                         u_dut.g_seg[1].u_bank.node[69] (net)
                      0.019323    0.000121    8.012732 ^ u_dut.g_seg[1].u_bank.g_inv[69].u_inv._cell/A (sg13g2_inv_1)
     1    0.003201    0.016294    0.025135    8.037867 v u_dut.g_seg[1].u_bank.g_inv[69].u_inv._cell/Y (sg13g2_inv_1)
                                                         u_dut.g_seg[1].u_bank.node[70] (net)
                      0.016295    0.000241    8.038107 v u_dut.g_seg[1].u_bank.g_inv[70].u_inv._cell/A (sg13g2_inv_1)
     1    0.003166    0.020039    0.026103    8.064210 ^ u_dut.g_seg[1].u_bank.g_inv[70].u_inv._cell/Y (sg13g2_inv_1)
                                                         u_dut.g_seg[1].u_bank.node[71] (net)
                      0.020039    0.000126    8.064336 ^ u_dut.g_seg[1].u_bank.g_inv[71].u_inv._cell/A (sg13g2_inv_1)
     1    0.003303    0.016700    0.025579    8.089914 v u_dut.g_seg[1].u_bank.g_inv[71].u_inv._cell/Y (sg13g2_inv_1)
                                                         u_dut.g_seg[1].u_bank.node[72] (net)
                      0.016703    0.000247    8.090161 v u_dut.g_seg[1].u_bank.g_inv[72].u_inv._cell/A (sg13g2_inv_1)
     1    0.003594    0.021684    0.027377    8.117538 ^ u_dut.g_seg[1].u_bank.g_inv[72].u_inv._cell/Y (sg13g2_inv_1)
                                                         u_dut.g_seg[1].u_bank.node[73] (net)
                      0.021691    0.000271    8.117809 ^ u_dut.g_seg[1].u_bank.g_inv[73].u_inv._cell/A (sg13g2_inv_1)
     1    0.003074    0.016411    0.025556    8.143366 v u_dut.g_seg[1].u_bank.g_inv[73].u_inv._cell/Y (sg13g2_inv_1)
                                                         u_dut.g_seg[1].u_bank.node[74] (net)
                      0.016412    0.000122    8.143488 v u_dut.g_seg[1].u_bank.g_inv[74].u_inv._cell/A (sg13g2_inv_1)
     1    0.003228    0.020291    0.026310    8.169798 ^ u_dut.g_seg[1].u_bank.g_inv[74].u_inv._cell/Y (sg13g2_inv_1)
                                                         u_dut.g_seg[1].u_bank.node[75] (net)
                      0.020291    0.000129    8.169927 ^ u_dut.g_seg[1].u_bank.g_inv[75].u_inv._cell/A (sg13g2_inv_1)
     1    0.003081    0.016170    0.025175    8.195102 v u_dut.g_seg[1].u_bank.g_inv[75].u_inv._cell/Y (sg13g2_inv_1)
                                                         u_dut.g_seg[1].u_bank.node[76] (net)
                      0.016171    0.000123    8.195225 v u_dut.g_seg[1].u_bank.g_inv[76].u_inv._cell/A (sg13g2_inv_1)
     1    0.003289    0.020468    0.026416    8.221641 ^ u_dut.g_seg[1].u_bank.g_inv[76].u_inv._cell/Y (sg13g2_inv_1)
                                                         u_dut.g_seg[1].u_bank.node[77] (net)
                      0.020468    0.000131    8.221771 ^ u_dut.g_seg[1].u_bank.g_inv[77].u_inv._cell/A (sg13g2_inv_1)
     1    0.003590    0.017552    0.026371    8.248142 v u_dut.g_seg[1].u_bank.g_inv[77].u_inv._cell/Y (sg13g2_inv_1)
                                                         u_dut.g_seg[1].u_bank.node[78] (net)
                      0.017559    0.000266    8.248407 v u_dut.g_seg[1].u_bank.g_inv[78].u_inv._cell/A (sg13g2_inv_1)
     1    0.003044    0.019848    0.026104    8.274511 ^ u_dut.g_seg[1].u_bank.g_inv[78].u_inv._cell/Y (sg13g2_inv_1)
                                                         u_dut.g_seg[1].u_bank.node[79] (net)
                      0.019848    0.000121    8.274632 ^ u_dut.g_seg[1].u_bank.g_inv[79].u_inv._cell/A (sg13g2_inv_1)
     1    0.003189    0.016375    0.025302    8.299933 v u_dut.g_seg[1].u_bank.g_inv[79].u_inv._cell/Y (sg13g2_inv_1)
                                                         u_dut.g_seg[1].u_bank.node[80] (net)
                      0.016376    0.000126    8.300059 v u_dut.g_seg[1].u_bank.g_inv[80].u_inv._cell/A (sg13g2_inv_1)
     1    0.003532    0.021406    0.027160    8.327220 ^ u_dut.g_seg[1].u_bank.g_inv[80].u_inv._cell/Y (sg13g2_inv_1)
                                                         u_dut.g_seg[1].u_bank.node[81] (net)
                      0.021407    0.000139    8.327358 ^ u_dut.g_seg[1].u_bank.g_inv[81].u_inv._cell/A (sg13g2_inv_1)
     1    0.003001    0.016153    0.025262    8.352620 v u_dut.g_seg[1].u_bank.g_inv[81].u_inv._cell/Y (sg13g2_inv_1)
                                                         u_dut.g_seg[1].u_bank.node[82] (net)
                      0.016154    0.000231    8.352851 v u_dut.g_seg[1].u_bank.g_inv[82].u_inv._cell/A (sg13g2_inv_1)
     1    0.003034    0.019524    0.025691    8.378543 ^ u_dut.g_seg[1].u_bank.g_inv[82].u_inv._cell/Y (sg13g2_inv_1)
                                                         u_dut.g_seg[1].u_bank.node[83] (net)
                      0.019524    0.000121    8.378663 ^ u_dut.g_seg[1].u_bank.g_inv[83].u_inv._cell/A (sg13g2_inv_1)
     1    0.002910    0.015572    0.024558    8.403221 v u_dut.g_seg[1].u_bank.g_inv[83].u_inv._cell/Y (sg13g2_inv_1)
                                                         u_dut.g_seg[1].u_bank.node[84] (net)
                      0.015572    0.000116    8.403337 v u_dut.g_seg[1].u_bank.g_inv[84].u_inv._cell/A (sg13g2_inv_1)
     1    0.003014    0.019327    0.025474    8.428812 ^ u_dut.g_seg[1].u_bank.g_inv[84].u_inv._cell/Y (sg13g2_inv_1)
                                                         u_dut.g_seg[1].u_bank.node[85] (net)
                      0.019328    0.000121    8.428932 ^ u_dut.g_seg[1].u_bank.g_inv[85].u_inv._cell/A (sg13g2_inv_1)
     1    0.002910    0.015535    0.024503    8.453436 v u_dut.g_seg[1].u_bank.g_inv[85].u_inv._cell/Y (sg13g2_inv_1)
                                                         u_dut.g_seg[1].u_bank.node[86] (net)
                      0.015535    0.000116    8.453552 v u_dut.g_seg[1].u_bank.g_inv[86].u_inv._cell/A (sg13g2_inv_1)
     1    0.003014    0.019320    0.025463    8.479015 ^ u_dut.g_seg[1].u_bank.g_inv[86].u_inv._cell/Y (sg13g2_inv_1)
                                                         u_dut.g_seg[1].u_bank.node[87] (net)
                      0.019320    0.000121    8.479136 ^ u_dut.g_seg[1].u_bank.g_inv[87].u_inv._cell/A (sg13g2_inv_1)
     1    0.002910    0.015534    0.024500    8.503636 v u_dut.g_seg[1].u_bank.g_inv[87].u_inv._cell/Y (sg13g2_inv_1)
                                                         u_dut.g_seg[1].u_bank.node[88] (net)
                      0.015534    0.000116    8.503753 v u_dut.g_seg[1].u_bank.g_inv[88].u_inv._cell/A (sg13g2_inv_1)
     1    0.003015    0.019323    0.025465    8.529218 ^ u_dut.g_seg[1].u_bank.g_inv[88].u_inv._cell/Y (sg13g2_inv_1)
                                                         u_dut.g_seg[1].u_bank.node[89] (net)
                      0.019323    0.000121    8.529339 ^ u_dut.g_seg[1].u_bank.g_inv[89].u_inv._cell/A (sg13g2_inv_1)
     1    0.003508    0.017117    0.025841    8.555179 v u_dut.g_seg[1].u_bank.g_inv[89].u_inv._cell/Y (sg13g2_inv_1)
                                                         u_dut.g_seg[1].u_bank.node[90] (net)
                      0.017125    0.000267    8.555447 v u_dut.g_seg[1].u_bank.g_inv[90].u_inv._cell/A (sg13g2_inv_1)
     1    0.003449    0.021236    0.027090    8.582537 ^ u_dut.g_seg[1].u_bank.g_inv[90].u_inv._cell/Y (sg13g2_inv_1)
                                                         u_dut.g_seg[1].u_bank.node[91] (net)
                      0.021237    0.000254    8.582790 ^ u_dut.g_seg[1].u_bank.g_inv[91].u_inv._cell/A (sg13g2_inv_1)
     1    0.003078    0.016337    0.025436    8.608227 v u_dut.g_seg[1].u_bank.g_inv[91].u_inv._cell/Y (sg13g2_inv_1)
                                                         u_dut.g_seg[1].u_bank.node[92] (net)
                      0.016338    0.000123    8.608349 v u_dut.g_seg[1].u_bank.g_inv[92].u_inv._cell/A (sg13g2_inv_1)
     1    0.003261    0.020382    0.026335    8.634685 ^ u_dut.g_seg[1].u_bank.g_inv[92].u_inv._cell/Y (sg13g2_inv_1)
                                                         u_dut.g_seg[1].u_bank.node[93] (net)
                      0.020383    0.000251    8.634935 ^ u_dut.g_seg[1].u_bank.g_inv[93].u_inv._cell/A (sg13g2_inv_1)
     1    0.003474    0.017215    0.026072    8.661008 v u_dut.g_seg[1].u_bank.g_inv[93].u_inv._cell/Y (sg13g2_inv_1)
                                                         u_dut.g_seg[1].u_bank.node[94] (net)
                      0.017227    0.000262    8.661270 v u_dut.g_seg[1].u_bank.g_inv[94].u_inv._cell/A (sg13g2_inv_1)
     1    0.004014    0.023365    0.028718    8.689988 ^ u_dut.g_seg[1].u_bank.g_inv[94].u_inv._cell/Y (sg13g2_inv_1)
                                                         u_dut.g_seg[1].u_bank.node[95] (net)
                      0.023369    0.000282    8.690271 ^ u_dut.g_seg[1].u_bank.g_inv[95].u_inv._cell/A (sg13g2_inv_1)
     1    0.003278    0.017257    0.026481    8.716752 v u_dut.g_seg[1].u_bank.g_inv[95].u_inv._cell/Y (sg13g2_inv_1)
                                                         u_dut.g_seg[1].u_bank.node[96] (net)
                      0.017258    0.000244    8.716996 v u_dut.g_seg[1].u_bank.u_mux.u_m1/A1 (sg13g2_mux2_1)
     1    0.003835    0.036829    0.105847    8.822844 v u_dut.g_seg[1].u_bank.u_mux.u_m1/X (sg13g2_mux2_1)
                                                         u_dut.g_seg[1].u_bank.u_mux.w1 (net)
                      0.036829    0.000267    8.823111 v u_dut.g_seg[1].u_bank.u_mux.u_m2/A1 (sg13g2_mux2_1)
     2    0.025408    0.096174    0.182696    9.005806 v u_dut.g_seg[1].u_bank.u_mux.u_m2/X (sg13g2_mux2_1)
                                                         u_dut.g_seg[1].bank_dout (net)
                      0.096364    0.003026    9.008832 v u_dut.g_seg[2].g_fa[0].u_fa.u_a2/A (sg13g2_and2_1)
     1    0.005817    0.030274    0.102040    9.110872 v u_dut.g_seg[2].g_fa[0].u_fa.u_a2/X (sg13g2_and2_1)
                                                         u_dut.g_seg[2].g_fa[0].u_fa.v (net)
                      0.030279    0.000343    9.111216 v u_dut.g_seg[2].g_fa[0].u_fa.u_o1/B (sg13g2_or2_1)
     2    0.010815    0.049512    0.119011    9.230227 v u_dut.g_seg[2].g_fa[0].u_fa.u_o1/X (sg13g2_or2_1)
                                                         u_dut.g_seg[2].g_fa[0].u_fa.co (net)
                      0.049515    0.000460    9.230687 v u_dut.g_seg[2].g_fa[1].u_fa.u_a2/A (sg13g2_and2_1)
     1    0.003113    0.023286    0.074951    9.305637 v u_dut.g_seg[2].g_fa[1].u_fa.u_a2/X (sg13g2_and2_1)
                                                         u_dut.g_seg[2].g_fa[1].u_fa.v (net)
                      0.023286    0.000218    9.305855 v u_dut.g_seg[2].g_fa[1].u_fa.u_o1/B (sg13g2_or2_1)
     2    0.009930    0.046826    0.113392    9.419247 v u_dut.g_seg[2].g_fa[1].u_fa.u_o1/X (sg13g2_or2_1)
                                                         u_dut.g_seg[2].g_fa[1].u_fa.co (net)
                      0.046835    0.000660    9.419907 v u_dut.g_seg[2].g_fa[2].u_fa.u_a2/A (sg13g2_and2_1)
     1    0.002540    0.022299    0.072361    9.492268 v u_dut.g_seg[2].g_fa[2].u_fa.u_a2/X (sg13g2_and2_1)
                                                         u_dut.g_seg[2].g_fa[2].u_fa.v (net)
                      0.022300    0.000192    9.492459 v u_dut.g_seg[2].g_fa[2].u_fa.u_o1/B (sg13g2_or2_1)
     2    0.011193    0.050711    0.116492    9.608952 v u_dut.g_seg[2].g_fa[2].u_fa.u_o1/X (sg13g2_or2_1)
                                                         u_dut.g_seg[2].g_fa[2].u_fa.co (net)
                      0.050726    0.000847    9.609798 v u_dut.g_seg[2].g_fa[3].u_fa.u_a2/A (sg13g2_and2_1)
     1    0.003070    0.023475    0.075370    9.685168 v u_dut.g_seg[2].g_fa[3].u_fa.u_a2/X (sg13g2_and2_1)
                                                         u_dut.g_seg[2].g_fa[3].u_fa.v (net)
                      0.023475    0.000210    9.685379 v u_dut.g_seg[2].g_fa[3].u_fa.u_o1/B (sg13g2_or2_1)
     2    0.006150    0.035786    0.102838    9.788217 v u_dut.g_seg[2].g_fa[3].u_fa.u_o1/X (sg13g2_or2_1)
                                                         u_dut.g_seg[2].u_bank.node[0] (net)
                      0.035786    0.000187    9.788404 v u_dut.g_seg[2].u_bank.g_inv[0].u_inv._cell/A (sg13g2_inv_1)
     1    0.003223    0.024251    0.031659    9.820063 ^ u_dut.g_seg[2].u_bank.g_inv[0].u_inv._cell/Y (sg13g2_inv_1)
                                                         u_dut.g_seg[2].u_bank.node[1] (net)
                      0.024251    0.000128    9.820190 ^ u_dut.g_seg[2].u_bank.g_inv[1].u_inv._cell/A (sg13g2_inv_1)
     1    0.002913    0.016466    0.025901    9.846091 v u_dut.g_seg[2].u_bank.g_inv[1].u_inv._cell/Y (sg13g2_inv_1)
                                                         u_dut.g_seg[2].u_bank.node[2] (net)
                      0.016466    0.000116    9.846208 v u_dut.g_seg[2].u_bank.g_inv[2].u_inv._cell/A (sg13g2_inv_1)
     1    0.003530    0.021402    0.027133    9.873341 ^ u_dut.g_seg[2].u_bank.g_inv[2].u_inv._cell/Y (sg13g2_inv_1)
                                                         u_dut.g_seg[2].u_bank.node[3] (net)
                      0.021407    0.000262    9.873603 ^ u_dut.g_seg[2].u_bank.g_inv[3].u_inv._cell/A (sg13g2_inv_1)
     1    0.003377    0.017166    0.026191    9.899795 v u_dut.g_seg[2].u_bank.g_inv[3].u_inv._cell/Y (sg13g2_inv_1)
                                                         u_dut.g_seg[2].u_bank.node[4] (net)
                      0.017166    0.000133    9.899927 v u_dut.g_seg[2].u_bank.g_inv[4].u_inv._cell/A (sg13g2_inv_1)
     1    0.003349    0.020878    0.026817    9.926744 ^ u_dut.g_seg[2].u_bank.g_inv[4].u_inv._cell/Y (sg13g2_inv_1)
                                                         u_dut.g_seg[2].u_bank.node[5] (net)
                      0.020879    0.000252    9.926996 ^ u_dut.g_seg[2].u_bank.g_inv[5].u_inv._cell/A (sg13g2_inv_1)
     1    0.003332    0.016933    0.025889    9.952885 v u_dut.g_seg[2].u_bank.g_inv[5].u_inv._cell/Y (sg13g2_inv_1)
                                                         u_dut.g_seg[2].u_bank.node[6] (net)
                      0.016936    0.000248    9.953133 v u_dut.g_seg[2].u_bank.g_inv[6].u_inv._cell/A (sg13g2_inv_1)
     1    0.003946    0.023054    0.028442    9.981575 ^ u_dut.g_seg[2].u_bank.g_inv[6].u_inv._cell/Y (sg13g2_inv_1)
                                                         u_dut.g_seg[2].u_bank.node[7] (net)
                      0.023058    0.000280    9.981854 ^ u_dut.g_seg[2].u_bank.g_inv[7].u_inv._cell/A (sg13g2_inv_1)
     1    0.004352    0.020128    0.028938   10.010793 v u_dut.g_seg[2].u_bank.g_inv[7].u_inv._cell/Y (sg13g2_inv_1)
                                                         u_dut.g_seg[2].u_bank.node[8] (net)
                      0.020133    0.000297   10.011089 v u_dut.g_seg[2].u_bank.g_inv[8].u_inv._cell/A (sg13g2_inv_1)
     1    0.003345    0.021486    0.027678   10.038768 ^ u_dut.g_seg[2].u_bank.g_inv[8].u_inv._cell/Y (sg13g2_inv_1)
                                                         u_dut.g_seg[2].u_bank.node[9] (net)
                      0.021486    0.000132   10.038899 ^ u_dut.g_seg[2].u_bank.g_inv[9].u_inv._cell/A (sg13g2_inv_1)
     1    0.003038    0.016279    0.025414   10.064314 v u_dut.g_seg[2].u_bank.g_inv[9].u_inv._cell/Y (sg13g2_inv_1)
                                                         u_dut.g_seg[2].u_bank.node[10] (net)
                      0.016280    0.000121   10.064435 v u_dut.g_seg[2].u_bank.g_inv[10].u_inv._cell/A (sg13g2_inv_1)
     1    0.003014    0.019474    0.025667   10.090102 ^ u_dut.g_seg[2].u_bank.g_inv[10].u_inv._cell/Y (sg13g2_inv_1)
                                                         u_dut.g_seg[2].u_bank.node[11] (net)
                      0.019474    0.000121   10.090223 ^ u_dut.g_seg[2].u_bank.g_inv[11].u_inv._cell/A (sg13g2_inv_1)
     1    0.002910    0.015563    0.024544   10.114767 v u_dut.g_seg[2].u_bank.g_inv[11].u_inv._cell/Y (sg13g2_inv_1)
                                                         u_dut.g_seg[2].u_bank.node[12] (net)
                      0.015563    0.000116   10.114883 v u_dut.g_seg[2].u_bank.g_inv[12].u_inv._cell/A (sg13g2_inv_1)
     1    0.003014    0.019325    0.025471   10.140354 ^ u_dut.g_seg[2].u_bank.g_inv[12].u_inv._cell/Y (sg13g2_inv_1)
                                                         u_dut.g_seg[2].u_bank.node[13] (net)
                      0.019326    0.000121   10.140475 ^ u_dut.g_seg[2].u_bank.g_inv[13].u_inv._cell/A (sg13g2_inv_1)
     1    0.002910    0.015535    0.024502   10.164978 v u_dut.g_seg[2].u_bank.g_inv[13].u_inv._cell/Y (sg13g2_inv_1)
                                                         u_dut.g_seg[2].u_bank.node[14] (net)
                      0.015535    0.000116   10.165094 v u_dut.g_seg[2].u_bank.g_inv[14].u_inv._cell/A (sg13g2_inv_1)
     1    0.003014    0.019320    0.025463   10.190557 ^ u_dut.g_seg[2].u_bank.g_inv[14].u_inv._cell/Y (sg13g2_inv_1)
                                                         u_dut.g_seg[2].u_bank.node[15] (net)
                      0.019320    0.000121   10.190678 ^ u_dut.g_seg[2].u_bank.g_inv[15].u_inv._cell/A (sg13g2_inv_1)
     1    0.002949    0.015638    0.024592   10.215270 v u_dut.g_seg[2].u_bank.g_inv[15].u_inv._cell/Y (sg13g2_inv_1)
                                                         u_dut.g_seg[2].u_bank.node[16] (net)
                      0.015638    0.000118   10.215388 v u_dut.g_seg[2].u_bank.g_inv[16].u_inv._cell/A (sg13g2_inv_1)
     1    0.003014    0.019341    0.025492   10.240880 ^ u_dut.g_seg[2].u_bank.g_inv[16].u_inv._cell/Y (sg13g2_inv_1)
                                                         u_dut.g_seg[2].u_bank.node[17] (net)
                      0.019341    0.000121   10.241000 ^ u_dut.g_seg[2].u_bank.g_inv[17].u_inv._cell/A (sg13g2_inv_1)
     1    0.002910    0.015538    0.024507   10.265507 v u_dut.g_seg[2].u_bank.g_inv[17].u_inv._cell/Y (sg13g2_inv_1)
                                                         u_dut.g_seg[2].u_bank.node[18] (net)
                      0.015538    0.000116   10.265623 v u_dut.g_seg[2].u_bank.g_inv[18].u_inv._cell/A (sg13g2_inv_1)
     1    0.003233    0.020131    0.026081   10.291705 ^ u_dut.g_seg[2].u_bank.g_inv[18].u_inv._cell/Y (sg13g2_inv_1)
                                                         u_dut.g_seg[2].u_bank.node[19] (net)
                      0.020131    0.000129   10.291834 ^ u_dut.g_seg[2].u_bank.g_inv[19].u_inv._cell/A (sg13g2_inv_1)
     1    0.002943    0.015774    0.024807   10.316640 v u_dut.g_seg[2].u_bank.g_inv[19].u_inv._cell/Y (sg13g2_inv_1)
                                                         u_dut.g_seg[2].u_bank.node[20] (net)
                      0.015774    0.000117   10.316757 v u_dut.g_seg[2].u_bank.g_inv[20].u_inv._cell/A (sg13g2_inv_1)
     1    0.003303    0.020436    0.026343   10.343101 ^ u_dut.g_seg[2].u_bank.g_inv[20].u_inv._cell/Y (sg13g2_inv_1)
                                                         u_dut.g_seg[2].u_bank.node[21] (net)
                      0.020437    0.000131   10.343231 ^ u_dut.g_seg[2].u_bank.g_inv[21].u_inv._cell/A (sg13g2_inv_1)
     1    0.003289    0.016749    0.025702   10.368934 v u_dut.g_seg[2].u_bank.g_inv[21].u_inv._cell/Y (sg13g2_inv_1)
                                                         u_dut.g_seg[2].u_bank.node[22] (net)
                      0.016749    0.000131   10.369064 v u_dut.g_seg[2].u_bank.g_inv[22].u_inv._cell/A (sg13g2_inv_1)
     1    0.003014    0.019571    0.025796   10.394860 ^ u_dut.g_seg[2].u_bank.g_inv[22].u_inv._cell/Y (sg13g2_inv_1)
                                                         u_dut.g_seg[2].u_bank.node[23] (net)
                      0.019571    0.000121   10.394981 ^ u_dut.g_seg[2].u_bank.g_inv[23].u_inv._cell/A (sg13g2_inv_1)
     1    0.002910    0.015581    0.024571   10.419553 v u_dut.g_seg[2].u_bank.g_inv[23].u_inv._cell/Y (sg13g2_inv_1)
                                                         u_dut.g_seg[2].u_bank.node[24] (net)
                      0.015581    0.000116   10.419669 v u_dut.g_seg[2].u_bank.g_inv[24].u_inv._cell/A (sg13g2_inv_1)
     1    0.003019    0.019348    0.025491   10.445160 ^ u_dut.g_seg[2].u_bank.g_inv[24].u_inv._cell/Y (sg13g2_inv_1)
                                                         u_dut.g_seg[2].u_bank.node[25] (net)
                      0.019349    0.000121   10.445280 ^ u_dut.g_seg[2].u_bank.g_inv[25].u_inv._cell/A (sg13g2_inv_1)
     1    0.002940    0.015619    0.024579   10.469859 v u_dut.g_seg[2].u_bank.g_inv[25].u_inv._cell/Y (sg13g2_inv_1)
                                                         u_dut.g_seg[2].u_bank.node[26] (net)
                      0.015619    0.000117   10.469976 v u_dut.g_seg[2].u_bank.g_inv[26].u_inv._cell/A (sg13g2_inv_1)
     1    0.003396    0.020751    0.026565   10.496541 ^ u_dut.g_seg[2].u_bank.g_inv[26].u_inv._cell/Y (sg13g2_inv_1)
                                                         u_dut.g_seg[2].u_bank.node[27] (net)
                      0.020751    0.000134   10.496675 ^ u_dut.g_seg[2].u_bank.g_inv[27].u_inv._cell/A (sg13g2_inv_1)
     1    0.003093    0.016276    0.025294   10.521969 v u_dut.g_seg[2].u_bank.g_inv[27].u_inv._cell/Y (sg13g2_inv_1)
                                                         u_dut.g_seg[2].u_bank.node[28] (net)
                      0.016277    0.000235   10.522203 v u_dut.g_seg[2].u_bank.g_inv[28].u_inv._cell/A (sg13g2_inv_1)
     1    0.003082    0.019709    0.025813   10.548017 ^ u_dut.g_seg[2].u_bank.g_inv[28].u_inv._cell/Y (sg13g2_inv_1)
                                                         u_dut.g_seg[2].u_bank.node[29] (net)
                      0.019710    0.000242   10.548260 ^ u_dut.g_seg[2].u_bank.g_inv[29].u_inv._cell/A (sg13g2_inv_1)
     1    0.002910    0.015607    0.024611   10.572870 v u_dut.g_seg[2].u_bank.g_inv[29].u_inv._cell/Y (sg13g2_inv_1)
                                                         u_dut.g_seg[2].u_bank.node[30] (net)
                      0.015607    0.000116   10.572987 v u_dut.g_seg[2].u_bank.g_inv[30].u_inv._cell/A (sg13g2_inv_1)
     1    0.003334    0.020517    0.026385   10.599372 ^ u_dut.g_seg[2].u_bank.g_inv[30].u_inv._cell/Y (sg13g2_inv_1)
                                                         u_dut.g_seg[2].u_bank.node[31] (net)
                      0.020517    0.000131   10.599503 ^ u_dut.g_seg[2].u_bank.g_inv[31].u_inv._cell/A (sg13g2_inv_1)
     2    0.007336    0.028295    0.035159   10.634662 v u_dut.g_seg[2].u_bank.g_inv[31].u_inv._cell/Y (sg13g2_inv_1)
                                                         u_dut.g_seg[2].u_bank.node[32] (net)
                      0.028297    0.000209   10.634871 v u_dut.g_seg[2].u_bank.g_inv[32].u_inv._cell/A (sg13g2_inv_1)
     1    0.003014    0.021957    0.028962   10.663832 ^ u_dut.g_seg[2].u_bank.g_inv[32].u_inv._cell/Y (sg13g2_inv_1)
                                                         u_dut.g_seg[2].u_bank.node[33] (net)
                      0.021957    0.000121   10.663953 ^ u_dut.g_seg[2].u_bank.g_inv[33].u_inv._cell/A (sg13g2_inv_1)
     1    0.003355    0.017193    0.026249   10.690202 v u_dut.g_seg[2].u_bank.g_inv[33].u_inv._cell/Y (sg13g2_inv_1)
                                                         u_dut.g_seg[2].u_bank.node[34] (net)
                      0.017196    0.000257   10.690458 v u_dut.g_seg[2].u_bank.g_inv[34].u_inv._cell/A (sg13g2_inv_1)
     1    0.003224    0.020437    0.026515   10.716973 ^ u_dut.g_seg[2].u_bank.g_inv[34].u_inv._cell/Y (sg13g2_inv_1)
                                                         u_dut.g_seg[2].u_bank.node[35] (net)
                      0.020437    0.000129   10.717102 ^ u_dut.g_seg[2].u_bank.g_inv[35].u_inv._cell/A (sg13g2_inv_1)
     1    0.002910    0.015743    0.024816   10.741918 v u_dut.g_seg[2].u_bank.g_inv[35].u_inv._cell/Y (sg13g2_inv_1)
                                                         u_dut.g_seg[2].u_bank.node[36] (net)
                      0.015743    0.000116   10.742034 v u_dut.g_seg[2].u_bank.g_inv[36].u_inv._cell/A (sg13g2_inv_1)
     1    0.003014    0.019363    0.025520   10.767554 ^ u_dut.g_seg[2].u_bank.g_inv[36].u_inv._cell/Y (sg13g2_inv_1)
                                                         u_dut.g_seg[2].u_bank.node[37] (net)
                      0.019363    0.000121   10.767675 ^ u_dut.g_seg[2].u_bank.g_inv[37].u_inv._cell/A (sg13g2_inv_1)
     1    0.002910    0.015542    0.024513   10.792188 v u_dut.g_seg[2].u_bank.g_inv[37].u_inv._cell/Y (sg13g2_inv_1)
                                                         u_dut.g_seg[2].u_bank.node[38] (net)
                      0.015542    0.000116   10.792304 v u_dut.g_seg[2].u_bank.g_inv[38].u_inv._cell/A (sg13g2_inv_1)
     1    0.003120    0.019713    0.025764   10.818069 ^ u_dut.g_seg[2].u_bank.g_inv[38].u_inv._cell/Y (sg13g2_inv_1)
                                                         u_dut.g_seg[2].u_bank.node[39] (net)
                      0.019713    0.000124   10.818192 ^ u_dut.g_seg[2].u_bank.g_inv[39].u_inv._cell/A (sg13g2_inv_1)
     1    0.002915    0.015619    0.024622   10.842815 v u_dut.g_seg[2].u_bank.g_inv[39].u_inv._cell/Y (sg13g2_inv_1)
                                                         u_dut.g_seg[2].u_bank.node[40] (net)
                      0.015619    0.000116   10.842932 v u_dut.g_seg[2].u_bank.g_inv[40].u_inv._cell/A (sg13g2_inv_1)
     1    0.003018    0.019354    0.025499   10.868430 ^ u_dut.g_seg[2].u_bank.g_inv[40].u_inv._cell/Y (sg13g2_inv_1)
                                                         u_dut.g_seg[2].u_bank.node[41] (net)
                      0.019354    0.000121   10.868551 ^ u_dut.g_seg[2].u_bank.g_inv[41].u_inv._cell/A (sg13g2_inv_1)
     1    0.002911    0.015541    0.024511   10.893062 v u_dut.g_seg[2].u_bank.g_inv[41].u_inv._cell/Y (sg13g2_inv_1)
                                                         u_dut.g_seg[2].u_bank.node[42] (net)
                      0.015541    0.000116   10.893178 v u_dut.g_seg[2].u_bank.g_inv[42].u_inv._cell/A (sg13g2_inv_1)
     1    0.003044    0.019434    0.025551   10.918730 ^ u_dut.g_seg[2].u_bank.g_inv[42].u_inv._cell/Y (sg13g2_inv_1)
                                                         u_dut.g_seg[2].u_bank.node[43] (net)
                      0.019434    0.000121   10.918850 ^ u_dut.g_seg[2].u_bank.g_inv[43].u_inv._cell/A (sg13g2_inv_1)
     1    0.003250    0.016459    0.025324   10.944174 v u_dut.g_seg[2].u_bank.g_inv[43].u_inv._cell/Y (sg13g2_inv_1)
                                                         u_dut.g_seg[2].u_bank.node[44] (net)
                      0.016459    0.000128   10.944302 v u_dut.g_seg[2].u_bank.g_inv[44].u_inv._cell/A (sg13g2_inv_1)
     1    0.003014    0.019512    0.025718   10.970020 ^ u_dut.g_seg[2].u_bank.g_inv[44].u_inv._cell/Y (sg13g2_inv_1)
                                                         u_dut.g_seg[2].u_bank.node[45] (net)
                      0.019512    0.000121   10.970140 ^ u_dut.g_seg[2].u_bank.g_inv[45].u_inv._cell/A (sg13g2_inv_1)
     1    0.003077    0.016000    0.024901   10.995042 v u_dut.g_seg[2].u_bank.g_inv[45].u_inv._cell/Y (sg13g2_inv_1)
                                                         u_dut.g_seg[2].u_bank.node[46] (net)
                      0.016001    0.000235   10.995277 v u_dut.g_seg[2].u_bank.g_inv[46].u_inv._cell/A (sg13g2_inv_1)
     1    0.003018    0.019433    0.025604   11.020881 ^ u_dut.g_seg[2].u_bank.g_inv[46].u_inv._cell/Y (sg13g2_inv_1)
                                                         u_dut.g_seg[2].u_bank.node[47] (net)
                      0.019433    0.000121   11.021001 ^ u_dut.g_seg[2].u_bank.g_inv[47].u_inv._cell/A (sg13g2_inv_1)
     1    0.003142    0.016172    0.025072   11.046074 v u_dut.g_seg[2].u_bank.g_inv[47].u_inv._cell/Y (sg13g2_inv_1)
                                                         u_dut.g_seg[2].u_bank.node[48] (net)
                      0.016172    0.000124   11.046198 v u_dut.g_seg[2].u_bank.g_inv[48].u_inv._cell/A (sg13g2_inv_1)
     1    0.003072    0.019651    0.025758   11.071956 ^ u_dut.g_seg[2].u_bank.g_inv[48].u_inv._cell/Y (sg13g2_inv_1)
                                                         u_dut.g_seg[2].u_bank.node[49] (net)
                      0.019652    0.000239   11.072195 ^ u_dut.g_seg[2].u_bank.g_inv[49].u_inv._cell/A (sg13g2_inv_1)
     1    0.003249    0.016496    0.025383   11.097578 v u_dut.g_seg[2].u_bank.g_inv[49].u_inv._cell/Y (sg13g2_inv_1)
                                                         u_dut.g_seg[2].u_bank.node[50] (net)
                      0.016496    0.000128   11.097706 v u_dut.g_seg[2].u_bank.g_inv[50].u_inv._cell/A (sg13g2_inv_1)
     1    0.003088    0.019777    0.025892   11.123598 ^ u_dut.g_seg[2].u_bank.g_inv[50].u_inv._cell/Y (sg13g2_inv_1)
                                                         u_dut.g_seg[2].u_bank.node[51] (net)
                      0.019778    0.000239   11.123837 ^ u_dut.g_seg[2].u_bank.g_inv[51].u_inv._cell/A (sg13g2_inv_1)
     1    0.003690    0.017701    0.026402   11.150239 v u_dut.g_seg[2].u_bank.g_inv[51].u_inv._cell/Y (sg13g2_inv_1)
                                                         u_dut.g_seg[2].u_bank.node[52] (net)
                      0.017706    0.000272   11.150511 v u_dut.g_seg[2].u_bank.g_inv[52].u_inv._cell/A (sg13g2_inv_1)
     1    0.003189    0.020399    0.026514   11.177025 ^ u_dut.g_seg[2].u_bank.g_inv[52].u_inv._cell/Y (sg13g2_inv_1)
                                                         u_dut.g_seg[2].u_bank.node[53] (net)
                      0.020400    0.000243   11.177268 ^ u_dut.g_seg[2].u_bank.g_inv[53].u_inv._cell/A (sg13g2_inv_1)
     1    0.003066    0.016150    0.025171   11.202439 v u_dut.g_seg[2].u_bank.g_inv[53].u_inv._cell/Y (sg13g2_inv_1)
                                                         u_dut.g_seg[2].u_bank.node[54] (net)
                      0.016151    0.000122   11.202561 v u_dut.g_seg[2].u_bank.g_inv[54].u_inv._cell/A (sg13g2_inv_1)
     1    0.004015    0.023156    0.028413   11.230974 ^ u_dut.g_seg[2].u_bank.g_inv[54].u_inv._cell/Y (sg13g2_inv_1)
                                                         u_dut.g_seg[2].u_bank.node[55] (net)
                      0.023170    0.000282   11.231256 ^ u_dut.g_seg[2].u_bank.g_inv[55].u_inv._cell/A (sg13g2_inv_1)
     1    0.003455    0.017686    0.026843   11.258100 v u_dut.g_seg[2].u_bank.g_inv[55].u_inv._cell/Y (sg13g2_inv_1)
                                                         u_dut.g_seg[2].u_bank.node[56] (net)
                      0.017691    0.000253   11.258353 v u_dut.g_seg[2].u_bank.g_inv[56].u_inv._cell/A (sg13g2_inv_1)
     1    0.003655    0.022110    0.027831   11.286184 ^ u_dut.g_seg[2].u_bank.g_inv[56].u_inv._cell/Y (sg13g2_inv_1)
                                                         u_dut.g_seg[2].u_bank.node[57] (net)
                      0.022117    0.000266   11.286450 ^ u_dut.g_seg[2].u_bank.g_inv[57].u_inv._cell/A (sg13g2_inv_1)
     1    0.003217    0.016860    0.025974   11.312425 v u_dut.g_seg[2].u_bank.g_inv[57].u_inv._cell/Y (sg13g2_inv_1)
                                                         u_dut.g_seg[2].u_bank.node[58] (net)
                      0.016861    0.000242   11.312666 v u_dut.g_seg[2].u_bank.g_inv[58].u_inv._cell/A (sg13g2_inv_1)
     1    0.003382    0.020952    0.026871   11.339537 ^ u_dut.g_seg[2].u_bank.g_inv[58].u_inv._cell/Y (sg13g2_inv_1)
                                                         u_dut.g_seg[2].u_bank.node[59] (net)
                      0.020952    0.000134   11.339671 ^ u_dut.g_seg[2].u_bank.g_inv[59].u_inv._cell/A (sg13g2_inv_1)
     1    0.003039    0.016182    0.025265   11.364936 v u_dut.g_seg[2].u_bank.g_inv[59].u_inv._cell/Y (sg13g2_inv_1)
                                                         u_dut.g_seg[2].u_bank.node[60] (net)
                      0.016182    0.000121   11.365057 v u_dut.g_seg[2].u_bank.g_inv[60].u_inv._cell/A (sg13g2_inv_1)
     1    0.003014    0.019454    0.025641   11.390697 ^ u_dut.g_seg[2].u_bank.g_inv[60].u_inv._cell/Y (sg13g2_inv_1)
                                                         u_dut.g_seg[2].u_bank.node[61] (net)
                      0.019454    0.000121   11.390819 ^ u_dut.g_seg[2].u_bank.g_inv[61].u_inv._cell/A (sg13g2_inv_1)
     1    0.002915    0.015571    0.024549   11.415368 v u_dut.g_seg[2].u_bank.g_inv[61].u_inv._cell/Y (sg13g2_inv_1)
                                                         u_dut.g_seg[2].u_bank.node[62] (net)
                      0.015572    0.000116   11.415484 v u_dut.g_seg[2].u_bank.g_inv[62].u_inv._cell/A (sg13g2_inv_1)
     1    0.003019    0.019345    0.025487   11.440971 ^ u_dut.g_seg[2].u_bank.g_inv[62].u_inv._cell/Y (sg13g2_inv_1)
                                                         u_dut.g_seg[2].u_bank.node[63] (net)
                      0.019346    0.000121   11.441092 ^ u_dut.g_seg[2].u_bank.g_inv[63].u_inv._cell/A (sg13g2_inv_1)
     2    0.006342    0.025166    0.032489   11.473580 v u_dut.g_seg[2].u_bank.g_inv[63].u_inv._cell/Y (sg13g2_inv_1)
                                                         u_dut.g_seg[2].u_bank.node[64] (net)
                      0.025178    0.000199   11.473780 v u_dut.g_seg[2].u_bank.g_inv[64].u_inv._cell/A (sg13g2_inv_1)
     1    0.003015    0.021315    0.028109   11.501888 ^ u_dut.g_seg[2].u_bank.g_inv[64].u_inv._cell/Y (sg13g2_inv_1)
                                                         u_dut.g_seg[2].u_bank.node[65] (net)
                      0.021315    0.000121   11.502009 ^ u_dut.g_seg[2].u_bank.g_inv[65].u_inv._cell/A (sg13g2_inv_1)
     1    0.002911    0.015909    0.025065   11.527075 v u_dut.g_seg[2].u_bank.g_inv[65].u_inv._cell/Y (sg13g2_inv_1)
                                                         u_dut.g_seg[2].u_bank.node[66] (net)
                      0.015909    0.000116   11.527191 v u_dut.g_seg[2].u_bank.g_inv[66].u_inv._cell/A (sg13g2_inv_1)
     1    0.003014    0.019399    0.025567   11.552758 ^ u_dut.g_seg[2].u_bank.g_inv[66].u_inv._cell/Y (sg13g2_inv_1)
                                                         u_dut.g_seg[2].u_bank.node[67] (net)
                      0.019399    0.000121   11.552879 ^ u_dut.g_seg[2].u_bank.g_inv[67].u_inv._cell/A (sg13g2_inv_1)
     1    0.002910    0.015549    0.024523   11.577401 v u_dut.g_seg[2].u_bank.g_inv[67].u_inv._cell/Y (sg13g2_inv_1)
                                                         u_dut.g_seg[2].u_bank.node[68] (net)
                      0.015549    0.000116   11.577518 v u_dut.g_seg[2].u_bank.g_inv[68].u_inv._cell/A (sg13g2_inv_1)
     1    0.003014    0.019323    0.025467   11.602984 ^ u_dut.g_seg[2].u_bank.g_inv[68].u_inv._cell/Y (sg13g2_inv_1)
                                                         u_dut.g_seg[2].u_bank.node[69] (net)
                      0.019323    0.000121   11.603106 ^ u_dut.g_seg[2].u_bank.g_inv[69].u_inv._cell/A (sg13g2_inv_1)
     1    0.002910    0.015534    0.024501   11.627606 v u_dut.g_seg[2].u_bank.g_inv[69].u_inv._cell/Y (sg13g2_inv_1)
                                                         u_dut.g_seg[2].u_bank.node[70] (net)
                      0.015534    0.000116   11.627723 v u_dut.g_seg[2].u_bank.g_inv[70].u_inv._cell/A (sg13g2_inv_1)
     1    0.003044    0.019433    0.025549   11.653273 ^ u_dut.g_seg[2].u_bank.g_inv[70].u_inv._cell/Y (sg13g2_inv_1)
                                                         u_dut.g_seg[2].u_bank.node[71] (net)
                      0.019433    0.000121   11.653393 ^ u_dut.g_seg[2].u_bank.g_inv[71].u_inv._cell/A (sg13g2_inv_1)
     1    0.003187    0.016291    0.025177   11.678571 v u_dut.g_seg[2].u_bank.g_inv[71].u_inv._cell/Y (sg13g2_inv_1)
                                                         u_dut.g_seg[2].u_bank.node[72] (net)
                      0.016291    0.000126   11.678697 v u_dut.g_seg[2].u_bank.g_inv[72].u_inv._cell/A (sg13g2_inv_1)
     1    0.003526    0.021366    0.027118   11.705814 ^ u_dut.g_seg[2].u_bank.g_inv[72].u_inv._cell/Y (sg13g2_inv_1)
                                                         u_dut.g_seg[2].u_bank.node[73] (net)
                      0.021366    0.000140   11.705955 ^ u_dut.g_seg[2].u_bank.g_inv[73].u_inv._cell/A (sg13g2_inv_1)
     1    0.002923    0.015952    0.025110   11.731065 v u_dut.g_seg[2].u_bank.g_inv[73].u_inv._cell/Y (sg13g2_inv_1)
                                                         u_dut.g_seg[2].u_bank.node[74] (net)
                      0.015952    0.000116   11.731181 v u_dut.g_seg[2].u_bank.g_inv[74].u_inv._cell/A (sg13g2_inv_1)
     1    0.003628    0.021675    0.027311   11.758492 ^ u_dut.g_seg[2].u_bank.g_inv[74].u_inv._cell/Y (sg13g2_inv_1)
                                                         u_dut.g_seg[2].u_bank.node[75] (net)
                      0.021679    0.000144   11.758636 ^ u_dut.g_seg[2].u_bank.g_inv[75].u_inv._cell/A (sg13g2_inv_1)
     1    0.003780    0.018294    0.027168   11.785805 v u_dut.g_seg[2].u_bank.g_inv[75].u_inv._cell/Y (sg13g2_inv_1)
                                                         u_dut.g_seg[2].u_bank.node[76] (net)
                      0.018299    0.000280   11.786084 v u_dut.g_seg[2].u_bank.g_inv[76].u_inv._cell/A (sg13g2_inv_1)
     1    0.003339    0.021087    0.027148   11.813232 ^ u_dut.g_seg[2].u_bank.g_inv[76].u_inv._cell/Y (sg13g2_inv_1)
                                                         u_dut.g_seg[2].u_bank.node[77] (net)
                      0.021087    0.000133   11.813366 ^ u_dut.g_seg[2].u_bank.g_inv[77].u_inv._cell/A (sg13g2_inv_1)
     1    0.003468    0.017333    0.026269   11.839635 v u_dut.g_seg[2].u_bank.g_inv[77].u_inv._cell/Y (sg13g2_inv_1)
                                                         u_dut.g_seg[2].u_bank.node[78] (net)
                      0.017342    0.000254   11.839889 v u_dut.g_seg[2].u_bank.g_inv[78].u_inv._cell/A (sg13g2_inv_1)
     1    0.003440    0.021248    0.027125   11.867014 ^ u_dut.g_seg[2].u_bank.g_inv[78].u_inv._cell/Y (sg13g2_inv_1)
                                                         u_dut.g_seg[2].u_bank.node[79] (net)
                      0.021249    0.000255   11.867269 ^ u_dut.g_seg[2].u_bank.g_inv[79].u_inv._cell/A (sg13g2_inv_1)
     1    0.003119    0.016450    0.025538   11.892806 v u_dut.g_seg[2].u_bank.g_inv[79].u_inv._cell/Y (sg13g2_inv_1)
                                                         u_dut.g_seg[2].u_bank.node[80] (net)
                      0.016450    0.000123   11.892930 v u_dut.g_seg[2].u_bank.g_inv[80].u_inv._cell/A (sg13g2_inv_1)
     1    0.003524    0.021391    0.027157   11.920087 ^ u_dut.g_seg[2].u_bank.g_inv[80].u_inv._cell/Y (sg13g2_inv_1)
                                                         u_dut.g_seg[2].u_bank.node[81] (net)
                      0.021391    0.000139   11.920225 ^ u_dut.g_seg[2].u_bank.g_inv[81].u_inv._cell/A (sg13g2_inv_1)
     1    0.003121    0.016481    0.025582   11.945807 v u_dut.g_seg[2].u_bank.g_inv[81].u_inv._cell/Y (sg13g2_inv_1)
                                                         u_dut.g_seg[2].u_bank.node[82] (net)
                      0.016481    0.000124   11.945931 v u_dut.g_seg[2].u_bank.g_inv[82].u_inv._cell/A (sg13g2_inv_1)
     1    0.003034    0.019591    0.025781   11.971713 ^ u_dut.g_seg[2].u_bank.g_inv[82].u_inv._cell/Y (sg13g2_inv_1)
                                                         u_dut.g_seg[2].u_bank.node[83] (net)
                      0.019591    0.000121   11.971833 ^ u_dut.g_seg[2].u_bank.g_inv[83].u_inv._cell/A (sg13g2_inv_1)
     1    0.002910    0.015585    0.024577   11.996410 v u_dut.g_seg[2].u_bank.g_inv[83].u_inv._cell/Y (sg13g2_inv_1)
                                                         u_dut.g_seg[2].u_bank.node[84] (net)
                      0.015585    0.000116   11.996527 v u_dut.g_seg[2].u_bank.g_inv[84].u_inv._cell/A (sg13g2_inv_1)
     1    0.003014    0.019330    0.025477   12.022003 ^ u_dut.g_seg[2].u_bank.g_inv[84].u_inv._cell/Y (sg13g2_inv_1)
                                                         u_dut.g_seg[2].u_bank.node[85] (net)
                      0.019330    0.000121   12.022124 ^ u_dut.g_seg[2].u_bank.g_inv[85].u_inv._cell/A (sg13g2_inv_1)
     1    0.002910    0.015536    0.024503   12.046627 v u_dut.g_seg[2].u_bank.g_inv[85].u_inv._cell/Y (sg13g2_inv_1)
                                                         u_dut.g_seg[2].u_bank.node[86] (net)
                      0.015536    0.000116   12.046743 v u_dut.g_seg[2].u_bank.g_inv[86].u_inv._cell/A (sg13g2_inv_1)
     1    0.003014    0.019320    0.025463   12.072206 ^ u_dut.g_seg[2].u_bank.g_inv[86].u_inv._cell/Y (sg13g2_inv_1)
                                                         u_dut.g_seg[2].u_bank.node[87] (net)
                      0.019320    0.000121   12.072328 ^ u_dut.g_seg[2].u_bank.g_inv[87].u_inv._cell/A (sg13g2_inv_1)
     1    0.002910    0.015534    0.024500   12.096828 v u_dut.g_seg[2].u_bank.g_inv[87].u_inv._cell/Y (sg13g2_inv_1)
                                                         u_dut.g_seg[2].u_bank.node[88] (net)
                      0.015534    0.000116   12.096944 v u_dut.g_seg[2].u_bank.g_inv[88].u_inv._cell/A (sg13g2_inv_1)
     1    0.003014    0.019320    0.025463   12.122407 ^ u_dut.g_seg[2].u_bank.g_inv[88].u_inv._cell/Y (sg13g2_inv_1)
                                                         u_dut.g_seg[2].u_bank.node[89] (net)
                      0.019320    0.000121   12.122528 ^ u_dut.g_seg[2].u_bank.g_inv[89].u_inv._cell/A (sg13g2_inv_1)
     1    0.002910    0.015534    0.024500   12.147029 v u_dut.g_seg[2].u_bank.g_inv[89].u_inv._cell/Y (sg13g2_inv_1)
                                                         u_dut.g_seg[2].u_bank.node[90] (net)
                      0.015534    0.000116   12.147145 v u_dut.g_seg[2].u_bank.g_inv[90].u_inv._cell/A (sg13g2_inv_1)
     1    0.003021    0.019348    0.025485   12.172629 ^ u_dut.g_seg[2].u_bank.g_inv[90].u_inv._cell/Y (sg13g2_inv_1)
                                                         u_dut.g_seg[2].u_bank.node[91] (net)
                      0.019348    0.000121   12.172750 ^ u_dut.g_seg[2].u_bank.g_inv[91].u_inv._cell/A (sg13g2_inv_1)
     1    0.003209    0.016334    0.025204   12.197954 v u_dut.g_seg[2].u_bank.g_inv[91].u_inv._cell/Y (sg13g2_inv_1)
                                                         u_dut.g_seg[2].u_bank.node[92] (net)
                      0.016334    0.000128   12.198082 v u_dut.g_seg[2].u_bank.g_inv[92].u_inv._cell/A (sg13g2_inv_1)
     1    0.003018    0.019501    0.025695   12.223777 ^ u_dut.g_seg[2].u_bank.g_inv[92].u_inv._cell/Y (sg13g2_inv_1)
                                                         u_dut.g_seg[2].u_bank.node[93] (net)
                      0.019501    0.000121   12.223898 ^ u_dut.g_seg[2].u_bank.g_inv[93].u_inv._cell/A (sg13g2_inv_1)
     1    0.002917    0.015585    0.024567   12.248465 v u_dut.g_seg[2].u_bank.g_inv[93].u_inv._cell/Y (sg13g2_inv_1)
                                                         u_dut.g_seg[2].u_bank.node[94] (net)
                      0.015585    0.000116   12.248581 v u_dut.g_seg[2].u_bank.g_inv[94].u_inv._cell/A (sg13g2_inv_1)
     1    0.003788    0.022201    0.027656   12.276237 ^ u_dut.g_seg[2].u_bank.g_inv[94].u_inv._cell/Y (sg13g2_inv_1)
                                                         u_dut.g_seg[2].u_bank.node[95] (net)
                      0.022202    0.000150   12.276387 ^ u_dut.g_seg[2].u_bank.g_inv[95].u_inv._cell/A (sg13g2_inv_1)
     1    0.003383    0.017329    0.026432   12.302819 v u_dut.g_seg[2].u_bank.g_inv[95].u_inv._cell/Y (sg13g2_inv_1)
                                                         u_dut.g_seg[2].u_bank.node[96] (net)
                      0.017329    0.000135   12.302955 v u_dut.g_seg[2].u_bank.u_mux.u_m1/A1 (sg13g2_mux2_1)
     1    0.006627    0.043801    0.115056   12.418010 v u_dut.g_seg[2].u_bank.u_mux.u_m1/X (sg13g2_mux2_1)
                                                         u_dut.g_seg[2].u_bank.u_mux.w1 (net)
                      0.043807    0.000499   12.418509 v u_dut.g_seg[2].u_bank.u_mux.u_m2/A1 (sg13g2_mux2_1)
     2    0.008465    0.049415    0.132113   12.550622 v u_dut.g_seg[2].u_bank.u_mux.u_m2/X (sg13g2_mux2_1)
                                                         u_dut.g_seg[2].bank_dout (net)
                      0.049415    0.000238   12.550860 v u_dut.g_seg[3].g_fa[0].u_fa.u_a2/A (sg13g2_and2_1)
     1    0.002954    0.022801    0.074534   12.625395 v u_dut.g_seg[3].g_fa[0].u_fa.u_a2/X (sg13g2_and2_1)
                                                         u_dut.g_seg[3].g_fa[0].u_fa.v (net)
                      0.022801    0.000115   12.625509 v u_dut.g_seg[3].g_fa[0].u_fa.u_o1/B (sg13g2_or2_1)
     2    0.009050    0.044067    0.110907   12.736416 v u_dut.g_seg[3].g_fa[0].u_fa.u_o1/X (sg13g2_or2_1)
                                                         u_dut.g_seg[3].g_fa[0].u_fa.co (net)
                      0.044067    0.000241   12.736656 v u_dut.g_seg[3].g_fa[1].u_fa.u_a2/A (sg13g2_and2_1)
     1    0.002389    0.021051    0.070811   12.807467 v u_dut.g_seg[3].g_fa[1].u_fa.u_a2/X (sg13g2_and2_1)
                                                         u_dut.g_seg[3].g_fa[1].u_fa.v (net)
                      0.021051    0.000095   12.807563 v u_dut.g_seg[3].g_fa[1].u_fa.u_o1/B (sg13g2_or2_1)
     2    0.010821    0.049533    0.115035   12.922598 v u_dut.g_seg[3].g_fa[1].u_fa.u_o1/X (sg13g2_or2_1)
                                                         u_dut.g_seg[3].g_fa[1].u_fa.co (net)
                      0.049540    0.000590   12.923187 v u_dut.g_seg[3].g_fa[2].u_fa.u_a2/A (sg13g2_and2_1)
     1    0.002632    0.022173    0.073779   12.996966 v u_dut.g_seg[3].g_fa[2].u_fa.u_a2/X (sg13g2_and2_1)
                                                         u_dut.g_seg[3].g_fa[2].u_fa.v (net)
                      0.022173    0.000103   12.997069 v u_dut.g_seg[3].g_fa[2].u_fa.u_o1/B (sg13g2_or2_1)
     2    0.010498    0.048451    0.114464   13.111533 v u_dut.g_seg[3].g_fa[2].u_fa.u_o1/X (sg13g2_or2_1)
                                                         u_dut.g_seg[3].g_fa[2].u_fa.co (net)
                      0.048462    0.000710   13.112244 v u_dut.g_seg[3].g_fa[3].u_fa.u_a2/A (sg13g2_and2_1)
     1    0.002440    0.022305    0.072812   13.185055 v u_dut.g_seg[3].g_fa[3].u_fa.u_a2/X (sg13g2_and2_1)
                                                         u_dut.g_seg[3].g_fa[3].u_fa.v (net)
                      0.022306    0.000186   13.185241 v u_dut.g_seg[3].g_fa[3].u_fa.u_o1/B (sg13g2_or2_1)
     2    0.007643    0.039967    0.106555   13.291796 v u_dut.g_seg[3].g_fa[3].u_fa.u_o1/X (sg13g2_or2_1)
                                                         u_dut.g_seg[3].u_bank.node[0] (net)
                      0.039971    0.000436   13.292232 v u_dut.g_seg[3].u_bank.g_inv[0].u_inv._cell/A (sg13g2_inv_1)
     1    0.004085    0.028168    0.035522   13.327753 ^ u_dut.g_seg[3].u_bank.g_inv[0].u_inv._cell/Y (sg13g2_inv_1)
                                                         u_dut.g_seg[3].u_bank.node[1] (net)
                      0.028168    0.000163   13.327917 ^ u_dut.g_seg[3].u_bank.g_inv[1].u_inv._cell/A (sg13g2_inv_1)
     1    0.003701    0.019269    0.028899   13.356815 v u_dut.g_seg[3].u_bank.g_inv[1].u_inv._cell/Y (sg13g2_inv_1)
                                                         u_dut.g_seg[3].u_bank.node[2] (net)
                      0.019279    0.000271   13.357086 v u_dut.g_seg[3].u_bank.g_inv[2].u_inv._cell/A (sg13g2_inv_1)
     1    0.003018    0.020110    0.026502   13.383589 ^ u_dut.g_seg[3].u_bank.g_inv[2].u_inv._cell/Y (sg13g2_inv_1)
                                                         u_dut.g_seg[3].u_bank.node[3] (net)
                      0.020110    0.000121   13.383710 ^ u_dut.g_seg[3].u_bank.g_inv[3].u_inv._cell/A (sg13g2_inv_1)
     1    0.002915    0.015694    0.024734   13.408443 v u_dut.g_seg[3].u_bank.g_inv[3].u_inv._cell/Y (sg13g2_inv_1)
                                                         u_dut.g_seg[3].u_bank.node[4] (net)
                      0.015694    0.000116   13.408560 v u_dut.g_seg[3].u_bank.g_inv[4].u_inv._cell/A (sg13g2_inv_1)
     1    0.003016    0.019362    0.025515   13.434074 ^ u_dut.g_seg[3].u_bank.g_inv[4].u_inv._cell/Y (sg13g2_inv_1)
                                                         u_dut.g_seg[3].u_bank.node[5] (net)
                      0.019363    0.000121   13.434196 ^ u_dut.g_seg[3].u_bank.g_inv[5].u_inv._cell/A (sg13g2_inv_1)
     1    0.002910    0.015542    0.024513   13.458709 v u_dut.g_seg[3].u_bank.g_inv[5].u_inv._cell/Y (sg13g2_inv_1)
                                                         u_dut.g_seg[3].u_bank.node[6] (net)
                      0.015542    0.000116   13.458825 v u_dut.g_seg[3].u_bank.g_inv[6].u_inv._cell/A (sg13g2_inv_1)
     1    0.003564    0.021335    0.026963   13.485788 ^ u_dut.g_seg[3].u_bank.g_inv[6].u_inv._cell/Y (sg13g2_inv_1)
                                                         u_dut.g_seg[3].u_bank.node[7] (net)
                      0.021343    0.000271   13.486059 ^ u_dut.g_seg[3].u_bank.g_inv[7].u_inv._cell/A (sg13g2_inv_1)
     1    0.003061    0.016312    0.025427   13.511486 v u_dut.g_seg[3].u_bank.g_inv[7].u_inv._cell/Y (sg13g2_inv_1)
                                                         u_dut.g_seg[3].u_bank.node[8] (net)
                      0.016313    0.000123   13.511608 v u_dut.g_seg[3].u_bank.g_inv[8].u_inv._cell/A (sg13g2_inv_1)
     1    0.003015    0.019484    0.025679   13.537287 ^ u_dut.g_seg[3].u_bank.g_inv[8].u_inv._cell/Y (sg13g2_inv_1)
                                                         u_dut.g_seg[3].u_bank.node[9] (net)
                      0.019484    0.000121   13.537408 ^ u_dut.g_seg[3].u_bank.g_inv[9].u_inv._cell/A (sg13g2_inv_1)
     1    0.002910    0.015564    0.024547   13.561954 v u_dut.g_seg[3].u_bank.g_inv[9].u_inv._cell/Y (sg13g2_inv_1)
                                                         u_dut.g_seg[3].u_bank.node[10] (net)
                      0.015565    0.000116   13.562071 v u_dut.g_seg[3].u_bank.g_inv[10].u_inv._cell/A (sg13g2_inv_1)
     1    0.003014    0.019326    0.025471   13.587543 ^ u_dut.g_seg[3].u_bank.g_inv[10].u_inv._cell/Y (sg13g2_inv_1)
                                                         u_dut.g_seg[3].u_bank.node[11] (net)
                      0.019326    0.000121   13.587663 ^ u_dut.g_seg[3].u_bank.g_inv[11].u_inv._cell/A (sg13g2_inv_1)
     1    0.002910    0.015535    0.024502   13.612165 v u_dut.g_seg[3].u_bank.g_inv[11].u_inv._cell/Y (sg13g2_inv_1)
                                                         u_dut.g_seg[3].u_bank.node[12] (net)
                      0.015535    0.000116   13.612282 v u_dut.g_seg[3].u_bank.g_inv[12].u_inv._cell/A (sg13g2_inv_1)
     1    0.003014    0.019320    0.025463   13.637745 ^ u_dut.g_seg[3].u_bank.g_inv[12].u_inv._cell/Y (sg13g2_inv_1)
                                                         u_dut.g_seg[3].u_bank.node[13] (net)
                      0.019320    0.000121   13.637865 ^ u_dut.g_seg[3].u_bank.g_inv[13].u_inv._cell/A (sg13g2_inv_1)
     1    0.003094    0.016023    0.024929   13.662794 v u_dut.g_seg[3].u_bank.g_inv[13].u_inv._cell/Y (sg13g2_inv_1)
                                                         u_dut.g_seg[3].u_bank.node[14] (net)
                      0.016023    0.000123   13.662916 v u_dut.g_seg[3].u_bank.g_inv[14].u_inv._cell/A (sg13g2_inv_1)
     1    0.003290    0.020439    0.026376   13.689293 ^ u_dut.g_seg[3].u_bank.g_inv[14].u_inv._cell/Y (sg13g2_inv_1)
                                                         u_dut.g_seg[3].u_bank.node[15] (net)
                      0.020439    0.000130   13.689423 ^ u_dut.g_seg[3].u_bank.g_inv[15].u_inv._cell/A (sg13g2_inv_1)
     1    0.003284    0.016736    0.025691   13.715114 v u_dut.g_seg[3].u_bank.g_inv[15].u_inv._cell/Y (sg13g2_inv_1)
                                                         u_dut.g_seg[3].u_bank.node[16] (net)
                      0.016736    0.000129   13.715242 v u_dut.g_seg[3].u_bank.g_inv[16].u_inv._cell/A (sg13g2_inv_1)
     1    0.003655    0.021920    0.027568   13.742811 ^ u_dut.g_seg[3].u_bank.g_inv[16].u_inv._cell/Y (sg13g2_inv_1)
                                                         u_dut.g_seg[3].u_bank.node[17] (net)
                      0.021928    0.000262   13.743073 ^ u_dut.g_seg[3].u_bank.g_inv[17].u_inv._cell/A (sg13g2_inv_1)
     1    0.003300    0.017057    0.026160   13.769233 v u_dut.g_seg[3].u_bank.g_inv[17].u_inv._cell/Y (sg13g2_inv_1)
                                                         u_dut.g_seg[3].u_bank.node[18] (net)
                      0.017058    0.000131   13.769363 v u_dut.g_seg[3].u_bank.g_inv[18].u_inv._cell/A (sg13g2_inv_1)
     1    0.003319    0.020758    0.026746   13.796108 ^ u_dut.g_seg[3].u_bank.g_inv[18].u_inv._cell/Y (sg13g2_inv_1)
                                                         u_dut.g_seg[3].u_bank.node[19] (net)
                      0.020758    0.000131   13.796240 ^ u_dut.g_seg[3].u_bank.g_inv[19].u_inv._cell/A (sg13g2_inv_1)
     1    0.003156    0.016457    0.025484   13.821724 v u_dut.g_seg[3].u_bank.g_inv[19].u_inv._cell/Y (sg13g2_inv_1)
                                                         u_dut.g_seg[3].u_bank.node[20] (net)
                      0.016457    0.000126   13.821850 v u_dut.g_seg[3].u_bank.g_inv[20].u_inv._cell/A (sg13g2_inv_1)
     1    0.003265    0.020436    0.026426   13.848276 ^ u_dut.g_seg[3].u_bank.g_inv[20].u_inv._cell/Y (sg13g2_inv_1)
                                                         u_dut.g_seg[3].u_bank.node[21] (net)
                      0.020437    0.000130   13.848406 ^ u_dut.g_seg[3].u_bank.g_inv[21].u_inv._cell/A (sg13g2_inv_1)
     1    0.002910    0.015743    0.024816   13.873221 v u_dut.g_seg[3].u_bank.g_inv[21].u_inv._cell/Y (sg13g2_inv_1)
                                                         u_dut.g_seg[3].u_bank.node[22] (net)
                      0.015743    0.000116   13.873338 v u_dut.g_seg[3].u_bank.g_inv[22].u_inv._cell/A (sg13g2_inv_1)
     1    0.003014    0.019363    0.025520   13.898857 ^ u_dut.g_seg[3].u_bank.g_inv[22].u_inv._cell/Y (sg13g2_inv_1)
                                                         u_dut.g_seg[3].u_bank.node[23] (net)
                      0.019363    0.000121   13.898978 ^ u_dut.g_seg[3].u_bank.g_inv[23].u_inv._cell/A (sg13g2_inv_1)
     1    0.002910    0.015542    0.024513   13.923491 v u_dut.g_seg[3].u_bank.g_inv[23].u_inv._cell/Y (sg13g2_inv_1)
                                                         u_dut.g_seg[3].u_bank.node[24] (net)
                      0.015542    0.000116   13.923608 v u_dut.g_seg[3].u_bank.g_inv[24].u_inv._cell/A (sg13g2_inv_1)
     1    0.003021    0.019350    0.025487   13.949095 ^ u_dut.g_seg[3].u_bank.g_inv[24].u_inv._cell/Y (sg13g2_inv_1)
                                                         u_dut.g_seg[3].u_bank.node[25] (net)
                      0.019350    0.000121   13.949216 ^ u_dut.g_seg[3].u_bank.g_inv[25].u_inv._cell/A (sg13g2_inv_1)
     1    0.003185    0.016270    0.025148   13.974363 v u_dut.g_seg[3].u_bank.g_inv[25].u_inv._cell/Y (sg13g2_inv_1)
                                                         u_dut.g_seg[3].u_bank.node[26] (net)
                      0.016270    0.000126   13.974489 v u_dut.g_seg[3].u_bank.g_inv[26].u_inv._cell/A (sg13g2_inv_1)
     1    0.003016    0.019478    0.025670   14.000159 ^ u_dut.g_seg[3].u_bank.g_inv[26].u_inv._cell/Y (sg13g2_inv_1)
                                                         u_dut.g_seg[3].u_bank.node[27] (net)
                      0.019479    0.000121   14.000280 ^ u_dut.g_seg[3].u_bank.g_inv[27].u_inv._cell/A (sg13g2_inv_1)
     1    0.002910    0.015563    0.024546   14.024826 v u_dut.g_seg[3].u_bank.g_inv[27].u_inv._cell/Y (sg13g2_inv_1)
                                                         u_dut.g_seg[3].u_bank.node[28] (net)
                      0.015564    0.000116   14.024942 v u_dut.g_seg[3].u_bank.g_inv[28].u_inv._cell/A (sg13g2_inv_1)
     1    0.003016    0.019334    0.025477   14.050420 ^ u_dut.g_seg[3].u_bank.g_inv[28].u_inv._cell/Y (sg13g2_inv_1)
                                                         u_dut.g_seg[3].u_bank.node[29] (net)
                      0.019334    0.000121   14.050541 ^ u_dut.g_seg[3].u_bank.g_inv[29].u_inv._cell/A (sg13g2_inv_1)
     1    0.003211    0.016338    0.025206   14.075747 v u_dut.g_seg[3].u_bank.g_inv[29].u_inv._cell/Y (sg13g2_inv_1)
                                                         u_dut.g_seg[3].u_bank.node[30] (net)
                      0.016338    0.000126   14.075872 v u_dut.g_seg[3].u_bank.g_inv[30].u_inv._cell/A (sg13g2_inv_1)
     1    0.003174    0.020063    0.026094   14.101966 ^ u_dut.g_seg[3].u_bank.g_inv[30].u_inv._cell/Y (sg13g2_inv_1)
                                                         u_dut.g_seg[3].u_bank.node[31] (net)
                      0.020064    0.000242   14.102209 ^ u_dut.g_seg[3].u_bank.g_inv[31].u_inv._cell/A (sg13g2_inv_1)
     2    0.007675    0.029149    0.035704   14.137913 v u_dut.g_seg[3].u_bank.g_inv[31].u_inv._cell/Y (sg13g2_inv_1)
                                                         u_dut.g_seg[3].u_bank.node[32] (net)
                      0.029159    0.000430   14.138343 v u_dut.g_seg[3].u_bank.g_inv[32].u_inv._cell/A (sg13g2_inv_1)
     1    0.003362    0.023393    0.030242   14.168584 ^ u_dut.g_seg[3].u_bank.g_inv[32].u_inv._cell/Y (sg13g2_inv_1)
                                                         u_dut.g_seg[3].u_bank.node[33] (net)
                      0.023393    0.000134   14.168718 ^ u_dut.g_seg[3].u_bank.g_inv[33].u_inv._cell/A (sg13g2_inv_1)
     1    0.003196    0.017043    0.026291   14.195009 v u_dut.g_seg[3].u_bank.g_inv[33].u_inv._cell/Y (sg13g2_inv_1)
                                                         u_dut.g_seg[3].u_bank.node[34] (net)
                      0.017044    0.000243   14.195252 v u_dut.g_seg[3].u_bank.g_inv[34].u_inv._cell/A (sg13g2_inv_1)
     1    0.003014    0.019632    0.025877   14.221129 ^ u_dut.g_seg[3].u_bank.g_inv[34].u_inv._cell/Y (sg13g2_inv_1)
                                                         u_dut.g_seg[3].u_bank.node[35] (net)
                      0.019632    0.000121   14.221251 ^ u_dut.g_seg[3].u_bank.g_inv[35].u_inv._cell/A (sg13g2_inv_1)
     1    0.002910    0.015592    0.024588   14.245839 v u_dut.g_seg[3].u_bank.g_inv[35].u_inv._cell/Y (sg13g2_inv_1)
                                                         u_dut.g_seg[3].u_bank.node[36] (net)
                      0.015592    0.000116   14.245955 v u_dut.g_seg[3].u_bank.g_inv[36].u_inv._cell/A (sg13g2_inv_1)
     1    0.003014    0.019332    0.025479   14.271434 ^ u_dut.g_seg[3].u_bank.g_inv[36].u_inv._cell/Y (sg13g2_inv_1)
                                                         u_dut.g_seg[3].u_bank.node[37] (net)
                      0.019332    0.000121   14.271555 ^ u_dut.g_seg[3].u_bank.g_inv[37].u_inv._cell/A (sg13g2_inv_1)
     1    0.002913    0.015542    0.024509   14.296064 v u_dut.g_seg[3].u_bank.g_inv[37].u_inv._cell/Y (sg13g2_inv_1)
                                                         u_dut.g_seg[3].u_bank.node[38] (net)
                      0.015542    0.000116   14.296181 v u_dut.g_seg[3].u_bank.g_inv[38].u_inv._cell/A (sg13g2_inv_1)
     1    0.003027    0.019370    0.025502   14.321683 ^ u_dut.g_seg[3].u_bank.g_inv[38].u_inv._cell/Y (sg13g2_inv_1)
                                                         u_dut.g_seg[3].u_bank.node[39] (net)
                      0.019370    0.000121   14.321804 ^ u_dut.g_seg[3].u_bank.g_inv[39].u_inv._cell/A (sg13g2_inv_1)
     1    0.003303    0.016588    0.025429   14.347233 v u_dut.g_seg[3].u_bank.g_inv[39].u_inv._cell/Y (sg13g2_inv_1)
                                                         u_dut.g_seg[3].u_bank.node[40] (net)
                      0.016589    0.000131   14.347363 v u_dut.g_seg[3].u_bank.g_inv[40].u_inv._cell/A (sg13g2_inv_1)
     1    0.003066    0.019716    0.025856   14.373219 ^ u_dut.g_seg[3].u_bank.g_inv[40].u_inv._cell/Y (sg13g2_inv_1)
                                                         u_dut.g_seg[3].u_bank.node[41] (net)
                      0.019716    0.000239   14.373459 ^ u_dut.g_seg[3].u_bank.g_inv[41].u_inv._cell/A (sg13g2_inv_1)
     1    0.002910    0.015608    0.024612   14.398070 v u_dut.g_seg[3].u_bank.g_inv[41].u_inv._cell/Y (sg13g2_inv_1)
                                                         u_dut.g_seg[3].u_bank.node[42] (net)
                      0.015608    0.000116   14.398187 v u_dut.g_seg[3].u_bank.g_inv[42].u_inv._cell/A (sg13g2_inv_1)
     1    0.003270    0.020283    0.026207   14.424394 ^ u_dut.g_seg[3].u_bank.g_inv[42].u_inv._cell/Y (sg13g2_inv_1)
                                                         u_dut.g_seg[3].u_bank.node[43] (net)
                      0.020283    0.000130   14.424523 ^ u_dut.g_seg[3].u_bank.g_inv[43].u_inv._cell/A (sg13g2_inv_1)
     1    0.003214    0.016522    0.025484   14.450006 v u_dut.g_seg[3].u_bank.g_inv[43].u_inv._cell/Y (sg13g2_inv_1)
                                                         u_dut.g_seg[3].u_bank.node[44] (net)
                      0.016522    0.000127   14.450134 v u_dut.g_seg[3].u_bank.g_inv[44].u_inv._cell/A (sg13g2_inv_1)
     1    0.003490    0.021264    0.027031   14.477165 ^ u_dut.g_seg[3].u_bank.g_inv[44].u_inv._cell/Y (sg13g2_inv_1)
                                                         u_dut.g_seg[3].u_bank.node[45] (net)
                      0.021267    0.000268   14.477433 ^ u_dut.g_seg[3].u_bank.g_inv[45].u_inv._cell/A (sg13g2_inv_1)
     1    0.002910    0.015899    0.025050   14.502483 v u_dut.g_seg[3].u_bank.g_inv[45].u_inv._cell/Y (sg13g2_inv_1)
                                                         u_dut.g_seg[3].u_bank.node[46] (net)
                      0.015899    0.000116   14.502600 v u_dut.g_seg[3].u_bank.g_inv[46].u_inv._cell/A (sg13g2_inv_1)
     1    0.003298    0.020429    0.026321   14.528921 ^ u_dut.g_seg[3].u_bank.g_inv[46].u_inv._cell/Y (sg13g2_inv_1)
                                                         u_dut.g_seg[3].u_bank.node[47] (net)
                      0.020430    0.000248   14.529168 ^ u_dut.g_seg[3].u_bank.g_inv[47].u_inv._cell/A (sg13g2_inv_1)
     1    0.003799    0.018119    0.026847   14.556015 v u_dut.g_seg[3].u_bank.g_inv[47].u_inv._cell/Y (sg13g2_inv_1)
                                                         u_dut.g_seg[3].u_bank.node[48] (net)
                      0.018124    0.000278   14.556293 v u_dut.g_seg[3].u_bank.g_inv[48].u_inv._cell/A (sg13g2_inv_1)
     1    0.003747    0.022551    0.028262   14.584556 ^ u_dut.g_seg[3].u_bank.g_inv[48].u_inv._cell/Y (sg13g2_inv_1)
                                                         u_dut.g_seg[3].u_bank.node[49] (net)
                      0.022556    0.000147   14.584702 ^ u_dut.g_seg[3].u_bank.g_inv[49].u_inv._cell/A (sg13g2_inv_1)
     1    0.003695    0.018224    0.027232   14.611935 v u_dut.g_seg[3].u_bank.g_inv[49].u_inv._cell/Y (sg13g2_inv_1)
                                                         u_dut.g_seg[3].u_bank.node[50] (net)
                      0.018229    0.000265   14.612199 v u_dut.g_seg[3].u_bank.g_inv[50].u_inv._cell/A (sg13g2_inv_1)
     1    0.004154    0.024091    0.029403   14.641603 ^ u_dut.g_seg[3].u_bank.g_inv[50].u_inv._cell/Y (sg13g2_inv_1)
                                                         u_dut.g_seg[3].u_bank.node[51] (net)
                      0.024095    0.000290   14.641891 ^ u_dut.g_seg[3].u_bank.g_inv[51].u_inv._cell/A (sg13g2_inv_1)
     1    0.003716    0.018566    0.027738   14.669629 v u_dut.g_seg[3].u_bank.g_inv[51].u_inv._cell/Y (sg13g2_inv_1)
                                                         u_dut.g_seg[3].u_bank.node[52] (net)
                      0.018571    0.000263   14.669892 v u_dut.g_seg[3].u_bank.g_inv[52].u_inv._cell/A (sg13g2_inv_1)
     1    0.003285    0.020930    0.027025   14.696917 ^ u_dut.g_seg[3].u_bank.g_inv[52].u_inv._cell/Y (sg13g2_inv_1)
                                                         u_dut.g_seg[3].u_bank.node[53] (net)
                      0.020931    0.000252   14.697169 ^ u_dut.g_seg[3].u_bank.g_inv[53].u_inv._cell/A (sg13g2_inv_1)
     1    0.002910    0.015836    0.024956   14.722125 v u_dut.g_seg[3].u_bank.g_inv[53].u_inv._cell/Y (sg13g2_inv_1)
                                                         u_dut.g_seg[3].u_bank.node[54] (net)
                      0.015836    0.000116   14.722241 v u_dut.g_seg[3].u_bank.g_inv[54].u_inv._cell/A (sg13g2_inv_1)
     1    0.003321    0.020518    0.026414   14.748655 ^ u_dut.g_seg[3].u_bank.g_inv[54].u_inv._cell/Y (sg13g2_inv_1)
                                                         u_dut.g_seg[3].u_bank.node[55] (net)
                      0.020518    0.000131   14.748787 ^ u_dut.g_seg[3].u_bank.g_inv[55].u_inv._cell/A (sg13g2_inv_1)
     1    0.003220    0.016580    0.025564   14.774351 v u_dut.g_seg[3].u_bank.g_inv[55].u_inv._cell/Y (sg13g2_inv_1)
                                                         u_dut.g_seg[3].u_bank.node[56] (net)
                      0.016581    0.000127   14.774478 v u_dut.g_seg[3].u_bank.g_inv[56].u_inv._cell/A (sg13g2_inv_1)
     1    0.003329    0.020697    0.026641   14.801119 ^ u_dut.g_seg[3].u_bank.g_inv[56].u_inv._cell/Y (sg13g2_inv_1)
                                                         u_dut.g_seg[3].u_bank.node[57] (net)
                      0.020697    0.000131   14.801250 ^ u_dut.g_seg[3].u_bank.g_inv[57].u_inv._cell/A (sg13g2_inv_1)
     1    0.003289    0.016797    0.025778   14.827028 v u_dut.g_seg[3].u_bank.g_inv[57].u_inv._cell/Y (sg13g2_inv_1)
                                                         u_dut.g_seg[3].u_bank.node[58] (net)
                      0.016798    0.000131   14.827159 v u_dut.g_seg[3].u_bank.g_inv[58].u_inv._cell/A (sg13g2_inv_1)
     1    0.003359    0.020854    0.026788   14.853947 ^ u_dut.g_seg[3].u_bank.g_inv[58].u_inv._cell/Y (sg13g2_inv_1)
                                                         u_dut.g_seg[3].u_bank.node[59] (net)
                      0.020855    0.000132   14.854079 ^ u_dut.g_seg[3].u_bank.g_inv[59].u_inv._cell/A (sg13g2_inv_1)
     1    0.003420    0.017159    0.026083   14.880162 v u_dut.g_seg[3].u_bank.g_inv[59].u_inv._cell/Y (sg13g2_inv_1)
                                                         u_dut.g_seg[3].u_bank.node[60] (net)
                      0.017167    0.000259   14.880422 v u_dut.g_seg[3].u_bank.g_inv[60].u_inv._cell/A (sg13g2_inv_1)
     1    0.003014    0.019657    0.025911   14.906333 ^ u_dut.g_seg[3].u_bank.g_inv[60].u_inv._cell/Y (sg13g2_inv_1)
                                                         u_dut.g_seg[3].u_bank.node[61] (net)
                      0.019657    0.000121   14.906453 ^ u_dut.g_seg[3].u_bank.g_inv[61].u_inv._cell/A (sg13g2_inv_1)
     1    0.002963    0.015736    0.024718   14.931171 v u_dut.g_seg[3].u_bank.g_inv[61].u_inv._cell/Y (sg13g2_inv_1)
                                                         u_dut.g_seg[3].u_bank.node[62] (net)
                      0.015736    0.000117   14.931289 v u_dut.g_seg[3].u_bank.g_inv[62].u_inv._cell/A (sg13g2_inv_1)
     1    0.003375    0.020694    0.026535   14.957824 ^ u_dut.g_seg[3].u_bank.g_inv[62].u_inv._cell/Y (sg13g2_inv_1)
                                                         u_dut.g_seg[3].u_bank.node[63] (net)
                      0.020694    0.000133   14.957957 ^ u_dut.g_seg[3].u_bank.g_inv[63].u_inv._cell/A (sg13g2_inv_1)
     2    0.006734    0.026521    0.033749   14.991706 v u_dut.g_seg[3].u_bank.g_inv[63].u_inv._cell/Y (sg13g2_inv_1)
                                                         u_dut.g_seg[3].u_bank.node[64] (net)
                      0.026529    0.000387   14.992093 v u_dut.g_seg[3].u_bank.g_inv[64].u_inv._cell/A (sg13g2_inv_1)
     1    0.003284    0.022572    0.029278   15.021371 ^ u_dut.g_seg[3].u_bank.g_inv[64].u_inv._cell/Y (sg13g2_inv_1)
                                                         u_dut.g_seg[3].u_bank.node[65] (net)
                      0.022572    0.000130   15.021501 ^ u_dut.g_seg[3].u_bank.g_inv[65].u_inv._cell/A (sg13g2_inv_1)
     1    0.002911    0.016145    0.025421   15.046923 v u_dut.g_seg[3].u_bank.g_inv[65].u_inv._cell/Y (sg13g2_inv_1)
                                                         u_dut.g_seg[3].u_bank.node[66] (net)
                      0.016145    0.000115   15.047038 v u_dut.g_seg[3].u_bank.g_inv[66].u_inv._cell/A (sg13g2_inv_1)
     1    0.003015    0.019449    0.025633   15.072671 ^ u_dut.g_seg[3].u_bank.g_inv[66].u_inv._cell/Y (sg13g2_inv_1)
                                                         u_dut.g_seg[3].u_bank.node[67] (net)
                      0.019449    0.000121   15.072791 ^ u_dut.g_seg[3].u_bank.g_inv[67].u_inv._cell/A (sg13g2_inv_1)
     1    0.002949    0.015662    0.024627   15.097419 v u_dut.g_seg[3].u_bank.g_inv[67].u_inv._cell/Y (sg13g2_inv_1)
                                                         u_dut.g_seg[3].u_bank.node[68] (net)
                      0.015662    0.000117   15.097536 v u_dut.g_seg[3].u_bank.g_inv[68].u_inv._cell/A (sg13g2_inv_1)
     1    0.003294    0.020379    0.026287   15.123822 ^ u_dut.g_seg[3].u_bank.g_inv[68].u_inv._cell/Y (sg13g2_inv_1)
                                                         u_dut.g_seg[3].u_bank.node[69] (net)
                      0.020379    0.000130   15.123952 ^ u_dut.g_seg[3].u_bank.g_inv[69].u_inv._cell/A (sg13g2_inv_1)
     1    0.003135    0.016317    0.025285   15.149237 v u_dut.g_seg[3].u_bank.g_inv[69].u_inv._cell/Y (sg13g2_inv_1)
                                                         u_dut.g_seg[3].u_bank.node[70] (net)
                      0.016318    0.000238   15.149475 v u_dut.g_seg[3].u_bank.g_inv[70].u_inv._cell/A (sg13g2_inv_1)
     1    0.003044    0.019592    0.025763   15.175238 ^ u_dut.g_seg[3].u_bank.g_inv[70].u_inv._cell/Y (sg13g2_inv_1)
                                                         u_dut.g_seg[3].u_bank.node[71] (net)
                      0.019592    0.000121   15.175358 ^ u_dut.g_seg[3].u_bank.g_inv[71].u_inv._cell/A (sg13g2_inv_1)
     1    0.003590    0.017391    0.026104   15.201462 v u_dut.g_seg[3].u_bank.g_inv[71].u_inv._cell/Y (sg13g2_inv_1)
                                                         u_dut.g_seg[3].u_bank.node[72] (net)
                      0.017397    0.000279   15.201740 v u_dut.g_seg[3].u_bank.g_inv[72].u_inv._cell/A (sg13g2_inv_1)
     1    0.003014    0.019705    0.025974   15.227715 ^ u_dut.g_seg[3].u_bank.g_inv[72].u_inv._cell/Y (sg13g2_inv_1)
                                                         u_dut.g_seg[3].u_bank.node[73] (net)
                      0.019705    0.000121   15.227836 ^ u_dut.g_seg[3].u_bank.g_inv[73].u_inv._cell/A (sg13g2_inv_1)
     1    0.003413    0.016925    0.025731   15.253566 v u_dut.g_seg[3].u_bank.g_inv[73].u_inv._cell/Y (sg13g2_inv_1)
                                                         u_dut.g_seg[3].u_bank.node[74] (net)
                      0.016935    0.000261   15.253827 v u_dut.g_seg[3].u_bank.g_inv[74].u_inv._cell/A (sg13g2_inv_1)
     1    0.003150    0.020112    0.026233   15.280061 ^ u_dut.g_seg[3].u_bank.g_inv[74].u_inv._cell/Y (sg13g2_inv_1)
                                                         u_dut.g_seg[3].u_bank.node[75] (net)
                      0.020112    0.000126   15.280187 ^ u_dut.g_seg[3].u_bank.g_inv[75].u_inv._cell/A (sg13g2_inv_1)
     1    0.002910    0.015682    0.024725   15.304912 v u_dut.g_seg[3].u_bank.g_inv[75].u_inv._cell/Y (sg13g2_inv_1)
                                                         u_dut.g_seg[3].u_bank.node[76] (net)
                      0.015682    0.000115   15.305027 v u_dut.g_seg[3].u_bank.g_inv[76].u_inv._cell/A (sg13g2_inv_1)
     1    0.003322    0.020487    0.026372   15.331399 ^ u_dut.g_seg[3].u_bank.g_inv[76].u_inv._cell/Y (sg13g2_inv_1)
                                                         u_dut.g_seg[3].u_bank.node[77] (net)
                      0.020487    0.000131   15.331531 ^ u_dut.g_seg[3].u_bank.g_inv[77].u_inv._cell/A (sg13g2_inv_1)
     1    0.003041    0.016100    0.025137   15.356668 v u_dut.g_seg[3].u_bank.g_inv[77].u_inv._cell/Y (sg13g2_inv_1)
                                                         u_dut.g_seg[3].u_bank.node[78] (net)
                      0.016101    0.000121   15.356789 v u_dut.g_seg[3].u_bank.g_inv[78].u_inv._cell/A (sg13g2_inv_1)
     1    0.003314    0.020530    0.026423   15.383211 ^ u_dut.g_seg[3].u_bank.g_inv[78].u_inv._cell/Y (sg13g2_inv_1)
                                                         u_dut.g_seg[3].u_bank.node[79] (net)
                      0.020531    0.000247   15.383458 ^ u_dut.g_seg[3].u_bank.g_inv[79].u_inv._cell/A (sg13g2_inv_1)
     1    0.002950    0.015867    0.024936   15.408395 v u_dut.g_seg[3].u_bank.g_inv[79].u_inv._cell/Y (sg13g2_inv_1)
                                                         u_dut.g_seg[3].u_bank.node[80] (net)
                      0.015867    0.000117   15.408512 v u_dut.g_seg[3].u_bank.g_inv[80].u_inv._cell/A (sg13g2_inv_1)
     1    0.003094    0.019683    0.025778   15.434291 ^ u_dut.g_seg[3].u_bank.g_inv[80].u_inv._cell/Y (sg13g2_inv_1)
                                                         u_dut.g_seg[3].u_bank.node[81] (net)
                      0.019683    0.000124   15.434415 ^ u_dut.g_seg[3].u_bank.g_inv[81].u_inv._cell/A (sg13g2_inv_1)
     1    0.002910    0.015602    0.024604   15.459020 v u_dut.g_seg[3].u_bank.g_inv[81].u_inv._cell/Y (sg13g2_inv_1)
                                                         u_dut.g_seg[3].u_bank.node[82] (net)
                      0.015602    0.000115   15.459135 v u_dut.g_seg[3].u_bank.g_inv[82].u_inv._cell/A (sg13g2_inv_1)
     1    0.003146    0.019809    0.025812   15.484947 ^ u_dut.g_seg[3].u_bank.g_inv[82].u_inv._cell/Y (sg13g2_inv_1)
                                                         u_dut.g_seg[3].u_bank.node[83] (net)
                      0.019810    0.000242   15.485188 ^ u_dut.g_seg[3].u_bank.g_inv[83].u_inv._cell/A (sg13g2_inv_1)
     1    0.003774    0.017936    0.026599   15.511787 v u_dut.g_seg[3].u_bank.g_inv[83].u_inv._cell/Y (sg13g2_inv_1)
                                                         u_dut.g_seg[3].u_bank.node[84] (net)
                      0.017942    0.000282   15.512071 v u_dut.g_seg[3].u_bank.g_inv[84].u_inv._cell/A (sg13g2_inv_1)
     1    0.003628    0.022062    0.027825   15.539895 ^ u_dut.g_seg[3].u_bank.g_inv[84].u_inv._cell/Y (sg13g2_inv_1)
                                                         u_dut.g_seg[3].u_bank.node[85] (net)
                      0.022068    0.000268   15.540163 ^ u_dut.g_seg[3].u_bank.g_inv[85].u_inv._cell/A (sg13g2_inv_1)
     1    0.003414    0.017373    0.026427   15.566590 v u_dut.g_seg[3].u_bank.g_inv[85].u_inv._cell/Y (sg13g2_inv_1)
                                                         u_dut.g_seg[3].u_bank.node[86] (net)
                      0.017378    0.000252   15.566842 v u_dut.g_seg[3].u_bank.g_inv[86].u_inv._cell/A (sg13g2_inv_1)
     1    0.003614    0.021896    0.027629   15.594472 ^ u_dut.g_seg[3].u_bank.g_inv[86].u_inv._cell/Y (sg13g2_inv_1)
                                                         u_dut.g_seg[3].u_bank.node[87] (net)
                      0.021902    0.000263   15.594735 ^ u_dut.g_seg[3].u_bank.g_inv[87].u_inv._cell/A (sg13g2_inv_1)
     1    0.003186    0.016738    0.025842   15.620577 v u_dut.g_seg[3].u_bank.g_inv[87].u_inv._cell/Y (sg13g2_inv_1)
                                                         u_dut.g_seg[3].u_bank.node[88] (net)
                      0.016739    0.000238   15.620815 v u_dut.g_seg[3].u_bank.g_inv[88].u_inv._cell/A (sg13g2_inv_1)
     1    0.003160    0.020109    0.026208   15.647023 ^ u_dut.g_seg[3].u_bank.g_inv[88].u_inv._cell/Y (sg13g2_inv_1)
                                                         u_dut.g_seg[3].u_bank.node[89] (net)
                      0.020109    0.000126   15.647150 ^ u_dut.g_seg[3].u_bank.g_inv[89].u_inv._cell/A (sg13g2_inv_1)
     1    0.003162    0.016350    0.025311   15.672462 v u_dut.g_seg[3].u_bank.g_inv[89].u_inv._cell/Y (sg13g2_inv_1)
                                                         u_dut.g_seg[3].u_bank.node[90] (net)
                      0.016350    0.000124   15.672585 v u_dut.g_seg[3].u_bank.g_inv[90].u_inv._cell/A (sg13g2_inv_1)
     1    0.003018    0.019506    0.025700   15.698286 ^ u_dut.g_seg[3].u_bank.g_inv[90].u_inv._cell/Y (sg13g2_inv_1)
                                                         u_dut.g_seg[3].u_bank.node[91] (net)
                      0.019506    0.000121   15.698406 ^ u_dut.g_seg[3].u_bank.g_inv[91].u_inv._cell/A (sg13g2_inv_1)
     1    0.002915    0.015580    0.024563   15.722970 v u_dut.g_seg[3].u_bank.g_inv[91].u_inv._cell/Y (sg13g2_inv_1)
                                                         u_dut.g_seg[3].u_bank.node[92] (net)
                      0.015581    0.000115   15.723085 v u_dut.g_seg[3].u_bank.g_inv[92].u_inv._cell/A (sg13g2_inv_1)
     1    0.003357    0.020584    0.026402   15.749488 ^ u_dut.g_seg[3].u_bank.g_inv[92].u_inv._cell/Y (sg13g2_inv_1)
                                                         u_dut.g_seg[3].u_bank.node[93] (net)
                      0.020585    0.000249   15.749736 ^ u_dut.g_seg[3].u_bank.g_inv[93].u_inv._cell/A (sg13g2_inv_1)
     1    0.003739    0.017984    0.026761   15.776497 v u_dut.g_seg[3].u_bank.g_inv[93].u_inv._cell/Y (sg13g2_inv_1)
                                                         u_dut.g_seg[3].u_bank.node[94] (net)
                      0.017989    0.000263   15.776760 v u_dut.g_seg[3].u_bank.g_inv[94].u_inv._cell/A (sg13g2_inv_1)
     1    0.003196    0.020497    0.026654   15.803414 ^ u_dut.g_seg[3].u_bank.g_inv[94].u_inv._cell/Y (sg13g2_inv_1)
                                                         u_dut.g_seg[3].u_bank.node[95] (net)
                      0.020497    0.000128   15.803542 ^ u_dut.g_seg[3].u_bank.g_inv[95].u_inv._cell/A (sg13g2_inv_1)
     1    0.003418    0.017103    0.026022   15.829564 v u_dut.g_seg[3].u_bank.g_inv[95].u_inv._cell/Y (sg13g2_inv_1)
                                                         u_dut.g_seg[3].u_bank.node[96] (net)
                      0.017105    0.000137   15.829700 v u_dut.g_seg[3].u_bank.u_mux.u_m1/A1 (sg13g2_mux2_1)
     1    0.003492    0.035995    0.104670   15.934371 v u_dut.g_seg[3].u_bank.u_mux.u_m1/X (sg13g2_mux2_1)
                                                         u_dut.g_seg[3].u_bank.u_mux.w1 (net)
                      0.035995    0.000140   15.934511 v u_dut.g_seg[3].u_bank.u_mux.u_m2/A1 (sg13g2_mux2_1)
     1    0.005431    0.041123    0.118813   16.053324 v u_dut.g_seg[3].u_bank.u_mux.u_m2/X (sg13g2_mux2_1)
                                                         rca_cout (net)
                      0.041124    0.000220   16.053545 v _0650_/B (sg13g2_xnor2_1)
     1    0.004644    0.057272    0.096046   16.149591 v _0650_/Y (sg13g2_xnor2_1)
                                                         _0224_ (net)
                      0.057273    0.000334   16.149925 v _0651_/A2 (sg13g2_a21oi_1)
     1    0.003466    0.058338    0.083608   16.233532 ^ _0651_/Y (sg13g2_a21oi_1)
                                                         _0152_ (net)
                      0.058339    0.000238   16.233770 ^ _1304_/D (sg13g2_dfrbpq_1)
                                             16.233770   data arrival time

                                 50.000000   50.000000   clock clk' (rise edge)
                                  0.000000   50.000000   clock source latency
     1    0.034621    0.039729    0.025782   50.025780 v clk (in)
                                                         clk (net)
                      0.040212    0.000000   50.025780 v clkbuf_0_clk/A (sg13g2_buf_16)
    16    0.181083    0.051751    0.097184   50.122967 v clkbuf_0_clk/X (sg13g2_buf_16)
                                                         clknet_0_clk (net)
                      0.055584    0.010662   50.133625 v clkbuf_4_10_0_clk/A (sg13g2_buf_8)
     2    0.038374    0.029980    0.092893   50.226521 v clkbuf_4_10_0_clk/X (sg13g2_buf_8)
                                                         clknet_4_10_0_clk (net)
                      0.030414    0.002707   50.229225 v clkbuf_5_20__f_clk/A (sg13g2_buf_16)
     4    0.025658    0.021102    0.072998   50.302223 v clkbuf_5_20__f_clk/X (sg13g2_buf_16)
                                                         clknet_5_20__leaf_clk (net)
                      0.021115    0.001009   50.303234 v _1212__93/A (sg13g2_inv_1)
     1    0.003506    0.022275    0.028415   50.331646 ^ _1212__93/Y (sg13g2_inv_1)
                                                         net92 (net)
                      0.022275    0.000139   50.331787 ^ _1304_/CLK (sg13g2_dfrbpq_1)
                                 -0.250000   50.081787   clock uncertainty
                                  0.000000   50.081787   clock reconvergence pessimism
                                 -0.124854   49.956932   library setup time
                                             49.956932   data required time
---------------------------------------------------------------------------------------------
                                             49.956932   data required time
                                            -16.233770   data arrival time
---------------------------------------------------------------------------------------------
                                             33.723164   slack (MET)




===========================================================================
report_checks --slack_max -0.01
============================================================================
======================= nom_typ_1p20V_25C Corner ===================================

No paths found.


===========================================================================
 report_check_types -max_slew -max_cap -max_fanout -violators
============================================================================
======================= nom_typ_1p20V_25C Corner ===================================

max fanout

Pin                                   Limit Fanout  Slack
---------------------------------------------------------
clkbuf_0_clk/X                            8     16     -8 (VIOLATED)



===========================================================================
report_parasitic_annotation -report_unannotated
============================================================================
Found 10 unannotated drivers.
 ena
 clkload0/Y
 clkload1/Y
 clkload2/Y
 clkload3/Y
 clkload4/Y
 clkload5/Y
 clkload6/Y
 clkload7/Y
 clkload8/Y
Found 0 partially unannotated drivers.

===========================================================================
max slew violation count 0
max fanout violation count 1
max cap violation count 0
============================================================================

===========================================================================
check_setup -verbose -unconstrained_endpoints -multiple_clock -no_clock -no_input_delay -loops -generated_clocks
===========================================================================
Warning: There are 32 unclocked register/latch pins.
  _1335_/CLK
  _1336_/CLK
  _1337_/CLK
  _1338_/CLK
  _1339_/CLK
  _1340_/CLK
  _1341_/CLK
  _1342_/CLK
  _1343_/CLK
  _1344_/CLK
  _1345_/CLK
  _1346_/CLK
  _1347_/CLK
  _1348_/CLK
  _1349_/CLK
  _1350_/CLK
  _1351_/CLK
  _1352_/CLK
  _1353_/CLK
  _1354_/CLK
  _1355_/CLK
  _1356_/CLK
  _1357_/CLK
  _1358_/CLK
  _1359_/CLK
  _1360_/CLK
  _1361_/CLK
  _1362_/CLK
  _1363_/CLK
  _1364_/CLK
  _1365_/CLK
  _1366_/CLK
Warning: There are 32 unconstrained endpoints.
  _1335_/D
  _1336_/D
  _1337_/D
  _1338_/D
  _1339_/D
  _1340_/D
  _1341_/D
  _1342_/D
  _1343_/D
  _1344_/D
  _1345_/D
  _1346_/D
  _1347_/D
  _1348_/D
  _1349_/D
  _1350_/D
  _1351_/D
  _1352_/D
  _1353_/D
  _1354_/D
  _1355_/D
  _1356_/D
  _1357_/D
  _1358_/D
  _1359_/D
  _1360_/D
  _1361_/D
  _1362_/D
  _1363_/D
  _1364_/D
  _1365_/D
  _1366_/D
