instance,master,x_um,y_um,width_um,height_um,category
FILLER_0_0,sg13g2_decap_8,2.88,3.78,3.36,3.78,Physical-only cells
FILLER_0_132,sg13g2_decap_8,66.24,3.78,3.36,3.78,Physical-only cells
FILLER_0_139,sg13g2_decap_8,69.6,3.78,3.36,3.78,Physical-only cells
FILLER_0_14,sg13g2_decap_8,9.6,3.78,3.36,3.78,Physical-only cells
FILLER_0_146,sg13g2_fill_1,72.96,3.78,0.48,3.78,Physical-only cells
FILLER_0_152,sg13g2_decap_8,75.84,3.78,3.36,3.78,Physical-only cells
FILLER_0_159,sg13g2_decap_8,79.2,3.78,3.36,3.78,Physical-only cells
FILLER_0_166,sg13g2_decap_4,82.56,3.78,1.92,3.78,Physical-only cells
FILLER_0_170,sg13g2_fill_2,84.48,3.78,0.96,3.78,Physical-only cells
FILLER_0_185,sg13g2_fill_1,91.68,3.78,0.48,3.78,Physical-only cells
FILLER_0_190,sg13g2_decap_8,94.08,3.78,3.36,3.78,Physical-only cells
FILLER_0_197,sg13g2_decap_4,97.44,3.78,1.92,3.78,Physical-only cells
FILLER_0_201,sg13g2_fill_2,99.36,3.78,0.96,3.78,Physical-only cells
FILLER_0_21,sg13g2_decap_8,12.96,3.78,3.36,3.78,Physical-only cells
FILLER_0_213,sg13g2_fill_2,105.12,3.78,0.96,3.78,Physical-only cells
FILLER_0_215,sg13g2_fill_1,106.08,3.78,0.48,3.78,Physical-only cells
FILLER_0_248,sg13g2_decap_8,121.92,3.78,3.36,3.78,Physical-only cells
FILLER_0_255,sg13g2_fill_2,125.28,3.78,0.96,3.78,Physical-only cells
FILLER_0_28,sg13g2_decap_8,16.32,3.78,3.36,3.78,Physical-only cells
FILLER_0_289,sg13g2_decap_4,141.6,3.78,1.92,3.78,Physical-only cells
FILLER_0_293,sg13g2_fill_2,143.52,3.78,0.96,3.78,Physical-only cells
FILLER_0_298,sg13g2_fill_1,145.92,3.78,0.48,3.78,Physical-only cells
FILLER_0_323,sg13g2_decap_4,157.92,3.78,1.92,3.78,Physical-only cells
FILLER_0_348,sg13g2_decap_8,169.92,3.78,3.36,3.78,Physical-only cells
FILLER_0_35,sg13g2_decap_8,19.68,3.78,3.36,3.78,Physical-only cells
FILLER_0_355,sg13g2_decap_8,173.28,3.78,3.36,3.78,Physical-only cells
FILLER_0_362,sg13g2_decap_8,176.64,3.78,3.36,3.78,Physical-only cells
FILLER_0_369,sg13g2_decap_8,180.0,3.78,3.36,3.78,Physical-only cells
FILLER_0_376,sg13g2_decap_8,183.36,3.78,3.36,3.78,Physical-only cells
FILLER_0_383,sg13g2_decap_8,186.72,3.78,3.36,3.78,Physical-only cells
FILLER_0_390,sg13g2_decap_8,190.08,3.78,3.36,3.78,Physical-only cells
FILLER_0_397,sg13g2_decap_8,193.44,3.78,3.36,3.78,Physical-only cells
FILLER_0_404,sg13g2_decap_4,196.8,3.78,1.92,3.78,Physical-only cells
FILLER_0_408,sg13g2_fill_1,198.72,3.78,0.48,3.78,Physical-only cells
FILLER_0_42,sg13g2_decap_8,23.04,3.78,3.36,3.78,Physical-only cells
FILLER_0_49,sg13g2_decap_8,26.4,3.78,3.36,3.78,Physical-only cells
FILLER_0_56,sg13g2_decap_8,29.76,3.78,3.36,3.78,Physical-only cells
FILLER_0_63,sg13g2_decap_8,33.12,3.78,3.36,3.78,Physical-only cells
FILLER_0_7,sg13g2_decap_8,6.24,3.78,3.36,3.78,Physical-only cells
FILLER_0_70,sg13g2_decap_8,36.48,3.78,3.36,3.78,Physical-only cells
FILLER_0_77,sg13g2_decap_8,39.84,3.78,3.36,3.78,Physical-only cells
FILLER_0_93,sg13g2_decap_4,47.52,3.78,1.92,3.78,Physical-only cells
FILLER_10_0,sg13g2_decap_8,2.88,41.58,3.36,3.78,Physical-only cells
FILLER_10_105,sg13g2_decap_8,53.28,41.58,3.36,3.78,Physical-only cells
FILLER_10_112,sg13g2_fill_2,56.64,41.58,0.96,3.78,Physical-only cells
FILLER_10_114,sg13g2_fill_1,57.6,41.58,0.48,3.78,Physical-only cells
FILLER_10_119,sg13g2_fill_1,60.0,41.58,0.48,3.78,Physical-only cells
FILLER_10_138,sg13g2_decap_8,69.12,41.58,3.36,3.78,Physical-only cells
FILLER_10_14,sg13g2_decap_8,9.6,41.58,3.36,3.78,Physical-only cells
FILLER_10_145,sg13g2_decap_4,72.48,41.58,1.92,3.78,Physical-only cells
FILLER_10_149,sg13g2_fill_1,74.4,41.58,0.48,3.78,Physical-only cells
FILLER_10_154,sg13g2_decap_4,76.8,41.58,1.92,3.78,Physical-only cells
FILLER_10_163,sg13g2_decap_8,81.12,41.58,3.36,3.78,Physical-only cells
FILLER_10_170,sg13g2_fill_2,84.48,41.58,0.96,3.78,Physical-only cells
FILLER_10_172,sg13g2_fill_1,85.44,41.58,0.48,3.78,Physical-only cells
FILLER_10_176,sg13g2_decap_4,87.36,41.58,1.92,3.78,Physical-only cells
FILLER_10_202,sg13g2_decap_4,99.84,41.58,1.92,3.78,Physical-only cells
FILLER_10_206,sg13g2_fill_2,101.76,41.58,0.96,3.78,Physical-only cells
FILLER_10_21,sg13g2_decap_8,12.96,41.58,3.36,3.78,Physical-only cells
FILLER_10_211,sg13g2_fill_2,104.16,41.58,0.96,3.78,Physical-only cells
FILLER_10_231,sg13g2_decap_8,113.76,41.58,3.36,3.78,Physical-only cells
FILLER_10_238,sg13g2_decap_8,117.12,41.58,3.36,3.78,Physical-only cells
FILLER_10_245,sg13g2_fill_1,120.48,41.58,0.48,3.78,Physical-only cells
FILLER_10_261,sg13g2_decap_8,128.16,41.58,3.36,3.78,Physical-only cells
FILLER_10_268,sg13g2_decap_4,131.52,41.58,1.92,3.78,Physical-only cells
FILLER_10_272,sg13g2_fill_2,133.44,41.58,0.96,3.78,Physical-only cells
FILLER_10_279,sg13g2_decap_4,136.8,41.58,1.92,3.78,Physical-only cells
FILLER_10_28,sg13g2_decap_4,16.32,41.58,1.92,3.78,Physical-only cells
FILLER_10_288,sg13g2_decap_8,141.12,41.58,3.36,3.78,Physical-only cells
FILLER_10_295,sg13g2_fill_1,144.48,41.58,0.48,3.78,Physical-only cells
FILLER_10_305,sg13g2_decap_8,149.28,41.58,3.36,3.78,Physical-only cells
FILLER_10_315,sg13g2_fill_1,154.08,41.58,0.48,3.78,Physical-only cells
FILLER_10_319,sg13g2_decap_8,156.0,41.58,3.36,3.78,Physical-only cells
FILLER_10_326,sg13g2_decap_4,159.36,41.58,1.92,3.78,Physical-only cells
FILLER_10_336,sg13g2_decap_8,164.16,41.58,3.36,3.78,Physical-only cells
FILLER_10_343,sg13g2_decap_8,167.52,41.58,3.36,3.78,Physical-only cells
FILLER_10_350,sg13g2_decap_4,170.88,41.58,1.92,3.78,Physical-only cells
FILLER_10_354,sg13g2_fill_1,172.8,41.58,0.48,3.78,Physical-only cells
FILLER_10_370,sg13g2_decap_4,180.48,41.58,1.92,3.78,Physical-only cells
FILLER_10_383,sg13g2_decap_8,186.72,41.58,3.36,3.78,Physical-only cells
FILLER_10_390,sg13g2_fill_2,190.08,41.58,0.96,3.78,Physical-only cells
FILLER_10_407,sg13g2_fill_2,198.24,41.58,0.96,3.78,Physical-only cells
FILLER_10_41,sg13g2_fill_2,22.56,41.58,0.96,3.78,Physical-only cells
FILLER_10_57,sg13g2_fill_2,30.24,41.58,0.96,3.78,Physical-only cells
FILLER_10_7,sg13g2_decap_8,6.24,41.58,3.36,3.78,Physical-only cells
FILLER_10_89,sg13g2_fill_1,45.6,41.58,0.48,3.78,Physical-only cells
FILLER_11_0,sg13g2_decap_8,2.88,45.36,3.36,3.78,Physical-only cells
FILLER_11_103,sg13g2_decap_8,52.32,45.36,3.36,3.78,Physical-only cells
FILLER_11_110,sg13g2_decap_8,55.68,45.36,3.36,3.78,Physical-only cells
FILLER_11_117,sg13g2_fill_2,59.04,45.36,0.96,3.78,Physical-only cells
FILLER_11_123,sg13g2_decap_8,61.92,45.36,3.36,3.78,Physical-only cells
FILLER_11_130,sg13g2_fill_1,65.28,45.36,0.48,3.78,Physical-only cells
FILLER_11_135,sg13g2_decap_8,67.68,45.36,3.36,3.78,Physical-only cells
FILLER_11_14,sg13g2_decap_8,9.6,45.36,3.36,3.78,Physical-only cells
FILLER_11_142,sg13g2_fill_2,71.04,45.36,0.96,3.78,Physical-only cells
FILLER_11_161,sg13g2_decap_8,80.16,45.36,3.36,3.78,Physical-only cells
FILLER_11_168,sg13g2_decap_8,83.52,45.36,3.36,3.78,Physical-only cells
FILLER_11_175,sg13g2_fill_2,86.88,45.36,0.96,3.78,Physical-only cells
FILLER_11_177,sg13g2_fill_1,87.84,45.36,0.48,3.78,Physical-only cells
FILLER_11_191,sg13g2_decap_4,94.56,45.36,1.92,3.78,Physical-only cells
FILLER_11_21,sg13g2_decap_8,12.96,45.36,3.36,3.78,Physical-only cells
FILLER_11_211,sg13g2_fill_2,104.16,45.36,0.96,3.78,Physical-only cells
FILLER_11_226,sg13g2_decap_8,111.36,45.36,3.36,3.78,Physical-only cells
FILLER_11_233,sg13g2_decap_8,114.72,45.36,3.36,3.78,Physical-only cells
FILLER_11_240,sg13g2_decap_8,118.08,45.36,3.36,3.78,Physical-only cells
FILLER_11_247,sg13g2_fill_1,121.44,45.36,0.48,3.78,Physical-only cells
FILLER_11_267,sg13g2_decap_8,131.04,45.36,3.36,3.78,Physical-only cells
FILLER_11_274,sg13g2_fill_1,134.4,45.36,0.48,3.78,Physical-only cells
FILLER_11_291,sg13g2_fill_2,142.56,45.36,0.96,3.78,Physical-only cells
FILLER_11_293,sg13g2_fill_1,143.52,45.36,0.48,3.78,Physical-only cells
FILLER_11_302,sg13g2_fill_1,147.84,45.36,0.48,3.78,Physical-only cells
FILLER_11_330,sg13g2_fill_2,161.28,45.36,0.96,3.78,Physical-only cells
FILLER_11_347,sg13g2_fill_1,169.44,45.36,0.48,3.78,Physical-only cells
FILLER_11_378,sg13g2_fill_2,184.32,45.36,0.96,3.78,Physical-only cells
FILLER_11_401,sg13g2_decap_8,195.36,45.36,3.36,3.78,Physical-only cells
FILLER_11_408,sg13g2_fill_1,198.72,45.36,0.48,3.78,Physical-only cells
FILLER_11_55,sg13g2_fill_1,29.28,45.36,0.48,3.78,Physical-only cells
FILLER_11_7,sg13g2_decap_8,6.24,45.36,3.36,3.78,Physical-only cells
FILLER_11_90,sg13g2_decap_4,46.08,45.36,1.92,3.78,Physical-only cells
FILLER_11_98,sg13g2_fill_1,49.92,45.36,0.48,3.78,Physical-only cells
FILLER_12_0,sg13g2_decap_8,2.88,49.14,3.36,3.78,Physical-only cells
FILLER_12_111,sg13g2_decap_4,56.16,49.14,1.92,3.78,Physical-only cells
FILLER_12_115,sg13g2_fill_1,58.08,49.14,0.48,3.78,Physical-only cells
FILLER_12_120,sg13g2_decap_8,60.48,49.14,3.36,3.78,Physical-only cells
FILLER_12_127,sg13g2_decap_4,63.84,49.14,1.92,3.78,Physical-only cells
FILLER_12_131,sg13g2_fill_2,65.76,49.14,0.96,3.78,Physical-only cells
FILLER_12_138,sg13g2_decap_8,69.12,49.14,3.36,3.78,Physical-only cells
FILLER_12_14,sg13g2_decap_8,9.6,49.14,3.36,3.78,Physical-only cells
FILLER_12_145,sg13g2_fill_2,72.48,49.14,0.96,3.78,Physical-only cells
FILLER_12_162,sg13g2_decap_4,80.64,49.14,1.92,3.78,Physical-only cells
FILLER_12_177,sg13g2_fill_1,87.84,49.14,0.48,3.78,Physical-only cells
FILLER_12_190,sg13g2_fill_2,94.08,49.14,0.96,3.78,Physical-only cells
FILLER_12_197,sg13g2_decap_4,97.44,49.14,1.92,3.78,Physical-only cells
FILLER_12_201,sg13g2_fill_1,99.36,49.14,0.48,3.78,Physical-only cells
FILLER_12_21,sg13g2_decap_8,12.96,49.14,3.36,3.78,Physical-only cells
FILLER_12_223,sg13g2_fill_1,109.92,49.14,0.48,3.78,Physical-only cells
FILLER_12_232,sg13g2_decap_4,114.24,49.14,1.92,3.78,Physical-only cells
FILLER_12_236,sg13g2_fill_2,116.16,49.14,0.96,3.78,Physical-only cells
FILLER_12_246,sg13g2_decap_8,120.96,49.14,3.36,3.78,Physical-only cells
FILLER_12_253,sg13g2_fill_1,124.32,49.14,0.48,3.78,Physical-only cells
FILLER_12_258,sg13g2_fill_2,126.72,49.14,0.96,3.78,Physical-only cells
FILLER_12_270,sg13g2_decap_4,132.48,49.14,1.92,3.78,Physical-only cells
FILLER_12_28,sg13g2_decap_8,16.32,49.14,3.36,3.78,Physical-only cells
FILLER_12_287,sg13g2_fill_1,140.64,49.14,0.48,3.78,Physical-only cells
FILLER_12_305,sg13g2_decap_8,149.28,49.14,3.36,3.78,Physical-only cells
FILLER_12_312,sg13g2_fill_1,152.64,49.14,0.48,3.78,Physical-only cells
FILLER_12_325,sg13g2_fill_1,158.88,49.14,0.48,3.78,Physical-only cells
FILLER_12_329,sg13g2_fill_1,160.8,49.14,0.48,3.78,Physical-only cells
FILLER_12_339,sg13g2_fill_1,165.6,49.14,0.48,3.78,Physical-only cells
FILLER_12_343,sg13g2_fill_1,167.52,49.14,0.48,3.78,Physical-only cells
FILLER_12_347,sg13g2_decap_8,169.44,49.14,3.36,3.78,Physical-only cells
FILLER_12_35,sg13g2_decap_4,19.68,49.14,1.92,3.78,Physical-only cells
FILLER_12_354,sg13g2_decap_8,172.8,49.14,3.36,3.78,Physical-only cells
FILLER_12_373,sg13g2_decap_8,181.92,49.14,3.36,3.78,Physical-only cells
FILLER_12_380,sg13g2_decap_8,185.28,49.14,3.36,3.78,Physical-only cells
FILLER_12_387,sg13g2_fill_2,188.64,49.14,0.96,3.78,Physical-only cells
FILLER_12_389,sg13g2_fill_1,189.6,49.14,0.48,3.78,Physical-only cells
FILLER_12_39,sg13g2_fill_1,21.6,49.14,0.48,3.78,Physical-only cells
FILLER_12_393,sg13g2_fill_2,191.52,49.14,0.96,3.78,Physical-only cells
FILLER_12_398,sg13g2_decap_8,193.92,49.14,3.36,3.78,Physical-only cells
FILLER_12_405,sg13g2_decap_4,197.28,49.14,1.92,3.78,Physical-only cells
FILLER_12_44,sg13g2_fill_2,24.0,49.14,0.96,3.78,Physical-only cells
FILLER_12_46,sg13g2_fill_1,24.96,49.14,0.48,3.78,Physical-only cells
FILLER_12_57,sg13g2_fill_2,30.24,49.14,0.96,3.78,Physical-only cells
FILLER_12_59,sg13g2_fill_1,31.2,49.14,0.48,3.78,Physical-only cells
FILLER_12_65,sg13g2_fill_2,34.08,49.14,0.96,3.78,Physical-only cells
FILLER_12_67,sg13g2_fill_1,35.04,49.14,0.48,3.78,Physical-only cells
FILLER_12_7,sg13g2_decap_8,6.24,49.14,3.36,3.78,Physical-only cells
FILLER_12_82,sg13g2_decap_8,42.24,49.14,3.36,3.78,Physical-only cells
FILLER_12_89,sg13g2_decap_4,45.6,49.14,1.92,3.78,Physical-only cells
FILLER_13_0,sg13g2_decap_8,2.88,52.92,3.36,3.78,Physical-only cells
FILLER_13_102,sg13g2_decap_4,51.84,52.92,1.92,3.78,Physical-only cells
FILLER_13_114,sg13g2_decap_8,57.6,52.92,3.36,3.78,Physical-only cells
FILLER_13_121,sg13g2_decap_4,60.96,52.92,1.92,3.78,Physical-only cells
FILLER_13_14,sg13g2_decap_8,9.6,52.92,3.36,3.78,Physical-only cells
FILLER_13_149,sg13g2_decap_8,74.4,52.92,3.36,3.78,Physical-only cells
FILLER_13_156,sg13g2_fill_2,77.76,52.92,0.96,3.78,Physical-only cells
FILLER_13_158,sg13g2_fill_1,78.72,52.92,0.48,3.78,Physical-only cells
FILLER_13_164,sg13g2_decap_8,81.6,52.92,3.36,3.78,Physical-only cells
FILLER_13_171,sg13g2_decap_8,84.96,52.92,3.36,3.78,Physical-only cells
FILLER_13_178,sg13g2_fill_2,88.32,52.92,0.96,3.78,Physical-only cells
FILLER_13_184,sg13g2_fill_2,91.2,52.92,0.96,3.78,Physical-only cells
FILLER_13_186,sg13g2_fill_1,92.16,52.92,0.48,3.78,Physical-only cells
FILLER_13_195,sg13g2_decap_4,96.48,52.92,1.92,3.78,Physical-only cells
FILLER_13_199,sg13g2_fill_2,98.4,52.92,0.96,3.78,Physical-only cells
FILLER_13_21,sg13g2_decap_8,12.96,52.92,3.36,3.78,Physical-only cells
FILLER_13_28,sg13g2_decap_8,16.32,52.92,3.36,3.78,Physical-only cells
FILLER_13_296,sg13g2_fill_1,144.96,52.92,0.48,3.78,Physical-only cells
FILLER_13_304,sg13g2_decap_8,148.8,52.92,3.36,3.78,Physical-only cells
FILLER_13_35,sg13g2_decap_8,19.68,52.92,3.36,3.78,Physical-only cells
FILLER_13_408,sg13g2_fill_1,198.72,52.92,0.48,3.78,Physical-only cells
FILLER_13_42,sg13g2_fill_1,23.04,52.92,0.48,3.78,Physical-only cells
FILLER_13_7,sg13g2_decap_8,6.24,52.92,3.36,3.78,Physical-only cells
FILLER_13_80,sg13g2_fill_1,41.28,52.92,0.48,3.78,Physical-only cells
FILLER_14_0,sg13g2_decap_8,2.88,56.7,3.36,3.78,Physical-only cells
FILLER_14_105,sg13g2_fill_1,53.28,56.7,0.48,3.78,Physical-only cells
FILLER_14_119,sg13g2_decap_8,60.0,56.7,3.36,3.78,Physical-only cells
FILLER_14_126,sg13g2_fill_2,63.36,56.7,0.96,3.78,Physical-only cells
FILLER_14_14,sg13g2_decap_8,9.6,56.7,3.36,3.78,Physical-only cells
FILLER_14_145,sg13g2_decap_4,72.48,56.7,1.92,3.78,Physical-only cells
FILLER_14_149,sg13g2_fill_1,74.4,56.7,0.48,3.78,Physical-only cells
FILLER_14_171,sg13g2_decap_8,84.96,56.7,3.36,3.78,Physical-only cells
FILLER_14_178,sg13g2_fill_1,88.32,56.7,0.48,3.78,Physical-only cells
FILLER_14_209,sg13g2_fill_1,103.2,56.7,0.48,3.78,Physical-only cells
FILLER_14_21,sg13g2_decap_8,12.96,56.7,3.36,3.78,Physical-only cells
FILLER_14_215,sg13g2_decap_8,106.08,56.7,3.36,3.78,Physical-only cells
FILLER_14_225,sg13g2_decap_4,110.88,56.7,1.92,3.78,Physical-only cells
FILLER_14_229,sg13g2_fill_1,112.8,56.7,0.48,3.78,Physical-only cells
FILLER_14_234,sg13g2_fill_2,115.2,56.7,0.96,3.78,Physical-only cells
FILLER_14_248,sg13g2_decap_8,121.92,56.7,3.36,3.78,Physical-only cells
FILLER_14_255,sg13g2_decap_8,125.28,56.7,3.36,3.78,Physical-only cells
FILLER_14_262,sg13g2_decap_8,128.64,56.7,3.36,3.78,Physical-only cells
FILLER_14_28,sg13g2_decap_8,16.32,56.7,3.36,3.78,Physical-only cells
FILLER_14_314,sg13g2_fill_1,153.6,56.7,0.48,3.78,Physical-only cells
FILLER_14_328,sg13g2_decap_8,160.32,56.7,3.36,3.78,Physical-only cells
FILLER_14_338,sg13g2_decap_8,165.12,56.7,3.36,3.78,Physical-only cells
FILLER_14_345,sg13g2_fill_1,168.48,56.7,0.48,3.78,Physical-only cells
FILLER_14_349,sg13g2_fill_1,170.4,56.7,0.48,3.78,Physical-only cells
FILLER_14_35,sg13g2_decap_8,19.68,56.7,3.36,3.78,Physical-only cells
FILLER_14_371,sg13g2_decap_8,180.96,56.7,3.36,3.78,Physical-only cells
FILLER_14_378,sg13g2_fill_2,184.32,56.7,0.96,3.78,Physical-only cells
FILLER_14_380,sg13g2_fill_1,185.28,56.7,0.48,3.78,Physical-only cells
FILLER_14_387,sg13g2_fill_1,188.64,56.7,0.48,3.78,Physical-only cells
FILLER_14_406,sg13g2_fill_2,197.76,56.7,0.96,3.78,Physical-only cells
FILLER_14_408,sg13g2_fill_1,198.72,56.7,0.48,3.78,Physical-only cells
FILLER_14_42,sg13g2_decap_4,23.04,56.7,1.92,3.78,Physical-only cells
FILLER_14_46,sg13g2_fill_1,24.96,56.7,0.48,3.78,Physical-only cells
FILLER_14_7,sg13g2_decap_8,6.24,56.7,3.36,3.78,Physical-only cells
FILLER_14_72,sg13g2_decap_4,37.44,56.7,1.92,3.78,Physical-only cells
FILLER_14_91,sg13g2_decap_8,46.56,56.7,3.36,3.78,Physical-only cells
FILLER_14_98,sg13g2_fill_2,49.92,56.7,0.96,3.78,Physical-only cells
FILLER_15_0,sg13g2_decap_8,2.88,60.48,3.36,3.78,Physical-only cells
FILLER_15_115,sg13g2_fill_2,58.08,60.48,0.96,3.78,Physical-only cells
FILLER_15_122,sg13g2_decap_4,61.44,60.48,1.92,3.78,Physical-only cells
FILLER_15_126,sg13g2_fill_1,63.36,60.48,0.48,3.78,Physical-only cells
FILLER_15_14,sg13g2_decap_8,9.6,60.48,3.36,3.78,Physical-only cells
FILLER_15_140,sg13g2_fill_2,70.08,60.48,0.96,3.78,Physical-only cells
FILLER_15_147,sg13g2_decap_4,73.44,60.48,1.92,3.78,Physical-only cells
FILLER_15_167,sg13g2_decap_4,83.04,60.48,1.92,3.78,Physical-only cells
FILLER_15_174,sg13g2_decap_8,86.4,60.48,3.36,3.78,Physical-only cells
FILLER_15_181,sg13g2_decap_8,89.76,60.48,3.36,3.78,Physical-only cells
FILLER_15_188,sg13g2_fill_2,93.12,60.48,0.96,3.78,Physical-only cells
FILLER_15_208,sg13g2_fill_1,102.72,60.48,0.48,3.78,Physical-only cells
FILLER_15_21,sg13g2_decap_8,12.96,60.48,3.36,3.78,Physical-only cells
FILLER_15_268,sg13g2_decap_8,131.52,60.48,3.36,3.78,Physical-only cells
FILLER_15_275,sg13g2_fill_2,134.88,60.48,0.96,3.78,Physical-only cells
FILLER_15_277,sg13g2_fill_1,135.84,60.48,0.48,3.78,Physical-only cells
FILLER_15_28,sg13g2_decap_4,16.32,60.48,1.92,3.78,Physical-only cells
FILLER_15_282,sg13g2_decap_4,138.24,60.48,1.92,3.78,Physical-only cells
FILLER_15_286,sg13g2_fill_2,140.16,60.48,0.96,3.78,Physical-only cells
FILLER_15_300,sg13g2_fill_2,146.88,60.48,0.96,3.78,Physical-only cells
FILLER_15_32,sg13g2_fill_1,18.24,60.48,0.48,3.78,Physical-only cells
FILLER_15_343,sg13g2_fill_2,167.52,60.48,0.96,3.78,Physical-only cells
FILLER_15_357,sg13g2_decap_4,174.24,60.48,1.92,3.78,Physical-only cells
FILLER_15_361,sg13g2_fill_1,176.16,60.48,0.48,3.78,Physical-only cells
FILLER_15_368,sg13g2_decap_8,179.52,60.48,3.36,3.78,Physical-only cells
FILLER_15_384,sg13g2_decap_4,187.2,60.48,1.92,3.78,Physical-only cells
FILLER_15_388,sg13g2_fill_1,189.12,60.48,0.48,3.78,Physical-only cells
FILLER_15_407,sg13g2_fill_2,198.24,60.48,0.96,3.78,Physical-only cells
FILLER_15_60,sg13g2_fill_2,31.68,60.48,0.96,3.78,Physical-only cells
FILLER_15_66,sg13g2_fill_1,34.56,60.48,0.48,3.78,Physical-only cells
FILLER_15_7,sg13g2_decap_8,6.24,60.48,3.36,3.78,Physical-only cells
FILLER_16_0,sg13g2_decap_8,2.88,64.26,3.36,3.78,Physical-only cells
FILLER_16_102,sg13g2_fill_1,51.84,64.26,0.48,3.78,Physical-only cells
FILLER_16_116,sg13g2_decap_8,58.56,64.26,3.36,3.78,Physical-only cells
FILLER_16_14,sg13g2_decap_8,9.6,64.26,3.36,3.78,Physical-only cells
FILLER_16_151,sg13g2_fill_2,75.36,64.26,0.96,3.78,Physical-only cells
FILLER_16_153,sg13g2_fill_1,76.32,64.26,0.48,3.78,Physical-only cells
FILLER_16_21,sg13g2_decap_8,12.96,64.26,3.36,3.78,Physical-only cells
FILLER_16_220,sg13g2_fill_1,108.48,64.26,0.48,3.78,Physical-only cells
FILLER_16_28,sg13g2_decap_8,16.32,64.26,3.36,3.78,Physical-only cells
FILLER_16_313,sg13g2_decap_8,153.12,64.26,3.36,3.78,Physical-only cells
FILLER_16_320,sg13g2_decap_4,156.48,64.26,1.92,3.78,Physical-only cells
FILLER_16_324,sg13g2_fill_1,158.4,64.26,0.48,3.78,Physical-only cells
FILLER_16_340,sg13g2_decap_8,166.08,64.26,3.36,3.78,Physical-only cells
FILLER_16_347,sg13g2_fill_1,169.44,64.26,0.48,3.78,Physical-only cells
FILLER_16_35,sg13g2_decap_8,19.68,64.26,3.36,3.78,Physical-only cells
FILLER_16_351,sg13g2_fill_2,171.36,64.26,0.96,3.78,Physical-only cells
FILLER_16_374,sg13g2_decap_8,182.4,64.26,3.36,3.78,Physical-only cells
FILLER_16_381,sg13g2_fill_2,185.76,64.26,0.96,3.78,Physical-only cells
FILLER_16_395,sg13g2_fill_1,192.48,64.26,0.48,3.78,Physical-only cells
FILLER_16_405,sg13g2_decap_4,197.28,64.26,1.92,3.78,Physical-only cells
FILLER_16_42,sg13g2_fill_2,23.04,64.26,0.96,3.78,Physical-only cells
FILLER_16_44,sg13g2_fill_1,24.0,64.26,0.48,3.78,Physical-only cells
FILLER_16_61,sg13g2_fill_2,32.16,64.26,0.96,3.78,Physical-only cells
FILLER_16_7,sg13g2_decap_8,6.24,64.26,3.36,3.78,Physical-only cells
FILLER_16_86,sg13g2_decap_8,44.16,64.26,3.36,3.78,Physical-only cells
FILLER_16_93,sg13g2_decap_4,47.52,64.26,1.92,3.78,Physical-only cells
FILLER_17_0,sg13g2_decap_8,2.88,68.04,3.36,3.78,Physical-only cells
FILLER_17_120,sg13g2_decap_4,60.48,68.04,1.92,3.78,Physical-only cells
FILLER_17_14,sg13g2_decap_8,9.6,68.04,3.36,3.78,Physical-only cells
FILLER_17_21,sg13g2_decap_8,12.96,68.04,3.36,3.78,Physical-only cells
FILLER_17_219,sg13g2_fill_1,108.0,68.04,0.48,3.78,Physical-only cells
FILLER_17_230,sg13g2_decap_4,113.28,68.04,1.92,3.78,Physical-only cells
FILLER_17_28,sg13g2_decap_8,16.32,68.04,3.36,3.78,Physical-only cells
FILLER_17_327,sg13g2_fill_2,159.84,68.04,0.96,3.78,Physical-only cells
FILLER_17_35,sg13g2_decap_8,19.68,68.04,3.36,3.78,Physical-only cells
FILLER_17_362,sg13g2_fill_1,176.64,68.04,0.48,3.78,Physical-only cells
FILLER_17_369,sg13g2_fill_2,180.0,68.04,0.96,3.78,Physical-only cells
FILLER_17_381,sg13g2_fill_2,185.76,68.04,0.96,3.78,Physical-only cells
FILLER_17_383,sg13g2_fill_1,186.72,68.04,0.48,3.78,Physical-only cells
FILLER_17_387,sg13g2_fill_1,188.64,68.04,0.48,3.78,Physical-only cells
FILLER_17_397,sg13g2_fill_1,193.44,68.04,0.48,3.78,Physical-only cells
FILLER_17_407,sg13g2_fill_2,198.24,68.04,0.96,3.78,Physical-only cells
FILLER_17_42,sg13g2_decap_4,23.04,68.04,1.92,3.78,Physical-only cells
FILLER_17_46,sg13g2_fill_2,24.96,68.04,0.96,3.78,Physical-only cells
FILLER_17_7,sg13g2_decap_8,6.24,68.04,3.36,3.78,Physical-only cells
FILLER_17_90,sg13g2_fill_2,46.08,68.04,0.96,3.78,Physical-only cells
FILLER_18_0,sg13g2_decap_8,2.88,71.82,3.36,3.78,Physical-only cells
FILLER_18_100,sg13g2_fill_2,50.88,71.82,0.96,3.78,Physical-only cells
FILLER_18_129,sg13g2_decap_4,64.8,71.82,1.92,3.78,Physical-only cells
FILLER_18_133,sg13g2_fill_2,66.72,71.82,0.96,3.78,Physical-only cells
FILLER_18_14,sg13g2_decap_8,9.6,71.82,3.36,3.78,Physical-only cells
FILLER_18_169,sg13g2_fill_1,84.0,71.82,0.48,3.78,Physical-only cells
FILLER_18_207,sg13g2_fill_1,102.24,71.82,0.48,3.78,Physical-only cells
FILLER_18_21,sg13g2_decap_8,12.96,71.82,3.36,3.78,Physical-only cells
FILLER_18_235,sg13g2_fill_1,115.68,71.82,0.48,3.78,Physical-only cells
FILLER_18_241,sg13g2_fill_2,118.56,71.82,0.96,3.78,Physical-only cells
FILLER_18_243,sg13g2_fill_1,119.52,71.82,0.48,3.78,Physical-only cells
FILLER_18_271,sg13g2_decap_8,132.96,71.82,3.36,3.78,Physical-only cells
FILLER_18_278,sg13g2_fill_2,136.32,71.82,0.96,3.78,Physical-only cells
FILLER_18_28,sg13g2_decap_8,16.32,71.82,3.36,3.78,Physical-only cells
FILLER_18_290,sg13g2_decap_4,142.08,71.82,1.92,3.78,Physical-only cells
FILLER_18_335,sg13g2_decap_8,163.68,71.82,3.36,3.78,Physical-only cells
FILLER_18_342,sg13g2_decap_8,167.04,71.82,3.36,3.78,Physical-only cells
FILLER_18_35,sg13g2_decap_4,19.68,71.82,1.92,3.78,Physical-only cells
FILLER_18_352,sg13g2_fill_2,171.84,71.82,0.96,3.78,Physical-only cells
FILLER_18_354,sg13g2_fill_1,172.8,71.82,0.48,3.78,Physical-only cells
FILLER_18_367,sg13g2_fill_1,179.04,71.82,0.48,3.78,Physical-only cells
FILLER_18_388,sg13g2_decap_4,189.12,71.82,1.92,3.78,Physical-only cells
FILLER_18_404,sg13g2_decap_4,196.8,71.82,1.92,3.78,Physical-only cells
FILLER_18_408,sg13g2_fill_1,198.72,71.82,0.48,3.78,Physical-only cells
FILLER_18_7,sg13g2_decap_8,6.24,71.82,3.36,3.78,Physical-only cells
FILLER_19_0,sg13g2_decap_8,2.88,75.6,3.36,3.78,Physical-only cells
FILLER_19_111,sg13g2_decap_4,56.16,75.6,1.92,3.78,Physical-only cells
FILLER_19_115,sg13g2_fill_1,58.08,75.6,0.48,3.78,Physical-only cells
FILLER_19_14,sg13g2_decap_8,9.6,75.6,3.36,3.78,Physical-only cells
FILLER_19_146,sg13g2_decap_8,72.96,75.6,3.36,3.78,Physical-only cells
FILLER_19_166,sg13g2_fill_1,82.56,75.6,0.48,3.78,Physical-only cells
FILLER_19_21,sg13g2_decap_8,12.96,75.6,3.36,3.78,Physical-only cells
FILLER_19_219,sg13g2_fill_2,108.0,75.6,0.96,3.78,Physical-only cells
FILLER_19_258,sg13g2_decap_8,126.72,75.6,3.36,3.78,Physical-only cells
FILLER_19_265,sg13g2_decap_8,130.08,75.6,3.36,3.78,Physical-only cells
FILLER_19_272,sg13g2_fill_2,133.44,75.6,0.96,3.78,Physical-only cells
FILLER_19_274,sg13g2_fill_1,134.4,75.6,0.48,3.78,Physical-only cells
FILLER_19_28,sg13g2_decap_8,16.32,75.6,3.36,3.78,Physical-only cells
FILLER_19_302,sg13g2_fill_2,147.84,75.6,0.96,3.78,Physical-only cells
FILLER_19_304,sg13g2_fill_1,148.8,75.6,0.48,3.78,Physical-only cells
FILLER_19_35,sg13g2_decap_8,19.68,75.6,3.36,3.78,Physical-only cells
FILLER_19_367,sg13g2_fill_2,179.04,75.6,0.96,3.78,Physical-only cells
FILLER_19_372,sg13g2_fill_1,181.44,75.6,0.48,3.78,Physical-only cells
FILLER_19_385,sg13g2_decap_8,187.68,75.6,3.36,3.78,Physical-only cells
FILLER_19_407,sg13g2_fill_2,198.24,75.6,0.96,3.78,Physical-only cells
FILLER_19_42,sg13g2_decap_8,23.04,75.6,3.36,3.78,Physical-only cells
FILLER_19_49,sg13g2_decap_4,26.4,75.6,1.92,3.78,Physical-only cells
FILLER_19_59,sg13g2_fill_2,31.2,75.6,0.96,3.78,Physical-only cells
FILLER_19_7,sg13g2_decap_8,6.24,75.6,3.36,3.78,Physical-only cells
FILLER_1_0,sg13g2_decap_8,2.88,7.56,3.36,3.78,Physical-only cells
FILLER_1_103,sg13g2_fill_1,52.32,7.56,0.48,3.78,Physical-only cells
FILLER_1_14,sg13g2_decap_8,9.6,7.56,3.36,3.78,Physical-only cells
FILLER_1_174,sg13g2_fill_2,86.4,7.56,0.96,3.78,Physical-only cells
FILLER_1_203,sg13g2_fill_2,100.32,7.56,0.96,3.78,Physical-only cells
FILLER_1_21,sg13g2_decap_8,12.96,7.56,3.36,3.78,Physical-only cells
FILLER_1_221,sg13g2_decap_8,108.96,7.56,3.36,3.78,Physical-only cells
FILLER_1_228,sg13g2_decap_4,112.32,7.56,1.92,3.78,Physical-only cells
FILLER_1_232,sg13g2_fill_2,114.24,7.56,0.96,3.78,Physical-only cells
FILLER_1_246,sg13g2_decap_8,120.96,7.56,3.36,3.78,Physical-only cells
FILLER_1_253,sg13g2_fill_1,124.32,7.56,0.48,3.78,Physical-only cells
FILLER_1_270,sg13g2_fill_2,132.48,7.56,0.96,3.78,Physical-only cells
FILLER_1_28,sg13g2_decap_8,16.32,7.56,3.36,3.78,Physical-only cells
FILLER_1_280,sg13g2_decap_8,137.28,7.56,3.36,3.78,Physical-only cells
FILLER_1_287,sg13g2_fill_2,140.64,7.56,0.96,3.78,Physical-only cells
FILLER_1_289,sg13g2_fill_1,141.6,7.56,0.48,3.78,Physical-only cells
FILLER_1_302,sg13g2_decap_4,147.84,7.56,1.92,3.78,Physical-only cells
FILLER_1_306,sg13g2_fill_1,149.76,7.56,0.48,3.78,Physical-only cells
FILLER_1_319,sg13g2_decap_4,156.0,7.56,1.92,3.78,Physical-only cells
FILLER_1_323,sg13g2_fill_2,157.92,7.56,0.96,3.78,Physical-only cells
FILLER_1_343,sg13g2_fill_1,167.52,7.56,0.48,3.78,Physical-only cells
FILLER_1_35,sg13g2_fill_1,19.68,7.56,0.48,3.78,Physical-only cells
FILLER_1_353,sg13g2_decap_8,172.32,7.56,3.36,3.78,Physical-only cells
FILLER_1_360,sg13g2_decap_8,175.68,7.56,3.36,3.78,Physical-only cells
FILLER_1_367,sg13g2_decap_8,179.04,7.56,3.36,3.78,Physical-only cells
FILLER_1_374,sg13g2_decap_8,182.4,7.56,3.36,3.78,Physical-only cells
FILLER_1_381,sg13g2_decap_8,185.76,7.56,3.36,3.78,Physical-only cells
FILLER_1_388,sg13g2_decap_8,189.12,7.56,3.36,3.78,Physical-only cells
FILLER_1_395,sg13g2_decap_8,192.48,7.56,3.36,3.78,Physical-only cells
FILLER_1_402,sg13g2_decap_8,195.84,7.56,3.36,3.78,Physical-only cells
FILLER_1_63,sg13g2_decap_8,33.12,7.56,3.36,3.78,Physical-only cells
FILLER_1_7,sg13g2_decap_8,6.24,7.56,3.36,3.78,Physical-only cells
FILLER_1_70,sg13g2_decap_4,36.48,7.56,1.92,3.78,Physical-only cells
FILLER_1_74,sg13g2_fill_2,38.4,7.56,0.96,3.78,Physical-only cells
FILLER_20_0,sg13g2_decap_8,2.88,79.38,3.36,3.78,Physical-only cells
FILLER_20_100,sg13g2_decap_4,50.88,79.38,1.92,3.78,Physical-only cells
FILLER_20_128,sg13g2_decap_8,64.32,79.38,3.36,3.78,Physical-only cells
FILLER_20_135,sg13g2_fill_2,67.68,79.38,0.96,3.78,Physical-only cells
FILLER_20_137,sg13g2_fill_1,68.64,79.38,0.48,3.78,Physical-only cells
FILLER_20_14,sg13g2_decap_8,9.6,79.38,3.36,3.78,Physical-only cells
FILLER_20_21,sg13g2_decap_8,12.96,79.38,3.36,3.78,Physical-only cells
FILLER_20_28,sg13g2_decap_8,16.32,79.38,3.36,3.78,Physical-only cells
FILLER_20_322,sg13g2_fill_2,157.44,79.38,0.96,3.78,Physical-only cells
FILLER_20_35,sg13g2_decap_8,19.68,79.38,3.36,3.78,Physical-only cells
FILLER_20_363,sg13g2_decap_8,177.12,79.38,3.36,3.78,Physical-only cells
FILLER_20_379,sg13g2_decap_4,184.8,79.38,1.92,3.78,Physical-only cells
FILLER_20_407,sg13g2_fill_2,198.24,79.38,0.96,3.78,Physical-only cells
FILLER_20_42,sg13g2_decap_4,23.04,79.38,1.92,3.78,Physical-only cells
FILLER_20_7,sg13g2_decap_8,6.24,79.38,3.36,3.78,Physical-only cells
FILLER_21_0,sg13g2_decap_8,2.88,83.16,3.36,3.78,Physical-only cells
FILLER_21_132,sg13g2_decap_8,66.24,83.16,3.36,3.78,Physical-only cells
FILLER_21_139,sg13g2_decap_8,69.6,83.16,3.36,3.78,Physical-only cells
FILLER_21_14,sg13g2_decap_8,9.6,83.16,3.36,3.78,Physical-only cells
FILLER_21_149,sg13g2_decap_4,74.4,83.16,1.92,3.78,Physical-only cells
FILLER_21_153,sg13g2_fill_1,76.32,83.16,0.48,3.78,Physical-only cells
FILLER_21_190,sg13g2_decap_8,94.08,83.16,3.36,3.78,Physical-only cells
FILLER_21_197,sg13g2_decap_4,97.44,83.16,1.92,3.78,Physical-only cells
FILLER_21_201,sg13g2_fill_1,99.36,83.16,0.48,3.78,Physical-only cells
FILLER_21_21,sg13g2_decap_4,12.96,83.16,1.92,3.78,Physical-only cells
FILLER_21_241,sg13g2_decap_4,118.56,83.16,1.92,3.78,Physical-only cells
FILLER_21_245,sg13g2_fill_2,120.48,83.16,0.96,3.78,Physical-only cells
FILLER_21_25,sg13g2_fill_1,14.88,83.16,0.48,3.78,Physical-only cells
FILLER_21_251,sg13g2_fill_2,123.36,83.16,0.96,3.78,Physical-only cells
FILLER_21_253,sg13g2_fill_1,124.32,83.16,0.48,3.78,Physical-only cells
FILLER_21_259,sg13g2_decap_8,127.2,83.16,3.36,3.78,Physical-only cells
FILLER_21_266,sg13g2_decap_4,130.56,83.16,1.92,3.78,Physical-only cells
FILLER_21_278,sg13g2_decap_4,136.32,83.16,1.92,3.78,Physical-only cells
FILLER_21_282,sg13g2_fill_2,138.24,83.16,0.96,3.78,Physical-only cells
FILLER_21_292,sg13g2_decap_8,143.04,83.16,3.36,3.78,Physical-only cells
FILLER_21_299,sg13g2_decap_4,146.4,83.16,1.92,3.78,Physical-only cells
FILLER_21_303,sg13g2_fill_2,148.32,83.16,0.96,3.78,Physical-only cells
FILLER_21_327,sg13g2_decap_8,159.84,83.16,3.36,3.78,Physical-only cells
FILLER_21_334,sg13g2_decap_8,163.2,83.16,3.36,3.78,Physical-only cells
FILLER_21_341,sg13g2_decap_8,166.56,83.16,3.36,3.78,Physical-only cells
FILLER_21_348,sg13g2_decap_8,169.92,83.16,3.36,3.78,Physical-only cells
FILLER_21_355,sg13g2_decap_4,173.28,83.16,1.92,3.78,Physical-only cells
FILLER_21_386,sg13g2_decap_8,188.16,83.16,3.36,3.78,Physical-only cells
FILLER_21_393,sg13g2_fill_2,191.52,83.16,0.96,3.78,Physical-only cells
FILLER_21_401,sg13g2_decap_8,195.36,83.16,3.36,3.78,Physical-only cells
FILLER_21_408,sg13g2_fill_1,198.72,83.16,0.48,3.78,Physical-only cells
FILLER_21_53,sg13g2_decap_8,28.32,83.16,3.36,3.78,Physical-only cells
FILLER_21_60,sg13g2_decap_8,31.68,83.16,3.36,3.78,Physical-only cells
FILLER_21_7,sg13g2_decap_8,6.24,83.16,3.36,3.78,Physical-only cells
FILLER_21_77,sg13g2_decap_8,39.84,83.16,3.36,3.78,Physical-only cells
FILLER_21_84,sg13g2_decap_8,43.2,83.16,3.36,3.78,Physical-only cells
FILLER_21_91,sg13g2_decap_4,46.56,83.16,1.92,3.78,Physical-only cells
FILLER_21_95,sg13g2_fill_1,48.48,83.16,0.48,3.78,Physical-only cells
FILLER_22_0,sg13g2_decap_8,2.88,86.94,3.36,3.78,Physical-only cells
FILLER_22_102,sg13g2_fill_2,51.84,86.94,0.96,3.78,Physical-only cells
FILLER_22_104,sg13g2_fill_1,52.8,86.94,0.48,3.78,Physical-only cells
FILLER_22_11,sg13g2_fill_1,8.16,86.94,0.48,3.78,Physical-only cells
FILLER_22_171,sg13g2_fill_2,84.96,86.94,0.96,3.78,Physical-only cells
FILLER_22_200,sg13g2_decap_4,98.88,86.94,1.92,3.78,Physical-only cells
FILLER_22_204,sg13g2_fill_2,100.8,86.94,0.96,3.78,Physical-only cells
FILLER_22_211,sg13g2_decap_8,104.16,86.94,3.36,3.78,Physical-only cells
FILLER_22_218,sg13g2_fill_1,107.52,86.94,0.48,3.78,Physical-only cells
FILLER_22_24,sg13g2_decap_8,14.4,86.94,3.36,3.78,Physical-only cells
FILLER_22_253,sg13g2_fill_1,124.32,86.94,0.48,3.78,Physical-only cells
FILLER_22_262,sg13g2_decap_8,128.64,86.94,3.36,3.78,Physical-only cells
FILLER_22_269,sg13g2_fill_1,132.0,86.94,0.48,3.78,Physical-only cells
FILLER_22_275,sg13g2_decap_8,134.88,86.94,3.36,3.78,Physical-only cells
FILLER_22_282,sg13g2_fill_2,138.24,86.94,0.96,3.78,Physical-only cells
FILLER_22_292,sg13g2_decap_8,143.04,86.94,3.36,3.78,Physical-only cells
FILLER_22_299,sg13g2_decap_8,146.4,86.94,3.36,3.78,Physical-only cells
FILLER_22_306,sg13g2_fill_2,149.76,86.94,0.96,3.78,Physical-only cells
FILLER_22_31,sg13g2_decap_8,17.76,86.94,3.36,3.78,Physical-only cells
FILLER_22_321,sg13g2_fill_2,156.96,86.94,0.96,3.78,Physical-only cells
FILLER_22_323,sg13g2_fill_1,157.92,86.94,0.48,3.78,Physical-only cells
FILLER_22_334,sg13g2_fill_1,163.2,86.94,0.48,3.78,Physical-only cells
FILLER_22_362,sg13g2_decap_8,176.64,86.94,3.36,3.78,Physical-only cells
FILLER_22_372,sg13g2_fill_1,181.44,86.94,0.48,3.78,Physical-only cells
FILLER_22_376,sg13g2_fill_2,183.36,86.94,0.96,3.78,Physical-only cells
FILLER_22_38,sg13g2_decap_4,21.12,86.94,1.92,3.78,Physical-only cells
FILLER_22_387,sg13g2_fill_1,188.64,86.94,0.48,3.78,Physical-only cells
FILLER_22_42,sg13g2_fill_2,23.04,86.94,0.96,3.78,Physical-only cells
FILLER_22_7,sg13g2_decap_4,6.24,86.94,1.92,3.78,Physical-only cells
FILLER_22_71,sg13g2_decap_4,36.96,86.94,1.92,3.78,Physical-only cells
FILLER_23_111,sg13g2_fill_1,56.16,90.72,0.48,3.78,Physical-only cells
FILLER_23_120,sg13g2_decap_8,60.48,90.72,3.36,3.78,Physical-only cells
FILLER_23_127,sg13g2_fill_2,63.84,90.72,0.96,3.78,Physical-only cells
FILLER_23_135,sg13g2_decap_4,67.68,90.72,1.92,3.78,Physical-only cells
FILLER_23_139,sg13g2_fill_1,69.6,90.72,0.48,3.78,Physical-only cells
FILLER_23_176,sg13g2_fill_1,87.36,90.72,0.48,3.78,Physical-only cells
FILLER_23_209,sg13g2_decap_8,103.2,90.72,3.36,3.78,Physical-only cells
FILLER_23_216,sg13g2_decap_8,106.56,90.72,3.36,3.78,Physical-only cells
FILLER_23_223,sg13g2_decap_4,109.92,90.72,1.92,3.78,Physical-only cells
FILLER_23_227,sg13g2_fill_1,111.84,90.72,0.48,3.78,Physical-only cells
FILLER_23_232,sg13g2_decap_8,114.24,90.72,3.36,3.78,Physical-only cells
FILLER_23_239,sg13g2_decap_4,117.6,90.72,1.92,3.78,Physical-only cells
FILLER_23_243,sg13g2_fill_1,119.52,90.72,0.48,3.78,Physical-only cells
FILLER_23_259,sg13g2_decap_4,127.2,90.72,1.92,3.78,Physical-only cells
FILLER_23_282,sg13g2_fill_1,138.24,90.72,0.48,3.78,Physical-only cells
FILLER_23_332,sg13g2_fill_1,162.24,90.72,0.48,3.78,Physical-only cells
FILLER_23_35,sg13g2_decap_8,19.68,90.72,3.36,3.78,Physical-only cells
FILLER_23_366,sg13g2_fill_1,178.56,90.72,0.48,3.78,Physical-only cells
FILLER_23_407,sg13g2_fill_2,198.24,90.72,0.96,3.78,Physical-only cells
FILLER_23_42,sg13g2_decap_8,23.04,90.72,3.36,3.78,Physical-only cells
FILLER_23_49,sg13g2_decap_8,26.4,90.72,3.36,3.78,Physical-only cells
FILLER_23_56,sg13g2_fill_2,29.76,90.72,0.96,3.78,Physical-only cells
FILLER_24_0,sg13g2_decap_8,2.88,94.5,3.36,3.78,Physical-only cells
FILLER_24_133,sg13g2_decap_4,66.72,94.5,1.92,3.78,Physical-only cells
FILLER_24_137,sg13g2_fill_1,68.64,94.5,0.48,3.78,Physical-only cells
FILLER_24_141,sg13g2_fill_2,70.56,94.5,0.96,3.78,Physical-only cells
FILLER_24_143,sg13g2_fill_1,71.52,94.5,0.48,3.78,Physical-only cells
FILLER_24_153,sg13g2_fill_1,76.32,94.5,0.48,3.78,Physical-only cells
FILLER_24_157,sg13g2_decap_4,78.24,94.5,1.92,3.78,Physical-only cells
FILLER_24_161,sg13g2_fill_2,80.16,94.5,0.96,3.78,Physical-only cells
FILLER_24_198,sg13g2_fill_2,97.92,94.5,0.96,3.78,Physical-only cells
FILLER_24_208,sg13g2_fill_2,102.72,94.5,0.96,3.78,Physical-only cells
FILLER_24_215,sg13g2_decap_8,106.08,94.5,3.36,3.78,Physical-only cells
FILLER_24_256,sg13g2_decap_8,125.76,94.5,3.36,3.78,Physical-only cells
FILLER_24_26,sg13g2_fill_1,15.36,94.5,0.48,3.78,Physical-only cells
FILLER_24_263,sg13g2_decap_4,129.12,94.5,1.92,3.78,Physical-only cells
FILLER_24_267,sg13g2_fill_2,131.04,94.5,0.96,3.78,Physical-only cells
FILLER_24_272,sg13g2_fill_2,133.44,94.5,0.96,3.78,Physical-only cells
FILLER_24_301,sg13g2_decap_4,147.36,94.5,1.92,3.78,Physical-only cells
FILLER_24_31,sg13g2_fill_2,17.76,94.5,0.96,3.78,Physical-only cells
FILLER_24_313,sg13g2_fill_2,153.12,94.5,0.96,3.78,Physical-only cells
FILLER_24_333,sg13g2_fill_2,162.72,94.5,0.96,3.78,Physical-only cells
FILLER_24_335,sg13g2_fill_1,163.68,94.5,0.48,3.78,Physical-only cells
FILLER_24_363,sg13g2_fill_1,177.12,94.5,0.48,3.78,Physical-only cells
FILLER_24_370,sg13g2_fill_2,180.48,94.5,0.96,3.78,Physical-only cells
FILLER_24_402,sg13g2_fill_1,195.84,94.5,0.48,3.78,Physical-only cells
FILLER_24_7,sg13g2_fill_2,6.24,94.5,0.96,3.78,Physical-only cells
FILLER_24_9,sg13g2_fill_1,7.2,94.5,0.48,3.78,Physical-only cells
FILLER_24_90,sg13g2_decap_4,46.08,94.5,1.92,3.78,Physical-only cells
FILLER_25_104,sg13g2_fill_2,52.8,98.28,0.96,3.78,Physical-only cells
FILLER_25_160,sg13g2_decap_4,79.68,98.28,1.92,3.78,Physical-only cells
FILLER_25_164,sg13g2_fill_1,81.6,98.28,0.48,3.78,Physical-only cells
FILLER_25_170,sg13g2_fill_1,84.48,98.28,0.48,3.78,Physical-only cells
FILLER_25_191,sg13g2_decap_8,94.56,98.28,3.36,3.78,Physical-only cells
FILLER_25_198,sg13g2_fill_2,97.92,98.28,0.96,3.78,Physical-only cells
FILLER_25_218,sg13g2_decap_8,107.52,98.28,3.36,3.78,Physical-only cells
FILLER_25_225,sg13g2_decap_8,110.88,98.28,3.36,3.78,Physical-only cells
FILLER_25_232,sg13g2_fill_2,114.24,98.28,0.96,3.78,Physical-only cells
FILLER_25_238,sg13g2_decap_4,117.12,98.28,1.92,3.78,Physical-only cells
FILLER_25_242,sg13g2_fill_2,119.04,98.28,0.96,3.78,Physical-only cells
FILLER_25_247,sg13g2_decap_8,121.44,98.28,3.36,3.78,Physical-only cells
FILLER_25_254,sg13g2_decap_4,124.8,98.28,1.92,3.78,Physical-only cells
FILLER_25_258,sg13g2_fill_1,126.72,98.28,0.48,3.78,Physical-only cells
FILLER_25_265,sg13g2_fill_2,130.08,98.28,0.96,3.78,Physical-only cells
FILLER_25_267,sg13g2_fill_1,131.04,98.28,0.48,3.78,Physical-only cells
FILLER_25_276,sg13g2_fill_2,135.36,98.28,0.96,3.78,Physical-only cells
FILLER_25_278,sg13g2_fill_1,136.32,98.28,0.48,3.78,Physical-only cells
FILLER_25_317,sg13g2_fill_2,155.04,98.28,0.96,3.78,Physical-only cells
FILLER_25_342,sg13g2_decap_8,167.04,98.28,3.36,3.78,Physical-only cells
FILLER_25_349,sg13g2_decap_8,170.4,98.28,3.36,3.78,Physical-only cells
FILLER_25_365,sg13g2_decap_4,178.08,98.28,1.92,3.78,Physical-only cells
FILLER_25_369,sg13g2_fill_2,180.0,98.28,0.96,3.78,Physical-only cells
FILLER_25_374,sg13g2_decap_4,182.4,98.28,1.92,3.78,Physical-only cells
FILLER_25_378,sg13g2_fill_1,184.32,98.28,0.48,3.78,Physical-only cells
FILLER_25_38,sg13g2_decap_8,21.12,98.28,3.36,3.78,Physical-only cells
FILLER_25_388,sg13g2_decap_8,189.12,98.28,3.36,3.78,Physical-only cells
FILLER_25_407,sg13g2_fill_2,198.24,98.28,0.96,3.78,Physical-only cells
FILLER_25_45,sg13g2_fill_2,24.48,98.28,0.96,3.78,Physical-only cells
FILLER_25_59,sg13g2_fill_2,31.2,98.28,0.96,3.78,Physical-only cells
FILLER_26_126,sg13g2_fill_1,63.36,102.06,0.48,3.78,Physical-only cells
FILLER_26_130,sg13g2_decap_8,65.28,102.06,3.36,3.78,Physical-only cells
FILLER_26_137,sg13g2_fill_1,68.64,102.06,0.48,3.78,Physical-only cells
FILLER_26_141,sg13g2_decap_8,70.56,102.06,3.36,3.78,Physical-only cells
FILLER_26_148,sg13g2_decap_4,73.92,102.06,1.92,3.78,Physical-only cells
FILLER_26_152,sg13g2_fill_1,75.84,102.06,0.48,3.78,Physical-only cells
FILLER_26_166,sg13g2_decap_4,82.56,102.06,1.92,3.78,Physical-only cells
FILLER_26_170,sg13g2_fill_2,84.48,102.06,0.96,3.78,Physical-only cells
FILLER_26_176,sg13g2_decap_4,87.36,102.06,1.92,3.78,Physical-only cells
FILLER_26_183,sg13g2_fill_2,90.72,102.06,0.96,3.78,Physical-only cells
FILLER_26_191,sg13g2_decap_8,94.56,102.06,3.36,3.78,Physical-only cells
FILLER_26_198,sg13g2_fill_2,97.92,102.06,0.96,3.78,Physical-only cells
FILLER_26_206,sg13g2_decap_8,101.76,102.06,3.36,3.78,Physical-only cells
FILLER_26_213,sg13g2_decap_8,105.12,102.06,3.36,3.78,Physical-only cells
FILLER_26_220,sg13g2_fill_1,108.48,102.06,0.48,3.78,Physical-only cells
FILLER_26_224,sg13g2_fill_2,110.4,102.06,0.96,3.78,Physical-only cells
FILLER_26_226,sg13g2_fill_1,111.36,102.06,0.48,3.78,Physical-only cells
FILLER_26_257,sg13g2_decap_8,126.24,102.06,3.36,3.78,Physical-only cells
FILLER_26_264,sg13g2_fill_1,129.6,102.06,0.48,3.78,Physical-only cells
FILLER_26_268,sg13g2_decap_4,131.52,102.06,1.92,3.78,Physical-only cells
FILLER_26_272,sg13g2_fill_1,133.44,102.06,0.48,3.78,Physical-only cells
FILLER_26_300,sg13g2_decap_4,146.88,102.06,1.92,3.78,Physical-only cells
FILLER_26_304,sg13g2_fill_2,148.8,102.06,0.96,3.78,Physical-only cells
FILLER_26_358,sg13g2_fill_2,174.72,102.06,0.96,3.78,Physical-only cells
FILLER_26_387,sg13g2_fill_2,188.64,102.06,0.96,3.78,Physical-only cells
FILLER_26_407,sg13g2_fill_2,198.24,102.06,0.96,3.78,Physical-only cells
FILLER_26_64,sg13g2_decap_4,33.6,102.06,1.92,3.78,Physical-only cells
FILLER_26_86,sg13g2_fill_1,44.16,102.06,0.48,3.78,Physical-only cells
FILLER_27_160,sg13g2_decap_4,79.68,105.84,1.92,3.78,Physical-only cells
FILLER_27_169,sg13g2_decap_8,84.0,105.84,3.36,3.78,Physical-only cells
FILLER_27_176,sg13g2_fill_1,87.36,105.84,0.48,3.78,Physical-only cells
FILLER_27_187,sg13g2_fill_1,92.64,105.84,0.48,3.78,Physical-only cells
FILLER_27_201,sg13g2_decap_4,99.36,105.84,1.92,3.78,Physical-only cells
FILLER_27_205,sg13g2_fill_2,101.28,105.84,0.96,3.78,Physical-only cells
FILLER_27_237,sg13g2_decap_8,116.64,105.84,3.36,3.78,Physical-only cells
FILLER_27_244,sg13g2_decap_4,120.0,105.84,1.92,3.78,Physical-only cells
FILLER_27_248,sg13g2_fill_2,121.92,105.84,0.96,3.78,Physical-only cells
FILLER_27_27,sg13g2_decap_8,15.84,105.84,3.36,3.78,Physical-only cells
FILLER_27_280,sg13g2_decap_4,137.28,105.84,1.92,3.78,Physical-only cells
FILLER_27_308,sg13g2_decap_4,150.72,105.84,1.92,3.78,Physical-only cells
FILLER_27_312,sg13g2_fill_1,152.64,105.84,0.48,3.78,Physical-only cells
FILLER_27_317,sg13g2_decap_4,155.04,105.84,1.92,3.78,Physical-only cells
FILLER_27_325,sg13g2_decap_8,158.88,105.84,3.36,3.78,Physical-only cells
FILLER_27_332,sg13g2_decap_4,162.24,105.84,1.92,3.78,Physical-only cells
FILLER_27_34,sg13g2_fill_1,19.2,105.84,0.48,3.78,Physical-only cells
FILLER_27_345,sg13g2_decap_8,168.48,105.84,3.36,3.78,Physical-only cells
FILLER_27_352,sg13g2_decap_4,171.84,105.84,1.92,3.78,Physical-only cells
FILLER_27_362,sg13g2_fill_2,176.64,105.84,0.96,3.78,Physical-only cells
FILLER_27_376,sg13g2_decap_4,183.36,105.84,1.92,3.78,Physical-only cells
FILLER_27_380,sg13g2_fill_2,185.28,105.84,0.96,3.78,Physical-only cells
FILLER_27_388,sg13g2_decap_4,189.12,105.84,1.92,3.78,Physical-only cells
FILLER_27_407,sg13g2_fill_2,198.24,105.84,0.96,3.78,Physical-only cells
FILLER_27_62,sg13g2_fill_1,32.64,105.84,0.48,3.78,Physical-only cells
FILLER_27_84,sg13g2_decap_4,43.2,105.84,1.92,3.78,Physical-only cells
FILLER_27_88,sg13g2_fill_1,45.12,105.84,0.48,3.78,Physical-only cells
FILLER_28_145,sg13g2_fill_2,72.48,109.62,0.96,3.78,Physical-only cells
FILLER_28_147,sg13g2_fill_1,73.44,109.62,0.48,3.78,Physical-only cells
FILLER_28_154,sg13g2_decap_8,76.8,109.62,3.36,3.78,Physical-only cells
FILLER_28_161,sg13g2_decap_8,80.16,109.62,3.36,3.78,Physical-only cells
FILLER_28_168,sg13g2_fill_2,83.52,109.62,0.96,3.78,Physical-only cells
FILLER_28_174,sg13g2_fill_1,86.4,109.62,0.48,3.78,Physical-only cells
FILLER_28_179,sg13g2_decap_8,88.8,109.62,3.36,3.78,Physical-only cells
FILLER_28_186,sg13g2_decap_8,92.16,109.62,3.36,3.78,Physical-only cells
FILLER_28_193,sg13g2_decap_4,95.52,109.62,1.92,3.78,Physical-only cells
FILLER_28_197,sg13g2_fill_2,97.44,109.62,0.96,3.78,Physical-only cells
FILLER_28_216,sg13g2_decap_8,106.56,109.62,3.36,3.78,Physical-only cells
FILLER_28_223,sg13g2_fill_1,109.92,109.62,0.48,3.78,Physical-only cells
FILLER_28_232,sg13g2_decap_8,114.24,109.62,3.36,3.78,Physical-only cells
FILLER_28_239,sg13g2_fill_2,117.6,109.62,0.96,3.78,Physical-only cells
FILLER_28_271,sg13g2_fill_2,132.96,109.62,0.96,3.78,Physical-only cells
FILLER_28_273,sg13g2_fill_1,133.92,109.62,0.48,3.78,Physical-only cells
FILLER_28_301,sg13g2_fill_2,147.36,109.62,0.96,3.78,Physical-only cells
FILLER_28_32,sg13g2_decap_4,18.24,109.62,1.92,3.78,Physical-only cells
FILLER_28_380,sg13g2_fill_2,185.28,109.62,0.96,3.78,Physical-only cells
FILLER_28_407,sg13g2_fill_2,198.24,109.62,0.96,3.78,Physical-only cells
FILLER_28_74,sg13g2_fill_1,38.4,109.62,0.48,3.78,Physical-only cells
FILLER_29_0,sg13g2_decap_8,2.88,113.4,3.36,3.78,Physical-only cells
FILLER_29_11,sg13g2_fill_2,8.16,113.4,0.96,3.78,Physical-only cells
FILLER_29_112,sg13g2_fill_1,56.64,113.4,0.48,3.78,Physical-only cells
FILLER_29_143,sg13g2_fill_2,71.52,113.4,0.96,3.78,Physical-only cells
FILLER_29_145,sg13g2_fill_1,72.48,113.4,0.48,3.78,Physical-only cells
FILLER_29_166,sg13g2_decap_8,82.56,113.4,3.36,3.78,Physical-only cells
FILLER_29_173,sg13g2_decap_8,85.92,113.4,3.36,3.78,Physical-only cells
FILLER_29_180,sg13g2_fill_1,89.28,113.4,0.48,3.78,Physical-only cells
FILLER_29_189,sg13g2_decap_8,93.6,113.4,3.36,3.78,Physical-only cells
FILLER_29_196,sg13g2_fill_2,96.96,113.4,0.96,3.78,Physical-only cells
FILLER_29_201,sg13g2_decap_8,99.36,113.4,3.36,3.78,Physical-only cells
FILLER_29_208,sg13g2_decap_8,102.72,113.4,3.36,3.78,Physical-only cells
FILLER_29_215,sg13g2_fill_1,106.08,113.4,0.48,3.78,Physical-only cells
FILLER_29_252,sg13g2_fill_2,123.84,113.4,0.96,3.78,Physical-only cells
FILLER_29_254,sg13g2_fill_1,124.8,113.4,0.48,3.78,Physical-only cells
FILLER_29_277,sg13g2_decap_8,135.84,113.4,3.36,3.78,Physical-only cells
FILLER_29_284,sg13g2_decap_8,139.2,113.4,3.36,3.78,Physical-only cells
FILLER_29_291,sg13g2_decap_4,142.56,113.4,1.92,3.78,Physical-only cells
FILLER_29_295,sg13g2_fill_1,144.48,113.4,0.48,3.78,Physical-only cells
FILLER_29_337,sg13g2_fill_1,164.64,113.4,0.48,3.78,Physical-only cells
FILLER_29_366,sg13g2_decap_4,178.56,113.4,1.92,3.78,Physical-only cells
FILLER_29_370,sg13g2_fill_2,180.48,113.4,0.96,3.78,Physical-only cells
FILLER_29_376,sg13g2_decap_8,183.36,113.4,3.36,3.78,Physical-only cells
FILLER_29_383,sg13g2_fill_1,186.72,113.4,0.48,3.78,Physical-only cells
FILLER_29_7,sg13g2_decap_4,6.24,113.4,1.92,3.78,Physical-only cells
FILLER_2_0,sg13g2_decap_8,2.88,11.34,3.36,3.78,Physical-only cells
FILLER_2_109,sg13g2_fill_2,55.2,11.34,0.96,3.78,Physical-only cells
FILLER_2_14,sg13g2_decap_8,9.6,11.34,3.36,3.78,Physical-only cells
FILLER_2_141,sg13g2_decap_4,70.56,11.34,1.92,3.78,Physical-only cells
FILLER_2_145,sg13g2_fill_1,72.48,11.34,0.48,3.78,Physical-only cells
FILLER_2_150,sg13g2_decap_8,74.88,11.34,3.36,3.78,Physical-only cells
FILLER_2_157,sg13g2_decap_4,78.24,11.34,1.92,3.78,Physical-only cells
FILLER_2_161,sg13g2_fill_1,80.16,11.34,0.48,3.78,Physical-only cells
FILLER_2_185,sg13g2_fill_2,91.68,11.34,0.96,3.78,Physical-only cells
FILLER_2_21,sg13g2_decap_8,12.96,11.34,3.36,3.78,Physical-only cells
FILLER_2_211,sg13g2_decap_8,104.16,11.34,3.36,3.78,Physical-only cells
FILLER_2_218,sg13g2_fill_2,107.52,11.34,0.96,3.78,Physical-only cells
FILLER_2_220,sg13g2_fill_1,108.48,11.34,0.48,3.78,Physical-only cells
FILLER_2_231,sg13g2_decap_8,113.76,11.34,3.36,3.78,Physical-only cells
FILLER_2_258,sg13g2_fill_2,126.72,11.34,0.96,3.78,Physical-only cells
FILLER_2_28,sg13g2_decap_8,16.32,11.34,3.36,3.78,Physical-only cells
FILLER_2_281,sg13g2_fill_2,137.76,11.34,0.96,3.78,Physical-only cells
FILLER_2_298,sg13g2_decap_4,145.92,11.34,1.92,3.78,Physical-only cells
FILLER_2_302,sg13g2_fill_1,147.84,11.34,0.48,3.78,Physical-only cells
FILLER_2_318,sg13g2_decap_4,155.52,11.34,1.92,3.78,Physical-only cells
FILLER_2_322,sg13g2_fill_1,157.44,11.34,0.48,3.78,Physical-only cells
FILLER_2_332,sg13g2_decap_8,162.24,11.34,3.36,3.78,Physical-only cells
FILLER_2_339,sg13g2_fill_1,165.6,11.34,0.48,3.78,Physical-only cells
FILLER_2_35,sg13g2_decap_8,19.68,11.34,3.36,3.78,Physical-only cells
FILLER_2_352,sg13g2_decap_8,171.84,11.34,3.36,3.78,Physical-only cells
FILLER_2_359,sg13g2_fill_2,175.2,11.34,0.96,3.78,Physical-only cells
FILLER_2_364,sg13g2_fill_1,177.6,11.34,0.48,3.78,Physical-only cells
FILLER_2_368,sg13g2_decap_8,179.52,11.34,3.36,3.78,Physical-only cells
FILLER_2_375,sg13g2_decap_8,182.88,11.34,3.36,3.78,Physical-only cells
FILLER_2_382,sg13g2_decap_8,186.24,11.34,3.36,3.78,Physical-only cells
FILLER_2_389,sg13g2_decap_8,189.6,11.34,3.36,3.78,Physical-only cells
FILLER_2_396,sg13g2_decap_8,192.96,11.34,3.36,3.78,Physical-only cells
FILLER_2_403,sg13g2_decap_4,196.32,11.34,1.92,3.78,Physical-only cells
FILLER_2_407,sg13g2_fill_2,198.24,11.34,0.96,3.78,Physical-only cells
FILLER_2_42,sg13g2_decap_8,23.04,11.34,3.36,3.78,Physical-only cells
FILLER_2_49,sg13g2_decap_8,26.4,11.34,3.36,3.78,Physical-only cells
FILLER_2_7,sg13g2_decap_8,6.24,11.34,3.36,3.78,Physical-only cells
FILLER_2_84,sg13g2_decap_4,43.2,11.34,1.92,3.78,Physical-only cells
FILLER_2_97,sg13g2_decap_8,49.44,11.34,3.36,3.78,Physical-only cells
FILLER_30_121,sg13g2_fill_2,60.96,117.18,0.96,3.78,Physical-only cells
FILLER_30_131,sg13g2_decap_8,65.76,117.18,3.36,3.78,Physical-only cells
FILLER_30_138,sg13g2_decap_4,69.12,117.18,1.92,3.78,Physical-only cells
FILLER_30_157,sg13g2_fill_2,78.24,117.18,0.96,3.78,Physical-only cells
FILLER_30_163,sg13g2_fill_1,81.12,117.18,0.48,3.78,Physical-only cells
FILLER_30_221,sg13g2_fill_1,108.96,117.18,0.48,3.78,Physical-only cells
FILLER_30_233,sg13g2_decap_8,114.72,117.18,3.36,3.78,Physical-only cells
FILLER_30_240,sg13g2_fill_2,118.08,117.18,0.96,3.78,Physical-only cells
FILLER_30_242,sg13g2_fill_1,119.04,117.18,0.48,3.78,Physical-only cells
FILLER_30_249,sg13g2_fill_1,122.4,117.18,0.48,3.78,Physical-only cells
FILLER_30_277,sg13g2_decap_4,135.84,117.18,1.92,3.78,Physical-only cells
FILLER_30_284,sg13g2_decap_8,139.2,117.18,3.36,3.78,Physical-only cells
FILLER_30_291,sg13g2_fill_1,142.56,117.18,0.48,3.78,Physical-only cells
FILLER_30_311,sg13g2_fill_2,152.16,117.18,0.96,3.78,Physical-only cells
FILLER_30_313,sg13g2_fill_1,153.12,117.18,0.48,3.78,Physical-only cells
FILLER_30_341,sg13g2_fill_2,166.56,117.18,0.96,3.78,Physical-only cells
FILLER_30_349,sg13g2_fill_1,170.4,117.18,0.48,3.78,Physical-only cells
FILLER_30_360,sg13g2_decap_4,175.68,117.18,1.92,3.78,Physical-only cells
FILLER_30_364,sg13g2_fill_2,177.6,117.18,0.96,3.78,Physical-only cells
FILLER_30_381,sg13g2_decap_4,185.76,117.18,1.92,3.78,Physical-only cells
FILLER_30_385,sg13g2_fill_1,187.68,117.18,0.48,3.78,Physical-only cells
FILLER_30_396,sg13g2_fill_2,192.96,117.18,0.96,3.78,Physical-only cells
FILLER_30_404,sg13g2_decap_4,196.8,117.18,1.92,3.78,Physical-only cells
FILLER_30_408,sg13g2_fill_1,198.72,117.18,0.48,3.78,Physical-only cells
FILLER_30_41,sg13g2_decap_8,22.56,117.18,3.36,3.78,Physical-only cells
FILLER_30_48,sg13g2_decap_8,25.92,117.18,3.36,3.78,Physical-only cells
FILLER_30_55,sg13g2_fill_2,29.28,117.18,0.96,3.78,Physical-only cells
FILLER_30_57,sg13g2_fill_1,30.24,117.18,0.48,3.78,Physical-only cells
FILLER_30_71,sg13g2_fill_2,36.96,117.18,0.96,3.78,Physical-only cells
FILLER_31_0,sg13g2_decap_8,2.88,120.96,3.36,3.78,Physical-only cells
FILLER_31_107,sg13g2_decap_4,54.24,120.96,1.92,3.78,Physical-only cells
FILLER_31_123,sg13g2_fill_2,61.92,120.96,0.96,3.78,Physical-only cells
FILLER_31_125,sg13g2_fill_1,62.88,120.96,0.48,3.78,Physical-only cells
FILLER_31_132,sg13g2_fill_2,66.24,120.96,0.96,3.78,Physical-only cells
FILLER_31_14,sg13g2_decap_4,9.6,120.96,1.92,3.78,Physical-only cells
FILLER_31_140,sg13g2_fill_2,70.08,120.96,0.96,3.78,Physical-only cells
FILLER_31_142,sg13g2_fill_1,71.04,120.96,0.48,3.78,Physical-only cells
FILLER_31_146,sg13g2_decap_8,72.96,120.96,3.36,3.78,Physical-only cells
FILLER_31_153,sg13g2_decap_8,76.32,120.96,3.36,3.78,Physical-only cells
FILLER_31_160,sg13g2_fill_2,79.68,120.96,0.96,3.78,Physical-only cells
FILLER_31_174,sg13g2_fill_2,86.4,120.96,0.96,3.78,Physical-only cells
FILLER_31_182,sg13g2_fill_1,90.24,120.96,0.48,3.78,Physical-only cells
FILLER_31_194,sg13g2_decap_4,96.0,120.96,1.92,3.78,Physical-only cells
FILLER_31_198,sg13g2_fill_1,97.92,120.96,0.48,3.78,Physical-only cells
FILLER_31_202,sg13g2_decap_8,99.84,120.96,3.36,3.78,Physical-only cells
FILLER_31_209,sg13g2_decap_8,103.2,120.96,3.36,3.78,Physical-only cells
FILLER_31_216,sg13g2_decap_8,106.56,120.96,3.36,3.78,Physical-only cells
FILLER_31_234,sg13g2_decap_8,115.2,120.96,3.36,3.78,Physical-only cells
FILLER_31_241,sg13g2_decap_4,118.56,120.96,1.92,3.78,Physical-only cells
FILLER_31_245,sg13g2_fill_1,120.48,120.96,0.48,3.78,Physical-only cells
FILLER_31_252,sg13g2_fill_2,123.84,120.96,0.96,3.78,Physical-only cells
FILLER_31_254,sg13g2_fill_1,124.8,120.96,0.48,3.78,Physical-only cells
FILLER_31_258,sg13g2_fill_2,126.72,120.96,0.96,3.78,Physical-only cells
FILLER_31_26,sg13g2_fill_2,15.36,120.96,0.96,3.78,Physical-only cells
FILLER_31_301,sg13g2_fill_2,147.36,120.96,0.96,3.78,Physical-only cells
FILLER_31_303,sg13g2_fill_1,148.32,120.96,0.48,3.78,Physical-only cells
FILLER_31_317,sg13g2_fill_1,155.04,120.96,0.48,3.78,Physical-only cells
FILLER_31_328,sg13g2_decap_8,160.32,120.96,3.36,3.78,Physical-only cells
FILLER_31_335,sg13g2_fill_1,163.68,120.96,0.48,3.78,Physical-only cells
FILLER_31_352,sg13g2_decap_4,171.84,120.96,1.92,3.78,Physical-only cells
FILLER_31_356,sg13g2_fill_2,173.76,120.96,0.96,3.78,Physical-only cells
FILLER_31_377,sg13g2_decap_8,183.84,120.96,3.36,3.78,Physical-only cells
FILLER_31_384,sg13g2_decap_4,187.2,120.96,1.92,3.78,Physical-only cells
FILLER_31_407,sg13g2_fill_2,198.24,120.96,0.96,3.78,Physical-only cells
FILLER_31_60,sg13g2_decap_8,31.68,120.96,3.36,3.78,Physical-only cells
FILLER_31_7,sg13g2_decap_8,6.24,120.96,3.36,3.78,Physical-only cells
FILLER_32_116,sg13g2_decap_8,58.56,124.74,3.36,3.78,Physical-only cells
FILLER_32_123,sg13g2_decap_4,61.92,124.74,1.92,3.78,Physical-only cells
FILLER_32_127,sg13g2_fill_2,63.84,124.74,0.96,3.78,Physical-only cells
FILLER_32_186,sg13g2_fill_2,92.16,124.74,0.96,3.78,Physical-only cells
FILLER_32_188,sg13g2_fill_1,93.12,124.74,0.48,3.78,Physical-only cells
FILLER_32_222,sg13g2_decap_8,109.44,124.74,3.36,3.78,Physical-only cells
FILLER_32_229,sg13g2_fill_2,112.8,124.74,0.96,3.78,Physical-only cells
FILLER_32_261,sg13g2_fill_1,128.16,124.74,0.48,3.78,Physical-only cells
FILLER_32_292,sg13g2_fill_1,143.04,124.74,0.48,3.78,Physical-only cells
FILLER_32_303,sg13g2_fill_1,148.32,124.74,0.48,3.78,Physical-only cells
FILLER_32_310,sg13g2_fill_1,151.68,124.74,0.48,3.78,Physical-only cells
FILLER_32_320,sg13g2_fill_2,156.48,124.74,0.96,3.78,Physical-only cells
FILLER_32_325,sg13g2_fill_2,158.88,124.74,0.96,3.78,Physical-only cells
FILLER_32_333,sg13g2_fill_1,162.72,124.74,0.48,3.78,Physical-only cells
FILLER_32_340,sg13g2_fill_1,166.08,124.74,0.48,3.78,Physical-only cells
FILLER_32_408,sg13g2_fill_1,198.72,124.74,0.48,3.78,Physical-only cells
FILLER_32_47,sg13g2_fill_1,25.44,124.74,0.48,3.78,Physical-only cells
FILLER_32_64,sg13g2_decap_8,33.6,124.74,3.36,3.78,Physical-only cells
FILLER_32_76,sg13g2_fill_2,39.36,124.74,0.96,3.78,Physical-only cells
FILLER_32_86,sg13g2_fill_2,44.16,124.74,0.96,3.78,Physical-only cells
FILLER_32_88,sg13g2_fill_1,45.12,124.74,0.48,3.78,Physical-only cells
FILLER_33_0,sg13g2_decap_8,2.88,128.52,3.36,3.78,Physical-only cells
FILLER_33_11,sg13g2_fill_1,8.16,128.52,0.48,3.78,Physical-only cells
FILLER_33_120,sg13g2_decap_4,60.48,128.52,1.92,3.78,Physical-only cells
FILLER_33_124,sg13g2_fill_1,62.4,128.52,0.48,3.78,Physical-only cells
FILLER_33_129,sg13g2_fill_1,64.8,128.52,0.48,3.78,Physical-only cells
FILLER_33_133,sg13g2_fill_2,66.72,128.52,0.96,3.78,Physical-only cells
FILLER_33_135,sg13g2_fill_1,67.68,128.52,0.48,3.78,Physical-only cells
FILLER_33_141,sg13g2_decap_4,70.56,128.52,1.92,3.78,Physical-only cells
FILLER_33_145,sg13g2_fill_2,72.48,128.52,0.96,3.78,Physical-only cells
FILLER_33_155,sg13g2_decap_8,77.28,128.52,3.36,3.78,Physical-only cells
FILLER_33_162,sg13g2_fill_2,80.64,128.52,0.96,3.78,Physical-only cells
FILLER_33_164,sg13g2_fill_1,81.6,128.52,0.48,3.78,Physical-only cells
FILLER_33_171,sg13g2_fill_1,84.96,128.52,0.48,3.78,Physical-only cells
FILLER_33_175,sg13g2_decap_4,86.88,128.52,1.92,3.78,Physical-only cells
FILLER_33_179,sg13g2_fill_1,88.8,128.52,0.48,3.78,Physical-only cells
FILLER_33_183,sg13g2_decap_8,90.72,128.52,3.36,3.78,Physical-only cells
FILLER_33_190,sg13g2_decap_8,94.08,128.52,3.36,3.78,Physical-only cells
FILLER_33_197,sg13g2_decap_8,97.44,128.52,3.36,3.78,Physical-only cells
FILLER_33_20,sg13g2_fill_2,12.48,128.52,0.96,3.78,Physical-only cells
FILLER_33_204,sg13g2_fill_1,100.8,128.52,0.48,3.78,Physical-only cells
FILLER_33_213,sg13g2_fill_2,105.12,128.52,0.96,3.78,Physical-only cells
FILLER_33_223,sg13g2_decap_4,109.92,128.52,1.92,3.78,Physical-only cells
FILLER_33_236,sg13g2_decap_8,116.16,128.52,3.36,3.78,Physical-only cells
FILLER_33_243,sg13g2_decap_8,119.52,128.52,3.36,3.78,Physical-only cells
FILLER_33_250,sg13g2_decap_8,122.88,128.52,3.36,3.78,Physical-only cells
FILLER_33_257,sg13g2_decap_4,126.24,128.52,1.92,3.78,Physical-only cells
FILLER_33_283,sg13g2_fill_1,138.72,128.52,0.48,3.78,Physical-only cells
FILLER_33_300,sg13g2_decap_8,146.88,128.52,3.36,3.78,Physical-only cells
FILLER_33_307,sg13g2_fill_2,150.24,128.52,0.96,3.78,Physical-only cells
FILLER_33_382,sg13g2_decap_4,186.24,128.52,1.92,3.78,Physical-only cells
FILLER_33_407,sg13g2_fill_2,198.24,128.52,0.96,3.78,Physical-only cells
FILLER_33_7,sg13g2_decap_4,6.24,128.52,1.92,3.78,Physical-only cells
FILLER_33_70,sg13g2_fill_1,36.48,128.52,0.48,3.78,Physical-only cells
FILLER_33_76,sg13g2_decap_8,39.36,128.52,3.36,3.78,Physical-only cells
FILLER_33_83,sg13g2_fill_2,42.72,128.52,0.96,3.78,Physical-only cells
FILLER_34_197,sg13g2_fill_2,97.44,132.3,0.96,3.78,Physical-only cells
FILLER_34_199,sg13g2_fill_1,98.4,132.3,0.48,3.78,Physical-only cells
FILLER_34_215,sg13g2_decap_8,106.08,132.3,3.36,3.78,Physical-only cells
FILLER_34_222,sg13g2_decap_4,109.44,132.3,1.92,3.78,Physical-only cells
FILLER_34_226,sg13g2_fill_2,111.36,132.3,0.96,3.78,Physical-only cells
FILLER_34_244,sg13g2_decap_8,120.0,132.3,3.36,3.78,Physical-only cells
FILLER_34_251,sg13g2_fill_2,123.36,132.3,0.96,3.78,Physical-only cells
FILLER_34_253,sg13g2_fill_1,124.32,132.3,0.48,3.78,Physical-only cells
FILLER_34_258,sg13g2_fill_2,126.72,132.3,0.96,3.78,Physical-only cells
FILLER_34_260,sg13g2_fill_1,127.68,132.3,0.48,3.78,Physical-only cells
FILLER_34_284,sg13g2_fill_2,139.2,132.3,0.96,3.78,Physical-only cells
FILLER_34_313,sg13g2_fill_2,153.12,132.3,0.96,3.78,Physical-only cells
FILLER_34_321,sg13g2_fill_1,156.96,132.3,0.48,3.78,Physical-only cells
FILLER_34_407,sg13g2_fill_2,198.24,132.3,0.96,3.78,Physical-only cells
FILLER_34_63,sg13g2_fill_2,33.12,132.3,0.96,3.78,Physical-only cells
FILLER_34_65,sg13g2_fill_1,34.08,132.3,0.48,3.78,Physical-only cells
FILLER_34_98,sg13g2_fill_1,49.92,132.3,0.48,3.78,Physical-only cells
FILLER_35_0,sg13g2_decap_8,2.88,136.08,3.36,3.78,Physical-only cells
FILLER_35_103,sg13g2_decap_8,52.32,136.08,3.36,3.78,Physical-only cells
FILLER_35_117,sg13g2_decap_4,59.04,136.08,1.92,3.78,Physical-only cells
FILLER_35_121,sg13g2_fill_1,60.96,136.08,0.48,3.78,Physical-only cells
FILLER_35_14,sg13g2_fill_1,9.6,136.08,0.48,3.78,Physical-only cells
FILLER_35_157,sg13g2_decap_8,78.24,136.08,3.36,3.78,Physical-only cells
FILLER_35_164,sg13g2_decap_8,81.6,136.08,3.36,3.78,Physical-only cells
FILLER_35_171,sg13g2_fill_1,84.96,136.08,0.48,3.78,Physical-only cells
FILLER_35_202,sg13g2_decap_8,99.84,136.08,3.36,3.78,Physical-only cells
FILLER_35_214,sg13g2_fill_2,105.6,136.08,0.96,3.78,Physical-only cells
FILLER_35_220,sg13g2_decap_8,108.48,136.08,3.36,3.78,Physical-only cells
FILLER_35_227,sg13g2_decap_4,111.84,136.08,1.92,3.78,Physical-only cells
FILLER_35_231,sg13g2_fill_1,113.76,136.08,0.48,3.78,Physical-only cells
FILLER_35_237,sg13g2_fill_2,116.64,136.08,0.96,3.78,Physical-only cells
FILLER_35_239,sg13g2_fill_1,117.6,136.08,0.48,3.78,Physical-only cells
FILLER_35_278,sg13g2_fill_2,136.32,136.08,0.96,3.78,Physical-only cells
FILLER_35_288,sg13g2_fill_2,141.12,136.08,0.96,3.78,Physical-only cells
FILLER_35_303,sg13g2_fill_2,148.32,136.08,0.96,3.78,Physical-only cells
FILLER_35_382,sg13g2_fill_2,186.24,136.08,0.96,3.78,Physical-only cells
FILLER_35_394,sg13g2_fill_2,192.0,136.08,0.96,3.78,Physical-only cells
FILLER_35_408,sg13g2_fill_1,198.72,136.08,0.48,3.78,Physical-only cells
FILLER_35_7,sg13g2_decap_8,6.24,136.08,3.36,3.78,Physical-only cells
FILLER_35_86,sg13g2_decap_4,44.16,136.08,1.92,3.78,Physical-only cells
FILLER_36_113,sg13g2_decap_4,57.12,139.86,1.92,3.78,Physical-only cells
FILLER_36_117,sg13g2_fill_2,59.04,139.86,0.96,3.78,Physical-only cells
FILLER_36_152,sg13g2_fill_2,75.84,139.86,0.96,3.78,Physical-only cells
FILLER_36_154,sg13g2_fill_1,76.8,139.86,0.48,3.78,Physical-only cells
FILLER_36_191,sg13g2_decap_8,94.56,139.86,3.36,3.78,Physical-only cells
FILLER_36_198,sg13g2_fill_2,97.92,139.86,0.96,3.78,Physical-only cells
FILLER_36_200,sg13g2_fill_1,98.88,139.86,0.48,3.78,Physical-only cells
FILLER_36_213,sg13g2_fill_2,105.12,139.86,0.96,3.78,Physical-only cells
FILLER_36_219,sg13g2_fill_1,108.0,139.86,0.48,3.78,Physical-only cells
FILLER_36_247,sg13g2_fill_2,121.44,139.86,0.96,3.78,Physical-only cells
FILLER_36_27,sg13g2_fill_1,15.84,139.86,0.48,3.78,Physical-only cells
FILLER_36_280,sg13g2_fill_1,137.28,139.86,0.48,3.78,Physical-only cells
FILLER_36_331,sg13g2_fill_1,161.76,139.86,0.48,3.78,Physical-only cells
FILLER_36_357,sg13g2_fill_2,174.24,139.86,0.96,3.78,Physical-only cells
FILLER_36_371,sg13g2_fill_1,180.96,139.86,0.48,3.78,Physical-only cells
FILLER_36_392,sg13g2_fill_2,191.04,139.86,0.96,3.78,Physical-only cells
FILLER_36_41,sg13g2_decap_8,22.56,139.86,3.36,3.78,Physical-only cells
FILLER_36_48,sg13g2_decap_8,25.92,139.86,3.36,3.78,Physical-only cells
FILLER_36_55,sg13g2_decap_8,29.28,139.86,3.36,3.78,Physical-only cells
FILLER_36_62,sg13g2_decap_4,32.64,139.86,1.92,3.78,Physical-only cells
FILLER_36_66,sg13g2_fill_1,34.56,139.86,0.48,3.78,Physical-only cells
FILLER_36_99,sg13g2_decap_8,50.4,139.86,3.36,3.78,Physical-only cells
FILLER_37_0,sg13g2_decap_8,2.88,143.64,3.36,3.78,Physical-only cells
FILLER_37_105,sg13g2_decap_4,53.28,143.64,1.92,3.78,Physical-only cells
FILLER_37_117,sg13g2_decap_8,59.04,143.64,3.36,3.78,Physical-only cells
FILLER_37_124,sg13g2_decap_8,62.4,143.64,3.36,3.78,Physical-only cells
FILLER_37_134,sg13g2_fill_1,67.2,143.64,0.48,3.78,Physical-only cells
FILLER_37_139,sg13g2_decap_8,69.6,143.64,3.36,3.78,Physical-only cells
FILLER_37_14,sg13g2_fill_2,9.6,143.64,0.96,3.78,Physical-only cells
FILLER_37_149,sg13g2_fill_1,74.4,143.64,0.48,3.78,Physical-only cells
FILLER_37_180,sg13g2_fill_2,89.28,143.64,0.96,3.78,Physical-only cells
FILLER_37_209,sg13g2_decap_8,103.2,143.64,3.36,3.78,Physical-only cells
FILLER_37_216,sg13g2_fill_2,106.56,143.64,0.96,3.78,Physical-only cells
FILLER_37_221,sg13g2_fill_1,108.96,143.64,0.48,3.78,Physical-only cells
FILLER_37_287,sg13g2_fill_1,140.64,143.64,0.48,3.78,Physical-only cells
FILLER_37_29,sg13g2_fill_1,16.8,143.64,0.48,3.78,Physical-only cells
FILLER_37_302,sg13g2_fill_1,147.84,143.64,0.48,3.78,Physical-only cells
FILLER_37_357,sg13g2_fill_1,174.24,143.64,0.48,3.78,Physical-only cells
FILLER_37_407,sg13g2_fill_2,198.24,143.64,0.96,3.78,Physical-only cells
FILLER_37_65,sg13g2_fill_2,34.08,143.64,0.96,3.78,Physical-only cells
FILLER_37_67,sg13g2_fill_1,35.04,143.64,0.48,3.78,Physical-only cells
FILLER_37_7,sg13g2_decap_8,6.24,143.64,3.36,3.78,Physical-only cells
FILLER_38_0,sg13g2_fill_2,2.88,147.42,0.96,3.78,Physical-only cells
FILLER_38_157,sg13g2_decap_4,78.24,147.42,1.92,3.78,Physical-only cells
FILLER_38_161,sg13g2_fill_1,80.16,147.42,0.48,3.78,Physical-only cells
FILLER_38_177,sg13g2_decap_4,87.84,147.42,1.92,3.78,Physical-only cells
FILLER_38_181,sg13g2_fill_1,89.76,147.42,0.48,3.78,Physical-only cells
FILLER_38_186,sg13g2_fill_2,92.16,147.42,0.96,3.78,Physical-only cells
FILLER_38_192,sg13g2_decap_8,95.04,147.42,3.36,3.78,Physical-only cells
FILLER_38_243,sg13g2_fill_2,119.52,147.42,0.96,3.78,Physical-only cells
FILLER_38_245,sg13g2_fill_1,120.48,147.42,0.48,3.78,Physical-only cells
FILLER_38_287,sg13g2_fill_1,140.64,147.42,0.48,3.78,Physical-only cells
FILLER_38_323,sg13g2_fill_2,157.92,147.42,0.96,3.78,Physical-only cells
FILLER_38_325,sg13g2_fill_1,158.88,147.42,0.48,3.78,Physical-only cells
FILLER_38_34,sg13g2_decap_8,19.2,147.42,3.36,3.78,Physical-only cells
FILLER_38_340,sg13g2_fill_2,166.08,147.42,0.96,3.78,Physical-only cells
FILLER_38_407,sg13g2_fill_2,198.24,147.42,0.96,3.78,Physical-only cells
FILLER_38_41,sg13g2_fill_2,22.56,147.42,0.96,3.78,Physical-only cells
FILLER_38_47,sg13g2_fill_1,25.44,147.42,0.48,3.78,Physical-only cells
FILLER_38_73,sg13g2_fill_1,37.92,147.42,0.48,3.78,Physical-only cells
FILLER_38_82,sg13g2_fill_2,42.24,147.42,0.96,3.78,Physical-only cells
FILLER_38_84,sg13g2_fill_1,43.2,147.42,0.48,3.78,Physical-only cells
FILLER_38_89,sg13g2_fill_2,45.6,147.42,0.96,3.78,Physical-only cells
FILLER_3_0,sg13g2_decap_8,2.88,15.12,3.36,3.78,Physical-only cells
FILLER_3_14,sg13g2_decap_8,9.6,15.12,3.36,3.78,Physical-only cells
FILLER_3_158,sg13g2_fill_2,78.72,15.12,0.96,3.78,Physical-only cells
FILLER_3_168,sg13g2_fill_2,83.52,15.12,0.96,3.78,Physical-only cells
FILLER_3_170,sg13g2_fill_1,84.48,15.12,0.48,3.78,Physical-only cells
FILLER_3_181,sg13g2_fill_2,89.76,15.12,0.96,3.78,Physical-only cells
FILLER_3_183,sg13g2_fill_1,90.72,15.12,0.48,3.78,Physical-only cells
FILLER_3_189,sg13g2_decap_8,93.6,15.12,3.36,3.78,Physical-only cells
FILLER_3_196,sg13g2_fill_1,96.96,15.12,0.48,3.78,Physical-only cells
FILLER_3_21,sg13g2_decap_8,12.96,15.12,3.36,3.78,Physical-only cells
FILLER_3_210,sg13g2_fill_2,103.68,15.12,0.96,3.78,Physical-only cells
FILLER_3_224,sg13g2_fill_2,110.4,15.12,0.96,3.78,Physical-only cells
FILLER_3_226,sg13g2_fill_1,111.36,15.12,0.48,3.78,Physical-only cells
FILLER_3_247,sg13g2_decap_8,121.44,15.12,3.36,3.78,Physical-only cells
FILLER_3_254,sg13g2_decap_8,124.8,15.12,3.36,3.78,Physical-only cells
FILLER_3_271,sg13g2_decap_8,132.96,15.12,3.36,3.78,Physical-only cells
FILLER_3_278,sg13g2_decap_4,136.32,15.12,1.92,3.78,Physical-only cells
FILLER_3_28,sg13g2_decap_8,16.32,15.12,3.36,3.78,Physical-only cells
FILLER_3_282,sg13g2_fill_1,138.24,15.12,0.48,3.78,Physical-only cells
FILLER_3_286,sg13g2_fill_1,140.16,15.12,0.48,3.78,Physical-only cells
FILLER_3_290,sg13g2_decap_8,142.08,15.12,3.36,3.78,Physical-only cells
FILLER_3_297,sg13g2_decap_4,145.44,15.12,1.92,3.78,Physical-only cells
FILLER_3_301,sg13g2_fill_1,147.36,15.12,0.48,3.78,Physical-only cells
FILLER_3_329,sg13g2_fill_2,160.8,15.12,0.96,3.78,Physical-only cells
FILLER_3_331,sg13g2_fill_1,161.76,15.12,0.48,3.78,Physical-only cells
FILLER_3_35,sg13g2_decap_8,19.68,15.12,3.36,3.78,Physical-only cells
FILLER_3_377,sg13g2_decap_8,183.84,15.12,3.36,3.78,Physical-only cells
FILLER_3_384,sg13g2_decap_8,187.2,15.12,3.36,3.78,Physical-only cells
FILLER_3_391,sg13g2_decap_8,190.56,15.12,3.36,3.78,Physical-only cells
FILLER_3_398,sg13g2_decap_8,193.92,15.12,3.36,3.78,Physical-only cells
FILLER_3_405,sg13g2_decap_4,197.28,15.12,1.92,3.78,Physical-only cells
FILLER_3_7,sg13g2_decap_8,6.24,15.12,3.36,3.78,Physical-only cells
FILLER_4_0,sg13g2_decap_8,2.88,18.9,3.36,3.78,Physical-only cells
FILLER_4_107,sg13g2_decap_8,54.24,18.9,3.36,3.78,Physical-only cells
FILLER_4_114,sg13g2_fill_1,57.6,18.9,0.48,3.78,Physical-only cells
FILLER_4_124,sg13g2_decap_4,62.4,18.9,1.92,3.78,Physical-only cells
FILLER_4_128,sg13g2_fill_1,64.32,18.9,0.48,3.78,Physical-only cells
FILLER_4_133,sg13g2_decap_8,66.72,18.9,3.36,3.78,Physical-only cells
FILLER_4_14,sg13g2_decap_8,9.6,18.9,3.36,3.78,Physical-only cells
FILLER_4_140,sg13g2_decap_8,70.08,18.9,3.36,3.78,Physical-only cells
FILLER_4_172,sg13g2_decap_4,85.44,18.9,1.92,3.78,Physical-only cells
FILLER_4_189,sg13g2_fill_2,93.6,18.9,0.96,3.78,Physical-only cells
FILLER_4_203,sg13g2_decap_8,100.32,18.9,3.36,3.78,Physical-only cells
FILLER_4_21,sg13g2_decap_8,12.96,18.9,3.36,3.78,Physical-only cells
FILLER_4_210,sg13g2_decap_4,103.68,18.9,1.92,3.78,Physical-only cells
FILLER_4_214,sg13g2_fill_2,105.6,18.9,0.96,3.78,Physical-only cells
FILLER_4_221,sg13g2_fill_2,108.96,18.9,0.96,3.78,Physical-only cells
FILLER_4_223,sg13g2_fill_1,109.92,18.9,0.48,3.78,Physical-only cells
FILLER_4_229,sg13g2_decap_4,112.8,18.9,1.92,3.78,Physical-only cells
FILLER_4_233,sg13g2_fill_1,114.72,18.9,0.48,3.78,Physical-only cells
FILLER_4_239,sg13g2_decap_8,117.6,18.9,3.36,3.78,Physical-only cells
FILLER_4_246,sg13g2_fill_2,120.96,18.9,0.96,3.78,Physical-only cells
FILLER_4_248,sg13g2_fill_1,121.92,18.9,0.48,3.78,Physical-only cells
FILLER_4_254,sg13g2_decap_8,124.8,18.9,3.36,3.78,Physical-only cells
FILLER_4_269,sg13g2_fill_1,132.0,18.9,0.48,3.78,Physical-only cells
FILLER_4_28,sg13g2_decap_4,16.32,18.9,1.92,3.78,Physical-only cells
FILLER_4_297,sg13g2_decap_4,145.44,18.9,1.92,3.78,Physical-only cells
FILLER_4_301,sg13g2_fill_1,147.36,18.9,0.48,3.78,Physical-only cells
FILLER_4_312,sg13g2_decap_8,152.64,18.9,3.36,3.78,Physical-only cells
FILLER_4_319,sg13g2_decap_8,156.0,18.9,3.36,3.78,Physical-only cells
FILLER_4_326,sg13g2_decap_4,159.36,18.9,1.92,3.78,Physical-only cells
FILLER_4_352,sg13g2_decap_8,171.84,18.9,3.36,3.78,Physical-only cells
FILLER_4_359,sg13g2_decap_4,175.2,18.9,1.92,3.78,Physical-only cells
FILLER_4_363,sg13g2_fill_2,177.12,18.9,0.96,3.78,Physical-only cells
FILLER_4_380,sg13g2_decap_8,185.28,18.9,3.36,3.78,Physical-only cells
FILLER_4_387,sg13g2_decap_8,188.64,18.9,3.36,3.78,Physical-only cells
FILLER_4_394,sg13g2_decap_8,192.0,18.9,3.36,3.78,Physical-only cells
FILLER_4_401,sg13g2_decap_8,195.36,18.9,3.36,3.78,Physical-only cells
FILLER_4_408,sg13g2_fill_1,198.72,18.9,0.48,3.78,Physical-only cells
FILLER_4_68,sg13g2_decap_8,35.52,18.9,3.36,3.78,Physical-only cells
FILLER_4_7,sg13g2_decap_8,6.24,18.9,3.36,3.78,Physical-only cells
FILLER_4_75,sg13g2_decap_8,38.88,18.9,3.36,3.78,Physical-only cells
FILLER_4_82,sg13g2_decap_4,42.24,18.9,1.92,3.78,Physical-only cells
FILLER_4_98,sg13g2_decap_4,49.92,18.9,1.92,3.78,Physical-only cells
FILLER_5_0,sg13g2_decap_8,2.88,22.68,3.36,3.78,Physical-only cells
FILLER_5_104,sg13g2_fill_2,52.8,22.68,0.96,3.78,Physical-only cells
FILLER_5_114,sg13g2_decap_8,57.6,22.68,3.36,3.78,Physical-only cells
FILLER_5_14,sg13g2_decap_8,9.6,22.68,3.36,3.78,Physical-only cells
FILLER_5_161,sg13g2_fill_1,80.16,22.68,0.48,3.78,Physical-only cells
FILLER_5_167,sg13g2_decap_4,83.04,22.68,1.92,3.78,Physical-only cells
FILLER_5_184,sg13g2_fill_2,91.2,22.68,0.96,3.78,Physical-only cells
FILLER_5_186,sg13g2_fill_1,92.16,22.68,0.48,3.78,Physical-only cells
FILLER_5_21,sg13g2_decap_4,12.96,22.68,1.92,3.78,Physical-only cells
FILLER_5_211,sg13g2_fill_2,104.16,22.68,0.96,3.78,Physical-only cells
FILLER_5_213,sg13g2_fill_1,105.12,22.68,0.48,3.78,Physical-only cells
FILLER_5_224,sg13g2_decap_8,110.4,22.68,3.36,3.78,Physical-only cells
FILLER_5_231,sg13g2_decap_4,113.76,22.68,1.92,3.78,Physical-only cells
FILLER_5_235,sg13g2_fill_1,115.68,22.68,0.48,3.78,Physical-only cells
FILLER_5_241,sg13g2_decap_4,118.56,22.68,1.92,3.78,Physical-only cells
FILLER_5_25,sg13g2_fill_2,14.88,22.68,0.96,3.78,Physical-only cells
FILLER_5_253,sg13g2_fill_1,124.32,22.68,0.48,3.78,Physical-only cells
FILLER_5_262,sg13g2_fill_1,128.64,22.68,0.48,3.78,Physical-only cells
FILLER_5_277,sg13g2_fill_2,135.84,22.68,0.96,3.78,Physical-only cells
FILLER_5_279,sg13g2_fill_1,136.8,22.68,0.48,3.78,Physical-only cells
FILLER_5_288,sg13g2_fill_1,141.12,22.68,0.48,3.78,Physical-only cells
FILLER_5_302,sg13g2_decap_4,147.84,22.68,1.92,3.78,Physical-only cells
FILLER_5_306,sg13g2_fill_1,149.76,22.68,0.48,3.78,Physical-only cells
FILLER_5_320,sg13g2_decap_8,156.48,22.68,3.36,3.78,Physical-only cells
FILLER_5_327,sg13g2_decap_8,159.84,22.68,3.36,3.78,Physical-only cells
FILLER_5_334,sg13g2_decap_4,163.2,22.68,1.92,3.78,Physical-only cells
FILLER_5_338,sg13g2_fill_1,165.12,22.68,0.48,3.78,Physical-only cells
FILLER_5_342,sg13g2_fill_1,167.04,22.68,0.48,3.78,Physical-only cells
FILLER_5_376,sg13g2_fill_2,183.36,22.68,0.96,3.78,Physical-only cells
FILLER_5_378,sg13g2_fill_1,184.32,22.68,0.48,3.78,Physical-only cells
FILLER_5_382,sg13g2_fill_1,186.24,22.68,0.48,3.78,Physical-only cells
FILLER_5_404,sg13g2_decap_4,196.8,22.68,1.92,3.78,Physical-only cells
FILLER_5_408,sg13g2_fill_1,198.72,22.68,0.48,3.78,Physical-only cells
FILLER_5_54,sg13g2_fill_1,28.8,22.68,0.48,3.78,Physical-only cells
FILLER_5_7,sg13g2_decap_8,6.24,22.68,3.36,3.78,Physical-only cells
FILLER_5_92,sg13g2_fill_2,47.04,22.68,0.96,3.78,Physical-only cells
FILLER_5_94,sg13g2_fill_1,48.0,22.68,0.48,3.78,Physical-only cells
FILLER_6_0,sg13g2_decap_8,2.88,26.46,3.36,3.78,Physical-only cells
FILLER_6_107,sg13g2_decap_8,54.24,26.46,3.36,3.78,Physical-only cells
FILLER_6_118,sg13g2_fill_2,59.52,26.46,0.96,3.78,Physical-only cells
FILLER_6_137,sg13g2_decap_4,68.64,26.46,1.92,3.78,Physical-only cells
FILLER_6_14,sg13g2_decap_8,9.6,26.46,3.36,3.78,Physical-only cells
FILLER_6_145,sg13g2_fill_1,72.48,26.46,0.48,3.78,Physical-only cells
FILLER_6_156,sg13g2_fill_2,77.76,26.46,0.96,3.78,Physical-only cells
FILLER_6_171,sg13g2_decap_4,84.96,26.46,1.92,3.78,Physical-only cells
FILLER_6_175,sg13g2_fill_1,86.88,26.46,0.48,3.78,Physical-only cells
FILLER_6_181,sg13g2_decap_8,89.76,26.46,3.36,3.78,Physical-only cells
FILLER_6_188,sg13g2_decap_4,93.12,26.46,1.92,3.78,Physical-only cells
FILLER_6_192,sg13g2_fill_1,95.04,26.46,0.48,3.78,Physical-only cells
FILLER_6_198,sg13g2_decap_8,97.92,26.46,3.36,3.78,Physical-only cells
FILLER_6_205,sg13g2_decap_8,101.28,26.46,3.36,3.78,Physical-only cells
FILLER_6_21,sg13g2_decap_8,12.96,26.46,3.36,3.78,Physical-only cells
FILLER_6_212,sg13g2_decap_8,104.64,26.46,3.36,3.78,Physical-only cells
FILLER_6_222,sg13g2_fill_1,109.44,26.46,0.48,3.78,Physical-only cells
FILLER_6_231,sg13g2_fill_1,113.76,26.46,0.48,3.78,Physical-only cells
FILLER_6_249,sg13g2_decap_4,122.4,26.46,1.92,3.78,Physical-only cells
FILLER_6_253,sg13g2_fill_2,124.32,26.46,0.96,3.78,Physical-only cells
FILLER_6_28,sg13g2_fill_2,16.32,26.46,0.96,3.78,Physical-only cells
FILLER_6_293,sg13g2_fill_1,143.52,26.46,0.48,3.78,Physical-only cells
FILLER_6_329,sg13g2_decap_8,160.8,26.46,3.36,3.78,Physical-only cells
FILLER_6_336,sg13g2_fill_1,164.16,26.46,0.48,3.78,Physical-only cells
FILLER_6_361,sg13g2_decap_8,176.16,26.46,3.36,3.78,Physical-only cells
FILLER_6_368,sg13g2_fill_2,179.52,26.46,0.96,3.78,Physical-only cells
FILLER_6_370,sg13g2_fill_1,180.48,26.46,0.48,3.78,Physical-only cells
FILLER_6_383,sg13g2_decap_8,186.72,26.46,3.36,3.78,Physical-only cells
FILLER_6_390,sg13g2_fill_1,190.08,26.46,0.48,3.78,Physical-only cells
FILLER_6_397,sg13g2_fill_1,193.44,26.46,0.48,3.78,Physical-only cells
FILLER_6_40,sg13g2_fill_1,22.08,26.46,0.48,3.78,Physical-only cells
FILLER_6_407,sg13g2_fill_2,198.24,26.46,0.96,3.78,Physical-only cells
FILLER_6_7,sg13g2_decap_8,6.24,26.46,3.36,3.78,Physical-only cells
FILLER_6_82,sg13g2_decap_8,42.24,26.46,3.36,3.78,Physical-only cells
FILLER_6_89,sg13g2_fill_1,45.6,26.46,0.48,3.78,Physical-only cells
FILLER_6_98,sg13g2_fill_1,49.92,26.46,0.48,3.78,Physical-only cells
FILLER_7_0,sg13g2_decap_8,2.88,30.24,3.36,3.78,Physical-only cells
FILLER_7_101,sg13g2_decap_8,51.36,30.24,3.36,3.78,Physical-only cells
FILLER_7_108,sg13g2_decap_8,54.72,30.24,3.36,3.78,Physical-only cells
FILLER_7_115,sg13g2_fill_2,58.08,30.24,0.96,3.78,Physical-only cells
FILLER_7_127,sg13g2_fill_1,63.84,30.24,0.48,3.78,Physical-only cells
FILLER_7_137,sg13g2_decap_8,68.64,30.24,3.36,3.78,Physical-only cells
FILLER_7_14,sg13g2_decap_8,9.6,30.24,3.36,3.78,Physical-only cells
FILLER_7_144,sg13g2_fill_1,72.0,30.24,0.48,3.78,Physical-only cells
FILLER_7_155,sg13g2_fill_1,77.28,30.24,0.48,3.78,Physical-only cells
FILLER_7_196,sg13g2_decap_8,96.96,30.24,3.36,3.78,Physical-only cells
FILLER_7_203,sg13g2_fill_2,100.32,30.24,0.96,3.78,Physical-only cells
FILLER_7_21,sg13g2_decap_8,12.96,30.24,3.36,3.78,Physical-only cells
FILLER_7_237,sg13g2_decap_8,116.64,30.24,3.36,3.78,Physical-only cells
FILLER_7_244,sg13g2_decap_8,120.0,30.24,3.36,3.78,Physical-only cells
FILLER_7_251,sg13g2_fill_1,123.36,30.24,0.48,3.78,Physical-only cells
FILLER_7_260,sg13g2_decap_8,127.68,30.24,3.36,3.78,Physical-only cells
FILLER_7_267,sg13g2_decap_4,131.04,30.24,1.92,3.78,Physical-only cells
FILLER_7_271,sg13g2_fill_1,132.96,30.24,0.48,3.78,Physical-only cells
FILLER_7_28,sg13g2_fill_2,16.32,30.24,0.96,3.78,Physical-only cells
FILLER_7_285,sg13g2_decap_4,139.68,30.24,1.92,3.78,Physical-only cells
FILLER_7_289,sg13g2_fill_2,141.6,30.24,0.96,3.78,Physical-only cells
FILLER_7_343,sg13g2_decap_4,167.52,30.24,1.92,3.78,Physical-only cells
FILLER_7_347,sg13g2_fill_1,169.44,30.24,0.48,3.78,Physical-only cells
FILLER_7_360,sg13g2_decap_4,175.68,30.24,1.92,3.78,Physical-only cells
FILLER_7_367,sg13g2_fill_1,179.04,30.24,0.48,3.78,Physical-only cells
FILLER_7_377,sg13g2_decap_4,183.84,30.24,1.92,3.78,Physical-only cells
FILLER_7_381,sg13g2_fill_1,185.76,30.24,0.48,3.78,Physical-only cells
FILLER_7_394,sg13g2_fill_1,192.0,30.24,0.48,3.78,Physical-only cells
FILLER_7_404,sg13g2_decap_4,196.8,30.24,1.92,3.78,Physical-only cells
FILLER_7_408,sg13g2_fill_1,198.72,30.24,0.48,3.78,Physical-only cells
FILLER_7_57,sg13g2_decap_4,30.24,30.24,1.92,3.78,Physical-only cells
FILLER_7_61,sg13g2_fill_1,32.16,30.24,0.48,3.78,Physical-only cells
FILLER_7_66,sg13g2_decap_8,34.56,30.24,3.36,3.78,Physical-only cells
FILLER_7_7,sg13g2_decap_8,6.24,30.24,3.36,3.78,Physical-only cells
FILLER_7_73,sg13g2_fill_2,37.92,30.24,0.96,3.78,Physical-only cells
FILLER_7_75,sg13g2_fill_1,38.88,30.24,0.48,3.78,Physical-only cells
FILLER_8_0,sg13g2_decap_8,2.88,34.02,3.36,3.78,Physical-only cells
FILLER_8_101,sg13g2_decap_4,51.36,34.02,1.92,3.78,Physical-only cells
FILLER_8_105,sg13g2_fill_1,53.28,34.02,0.48,3.78,Physical-only cells
FILLER_8_132,sg13g2_decap_8,66.24,34.02,3.36,3.78,Physical-only cells
FILLER_8_139,sg13g2_decap_8,69.6,34.02,3.36,3.78,Physical-only cells
FILLER_8_14,sg13g2_decap_8,9.6,34.02,3.36,3.78,Physical-only cells
FILLER_8_146,sg13g2_decap_8,72.96,34.02,3.36,3.78,Physical-only cells
FILLER_8_153,sg13g2_decap_8,76.32,34.02,3.36,3.78,Physical-only cells
FILLER_8_160,sg13g2_decap_8,79.68,34.02,3.36,3.78,Physical-only cells
FILLER_8_167,sg13g2_decap_8,83.04,34.02,3.36,3.78,Physical-only cells
FILLER_8_174,sg13g2_decap_4,86.4,34.02,1.92,3.78,Physical-only cells
FILLER_8_183,sg13g2_decap_8,90.72,34.02,3.36,3.78,Physical-only cells
FILLER_8_190,sg13g2_fill_2,94.08,34.02,0.96,3.78,Physical-only cells
FILLER_8_207,sg13g2_decap_4,102.24,34.02,1.92,3.78,Physical-only cells
FILLER_8_21,sg13g2_fill_1,12.96,34.02,0.48,3.78,Physical-only cells
FILLER_8_211,sg13g2_fill_2,104.16,34.02,0.96,3.78,Physical-only cells
FILLER_8_227,sg13g2_decap_4,111.84,34.02,1.92,3.78,Physical-only cells
FILLER_8_231,sg13g2_fill_2,113.76,34.02,0.96,3.78,Physical-only cells
FILLER_8_245,sg13g2_fill_2,120.48,34.02,0.96,3.78,Physical-only cells
FILLER_8_247,sg13g2_fill_1,121.44,34.02,0.48,3.78,Physical-only cells
FILLER_8_254,sg13g2_decap_4,124.8,34.02,1.92,3.78,Physical-only cells
FILLER_8_258,sg13g2_fill_2,126.72,34.02,0.96,3.78,Physical-only cells
FILLER_8_273,sg13g2_fill_2,133.92,34.02,0.96,3.78,Physical-only cells
FILLER_8_280,sg13g2_fill_1,137.28,34.02,0.48,3.78,Physical-only cells
FILLER_8_286,sg13g2_decap_8,140.16,34.02,3.36,3.78,Physical-only cells
FILLER_8_293,sg13g2_fill_2,143.52,34.02,0.96,3.78,Physical-only cells
FILLER_8_295,sg13g2_fill_1,144.48,34.02,0.48,3.78,Physical-only cells
FILLER_8_304,sg13g2_decap_4,148.8,34.02,1.92,3.78,Physical-only cells
FILLER_8_308,sg13g2_fill_1,150.72,34.02,0.48,3.78,Physical-only cells
FILLER_8_370,sg13g2_fill_2,180.48,34.02,0.96,3.78,Physical-only cells
FILLER_8_372,sg13g2_fill_1,181.44,34.02,0.48,3.78,Physical-only cells
FILLER_8_7,sg13g2_decap_8,6.24,34.02,3.36,3.78,Physical-only cells
FILLER_9_0,sg13g2_decap_8,2.88,37.8,3.36,3.78,Physical-only cells
FILLER_9_102,sg13g2_decap_8,51.84,37.8,3.36,3.78,Physical-only cells
FILLER_9_109,sg13g2_fill_2,55.2,37.8,0.96,3.78,Physical-only cells
FILLER_9_111,sg13g2_fill_1,56.16,37.8,0.48,3.78,Physical-only cells
FILLER_9_132,sg13g2_decap_4,66.24,37.8,1.92,3.78,Physical-only cells
FILLER_9_146,sg13g2_fill_1,72.96,37.8,0.48,3.78,Physical-only cells
FILLER_9_164,sg13g2_decap_4,81.6,37.8,1.92,3.78,Physical-only cells
FILLER_9_168,sg13g2_fill_2,83.52,37.8,0.96,3.78,Physical-only cells
FILLER_9_175,sg13g2_decap_4,86.88,37.8,1.92,3.78,Physical-only cells
FILLER_9_193,sg13g2_decap_8,95.52,37.8,3.36,3.78,Physical-only cells
FILLER_9_200,sg13g2_decap_8,98.88,37.8,3.36,3.78,Physical-only cells
FILLER_9_207,sg13g2_decap_8,102.24,37.8,3.36,3.78,Physical-only cells
FILLER_9_214,sg13g2_fill_2,105.6,37.8,0.96,3.78,Physical-only cells
FILLER_9_221,sg13g2_decap_8,108.96,37.8,3.36,3.78,Physical-only cells
FILLER_9_228,sg13g2_decap_4,112.32,37.8,1.92,3.78,Physical-only cells
FILLER_9_232,sg13g2_fill_1,114.24,37.8,0.48,3.78,Physical-only cells
FILLER_9_253,sg13g2_decap_8,124.32,37.8,3.36,3.78,Physical-only cells
FILLER_9_260,sg13g2_decap_8,127.68,37.8,3.36,3.78,Physical-only cells
FILLER_9_267,sg13g2_decap_4,131.04,37.8,1.92,3.78,Physical-only cells
FILLER_9_271,sg13g2_fill_1,132.96,37.8,0.48,3.78,Physical-only cells
FILLER_9_280,sg13g2_fill_2,137.28,37.8,0.96,3.78,Physical-only cells
FILLER_9_282,sg13g2_fill_1,138.24,37.8,0.48,3.78,Physical-only cells
FILLER_9_291,sg13g2_fill_1,142.56,37.8,0.48,3.78,Physical-only cells
FILLER_9_300,sg13g2_fill_2,146.88,37.8,0.96,3.78,Physical-only cells
FILLER_9_329,sg13g2_fill_1,160.8,37.8,0.48,3.78,Physical-only cells
FILLER_9_339,sg13g2_fill_2,165.6,37.8,0.96,3.78,Physical-only cells
FILLER_9_364,sg13g2_decap_4,177.6,37.8,1.92,3.78,Physical-only cells
FILLER_9_368,sg13g2_fill_2,179.52,37.8,0.96,3.78,Physical-only cells
FILLER_9_37,sg13g2_decap_4,20.64,37.8,1.92,3.78,Physical-only cells
FILLER_9_386,sg13g2_decap_4,188.16,37.8,1.92,3.78,Physical-only cells
FILLER_9_390,sg13g2_fill_2,190.08,37.8,0.96,3.78,Physical-only cells
FILLER_9_404,sg13g2_decap_4,196.8,37.8,1.92,3.78,Physical-only cells
FILLER_9_408,sg13g2_fill_1,198.72,37.8,0.48,3.78,Physical-only cells
FILLER_9_41,sg13g2_fill_1,22.56,37.8,0.48,3.78,Physical-only cells
FILLER_9_7,sg13g2_fill_2,6.24,37.8,0.96,3.78,Physical-only cells
FILLER_9_79,sg13g2_fill_2,40.8,37.8,0.96,3.78,Physical-only cells
FILLER_9_81,sg13g2_fill_1,41.76,37.8,0.48,3.78,Physical-only cells
FILLER_9_9,sg13g2_fill_1,7.2,37.8,0.48,3.78,Physical-only cells
FILLER_9_95,sg13g2_decap_8,48.48,37.8,3.36,3.78,Physical-only cells
_0613_,sg13g2_inv_1,61.92,15.12,1.44,3.78,Other logic (includes oracle)
_0614_,sg13g2_inv_1,144.96,34.02,1.44,3.78,Other logic (includes oracle)
_0615_,sg13g2_inv_1,67.68,71.82,1.44,3.78,Other logic (includes oracle)
_0616_,sg13g2_inv_1,132.0,94.5,1.44,3.78,Other logic (includes oracle)
_0617_,sg13g2_inv_1,57.6,136.08,1.44,3.78,Other logic (includes oracle)
_0618_,sg13g2_inv_1,118.08,136.08,1.44,3.78,Other logic (includes oracle)
_0619_,sg13g2_inv_1,134.4,143.64,1.44,3.78,Other logic (includes oracle)
_0620_,sg13g2_inv_1,74.88,143.64,1.44,3.78,Other logic (includes oracle)
_0621_,sg13g2_inv_1,80.16,139.86,1.44,3.78,Other logic (includes oracle)
_0622_,sg13g2_inv_1,74.4,139.86,1.44,3.78,Other logic (includes oracle)
_0623_,sg13g2_inv_1,65.76,143.64,1.44,3.78,Other logic (includes oracle)
_0624_,sg13g2_inv_1,63.84,102.06,1.44,3.78,Other logic (includes oracle)
_0625_,sg13g2_inv_1,65.28,128.52,1.44,3.78,Other logic (includes oracle)
_0626_,sg13g2_inv_1,57.6,102.06,1.44,3.78,Other logic (includes oracle)
_0627_,sg13g2_inv_1,57.12,113.4,1.44,3.78,Other logic (includes oracle)
_0628_,sg13g2_inv_1,70.08,90.72,1.44,3.78,Other logic (includes oracle)
_0629_,sg13g2_inv_1,69.12,94.5,1.44,3.78,Other logic (includes oracle)
_0630_,sg13g2_inv_1,72.96,83.16,1.44,3.78,Other logic (includes oracle)
_0631_,sg13g2_inv_1,79.68,83.16,1.44,3.78,Other logic (includes oracle)
_0632_,sg13g2_inv_1,81.12,94.5,1.44,3.78,Other logic (includes oracle)
_0633_,sg13g2_inv_1,78.24,83.16,1.44,3.78,Other logic (includes oracle)
_0634_,sg13g2_inv_1,64.8,124.74,1.44,3.78,Other logic (includes oracle)
_0635_,sg13g2_inv_1,87.36,120.96,1.44,3.78,Other logic (includes oracle)
_0636_,sg13g2_inv_1,81.6,132.3,1.44,3.78,Other logic (includes oracle)
_0637_,sg13g2_inv_1,84.96,120.96,1.44,3.78,Other logic (includes oracle)
_0638_,sg13g2_inv_1,81.6,117.18,1.44,3.78,Other logic (includes oracle)
_0639_,sg13g2_inv_1,85.44,128.52,1.44,3.78,Other logic (includes oracle)
_0640_,sg13g2_inv_1,106.56,113.4,1.44,3.78,Other logic (includes oracle)
_0641_,sg13g2_inv_1,97.92,113.4,1.44,3.78,Other logic (includes oracle)
_0642_,sg13g2_inv_1,132.96,120.96,1.44,3.78,Other logic (includes oracle)
_0643_,sg13g2_inv_1,122.4,120.96,1.44,3.78,Other logic (includes oracle)
_0644_,sg13g2_inv_1,113.76,124.74,1.44,3.78,Other logic (includes oracle)
_0645_,sg13g2_inv_1,127.68,120.96,1.44,3.78,Other logic (includes oracle)
_0646_,sg13g2_inv_1,122.88,105.84,1.44,3.78,Other logic (includes oracle)
_0647_,sg13g2_inv_1,118.56,109.62,1.44,3.78,Other logic (includes oracle)
_0648_,sg13g2_inv_1,102.24,105.84,1.44,3.78,Other logic (includes oracle)
_0649_,sg13g2_inv_1,111.84,102.06,1.44,3.78,Other logic (includes oracle)
_0650_,sg13g2_inv_1,163.2,113.4,1.44,3.78,Other logic (includes oracle)
_0651_,sg13g2_inv_1,55.68,105.84,1.44,3.78,Other logic (includes oracle)
_0652_,sg13g2_inv_1,50.4,94.5,1.44,3.78,Other logic (includes oracle)
_0653_,sg13g2_inv_1,7.68,94.5,1.44,3.78,Other logic (includes oracle)
_0654_,sg13g2_inv_1,19.68,98.28,1.44,3.78,Other logic (includes oracle)
_0655_,sg13g2_inv_1,8.64,128.52,1.44,3.78,Other logic (includes oracle)
_0656_,sg13g2_inv_1,107.52,143.64,1.44,3.78,Other logic (includes oracle)
_0657_,sg13g2_inv_1,35.04,128.52,1.44,3.78,Other logic (includes oracle)
_0658_,sg13g2_inv_1,30.72,136.08,1.44,3.78,Other logic (includes oracle)
_0659__78,sg13g2_inv_1,49.44,71.82,1.44,3.78,Other logic (includes oracle)
_0660_,sg13g2_nor2_1,136.32,60.48,1.92,3.78,Other logic (includes oracle)
_0661_,sg13g2_xnor2_1,143.04,60.48,3.84,3.78,Other logic (includes oracle)
_0662_,sg13g2_a21oi_1,138.24,56.7,2.4,3.78,Other logic (includes oracle)
_0663_,sg13g2_nor2_1,147.36,49.14,1.92,3.78,Other logic (includes oracle)
_0664_,sg13g2_xnor2_1,144.0,45.36,3.84,3.78,Other logic (includes oracle)
_0665_,sg13g2_a21oi_1,146.88,41.58,2.4,3.78,Other logic (includes oracle)
_0666_,sg13g2_nor2_1,144.96,41.58,1.92,3.78,Other logic (includes oracle)
_0667_,sg13g2_xnor2_1,143.04,37.8,3.84,3.78,Other logic (includes oracle)
_0668_,sg13g2_a21oi_1,146.4,34.02,2.4,3.78,Other logic (includes oracle)
_0669_,sg13g2_nor2_1,145.92,26.46,1.92,3.78,Other logic (includes oracle)
_0670_,sg13g2_xnor2_1,142.56,30.24,3.84,3.78,Other logic (includes oracle)
_0671_,sg13g2_a21oi_1,146.4,30.24,2.4,3.78,Other logic (includes oracle)
_0672_,sg13g2_nor2_1,144.0,26.46,1.92,3.78,Other logic (includes oracle)
_0673_,sg13g2_xnor2_1,141.6,22.68,3.84,3.78,Other logic (includes oracle)
_0674_,sg13g2_a21oi_1,145.44,22.68,2.4,3.78,Other logic (includes oracle)
_0675_,sg13g2_nor2_1,124.8,7.56,1.92,3.78,Other logic (includes oracle)
_0676_,sg13g2_xnor2_1,128.64,7.56,3.84,3.78,Other logic (includes oracle)
_0677_,sg13g2_a21oi_1,126.24,3.78,2.4,3.78,Other logic (includes oracle)
_0678_,sg13g2_nor2_1,116.64,7.56,1.92,3.78,Other logic (includes oracle)
_0679_,sg13g2_xnor2_1,105.12,7.56,3.84,3.78,Other logic (includes oracle)
_0680_,sg13g2_a21oi_1,106.56,3.78,2.4,3.78,Other logic (includes oracle)
_0681_,sg13g2_nor2_1,94.56,11.34,1.92,3.78,Other logic (includes oracle)
_0682_,sg13g2_xnor2_1,85.44,3.78,3.84,3.78,Other logic (includes oracle)
_0683_,sg13g2_a21oi_1,89.28,3.78,2.4,3.78,Other logic (includes oracle)
_0684_,sg13g2_nor2_1,129.12,22.68,1.92,3.78,Other logic (includes oracle)
_0685_,sg13g2_xnor2_1,128.16,18.9,3.84,3.78,Other logic (includes oracle)
_0686_,sg13g2_a21oi_1,130.56,15.12,2.4,3.78,Other logic (includes oracle)
_0687_,sg13g2_nor2_1,98.88,56.7,1.92,3.78,Other logic (includes oracle)
_0688_,sg13g2_xnor2_1,106.08,49.14,3.84,3.78,Other logic (includes oracle)
_0689_,sg13g2_a21oi_1,103.68,56.7,2.4,3.78,Other logic (includes oracle)
_0690_,sg13g2_nor2_1,113.28,56.7,1.92,3.78,Other logic (includes oracle)
_0691_,sg13g2_xnor2_1,110.4,49.14,3.84,3.78,Other logic (includes oracle)
_0692_,sg13g2_a21oi_1,111.36,52.92,2.4,3.78,Other logic (includes oracle)
_0693_,sg13g2_nor2_1,76.8,64.26,1.92,3.78,Other logic (includes oracle)
_0694_,sg13g2_xnor2_1,79.2,60.48,3.84,3.78,Other logic (includes oracle)
_0695_,sg13g2_a21oi_1,76.8,68.04,2.4,3.78,Other logic (includes oracle)
_0696_,sg13g2_nor2_1,63.36,64.26,1.92,3.78,Other logic (includes oracle)
_0697_,sg13g2_xnor2_1,69.12,64.26,3.84,3.78,Other logic (includes oracle)
_0698_,sg13g2_a21oi_1,74.4,68.04,2.4,3.78,Other logic (includes oracle)
_0699_,sg13g2_nor2_1,57.12,68.04,1.92,3.78,Other logic (includes oracle)
_0700_,sg13g2_xnor2_1,53.28,68.04,3.84,3.78,Other logic (includes oracle)
_0701_,sg13g2_a21oi_1,49.44,64.26,2.4,3.78,Other logic (includes oracle)
_0702_,sg13g2_nor2_1,35.52,56.7,1.92,3.78,Other logic (includes oracle)
_0703_,sg13g2_xnor2_1,31.68,56.7,3.84,3.78,Other logic (includes oracle)
_0704_,sg13g2_a21oi_1,29.76,64.26,2.4,3.78,Other logic (includes oracle)
_0705_,sg13g2_nor2_1,32.64,60.48,1.92,3.78,Other logic (includes oracle)
_0706_,sg13g2_xnor2_1,28.32,68.04,3.84,3.78,Other logic (includes oracle)
_0707_,sg13g2_a21oi_1,25.92,68.04,2.4,3.78,Other logic (includes oracle)
_0708_,sg13g2_nor2_1,44.16,68.04,1.92,3.78,Other logic (includes oracle)
_0709_,sg13g2_xnor2_1,35.04,60.48,3.84,3.78,Other logic (includes oracle)
_0710_,sg13g2_a21oi_1,39.36,64.26,2.4,3.78,Other logic (includes oracle)
_0711_,sg13g2_nor3_1,108.96,64.26,2.4,3.78,Other logic (includes oracle)
_0712_,sg13g2_inv_1,107.04,64.26,1.44,3.78,Other logic (includes oracle)
_0713_,sg13g2_nor2b_1,105.6,68.04,2.4,3.78,Other logic (includes oracle)
_0714_,sg13g2_nand3_1,103.2,68.04,2.4,3.78,Other logic (includes oracle)
_0715_,sg13g2_inv_1,29.76,75.6,1.44,3.78,Other logic (includes oracle)
_0716_,sg13g2_nor2b_1,68.16,37.8,2.4,3.78,Other logic (includes oracle)
_0717_,sg13g2_nor2b_1,70.56,37.8,2.4,3.78,Other logic (includes oracle)
_0718_,sg13g2_nand2_1,61.92,30.24,1.92,3.78,Other logic (includes oracle)
_0719_,sg13g2_nand2b_1,72.48,30.24,2.4,3.78,Other logic (includes oracle)
_0720_,sg13g2_nand2_1,53.76,34.02,1.92,3.78,Other logic (includes oracle)
_0721_,sg13g2_a22oi_1,59.04,30.24,2.88,3.78,Other logic (includes oracle)
_0722_,sg13g2_nor2_1,60.48,41.58,1.92,3.78,Other logic (includes oracle)
_0723_,sg13g2_or2_1,84.48,37.8,2.4,3.78,Other logic (includes oracle)
_0724_,sg13g2_nor3_1,56.64,37.8,2.4,3.78,Other logic (includes oracle)
_0725_,sg13g2_a221oi_1,59.04,37.8,3.84,3.78,Other logic (includes oracle)
_0726_,sg13g2_inv_1,85.92,41.58,1.44,3.78,Other logic (includes oracle)
_0727_,sg13g2_xnor2_1,58.08,15.12,3.84,3.78,Other logic (includes oracle)
_0728_,sg13g2_xor2_1,52.8,7.56,3.84,3.78,Other logic (includes oracle)
_0729_,sg13g2_xnor2_1,56.64,7.56,3.84,3.78,Other logic (includes oracle)
_0730_,sg13g2_o21ai_1,46.08,41.58,2.4,3.78,Other logic (includes oracle)
_0731_,sg13g2_nand3b_1,62.88,37.8,3.36,3.78,Other logic (includes oracle)
_0732_,sg13g2_nor2_1,66.72,30.24,1.92,3.78,Other logic (includes oracle)
_0733_,sg13g2_or2_1,64.32,30.24,2.4,3.78,Other logic (includes oracle)
_0734_,sg13g2_o21ai_1,43.2,34.02,2.4,3.78,Other logic (includes oracle)
_0735_,sg13g2_a21oi_1,55.68,34.02,2.4,3.78,Other logic (includes oracle)
_0736_,sg13g2_o21ai_1,48.48,41.58,2.4,3.78,Other logic (includes oracle)
_0737_,sg13g2_nor2_1,70.56,26.46,1.92,3.78,Other logic (includes oracle)
_0738_,sg13g2_nand2_1,46.08,26.46,1.92,3.78,Other logic (includes oracle)
_0739_,sg13g2_nand2_1,50.4,26.46,1.92,3.78,Other logic (includes oracle)
_0740_,sg13g2_nand2_1,46.08,18.9,1.92,3.78,Other logic (includes oracle)
_0741_,sg13g2_nand2_1,50.4,45.36,1.92,3.78,Other logic (includes oracle)
_0742_,sg13g2_nand2_1,50.88,22.68,1.92,3.78,Other logic (includes oracle)
_0743_,sg13g2_nand2_1,53.76,22.68,1.92,3.78,Other logic (includes oracle)
_0744_,sg13g2_nand2_1,48.0,26.46,1.92,3.78,Other logic (includes oracle)
_0745_,sg13g2_nand2_1,57.6,26.46,1.92,3.78,Other logic (includes oracle)
_0746_,sg13g2_a21oi_1,72.96,26.46,2.4,3.78,Other logic (includes oracle)
_0747_,sg13g2_a221oi_1,64.8,26.46,3.84,3.78,Other logic (includes oracle)
_0748_,sg13g2_inv_1,61.92,64.26,1.44,3.78,Other logic (includes oracle)
_0749_,sg13g2_nand2_1,49.44,30.24,1.92,3.78,Other logic (includes oracle)
_0750_,sg13g2_nand2_1,62.4,41.58,1.92,3.78,Other logic (includes oracle)
_0751_,sg13g2_o21ai_1,73.44,37.8,2.4,3.78,Other logic (includes oracle)
_0752_,sg13g2_nand2_1,44.16,37.8,1.92,3.78,Other logic (includes oracle)
_0753_,sg13g2_nand2_1,58.08,41.58,1.92,3.78,Other logic (includes oracle)
_0754_,sg13g2_nand2b_1,75.84,37.8,2.4,3.78,Other logic (includes oracle)
_0755_,sg13g2_and2_1,78.72,41.58,2.4,3.78,Other logic (includes oracle)
_0756_,sg13g2_inv_1,96.48,45.36,1.44,3.78,Other logic (includes oracle)
_0757_,sg13g2_o21ai_1,64.32,41.58,2.4,3.78,Other logic (includes oracle)
_0758_,sg13g2_o21ai_1,88.8,37.8,2.4,3.78,Other logic (includes oracle)
_0759_,sg13g2_nand2_1,62.88,26.46,1.92,3.78,Other logic (includes oracle)
_0760_,sg13g2_nand2_1,80.64,26.46,1.92,3.78,Other logic (includes oracle)
_0761_,sg13g2_o21ai_1,48.48,22.68,2.4,3.78,Other logic (includes oracle)
_0762_,sg13g2_o21ai_1,77.76,22.68,2.4,3.78,Other logic (includes oracle)
_0763_,sg13g2_nand2_1,52.32,26.46,1.92,3.78,Other logic (includes oracle)
_0764_,sg13g2_o21ai_1,51.84,18.9,2.4,3.78,Other logic (includes oracle)
_0765_,sg13g2_nand2_1,55.68,22.68,1.92,3.78,Other logic (includes oracle)
_0766_,sg13g2_nand2_1,58.08,18.9,1.92,3.78,Other logic (includes oracle)
_0767_,sg13g2_o21ai_1,60.0,18.9,2.4,3.78,Other logic (includes oracle)
_0768_,sg13g2_and2_1,75.36,26.46,2.4,3.78,Other logic (includes oracle)
_0769_,sg13g2_inv_1,108.0,26.46,1.44,3.78,Other logic (includes oracle)
_0770_,sg13g2_o21ai_1,87.36,26.46,2.4,3.78,Other logic (includes oracle)
_0771_,sg13g2_nand2_1,95.04,34.02,1.92,3.78,Other logic (includes oracle)
_0772_,sg13g2_nand3b_1,78.24,37.8,3.36,3.78,Other logic (includes oracle)
_0773_,sg13g2_nand2_1,60.0,45.36,1.92,3.78,Other logic (includes oracle)
_0774_,sg13g2_o21ai_1,88.32,34.02,2.4,3.78,Other logic (includes oracle)
_0775_,sg13g2_o21ai_1,66.72,41.58,2.4,3.78,Other logic (includes oracle)
_0776_,sg13g2_o21ai_1,74.88,30.24,2.4,3.78,Other logic (includes oracle)
_0777_,sg13g2_nand3_1,77.76,30.24,2.4,3.78,Other logic (includes oracle)
_0778_,sg13g2_nand2_1,108.96,75.6,1.92,3.78,Other logic (includes oracle)
_0779_,sg13g2_inv_1,134.88,83.16,1.44,3.78,Other logic (includes oracle)
_0780_,sg13g2_nand2_1,124.8,49.14,1.92,3.78,Other logic (includes oracle)
_0781_,sg13g2_nor2_1,127.68,49.14,1.92,3.78,Other logic (includes oracle)
_0782_,sg13g2_nand2_1,123.36,41.58,1.92,3.78,Other logic (includes oracle)
_0783_,sg13g2_nor2_1,58.56,49.14,1.92,3.78,Other logic (includes oracle)
_0784_,sg13g2_and2_1,47.52,49.14,2.4,3.78,Other logic (includes oracle)
_0785_,sg13g2_nand2_1,39.36,56.7,1.92,3.78,Other logic (includes oracle)
_0786_,sg13g2_nand2_1,42.24,37.8,1.92,3.78,Other logic (includes oracle)
_0787_,sg13g2_xor2_1,45.6,30.24,3.84,3.78,Other logic (includes oracle)
_0788_,sg13g2_nand3_1,46.08,37.8,2.4,3.78,Other logic (includes oracle)
_0789_,sg13g2_or3_1,45.6,34.02,3.36,3.78,Other logic (includes oracle)
_0790_,sg13g2_nand3_1,48.96,34.02,2.4,3.78,Other logic (includes oracle)
_0791_,sg13g2_o21ai_1,50.88,41.58,2.4,3.78,Other logic (includes oracle)
_0792_,sg13g2_nand2_1,37.44,45.36,1.92,3.78,Other logic (includes oracle)
_0793_,sg13g2_a22oi_1,39.36,45.36,2.88,3.78,Other logic (includes oracle)
_0794_,sg13g2_nor2_1,35.52,49.14,1.92,3.78,Other logic (includes oracle)
_0795_,sg13g2_xor2_1,33.6,52.92,3.84,3.78,Other logic (includes oracle)
_0796_,sg13g2_o21ai_1,39.84,49.14,2.4,3.78,Other logic (includes oracle)
_0797_,sg13g2_xor2_1,49.92,49.14,3.84,3.78,Other logic (includes oracle)
_0798_,sg13g2_a21oi_1,53.76,49.14,2.4,3.78,Other logic (includes oracle)
_0799_,sg13g2_a221oi_1,53.76,52.92,3.84,3.78,Other logic (includes oracle)
_0800_,sg13g2_nor2b_1,93.12,41.58,2.4,3.78,Other logic (includes oracle)
_0801_,sg13g2_inv_1,95.04,52.92,1.44,3.78,Other logic (includes oracle)
_0802_,sg13g2_xnor2_1,88.32,45.36,3.84,3.78,Other logic (includes oracle)
_0803_,sg13g2_nand2_1,97.92,41.58,1.92,3.78,Other logic (includes oracle)
_0804_,sg13g2_xnor2_1,89.28,41.58,3.84,3.78,Other logic (includes oracle)
_0805_,sg13g2_nand2_1,89.28,52.92,1.92,3.78,Other logic (includes oracle)
_0806_,sg13g2_nand2b_1,66.72,49.14,2.4,3.78,Other logic (includes oracle)
_0807_,sg13g2_xor2_1,65.28,52.92,3.84,3.78,Other logic (includes oracle)
_0808_,sg13g2_nor2_1,72.0,45.36,1.92,3.78,Other logic (includes oracle)
_0809_,sg13g2_nand2_1,74.88,41.58,1.92,3.78,Other logic (includes oracle)
_0810_,sg13g2_nor2b_1,75.84,49.14,2.4,3.78,Other logic (includes oracle)
_0811_,sg13g2_nand2b_1,79.2,52.92,2.4,3.78,Other logic (includes oracle)
_0812_,sg13g2_nor4_1,84.96,49.14,2.88,3.78,Other logic (includes oracle)
_0813_,sg13g2_a21oi_1,73.44,49.14,2.4,3.78,Other logic (includes oracle)
_0814_,sg13g2_nand3_1,92.16,45.36,2.4,3.78,Other logic (includes oracle)
_0815_,sg13g2_o21ai_1,93.12,37.8,2.4,3.78,Other logic (includes oracle)
_0816_,sg13g2_nand3_1,95.52,41.58,2.4,3.78,Other logic (includes oracle)
_0817_,sg13g2_or2_1,94.08,22.68,2.4,3.78,Other logic (includes oracle)
_0818_,sg13g2_and2_1,97.44,15.12,2.4,3.78,Other logic (includes oracle)
_0819_,sg13g2_xnor2_1,99.84,15.12,3.84,3.78,Other logic (includes oracle)
_0820_,sg13g2_xor2_1,111.84,15.12,3.84,3.78,Other logic (includes oracle)
_0821_,sg13g2_nand2b_1,108.96,11.34,2.4,3.78,Other logic (includes oracle)
_0822_,sg13g2_and2_1,84.96,22.68,2.4,3.78,Other logic (includes oracle)
_0823_,sg13g2_xnor2_1,87.36,22.68,3.84,3.78,Other logic (includes oracle)
_0824_,sg13g2_inv_1,92.64,22.68,1.44,3.78,Other logic (includes oracle)
_0825_,sg13g2_and2_1,86.88,11.34,2.4,3.78,Other logic (includes oracle)
_0826_,sg13g2_or2_1,87.36,15.12,2.4,3.78,Other logic (includes oracle)
_0827_,sg13g2_nand2b_1,91.2,15.12,2.4,3.78,Other logic (includes oracle)
_0828_,sg13g2_nor2_1,98.4,18.9,1.92,3.78,Other logic (includes oracle)
_0829_,sg13g2_nor2b_1,106.56,18.9,2.4,3.78,Other logic (includes oracle)
_0830_,sg13g2_o21ai_1,105.6,22.68,2.4,3.78,Other logic (includes oracle)
_0831_,sg13g2_a21oi_1,91.2,18.9,2.4,3.78,Other logic (includes oracle)
_0832_,sg13g2_o21ai_1,111.36,11.34,2.4,3.78,Other logic (includes oracle)
_0833_,sg13g2_o21ai_1,110.4,18.9,2.4,3.78,Other logic (includes oracle)
_0834_,sg13g2_a21oi_1,115.2,18.9,2.4,3.78,Other logic (includes oracle)
_0835_,sg13g2_nand2_1,107.04,30.24,1.92,3.78,Other logic (includes oracle)
_0836_,sg13g2_xor2_1,109.92,26.46,3.84,3.78,Other logic (includes oracle)
_0837_,sg13g2_nand2_1,105.12,34.02,1.92,3.78,Other logic (includes oracle)
_0838_,sg13g2_nor2b_1,96.96,34.02,2.4,3.78,Other logic (includes oracle)
_0839_,sg13g2_a21oi_1,109.44,34.02,2.4,3.78,Other logic (includes oracle)
_0840_,sg13g2_nor2b_1,112.8,30.24,2.4,3.78,Other logic (includes oracle)
_0841_,sg13g2_inv_1,115.2,30.24,1.44,3.78,Other logic (includes oracle)
_0842_,sg13g2_a21oi_1,117.6,26.46,2.4,3.78,Other logic (includes oracle)
_0843_,sg13g2_a21oi_1,107.04,34.02,2.4,3.78,Other logic (includes oracle)
_0844_,sg13g2_xor2_1,114.72,37.8,3.84,3.78,Other logic (includes oracle)
_0845_,sg13g2_o21ai_1,114.72,34.02,2.4,3.78,Other logic (includes oracle)
_0846_,sg13g2_and3_1,125.28,45.36,3.36,3.78,Other logic (includes oracle)
_0847_,sg13g2_o21ai_1,126.72,52.92,2.4,3.78,Other logic (includes oracle)
_0848_,sg13g2_or3_1,132.96,52.92,3.36,3.78,Other logic (includes oracle)
_0849_,sg13g2_xnor2_1,134.88,45.36,3.84,3.78,Other logic (includes oracle)
_0850_,sg13g2_xnor2_1,138.72,45.36,3.84,3.78,Other logic (includes oracle)
_0851_,sg13g2_and3_1,121.92,45.36,3.36,3.78,Other logic (includes oracle)
_0852_,sg13g2_or3_1,117.12,34.02,3.36,3.78,Other logic (includes oracle)
_0853_,sg13g2_a21oi_1,118.56,37.8,2.4,3.78,Other logic (includes oracle)
_0854_,sg13g2_and3_1,120.96,37.8,3.36,3.78,Other logic (includes oracle)
_0855_,sg13g2_nor3_1,82.56,49.14,2.4,3.78,Other logic (includes oracle)
_0856_,sg13g2_o21ai_1,88.32,49.14,2.4,3.78,Other logic (includes oracle)
_0857_,sg13g2_xor2_1,91.68,56.7,3.84,3.78,Other logic (includes oracle)
_0858_,sg13g2_a21oi_1,92.64,52.92,2.4,3.78,Other logic (includes oracle)
_0859_,sg13g2_and3_1,95.52,56.7,3.36,3.78,Other logic (includes oracle)
_0860_,sg13g2_or3_1,69.12,52.92,3.36,3.78,Other logic (includes oracle)
_0861_,sg13g2_o21ai_1,62.88,52.92,2.4,3.78,Other logic (includes oracle)
_0862_,sg13g2_nand3_1,70.08,56.7,2.4,3.78,Other logic (includes oracle)
_0863_,sg13g2_xnor2_1,53.76,56.7,3.84,3.78,Other logic (includes oracle)
_0864_,sg13g2_xnor2_1,50.4,60.48,3.84,3.78,Other logic (includes oracle)
_0865_,sg13g2_xnor2_1,46.56,60.48,3.84,3.78,Other logic (includes oracle)
_0866_,sg13g2_xnor2_1,41.76,52.92,3.84,3.78,Other logic (includes oracle)
_0867_,sg13g2_and2_1,41.76,64.26,2.4,3.78,Other logic (includes oracle)
_0868_,sg13g2_xnor2_1,37.44,52.92,3.84,3.78,Other logic (includes oracle)
_0869_,sg13g2_xnor2_1,38.88,60.48,3.84,3.78,Other logic (includes oracle)
_0870_,sg13g2_xor2_1,42.24,45.36,3.84,3.78,Other logic (includes oracle)
_0871_,sg13g2_xnor2_1,42.72,60.48,3.84,3.78,Other logic (includes oracle)
_0872_,sg13g2_o21ai_1,41.28,56.7,2.4,3.78,Other logic (includes oracle)
_0873_,sg13g2_nor4_1,43.68,56.7,2.88,3.78,Other logic (includes oracle)
_0874_,sg13g2_nand2_1,72.48,52.92,1.92,3.78,Other logic (includes oracle)
_0875_,sg13g2_xnor2_1,77.28,56.7,3.84,3.78,Other logic (includes oracle)
_0876_,sg13g2_a21o_1,66.72,56.7,3.36,3.78,Other logic (includes oracle)
_0877_,sg13g2_xnor2_1,81.12,56.7,3.84,3.78,Other logic (includes oracle)
_0878_,sg13g2_nand3_1,64.32,56.7,2.4,3.78,Other logic (includes oracle)
_0879_,sg13g2_xnor2_1,100.32,22.68,3.84,3.78,Other logic (includes oracle)
_0880_,sg13g2_xnor2_1,120.48,22.68,3.84,3.78,Other logic (includes oracle)
_0881_,sg13g2_o21ai_1,108.0,22.68,2.4,3.78,Other logic (includes oracle)
_0882_,sg13g2_a21oi_1,104.64,15.12,2.4,3.78,Other logic (includes oracle)
_0883_,sg13g2_and3_1,107.04,15.12,3.36,3.78,Other logic (includes oracle)
_0884_,sg13g2_o21ai_1,118.56,7.56,2.4,3.78,Other logic (includes oracle)
_0885_,sg13g2_a21oi_1,95.52,26.46,2.4,3.78,Other logic (includes oracle)
_0886_,sg13g2_xor2_1,94.56,18.9,3.84,3.78,Other logic (includes oracle)
_0887_,sg13g2_xnor2_1,96.48,22.68,3.84,3.78,Other logic (includes oracle)
_0888_,sg13g2_or3_1,90.72,49.14,3.36,3.78,Other logic (includes oracle)
_0889_,sg13g2_and2_1,95.04,49.14,2.4,3.78,Other logic (includes oracle)
_0890_,sg13g2_xnor2_1,117.12,49.14,3.84,3.78,Other logic (includes oracle)
_0891_,sg13g2_a21o_1,114.24,26.46,3.36,3.78,Other logic (includes oracle)
_0892_,sg13g2_nand3_1,116.16,22.68,2.4,3.78,Other logic (includes oracle)
_0893_,sg13g2_and2_1,120.0,26.46,2.4,3.78,Other logic (includes oracle)
_0894_,sg13g2_xor2_1,123.84,30.24,3.84,3.78,Other logic (includes oracle)
_0895_,sg13g2_xnor2_1,117.12,11.34,3.84,3.78,Other logic (includes oracle)
_0896_,sg13g2_a21oi_1,128.64,45.36,2.4,3.78,Other logic (includes oracle)
_0897_,sg13g2_xor2_1,108.96,30.24,3.84,3.78,Other logic (includes oracle)
_0898_,sg13g2_nand3_1,104.64,30.24,2.4,3.78,Other logic (includes oracle)
_0899_,sg13g2_a21o_1,101.28,30.24,3.36,3.78,Other logic (includes oracle)
_0900_,sg13g2_or3_1,120.96,11.34,3.36,3.78,Other logic (includes oracle)
_0901_,sg13g2_or3_1,118.08,15.12,3.36,3.78,Other logic (includes oracle)
_0902_,sg13g2_nand3_1,120.96,41.58,2.4,3.78,Other logic (includes oracle)
_0903_,sg13g2_nor4_1,125.28,41.58,2.88,3.78,Other logic (includes oracle)
_0904_,sg13g2_o21ai_1,115.68,15.12,2.4,3.78,Other logic (includes oracle)
_0905_,sg13g2_nand3_1,124.32,11.34,2.4,3.78,Other logic (includes oracle)
_0906_,sg13g2_nor4_1,88.8,56.7,2.88,3.78,Other logic (includes oracle)
_0907_,sg13g2_nand4_1,99.36,34.02,2.88,3.78,Other logic (includes oracle)
_0908_,sg13g2_nor4_1,121.92,34.02,2.88,3.78,Other logic (includes oracle)
_0909_,sg13g2_and4_1,129.12,52.92,3.84,3.78,Other logic (includes oracle)
_0910_,sg13g2_nand4_1,129.6,49.14,2.88,3.78,Other logic (includes oracle)
_0911_,sg13g2_nor2_1,112.32,90.72,1.92,3.78,Other logic (includes oracle)
_0912_,sg13g2_nor2_1,55.68,136.08,1.92,3.78,Other logic (includes oracle)
_0913_,sg13g2_and3_1,53.76,139.86,3.36,3.78,Other logic (includes oracle)
_0914_,sg13g2_nand4_1,77.28,139.86,2.88,3.78,Other logic (includes oracle)
_0915_,sg13g2_nor3_1,82.08,98.28,2.4,3.78,Other logic (includes oracle)
_0916_,sg13g2_nor4_1,73.44,94.5,2.88,3.78,Other logic (includes oracle)
_0917_,sg13g2_nor4_1,76.8,105.84,2.88,3.78,Other logic (includes oracle)
_0918_,sg13g2_nand3_1,76.32,102.06,2.4,3.78,Other logic (includes oracle)
_0919_,sg13g2_nor4_1,78.72,132.3,2.88,3.78,Other logic (includes oracle)
_0920_,sg13g2_nand4_1,82.08,128.52,2.88,3.78,Other logic (includes oracle)
_0921_,sg13g2_nor3_1,111.84,109.62,2.4,3.78,Other logic (includes oracle)
_0922_,sg13g2_nor4_1,119.52,117.18,2.88,3.78,Other logic (includes oracle)
_0923_,sg13g2_nor4_1,109.44,117.18,2.88,3.78,Other logic (includes oracle)
_0924_,sg13g2_nand3_1,112.32,117.18,2.4,3.78,Other logic (includes oracle)
_0925_,sg13g2_nor4_1,82.08,120.96,2.88,3.78,Other logic (includes oracle)
_0926_,sg13g2_nand2_1,106.08,139.86,1.92,3.78,Other logic (includes oracle)
_0927_,sg13g2_nand2b_1,114.24,136.08,2.4,3.78,Other logic (includes oracle)
_0928_,sg13g2_nand2_1,106.56,136.08,1.92,3.78,Other logic (includes oracle)
_0929_,sg13g2_nand2_1,103.2,139.86,1.92,3.78,Other logic (includes oracle)
_0930_,sg13g2_nand3_1,100.32,147.42,2.4,3.78,Other logic (includes oracle)
_0931_,sg13g2_xnor2_1,99.36,139.86,3.84,3.78,Other logic (includes oracle)
_0932_,sg13g2_nand2b_1,101.28,132.3,2.4,3.78,Other logic (includes oracle)
_0933_,sg13g2_nor2_1,101.28,128.52,1.92,3.78,Other logic (includes oracle)
_0934_,sg13g2_xnor2_1,102.72,147.42,3.84,3.78,Other logic (includes oracle)
_0935_,sg13g2_nor3_1,100.32,60.48,2.4,3.78,Other logic (includes oracle)
_0936_,sg13g2_nand2b_1,112.32,132.3,2.4,3.78,Other logic (includes oracle)
_0937_,sg13g2_nor2_1,111.84,128.52,1.92,3.78,Other logic (includes oracle)
_0938_,sg13g2_nand2_1,62.88,128.52,1.92,3.78,Other logic (includes oracle)
_0939_,sg13g2_nor2_1,108.0,128.52,1.92,3.78,Other logic (includes oracle)
_0940_,sg13g2_nor3_1,103.68,132.3,2.4,3.78,Other logic (includes oracle)
_0941_,sg13g2_nor3_1,103.2,136.08,2.4,3.78,Other logic (includes oracle)
_0942_,sg13g2_nor2_1,106.08,128.52,1.92,3.78,Other logic (includes oracle)
_0943_,sg13g2_nor2_1,103.2,128.52,1.92,3.78,Other logic (includes oracle)
_0944_,sg13g2_nor4_1,114.72,132.3,2.88,3.78,Other logic (includes oracle)
_0945_,sg13g2_nor3_1,98.88,132.3,2.4,3.78,Other logic (includes oracle)
_0946_,sg13g2_nor3_1,113.76,128.52,2.4,3.78,Other logic (includes oracle)
_0947_,sg13g2_nor3_1,117.6,132.3,2.4,3.78,Other logic (includes oracle)
_0948_,sg13g2_a22oi_1,67.2,120.96,2.88,3.78,Other logic (includes oracle)
_0949_,sg13g2_a22oi_1,129.12,113.4,2.88,3.78,Other logic (includes oracle)
_0950_,sg13g2_a22oi_1,128.16,128.52,2.88,3.78,Other logic (includes oracle)
_0951_,sg13g2_a22oi_1,57.12,105.84,2.88,3.78,Other logic (includes oracle)
_0952_,sg13g2_nand3_1,126.72,113.4,2.4,3.78,Other logic (includes oracle)
_0953_,sg13g2_a221oi_1,89.76,113.4,3.84,3.78,Other logic (includes oracle)
_0954_,sg13g2_nand3_1,68.16,128.52,2.4,3.78,Other logic (includes oracle)
_0955_,sg13g2_nand2_1,129.6,132.3,1.92,3.78,Other logic (includes oracle)
_0956_,sg13g2_a22oi_1,63.36,120.96,2.88,3.78,Other logic (includes oracle)
_0957_,sg13g2_a22oi_1,144.0,128.52,2.88,3.78,Other logic (includes oracle)
_0958_,sg13g2_a22oi_1,60.48,102.06,2.88,3.78,Other logic (includes oracle)
_0959_,sg13g2_a22oi_1,56.16,120.96,2.88,3.78,Other logic (includes oracle)
_0960_,sg13g2_nand3_1,61.92,117.18,2.4,3.78,Other logic (includes oracle)
_0961_,sg13g2_a221oi_1,129.12,120.96,3.84,3.78,Other logic (includes oracle)
_0962_,sg13g2_nand3_1,131.52,132.3,2.4,3.78,Other logic (includes oracle)
_0963_,sg13g2_a22oi_1,59.04,120.96,2.88,3.78,Other logic (includes oracle)
_0964_,sg13g2_nand2_1,84.48,109.62,1.92,3.78,Other logic (includes oracle)
_0965_,sg13g2_a22oi_1,139.2,105.84,2.88,3.78,Other logic (includes oracle)
_0966_,sg13g2_a22oi_1,93.6,124.74,2.88,3.78,Other logic (includes oracle)
_0967_,sg13g2_a22oi_1,93.12,120.96,2.88,3.78,Other logic (includes oracle)
_0968_,sg13g2_nand3_1,90.72,120.96,2.4,3.78,Other logic (includes oracle)
_0969_,sg13g2_a221oi_1,78.72,102.06,3.84,3.78,Other logic (includes oracle)
_0970_,sg13g2_nand3_1,81.6,105.84,2.4,3.78,Other logic (includes oracle)
_0971_,sg13g2_nand2_1,76.32,136.08,1.92,3.78,Other logic (includes oracle)
_0972_,sg13g2_a22oi_1,91.68,98.28,2.88,3.78,Other logic (includes oracle)
_0973_,sg13g2_a22oi_1,64.8,90.72,2.88,3.78,Other logic (includes oracle)
_0974_,sg13g2_a22oi_1,149.28,117.18,2.88,3.78,Other logic (includes oracle)
_0975_,sg13g2_a22oi_1,112.32,120.96,2.88,3.78,Other logic (includes oracle)
_0976_,sg13g2_nand3_1,109.92,120.96,2.4,3.78,Other logic (includes oracle)
_0977_,sg13g2_a221oi_1,73.44,128.52,3.84,3.78,Other logic (includes oracle)
_0978_,sg13g2_nand3_1,76.32,132.3,2.4,3.78,Other logic (includes oracle)
_0979_,sg13g2_nand2_1,76.32,117.18,1.92,3.78,Other logic (includes oracle)
_0980_,sg13g2_a22oi_1,71.04,117.18,2.88,3.78,Other logic (includes oracle)
_0981_,sg13g2_a22oi_1,104.64,98.28,2.88,3.78,Other logic (includes oracle)
_0982_,sg13g2_a22oi_1,127.2,98.28,2.88,3.78,Other logic (includes oracle)
_0983_,sg13g2_a22oi_1,101.76,98.28,2.88,3.78,Other logic (includes oracle)
_0984_,sg13g2_nand3_1,103.68,94.5,2.4,3.78,Other logic (includes oracle)
_0985_,sg13g2_a221oi_1,98.88,94.5,3.84,3.78,Other logic (includes oracle)
_0986_,sg13g2_nand3_1,73.92,117.18,2.4,3.78,Other logic (includes oracle)
_0987_,sg13g2_nand2_1,79.2,117.18,1.92,3.78,Other logic (includes oracle)
_0988_,sg13g2_a22oi_1,79.68,113.4,2.88,3.78,Other logic (includes oracle)
_0989_,sg13g2_a22oi_1,120.96,113.4,2.88,3.78,Other logic (includes oracle)
_0990_,sg13g2_a22oi_1,91.68,102.06,2.88,3.78,Other logic (includes oracle)
_0991_,sg13g2_a22oi_1,89.76,105.84,2.88,3.78,Other logic (includes oracle)
_0992_,sg13g2_nand2_1,87.84,105.84,1.92,3.78,Other logic (includes oracle)
_0993_,sg13g2_a221oi_1,72.96,113.4,3.84,3.78,Other logic (includes oracle)
_0994_,sg13g2_nand4_1,76.8,113.4,2.88,3.78,Other logic (includes oracle)
_0995_,sg13g2_nand2_1,85.44,102.06,1.92,3.78,Other logic (includes oracle)
_0996_,sg13g2_a22oi_1,73.92,109.62,2.88,3.78,Other logic (includes oracle)
_0997_,sg13g2_a22oi_1,84.48,90.72,2.88,3.78,Other logic (includes oracle)
_0998_,sg13g2_a22oi_1,142.08,105.84,2.88,3.78,Other logic (includes oracle)
_0999_,sg13g2_a22oi_1,100.8,109.62,2.88,3.78,Other logic (includes oracle)
_1000_,sg13g2_nand2_1,86.88,109.62,1.92,3.78,Other logic (includes oracle)
_1001_,sg13g2_a221oi_1,87.84,98.28,3.84,3.78,Other logic (includes oracle)
_1002_,sg13g2_nand4_1,84.96,98.28,2.88,3.78,Other logic (includes oracle)
_1003_,sg13g2_a22oi_1,103.68,109.62,2.88,3.78,Other logic (includes oracle)
_1004_,sg13g2_a22oi_1,98.88,98.28,2.88,3.78,Other logic (includes oracle)
_1005_,sg13g2_a22oi_1,93.12,105.84,2.88,3.78,Other logic (includes oracle)
_1006_,sg13g2_a22oi_1,98.88,102.06,2.88,3.78,Other logic (includes oracle)
_1007_,sg13g2_a221oi_1,60.0,105.84,3.84,3.78,Other logic (includes oracle)
_1008_,sg13g2_and3_1,96.0,105.84,3.36,3.78,Other logic (includes oracle)
_1009_,sg13g2_nand3_1,98.4,109.62,2.4,3.78,Other logic (includes oracle)
_1010_,sg13g2_and4_1,40.32,117.18,3.84,3.78,Other logic (includes oracle)
_1011_,sg13g2_nand4_1,38.88,109.62,2.88,3.78,Other logic (includes oracle)
_1012_,sg13g2_nor2_1,38.4,102.06,1.92,3.78,Other logic (includes oracle)
_1013_,sg13g2_and4_1,32.16,98.28,3.84,3.78,Other logic (includes oracle)
_1014_,sg13g2_nand3_1,43.68,94.5,2.4,3.78,Other logic (includes oracle)
_1015_,sg13g2_nor2_1,51.84,94.5,1.92,3.78,Other logic (includes oracle)
_1016_,sg13g2_nand2_1,58.56,90.72,1.92,3.78,Other logic (includes oracle)
_1017_,sg13g2_inv_1,58.08,79.38,1.44,3.78,Other logic (includes oracle)
_1018_,sg13g2_a21oi_1,50.88,83.16,2.4,3.78,Other logic (includes oracle)
_1019_,sg13g2_nand3_1,34.56,117.18,2.4,3.78,Other logic (includes oracle)
_1020_,sg13g2_xnor2_1,34.56,109.62,3.84,3.78,Other logic (includes oracle)
_1021_,sg13g2_nand4_1,40.32,105.84,2.88,3.78,Other logic (includes oracle)
_1022_,sg13g2_xnor2_1,41.76,109.62,3.84,3.78,Other logic (includes oracle)
_1023_,sg13g2_nor2b_1,35.52,105.84,2.4,3.78,Other logic (includes oracle)
_1024_,sg13g2_xnor2_1,40.32,102.06,3.84,3.78,Other logic (includes oracle)
_1025_,sg13g2_nand2_1,25.44,98.28,1.92,3.78,Other logic (includes oracle)
_1026_,sg13g2_xnor2_1,27.36,98.28,3.84,3.78,Other logic (includes oracle)
_1027_,sg13g2_nand3_1,33.12,105.84,2.4,3.78,Other logic (includes oracle)
_1028_,sg13g2_xnor2_1,29.76,102.06,3.84,3.78,Other logic (includes oracle)
_1029_,sg13g2_nand4_1,35.52,102.06,2.88,3.78,Other logic (includes oracle)
_1030_,sg13g2_xnor2_1,36.0,98.28,3.84,3.78,Other logic (includes oracle)
_1031_,sg13g2_nand2_1,30.72,90.72,1.92,3.78,Other logic (includes oracle)
_1032_,sg13g2_xnor2_1,32.64,90.72,3.84,3.78,Other logic (includes oracle)
_1033_,sg13g2_nand3_1,37.92,105.84,2.4,3.78,Other logic (includes oracle)
_1034_,sg13g2_xnor2_1,36.48,90.72,3.84,3.78,Other logic (includes oracle)
_1035_,sg13g2_nor2b_1,48.0,94.5,2.4,3.78,Other logic (includes oracle)
_1036_,sg13g2_xnor2_1,52.32,90.72,3.84,3.78,Other logic (includes oracle)
_1037_,sg13g2_nand2_1,56.64,90.72,1.92,3.78,Other logic (includes oracle)
_1038_,sg13g2_xnor2_1,55.2,86.94,3.84,3.78,Other logic (includes oracle)
_1039_,sg13g2_a21o_1,52.8,79.38,3.36,3.78,Other logic (includes oracle)
_1040_,sg13g2_nand3_1,144.96,113.4,2.4,3.78,Other logic (includes oracle)
_1041_,sg13g2_nor2_1,153.12,105.84,1.92,3.78,Other logic (includes oracle)
_1042_,sg13g2_and2_1,154.56,86.94,2.4,3.78,Other logic (includes oracle)
_1043_,sg13g2_nand2_1,150.72,86.94,1.92,3.78,Other logic (includes oracle)
_1044_,sg13g2_and4_1,148.8,98.28,3.84,3.78,Other logic (includes oracle)
_1045_,sg13g2_and2_1,152.64,98.28,2.4,3.78,Other logic (includes oracle)
_1046_,sg13g2_and3_1,149.28,83.16,3.36,3.78,Other logic (includes oracle)
_1047_,sg13g2_nand2_1,144.0,71.82,1.92,3.78,Other logic (includes oracle)
_1048_,sg13g2_and4_1,124.8,86.94,3.84,3.78,Other logic (includes oracle)
_1049_,sg13g2_and2_1,122.88,90.72,2.4,3.78,Other logic (includes oracle)
_1050_,sg13g2_nand2_1,125.28,90.72,1.92,3.78,Other logic (includes oracle)
_1051_,sg13g2_inv_1,136.8,90.72,1.44,3.78,Other logic (includes oracle)
_1052_,sg13g2_nor4_1,131.52,90.72,2.88,3.78,Other logic (includes oracle)
_1053_,sg13g2_nor3_1,134.4,90.72,2.4,3.78,Other logic (includes oracle)
_1054_,sg13g2_nand3_1,132.48,83.16,2.4,3.78,Other logic (includes oracle)
_1055_,sg13g2_a21oi_1,129.12,90.72,2.4,3.78,Other logic (includes oracle)
_1056_,sg13g2_xor2_1,132.0,113.4,3.84,3.78,Other logic (includes oracle)
_1057_,sg13g2_a21o_1,144.96,105.84,3.36,3.78,Other logic (includes oracle)
_1058_,sg13g2_and2_1,148.32,105.84,2.4,3.78,Other logic (includes oracle)
_1059_,sg13g2_mux2_1,148.32,109.62,4.8,3.78,Other logic (includes oracle)
_1060_,sg13g2_xnor2_1,147.36,113.4,3.84,3.78,Other logic (includes oracle)
_1061_,sg13g2_mux2_1,148.8,120.96,4.8,3.78,Other logic (includes oracle)
_1062_,sg13g2_xor2_1,154.08,94.5,3.84,3.78,Other logic (includes oracle)
_1063_,sg13g2_mux2_1,156.0,98.28,4.8,3.78,Other logic (includes oracle)
_1064_,sg13g2_and4_1,139.2,86.94,3.84,3.78,Other logic (includes oracle)
_1065_,sg13g2_xor2_1,141.6,90.72,3.84,3.78,Other logic (includes oracle)
_1066_,sg13g2_xnor2_1,158.4,90.72,3.84,3.78,Other logic (includes oracle)
_1067_,sg13g2_mux2_1,157.92,94.5,4.8,3.78,Other logic (includes oracle)
_1068_,sg13g2_nand4_1,138.72,90.72,2.88,3.78,Other logic (includes oracle)
_1069_,sg13g2_nor3_1,132.48,86.94,2.4,3.78,Other logic (includes oracle)
_1070_,sg13g2_xor2_1,131.52,98.28,3.84,3.78,Other logic (includes oracle)
_1071_,sg13g2_xor2_1,149.28,94.5,3.84,3.78,Other logic (includes oracle)
_1072_,sg13g2_mux2_1,149.76,102.06,4.8,3.78,Other logic (includes oracle)
_1073_,sg13g2_and4_1,139.2,83.16,3.84,3.78,Other logic (includes oracle)
_1074_,sg13g2_xor2_1,140.64,79.38,3.84,3.78,Other logic (includes oracle)
_1075_,sg13g2_a21oi_1,152.64,83.16,2.4,3.78,Other logic (includes oracle)
_1076_,sg13g2_nor2_1,152.64,86.94,1.92,3.78,Other logic (includes oracle)
_1077_,sg13g2_mux2_1,158.4,86.94,4.8,3.78,Other logic (includes oracle)
_1078_,sg13g2_and4_1,132.96,79.38,3.84,3.78,Other logic (includes oracle)
_1079_,sg13g2_xor2_1,136.8,79.38,3.84,3.78,Other logic (includes oracle)
_1080_,sg13g2_xnor2_1,149.28,75.6,3.84,3.78,Other logic (includes oracle)
_1081_,sg13g2_mux2_1,155.04,83.16,4.8,3.78,Other logic (includes oracle)
_1082_,sg13g2_nand4_1,130.08,79.38,2.88,3.78,Other logic (includes oracle)
_1083_,sg13g2_nor3_1,124.8,83.16,2.4,3.78,Other logic (includes oracle)
_1084_,sg13g2_xor2_1,122.88,75.6,3.84,3.78,Other logic (includes oracle)
_1085_,sg13g2_nor2_1,121.44,83.16,1.92,3.78,Other logic (includes oracle)
_1086_,sg13g2_nor4_1,120.0,90.72,2.88,3.78,Other logic (includes oracle)
_1087_,sg13g2_a21o_1,120.96,86.94,3.36,3.78,Other logic (includes oracle)
_1088_,sg13g2_a21o_1,109.44,94.5,3.36,3.78,Other logic (includes oracle)
_1089_,sg13g2_or2_1,100.8,90.72,2.4,3.78,Other logic (includes oracle)
_1090_,sg13g2_nor3_1,112.8,83.16,2.4,3.78,Other logic (includes oracle)
_1091_,sg13g2_mux2_1,38.4,75.6,4.8,3.78,Other logic (includes oracle)
_1092_,sg13g2_mux2_1,33.6,75.6,4.8,3.78,Other logic (includes oracle)
_1093_,sg13g2_mux2_1,35.04,83.16,4.8,3.78,Other logic (includes oracle)
_1094_,sg13g2_mux2_1,59.52,79.38,4.8,3.78,Other logic (includes oracle)
_1095_,sg13g2_mux2_1,84.48,71.82,4.8,3.78,Other logic (includes oracle)
_1096_,sg13g2_mux2_1,77.76,75.6,4.8,3.78,Other logic (includes oracle)
_1097_,sg13g2_mux2_1,79.2,68.04,4.8,3.78,Other logic (includes oracle)
_1098_,sg13g2_mux2_1,87.36,79.38,4.8,3.78,Other logic (includes oracle)
_1099_,sg13g2_nor2b_1,108.48,68.04,2.4,3.78,Other logic (includes oracle)
_1100_,sg13g2_nor2b_1,111.36,64.26,2.4,3.78,Other logic (includes oracle)
_1101_,sg13g2_nor3_1,110.88,68.04,2.4,3.78,Other logic (includes oracle)
_1102_,sg13g2_and2_1,116.16,60.48,2.4,3.78,Other logic (includes oracle)
_1103_,sg13g2_nor2_1,116.64,83.16,1.92,3.78,Other logic (includes oracle)
_1104_,sg13g2_nor3_1,116.16,71.82,2.4,3.78,Other logic (includes oracle)
_1105_,sg13g2_xor2_1,117.12,64.26,3.84,3.78,Other logic (includes oracle)
_1106_,sg13g2_and3_1,113.76,64.26,3.36,3.78,Other logic (includes oracle)
_1107_,sg13g2_a21oi_1,116.16,56.7,2.4,3.78,Other logic (includes oracle)
_1108_,sg13g2_nor2_1,118.56,56.7,1.92,3.78,Other logic (includes oracle)
_1109_,sg13g2_o21ai_1,100.8,56.7,2.4,3.78,Other logic (includes oracle)
_1110_,sg13g2_a21oi_1,104.64,64.26,2.4,3.78,Other logic (includes oracle)
_1111_,sg13g2_nand2b_1,101.76,86.94,2.4,3.78,Other logic (includes oracle)
_1112_,sg13g2_nor2b_1,35.52,147.42,2.4,3.78,Other logic (includes oracle)
_1113_,sg13g2_mux2_1,167.04,147.42,4.8,3.78,Other logic (includes oracle)
_1114_,sg13g2_mux2_1,168.48,128.52,4.8,3.78,Other logic (includes oracle)
_1115_,sg13g2_mux2_1,169.44,139.86,4.8,3.78,Other logic (includes oracle)
_1116_,sg13g2_mux2_1,157.44,132.3,4.8,3.78,Other logic (includes oracle)
_1117_,sg13g2_mux2_1,159.36,147.42,4.8,3.78,Other logic (includes oracle)
_1118_,sg13g2_mux2_1,139.2,128.52,4.8,3.78,Other logic (includes oracle)
_1119_,sg13g2_mux2_1,149.28,136.08,4.8,3.78,Other logic (includes oracle)
_1120_,sg13g2_mux2_1,142.08,68.04,4.8,3.78,Other logic (includes oracle)
_1121_,sg13g2_mux2_1,145.92,71.82,4.8,3.78,Other logic (includes oracle)
_1122_,sg13g2_mux2_1,137.28,71.82,4.8,3.78,Other logic (includes oracle)
_1123_,sg13g2_mux2_1,141.12,143.64,4.8,3.78,Other logic (includes oracle)
_1124_,sg13g2_mux2_1,135.84,143.64,4.8,3.78,Other logic (includes oracle)
_1125_,sg13g2_nand2_1,135.36,139.86,1.92,3.78,Other logic (includes oracle)
_1126_,sg13g2_o21ai_1,35.04,139.86,2.4,3.78,Other logic (includes oracle)
_1127_,sg13g2_nand2_1,33.6,147.42,1.92,3.78,Other logic (includes oracle)
_1128_,sg13g2_o21ai_1,34.56,132.3,2.4,3.78,Other logic (includes oracle)
_1129_,sg13g2_mux2_1,120.96,147.42,4.8,3.78,Other logic (includes oracle)
_1130_,sg13g2_mux2_1,120.96,64.26,4.8,3.78,Other logic (includes oracle)
_1131_,sg13g2_nand2b_1,35.52,143.64,2.4,3.78,Other logic (includes oracle)
_1132_,sg13g2_or2_1,50.88,143.64,2.4,3.78,Other logic (includes oracle)
_1133_,sg13g2_mux2_1,27.36,15.12,4.8,3.78,Other logic (includes oracle)
_1134_,sg13g2_nor2_1,23.04,15.12,1.92,3.78,Other logic (includes oracle)
_1135_,sg13g2_a21oi_1,24.96,15.12,2.4,3.78,Other logic (includes oracle)
_1136_,sg13g2_mux2_1,24.48,26.46,4.8,3.78,Other logic (includes oracle)
_1137_,sg13g2_mux2_1,25.44,41.58,4.8,3.78,Other logic (includes oracle)
_1138_,sg13g2_mux2_1,23.04,37.8,4.8,3.78,Other logic (includes oracle)
_1139_,sg13g2_nor2_1,18.24,41.58,1.92,3.78,Other logic (includes oracle)
_1140_,sg13g2_a21oi_1,20.16,41.58,2.4,3.78,Other logic (includes oracle)
_1141_,sg13g2_mux2_1,13.44,34.02,4.8,3.78,Other logic (includes oracle)
_1142_,sg13g2_mux2_1,17.28,26.46,4.8,3.78,Other logic (includes oracle)
_1143_,sg13g2_nor2_1,20.64,18.9,1.92,3.78,Other logic (includes oracle)
_1144_,sg13g2_a21oi_1,18.24,18.9,2.4,3.78,Other logic (includes oracle)
_1145_,sg13g2_mux2_1,29.28,22.68,4.8,3.78,Other logic (includes oracle)
_1146_,sg13g2_nor2_1,47.52,11.34,1.92,3.78,Other logic (includes oracle)
_1147_,sg13g2_a21oi_1,45.12,11.34,2.4,3.78,Other logic (includes oracle)
_1148_,sg13g2_nor2_1,64.8,18.9,1.92,3.78,Other logic (includes oracle)
_1149_,sg13g2_a21oi_1,63.36,15.12,2.4,3.78,Other logic (includes oracle)
_1150_,sg13g2_nor2_1,51.36,3.78,1.92,3.78,Other logic (includes oracle)
_1151_,sg13g2_a21oi_1,68.16,11.34,2.4,3.78,Other logic (includes oracle)
_1152_,sg13g2_nor2_1,72.96,11.34,1.92,3.78,Other logic (includes oracle)
_1153_,sg13g2_a21oi_1,73.44,3.78,2.4,3.78,Other logic (includes oracle)
_1154_,sg13g2_nor2_1,49.44,3.78,1.92,3.78,Other logic (includes oracle)
_1155_,sg13g2_a21oi_1,52.8,11.34,2.4,3.78,Other logic (includes oracle)
_1156_,sg13g2_nor2_1,45.6,3.78,1.92,3.78,Other logic (includes oracle)
_1157_,sg13g2_a21oi_1,43.2,3.78,2.4,3.78,Other logic (includes oracle)
_1158_,sg13g2_o21ai_1,60.48,26.46,2.4,3.78,Other logic (includes oracle)
_1159_,sg13g2_nor2_1,78.72,26.46,1.92,3.78,Other logic (includes oracle)
_1160_,sg13g2_xnor2_1,60.96,22.68,3.84,3.78,Other logic (includes oracle)
_1161_,sg13g2_xor2_1,80.16,30.24,3.84,3.78,Other logic (includes oracle)
_1162_,sg13g2_xor2_1,17.28,143.64,3.84,3.78,Other logic (includes oracle)
_1163_,sg13g2_nand3_1,16.8,147.42,2.4,3.78,Other logic (includes oracle)
_1164_,sg13g2_a21o_1,16.32,139.86,3.36,3.78,Other logic (includes oracle)
_1165_,sg13g2_and2_1,10.56,143.64,2.4,3.78,Other logic (includes oracle)
_1166_,sg13g2_nand4_1,19.68,139.86,2.88,3.78,Other logic (includes oracle)
_1167_,sg13g2_xnor2_1,12.96,143.64,3.84,3.78,Other logic (includes oracle)
_1168_,sg13g2_nor2_1,14.88,102.06,1.92,3.78,Other logic (includes oracle)
_1169_,sg13g2_xnor2_1,15.84,98.28,3.84,3.78,Other logic (includes oracle)
_1170_,sg13g2_xor2_1,15.84,90.72,3.84,3.78,Other logic (includes oracle)
_1171_,sg13g2_nand3_1,12.96,94.5,2.4,3.78,Other logic (includes oracle)
_1172_,sg13g2_a21o_1,11.04,86.94,3.36,3.78,Other logic (includes oracle)
_1173_,sg13g2_and2_1,8.64,86.94,2.4,3.78,Other logic (includes oracle)
_1174_,sg13g2_nor2_1,15.84,94.5,1.92,3.78,Other logic (includes oracle)
_1175_,sg13g2_xnor2_1,9.12,94.5,3.84,3.78,Other logic (includes oracle)
_1176_,sg13g2_and2_1,15.84,109.62,2.4,3.78,Other logic (includes oracle)
_1177_,sg13g2_xor2_1,9.12,113.4,3.84,3.78,Other logic (includes oracle)
_1178_,sg13g2_xor2_1,12.96,113.4,3.84,3.78,Other logic (includes oracle)
_1179_,sg13g2_a21oi_1,18.24,117.18,2.4,3.78,Other logic (includes oracle)
_1180_,sg13g2_nand3_1,16.32,120.96,2.4,3.78,Other logic (includes oracle)
_1181_,sg13g2_nor2b_1,15.84,117.18,2.4,3.78,Other logic (includes oracle)
_1182_,sg13g2_nand4_1,15.84,124.74,2.88,3.78,Other logic (includes oracle)
_1183_,sg13g2_xnor2_1,11.52,120.96,3.84,3.78,Other logic (includes oracle)
_1184_,sg13g2_nand2_1,15.84,132.3,1.92,3.78,Other logic (includes oracle)
_1185_,sg13g2_nor2_1,21.12,124.74,1.92,3.78,Other logic (includes oracle)
_1186_,sg13g2_a21oi_1,13.44,128.52,2.4,3.78,Other logic (includes oracle)
_1187_,sg13g2_xor2_1,13.92,136.08,3.84,3.78,Other logic (includes oracle)
_1188_,sg13g2_a21oi_1,11.52,136.08,2.4,3.78,Other logic (includes oracle)
_1189_,sg13g2_nand3_1,18.72,124.74,2.4,3.78,Other logic (includes oracle)
_1190_,sg13g2_nor2b_1,10.08,128.52,2.4,3.78,Other logic (includes oracle)
_1191_,sg13g2_a22oi_1,28.32,124.74,2.88,3.78,Other logic (includes oracle)
_1192_,sg13g2_nand2_1,33.12,128.52,1.92,3.78,Other logic (includes oracle)
_1193_,sg13g2_a21o_1,29.76,132.3,3.36,3.78,Other logic (includes oracle)
_1194_,sg13g2_o21ai_1,31.2,124.74,2.4,3.78,Other logic (includes oracle)
_1195_,sg13g2_nor2_1,20.64,117.18,1.92,3.78,Other logic (includes oracle)
_1196_,sg13g2_a21oi_1,30.72,128.52,2.4,3.78,Other logic (includes oracle)
_1197_,sg13g2_o21ai_1,23.04,124.74,2.4,3.78,Other logic (includes oracle)
_1198_,sg13g2_a21oi_1,25.92,124.74,2.4,3.78,Other logic (includes oracle)
_1199_,sg13g2_nand4_1,27.84,128.52,2.88,3.78,Other logic (includes oracle)
_1200_,sg13g2_o21ai_1,36.96,128.52,2.4,3.78,Other logic (includes oracle)
_1201_,sg13g2_xor2_1,44.16,117.18,3.84,3.78,Other logic (includes oracle)
_1202_,sg13g2_nand3_1,37.92,117.18,2.4,3.78,Other logic (includes oracle)
_1203_,sg13g2_a21o_1,35.04,120.96,3.36,3.78,Other logic (includes oracle)
_1204_,sg13g2_and2_1,36.96,124.74,2.4,3.78,Other logic (includes oracle)
_1205_,sg13g2_nand4_1,51.36,120.96,2.88,3.78,Other logic (includes oracle)
_1206_,sg13g2_xnor2_1,40.32,124.74,3.84,3.78,Other logic (includes oracle)
_1207_,sg13g2_xnor2_1,56.64,128.52,3.84,3.78,Other logic (includes oracle)
_1208_,sg13g2_nand2_1,29.76,113.4,1.92,3.78,Other logic (includes oracle)
_1209_,sg13g2_xnor2_1,30.72,117.18,3.84,3.78,Other logic (includes oracle)
_1210_,sg13g2_inv_1,102.72,41.58,1.44,3.78,Other logic (includes oracle)
_1211__79,sg13g2_inv_1,28.32,75.6,1.44,3.78,Other logic (includes oracle)
_1212__80,sg13g2_inv_1,24.48,64.26,1.44,3.78,Other logic (includes oracle)
_1213__81,sg13g2_inv_1,59.04,68.04,1.44,3.78,Other logic (includes oracle)
_1214__82,sg13g2_inv_1,76.32,75.6,1.44,3.78,Other logic (includes oracle)
_1215__83,sg13g2_inv_1,84.96,60.48,1.44,3.78,Other logic (includes oracle)
_1216__84,sg13g2_inv_1,120.48,56.7,1.44,3.78,Other logic (includes oracle)
_1217__85,sg13g2_inv_1,109.44,56.7,1.44,3.78,Other logic (includes oracle)
_1218__86,sg13g2_inv_1,138.72,15.12,1.44,3.78,Other logic (includes oracle)
_1219__87,sg13g2_inv_1,96.48,11.34,1.44,3.78,Other logic (includes oracle)
_1220__88,sg13g2_inv_1,115.2,7.56,1.44,3.78,Other logic (includes oracle)
_1221__89,sg13g2_inv_1,135.84,7.56,1.44,3.78,Other logic (includes oracle)
_1222__90,sg13g2_inv_1,155.04,22.68,1.44,3.78,Other logic (includes oracle)
_1223__91,sg13g2_inv_1,151.2,34.02,1.44,3.78,Other logic (includes oracle)
_1224__92,sg13g2_inv_1,154.56,41.58,1.44,3.78,Other logic (includes oracle)
_1225__93,sg13g2_inv_1,153.12,49.14,1.44,3.78,Other logic (includes oracle)
_1226__94,sg13g2_inv_1,145.44,52.92,1.44,3.78,Other logic (includes oracle)
_1227_,sg13g2_inv_1,72.96,139.86,1.44,3.78,Other logic (includes oracle)
_1228_,sg13g2_inv_1,85.44,136.08,1.44,3.78,Other logic (includes oracle)
_1229_,sg13g2_inv_1,69.12,102.06,1.44,3.78,Other logic (includes oracle)
_1230_,sg13g2_inv_1,64.32,117.18,1.44,3.78,Other logic (includes oracle)
_1231_,sg13g2_inv_1,59.04,102.06,1.44,3.78,Other logic (includes oracle)
_1232_,sg13g2_inv_1,80.64,147.42,1.44,3.78,Other logic (includes oracle)
_1233_,sg13g2_inv_1,72.0,94.5,1.44,3.78,Other logic (includes oracle)
_1234_,sg13g2_inv_1,128.16,132.3,1.44,3.78,Other logic (includes oracle)
_1235_,sg13g2_inv_1,76.8,94.5,1.44,3.78,Other logic (includes oracle)
_1236_,sg13g2_inv_1,89.28,102.06,1.44,3.78,Other logic (includes oracle)
_1237_,sg13g2_inv_1,72.96,143.64,1.44,3.78,Other logic (includes oracle)
_1238_,sg13g2_inv_1,76.8,83.16,1.44,3.78,Other logic (includes oracle)
_1239_,sg13g2_inv_1,82.08,79.38,1.44,3.78,Other logic (includes oracle)
_1240_,sg13g2_inv_1,96.48,94.5,1.44,3.78,Other logic (includes oracle)
_1241_,sg13g2_inv_1,62.88,136.08,1.44,3.78,Other logic (includes oracle)
_1242_,sg13g2_inv_1,98.4,120.96,1.44,3.78,Other logic (includes oracle)
_1243_,sg13g2_inv_1,80.64,120.96,1.44,3.78,Other logic (includes oracle)
_1244_,sg13g2_inv_1,110.4,109.62,1.44,3.78,Other logic (includes oracle)
_1245_,sg13g2_inv_1,125.28,120.96,1.44,3.78,Other logic (includes oracle)
_1246_,sg13g2_inv_1,137.76,117.18,1.44,3.78,Other logic (includes oracle)
_1247_,sg13g2_inv_1,89.28,128.52,1.44,3.78,Other logic (includes oracle)
_1248_,sg13g2_inv_1,137.28,128.52,1.44,3.78,Other logic (includes oracle)
_1249_,sg13g2_inv_1,71.52,120.96,1.44,3.78,Other logic (includes oracle)
_1250_,sg13g2_inv_1,120.96,120.96,1.44,3.78,Other logic (includes oracle)
_1251_,sg13g2_inv_1,125.28,113.4,1.44,3.78,Other logic (includes oracle)
_1252_,sg13g2_inv_1,96.0,132.3,1.44,3.78,Other logic (includes oracle)
_1253_,sg13g2_inv_1,130.08,102.06,1.44,3.78,Other logic (includes oracle)
_1254_,sg13g2_inv_1,120.0,98.28,1.44,3.78,Other logic (includes oracle)
_1255_,sg13g2_inv_1,108.96,102.06,1.44,3.78,Other logic (includes oracle)
_1256_,sg13g2_inv_1,88.8,120.96,1.44,3.78,Other logic (includes oracle)
_1257_,sg13g2_dfrbpq_1,19.68,105.84,12.96,3.78,Control / window / readout state
_1258_,sg13g2_dfrbpq_1,45.6,109.62,12.96,3.78,Control / window / readout state
_1259_,sg13g2_dfrbpq_1,44.64,102.06,12.96,3.78,Control / window / readout state
_1260_,sg13g2_dfrbpq_1,18.72,94.5,12.96,3.78,Control / window / readout state
_1261_,sg13g2_dfrbpq_1,16.8,102.06,12.96,3.78,Control / window / readout state
_1262_,sg13g2_dfrbpq_1,39.84,98.28,12.96,3.78,Control / window / readout state
_1263_,sg13g2_dfrbpq_1,24.0,86.94,12.96,3.78,Control / window / readout state
_1264_,sg13g2_dfrbpq_1,38.88,86.94,12.96,3.78,Control / window / readout state
_1265_,sg13g2_dfrbpq_1,53.76,94.5,12.96,3.78,Control / window / readout state
_1266_,sg13g2_dfrbpq_1,59.04,86.94,12.96,3.78,Control / window / readout state
_1267_,sg13g2_dfrbpq_1,53.28,83.16,12.96,3.78,Control / window / readout state
_1268_,sg13g2_dfrbpq_1,134.4,94.5,12.96,3.78,Error-accounting state
_1269_,sg13g2_dfrbpq_1,134.4,109.62,12.96,3.78,Error-accounting state
_1270_,sg13g2_dfrbpq_1,153.12,109.62,12.96,3.78,Error-accounting state
_1271_,sg13g2_dfrbpq_1,153.6,117.18,12.96,3.78,Error-accounting state
_1272_,sg13g2_dfrbpq_1,164.16,94.5,12.96,3.78,Error-accounting state
_1273_,sg13g2_dfrbpq_1,145.44,90.72,12.96,3.78,Error-accounting state
_1274_,sg13g2_dfrbpq_1,162.72,90.72,12.96,3.78,Error-accounting state
_1275_,sg13g2_dfrbpq_1,133.92,102.06,12.96,3.78,Error-accounting state
_1276_,sg13g2_dfrbpq_1,154.56,102.06,12.96,3.78,Error-accounting state
_1277_,sg13g2_dfrbpq_1,144.48,79.38,12.96,3.78,Error-accounting state
_1278_,sg13g2_dfrbpq_1,163.68,86.94,12.96,3.78,Error-accounting state
_1279_,sg13g2_dfrbpq_1,134.88,75.6,12.96,3.78,Error-accounting state
_1280_,sg13g2_dfrbpq_1,158.4,79.38,12.96,3.78,Error-accounting state
_1281_,sg13g2_dfrbpq_1,117.12,79.38,12.96,3.78,Error-accounting state
_1282_,sg13g2_dfrbpq_1,108.0,86.94,12.96,3.78,Error-accounting state
_1283_,sg13g2_dfrbpq_1,112.8,94.5,12.96,3.78,Error-accounting state
_1284_,sg13g2_dfrbpq_1,99.84,83.16,12.96,3.78,Error-accounting state
_1285_,sg13g2_dfrbpq_1,43.2,75.6,12.96,3.78,Error-accounting state
_1286_,sg13g2_dfrbpq_1,24.96,79.38,12.96,3.78,Error-accounting state
_1287_,sg13g2_dfrbpq_1,37.92,79.38,12.96,3.78,Error-accounting state
_1288_,sg13g2_dfrbpq_1,60.0,75.6,12.96,3.78,Error-accounting state
_1289_,sg13g2_dfrbpq_1,89.28,71.82,12.96,3.78,Error-accounting state
_1290_,sg13g2_dfrbpq_1,69.12,79.38,12.96,3.78,Error-accounting state
_1291_,sg13g2_dfrbpq_1,84.0,68.04,12.96,3.78,Error-accounting state
_1292_,sg13g2_dfrbpq_1,95.04,75.6,12.96,3.78,Error-accounting state
_1293_,sg13g2_dfrbpq_1,34.56,71.82,12.96,3.78,One-shot capture flops
_1294_,sg13g2_dfrbpq_1,21.6,71.82,12.96,3.78,One-shot capture flops
_1295_,sg13g2_dfrbpq_1,18.72,60.48,12.96,3.78,One-shot capture flops
_1296_,sg13g2_dfrbpq_1,51.84,71.82,12.96,3.78,One-shot capture flops
_1297_,sg13g2_dfrbpq_1,71.04,71.82,12.96,3.78,One-shot capture flops
_1298_,sg13g2_dfrbpq_1,78.72,64.26,12.96,3.78,One-shot capture flops
_1299_,sg13g2_dfrbpq_1,113.76,52.92,12.96,3.78,One-shot capture flops
_1300_,sg13g2_dfrbpq_1,103.2,60.48,12.96,3.78,One-shot capture flops
_1301_,sg13g2_dfrbpq_1,132.48,18.9,12.96,3.78,One-shot capture flops
_1302_,sg13g2_dfrbpq_1,87.36,7.56,12.96,3.78,One-shot capture flops
_1303_,sg13g2_dfrbpq_1,108.96,3.78,12.96,3.78,One-shot capture flops
_1304_,sg13g2_dfrbpq_1,128.64,3.78,12.96,3.78,One-shot capture flops
_1305_,sg13g2_dfrbpq_1,147.84,26.46,12.96,3.78,One-shot capture flops
_1306_,sg13g2_dfrbpq_1,148.8,30.24,12.96,3.78,One-shot capture flops
_1307_,sg13g2_dfrbpq_1,147.84,37.8,12.96,3.78,One-shot capture flops
_1308_,sg13g2_dfrbpq_1,148.32,45.36,12.96,3.78,One-shot capture flops
_1309_,sg13g2_dfrbpq_1,140.64,56.7,12.96,3.78,One-shot capture flops
_1310_,sg13g2_dfrbpq_1,102.72,71.82,12.96,3.78,Control / window / readout state
_1311_,sg13g2_dfrbpq_1,120.0,71.82,12.96,3.78,Control / window / readout state
_1312_,sg13g2_dfrbpq_1,125.76,64.26,12.96,3.78,Control / window / readout state
_1313_,sg13g2_dfrbpq_1,118.56,60.48,12.96,3.78,Control / window / readout state
_1314_,sg13g2_dfrbpq_1,91.68,64.26,12.96,3.78,Control / window / readout state
_1315_,sg13g2_dfrbpq_1,104.16,79.38,12.96,3.78,Control / window / readout state
_1316_,sg13g2_dfrbpq_1,171.84,147.42,12.96,3.78,Control / window / readout state
_1317_,sg13g2_dfrbpq_1,173.28,128.52,12.96,3.78,Control / window / readout state
_1318_,sg13g2_dfrbpq_1,175.2,132.3,12.96,3.78,Control / window / readout state
_1319_,sg13g2_dfrbpq_1,162.24,132.3,12.96,3.78,Control / window / readout state
_1320_,sg13g2_dfrbpq_1,161.28,143.64,12.96,3.78,Control / window / readout state
_1321_,sg13g2_dfrbpq_1,140.16,132.3,12.96,3.78,Control / window / readout state
_1322_,sg13g2_dfrbpq_1,154.08,136.08,12.96,3.78,Control / window / readout state
_1323_,sg13g2_dfrbpq_1,146.88,68.04,12.96,3.78,Control / window / readout state
_1324_,sg13g2_dfrbpq_1,150.72,71.82,12.96,3.78,Control / window / readout state
_1325_,sg13g2_dfrbpq_1,138.72,64.26,12.96,3.78,Control / window / readout state
_1326_,sg13g2_dfrbpq_1,148.32,143.64,12.96,3.78,Control / window / readout state
_1327_,sg13g2_dfrbpq_1,141.12,147.42,12.96,3.78,Control / window / readout state
_1328_,sg13g2_dfrbpq_1,37.44,139.86,12.96,3.78,Control / window / readout state
_1329_,sg13g2_dfrbpq_1,36.96,132.3,12.96,3.78,Control / window / readout state
_1330_,sg13g2_dfrbpq_1,125.76,147.42,12.96,3.78,Control / window / readout state
_1331_,sg13g2_dfrbpq_1,129.12,68.04,12.96,3.78,Control / window / readout state
_1332_,sg13g2_dfrbpq_1,37.92,143.64,12.96,3.78,Control / window / readout state
_1333_,sg13g2_dfrbpq_1,52.32,147.42,12.96,3.78,Control / window / readout state
_1334_,sg13g2_dfrbpq_1,109.44,143.64,12.96,3.78,Control / window / readout state
_1335_,sg13g2_dfrbpq_1,108.48,139.86,12.96,3.78,Control / window / readout state
_1336_,sg13g2_dfrbpq_1,90.24,143.64,12.96,3.78,Control / window / readout state
_1337_,sg13g2_dfrbpq_1,106.56,147.42,12.96,3.78,Control / window / readout state
_1338_,sg13g2_dfrbpq_1,20.16,7.56,12.96,3.78,Control / window / readout state
_1339_,sg13g2_dfrbpq_1,63.36,132.3,12.96,3.78,Generic RO + counter state
_1340_,sg13g2_dfrbpq_1,81.6,139.86,12.96,3.78,Generic RO + counter state
_1341_,sg13g2_dfrbpq_1,63.84,105.84,12.96,3.78,Generic RO + counter state
_1342_,sg13g2_dfrbpq_1,58.56,113.4,12.96,3.78,Generic RO + counter state
_1343_,sg13g2_dfrbpq_1,53.76,98.28,12.96,3.78,Generic RO + counter state
_1344_,sg13g2_dfrbpq_1,76.32,143.64,12.96,3.78,Generic RO + counter state
_1345_,sg13g2_dfrbpq_1,66.72,98.28,12.96,3.78,Generic RO + counter state
_1346_,sg13g2_dfrbpq_1,123.36,136.08,12.96,3.78,Generic RO + counter state
_1347_,sg13g2_dfrbpq_1,71.52,90.72,12.96,3.78,Generic RO + counter state
_1348_,sg13g2_dfrbpq_1,85.92,86.94,12.96,3.78,Generic RO + counter state
_1349_,sg13g2_dfrbpq_1,65.28,147.42,12.96,3.78,Generic RO + counter state
_1350_,sg13g2_dfrbpq_1,72.0,86.94,12.96,3.78,Generic RO + counter state
_1351_,sg13g2_dfrbpq_1,122.4,139.86,12.96,3.78,Generic RO + counter state
_1352_,sg13g2_dfrbpq_1,81.12,83.16,12.96,3.78,Generic RO + counter state
_1353_,sg13g2_dfrbpq_1,87.84,90.72,12.96,3.78,Generic RO + counter state
_1354_,sg13g2_dfrbpq_1,60.0,139.86,12.96,3.78,Generic RO + counter state
_1355_,sg13g2_dfrbpq_1,96.0,117.18,12.96,3.78,Matched RO + counter state
_1356_,sg13g2_dfrbpq_1,79.2,124.74,12.96,3.78,Matched RO + counter state
_1357_,sg13g2_dfrbpq_1,108.0,113.4,12.96,3.78,Matched RO + counter state
_1358_,sg13g2_dfrbpq_1,122.88,117.18,12.96,3.78,Matched RO + counter state
_1359_,sg13g2_dfrbpq_1,134.4,120.96,12.96,3.78,Matched RO + counter state
_1360_,sg13g2_dfrbpq_1,83.04,132.3,12.96,3.78,Matched RO + counter state
_1361_,sg13g2_dfrbpq_1,128.64,124.74,12.96,3.78,Matched RO + counter state
_1362_,sg13g2_dfrbpq_1,66.24,124.74,12.96,3.78,Matched RO + counter state
_1363_,sg13g2_dfrbpq_1,115.2,124.74,12.96,3.78,Matched RO + counter state
_1364_,sg13g2_dfrbpq_1,120.0,109.62,12.96,3.78,Matched RO + counter state
_1365_,sg13g2_dfrbpq_1,86.88,136.08,12.96,3.78,Matched RO + counter state
_1366_,sg13g2_dfrbpq_1,124.32,105.84,12.96,3.78,Matched RO + counter state
_1367_,sg13g2_dfrbpq_1,96.48,124.74,12.96,3.78,Matched RO + counter state
_1368_,sg13g2_dfrbpq_1,113.28,102.06,12.96,3.78,Matched RO + counter state
_1369_,sg13g2_dfrbpq_1,103.68,105.84,12.96,3.78,Matched RO + counter state
_1370_,sg13g2_dfrbpq_1,83.04,117.18,12.96,3.78,Matched RO + counter state
_1371_,sg13g2_dfrbpq_1,32.16,15.12,12.96,3.78,Other logic (includes oracle)
_1372_,sg13g2_dfrbpq_1,22.56,18.9,12.96,3.78,Named pattern-state flops
_1373_,sg13g2_dfrbpq_1,29.28,26.46,12.96,3.78,Named pattern-state flops
_1374_,sg13g2_dfrbpq_1,30.24,34.02,12.96,3.78,Named pattern-state flops
_1375_,sg13g2_dfrbpq_1,27.84,37.8,12.96,3.78,Named pattern-state flops
_1376_,sg13g2_dfrbpq_1,16.32,45.36,12.96,3.78,Other logic (includes oracle)
_1377_,sg13g2_dfrbpq_1,7.68,37.8,12.96,3.78,Other logic (includes oracle)
_1378_,sg13g2_dfrbpq_1,17.28,30.24,12.96,3.78,Other logic (includes oracle)
_1379_,sg13g2_dfrbpq_1,15.84,22.68,12.96,3.78,Named pattern-state flops
_1380_,sg13g2_dfrbpq_1,34.08,22.68,12.96,3.78,Named pattern-state flops
_1381_,sg13g2_dfrbpq_1,45.12,15.12,12.96,3.78,Other logic (includes oracle)
_1382_,sg13g2_dfrbpq_1,65.76,15.12,12.96,3.78,Other logic (includes oracle)
_1383_,sg13g2_dfrbpq_1,60.48,7.56,12.96,3.78,Named pattern-state flops
_1384_,sg13g2_dfrbpq_1,73.44,7.56,12.96,3.78,Other logic (includes oracle)
_1385_,sg13g2_dfrbpq_1,53.28,3.78,12.96,3.78,Named pattern-state flops
_1386_,sg13g2_dfrbpq_1,39.36,7.56,12.96,3.78,Other logic (includes oracle)
_1387_,sg13g2_dfrbpq_1,64.8,22.68,12.96,3.78,Named pattern-state flops
_1388_,sg13g2_dfrbpq_1,84.0,30.24,12.96,3.78,Named pattern-state flops
_1389_,sg13g2_dfrbpq_1,21.12,143.64,12.96,3.78,Control / window / readout state
_1390_,sg13g2_dfrbpq_1,3.84,147.42,12.96,3.78,Control / window / readout state
_1391_,sg13g2_dfrbpq_1,2.88,139.86,12.96,3.78,Control / window / readout state
_1392_,sg13g2_dfrbpq_1,2.88,105.84,12.96,3.78,Control / window / readout state
_1393_,sg13g2_dfrbpq_1,15.36,83.16,12.96,3.78,Control / window / readout state
_1394_,sg13g2_dfrbpq_1,2.88,90.72,12.96,3.78,Control / window / readout state
_1395_,sg13g2_dfrbpq_1,2.88,98.28,12.96,3.78,Control / window / readout state
_1396_,sg13g2_dfrbpq_1,2.88,109.62,12.96,3.78,Control / window / readout state
_1397_,sg13g2_dfrbpq_1,16.8,113.4,12.96,3.78,Control / window / readout state
_1398_,sg13g2_dfrbpq_1,18.72,120.96,12.96,3.78,Control / window / readout state
_1399_,sg13g2_dfrbpq_1,2.88,117.18,12.96,3.78,Control / window / readout state
_1400_,sg13g2_dfrbpq_1,2.88,124.74,12.96,3.78,Control / window / readout state
_1401_,sg13g2_dfrbpq_1,17.76,136.08,12.96,3.78,Control / window / readout state
_1402_,sg13g2_dfrbpq_1,2.88,132.3,12.96,3.78,Control / window / readout state
_1403_,sg13g2_dfrbpq_1,43.68,128.52,12.96,3.78,Control / window / readout state
_1404_,sg13g2_dfrbpq_1,48.0,117.18,12.96,3.78,Control / window / readout state
_1405_,sg13g2_dfrbpq_1,38.4,120.96,12.96,3.78,Control / window / readout state
_1406_,sg13g2_dfrbpq_1,45.6,124.74,12.96,3.78,Control / window / readout state
_1407_,sg13g2_dfrbpq_1,50.4,132.3,12.96,3.78,Control / window / readout state
_1408_,sg13g2_dfrbpq_1,31.68,113.4,12.96,3.78,Control / window / readout state
_1417_,sg13g2_buf_1,50.4,147.42,1.92,3.78,Other logic (includes oracle)
_1418_,sg13g2_buf_1,48.48,147.42,1.92,3.78,Other logic (includes oracle)
_1419_,sg13g2_buf_1,46.56,147.42,1.92,3.78,Other logic (includes oracle)
_1420_,sg13g2_buf_1,43.68,147.42,1.92,3.78,Other logic (includes oracle)
_1421_,sg13g2_buf_1,38.4,147.42,1.92,3.78,Other logic (includes oracle)
_1422_,sg13g2_buf_1,29.76,147.42,1.92,3.78,Other logic (includes oracle)
_1423_,sg13g2_buf_1,27.84,147.42,1.92,3.78,Other logic (includes oracle)
_1424_,sg13g2_buf_1,25.92,147.42,1.92,3.78,Other logic (includes oracle)
_1425_,sg13g2_buf_1,98.4,147.42,1.92,3.78,Other logic (includes oracle)
_1426_,sg13g2_buf_1,82.08,147.42,1.92,3.78,Other logic (includes oracle)
_1427_,sg13g2_buf_1,90.24,147.42,1.92,3.78,Other logic (includes oracle)
_1428_,sg13g2_buf_1,93.12,147.42,1.92,3.78,Other logic (includes oracle)
clkbuf_0_clk,sg13g2_buf_16,92.16,79.38,12.0,3.78,Other logic (includes oracle)
clkbuf_4_0_0_clk,sg13g2_buf_8,33.12,64.26,6.24,3.78,Other logic (includes oracle)
clkbuf_4_10_0_clk,sg13g2_buf_8,136.32,52.92,6.24,3.78,Other logic (includes oracle)
clkbuf_4_11_0_clk,sg13g2_buf_8,132.0,56.7,6.24,3.78,Other logic (includes oracle)
clkbuf_4_12_0_clk,sg13g2_buf_8,143.04,117.18,6.24,3.78,Other logic (includes oracle)
clkbuf_4_13_0_clk,sg13g2_buf_8,131.04,128.52,6.24,3.78,Other logic (includes oracle)
clkbuf_4_14_0_clk,sg13g2_buf_8,160.8,98.28,6.24,3.78,Other logic (includes oracle)
clkbuf_4_15_0_clk,sg13g2_buf_8,166.08,109.62,6.24,3.78,Other logic (includes oracle)
clkbuf_4_1_0_clk,sg13g2_buf_8,47.04,68.04,6.24,3.78,Other logic (includes oracle)
clkbuf_4_2_0_clk,sg13g2_buf_8,58.08,34.02,6.24,3.78,Other logic (includes oracle)
clkbuf_4_3_0_clk,sg13g2_buf_8,39.36,30.24,6.24,3.78,Other logic (includes oracle)
clkbuf_4_4_0_clk,sg13g2_buf_8,22.08,109.62,6.24,3.78,Other logic (includes oracle)
clkbuf_4_5_0_clk,sg13g2_buf_8,28.32,109.62,6.24,3.78,Other logic (includes oracle)
clkbuf_4_6_0_clk,sg13g2_buf_8,49.44,105.84,6.24,3.78,Other logic (includes oracle)
clkbuf_4_7_0_clk,sg13g2_buf_8,46.08,136.08,6.24,3.78,Other logic (includes oracle)
clkbuf_4_8_0_clk,sg13g2_buf_8,94.08,60.48,6.24,3.78,Other logic (includes oracle)
clkbuf_4_9_0_clk,sg13g2_buf_8,96.96,68.04,6.24,3.78,Other logic (includes oracle)
clkbuf_5_0__f_clk,sg13g2_buf_16,32.16,68.04,12.0,3.78,Other logic (includes oracle)
clkbuf_5_10__f_clk,sg13g2_buf_16,15.84,128.52,12.0,3.78,Other logic (includes oracle)
clkbuf_5_11__f_clk,sg13g2_buf_16,17.76,132.3,12.0,3.78,Other logic (includes oracle)
clkbuf_5_12__f_clk,sg13g2_buf_16,44.64,113.4,12.0,3.78,Other logic (includes oracle)
clkbuf_5_13__f_clk,sg13g2_buf_16,58.56,109.62,12.0,3.78,Other logic (includes oracle)
clkbuf_5_14__f_clk,sg13g2_buf_16,32.16,136.08,12.0,3.78,Other logic (includes oracle)
clkbuf_5_15__f_clk,sg13g2_buf_16,64.32,136.08,12.0,3.78,Other logic (includes oracle)
clkbuf_5_16__f_clk,sg13g2_buf_16,83.04,75.6,12.0,3.78,Other logic (includes oracle)
clkbuf_5_17__f_clk,sg13g2_buf_16,99.36,52.92,12.0,3.78,Other logic (includes oracle)
clkbuf_5_18__f_clk,sg13g2_buf_16,82.56,94.5,12.0,3.78,Other logic (includes oracle)
clkbuf_5_19__f_clk,sg13g2_buf_16,110.88,75.6,12.0,3.78,Other logic (includes oracle)
clkbuf_5_1__f_clk,sg13g2_buf_16,33.6,41.58,12.0,3.78,Other logic (includes oracle)
clkbuf_5_20__f_clk,sg13g2_buf_16,131.52,26.46,12.0,3.78,Other logic (includes oracle)
clkbuf_5_21__f_clk,sg13g2_buf_16,152.64,34.02,12.0,3.78,Other logic (includes oracle)
clkbuf_5_22__f_clk,sg13g2_buf_16,115.2,68.04,12.0,3.78,Other logic (includes oracle)
clkbuf_5_23__f_clk,sg13g2_buf_16,147.84,60.48,12.0,3.78,Other logic (includes oracle)
clkbuf_5_24__f_clk,sg13g2_buf_16,136.8,98.28,12.0,3.78,Other logic (includes oracle)
clkbuf_5_25__f_clk,sg13g2_buf_16,151.2,113.4,12.0,3.78,Other logic (includes oracle)
clkbuf_5_26__f_clk,sg13g2_buf_16,122.4,143.64,12.0,3.78,Other logic (includes oracle)
clkbuf_5_27__f_clk,sg13g2_buf_16,140.16,139.86,12.0,3.78,Other logic (includes oracle)
clkbuf_5_28__f_clk,sg13g2_buf_16,153.12,75.6,12.0,3.78,Other logic (includes oracle)
clkbuf_5_29__f_clk,sg13g2_buf_16,179.04,90.72,12.0,3.78,Other logic (includes oracle)
clkbuf_5_2__f_clk,sg13g2_buf_16,40.32,90.72,12.0,3.78,Other logic (includes oracle)
clkbuf_5_30__f_clk,sg13g2_buf_16,167.04,136.08,12.0,3.78,Other logic (includes oracle)
clkbuf_5_31__f_clk,sg13g2_buf_16,174.24,124.74,12.0,3.78,Other logic (includes oracle)
clkbuf_5_3__f_clk,sg13g2_buf_16,62.4,68.04,12.0,3.78,Other logic (includes oracle)
clkbuf_5_4__f_clk,sg13g2_buf_16,56.16,11.34,12.0,3.78,Other logic (includes oracle)
clkbuf_5_5__f_clk,sg13g2_buf_16,73.44,18.9,12.0,3.78,Other logic (includes oracle)
clkbuf_5_6__f_clk,sg13g2_buf_16,18.24,34.02,12.0,3.78,Other logic (includes oracle)
clkbuf_5_7__f_clk,sg13g2_buf_16,31.2,11.34,12.0,3.78,Other logic (includes oracle)
clkbuf_5_8__f_clk,sg13g2_buf_16,2.88,102.06,12.0,3.78,Other logic (includes oracle)
clkbuf_5_9__f_clk,sg13g2_buf_16,31.68,94.5,12.0,3.78,Other logic (includes oracle)
clkload0,sg13g2_inv_1,32.16,75.6,1.44,3.78,Other logic (includes oracle)
clkload1,sg13g2_inv_1,58.56,75.6,1.44,3.78,Other logic (includes oracle)
clkload2,sg13g2_inv_1,29.76,11.34,1.44,3.78,Other logic (includes oracle)
clkload3,sg13g2_inv_1,10.08,136.08,1.44,3.78,Other logic (includes oracle)
clkload4,sg13g2_inv_1,61.44,136.08,1.44,3.78,Other logic (includes oracle)
clkload5,sg13g2_inv_1,115.2,83.16,1.44,3.78,Other logic (includes oracle)
clkload6,sg13g2_inv_1,152.64,41.58,1.44,3.78,Other logic (includes oracle)
clkload7,sg13g2_inv_1,151.68,64.26,1.44,3.78,Other logic (includes oracle)
clkload8,sg13g2_inv_1,141.6,124.74,1.44,3.78,Other logic (includes oracle)
clkload9,sg13g2_inv_1,179.04,136.08,1.44,3.78,Other logic (includes oracle)
fanout18,sg13g2_buf_1,48.96,83.16,1.92,3.78,Other logic (includes oracle)
fanout19,sg13g2_buf_1,45.6,105.84,1.92,3.78,Other logic (includes oracle)
fanout20,sg13g2_buf_1,22.56,26.46,1.92,3.78,Other logic (includes oracle)
fanout21,sg13g2_buf_1,22.08,49.14,1.92,3.78,Other logic (includes oracle)
fanout22,sg13g2_buf_1,44.16,18.9,1.92,3.78,Other logic (includes oracle)
fanout23,sg13g2_buf_1,48.0,18.9,1.92,3.78,Other logic (includes oracle)
fanout24,sg13g2_buf_1,56.16,79.38,1.92,3.78,Other logic (includes oracle)
fanout25,sg13g2_buf_1,53.28,86.94,1.92,3.78,Other logic (includes oracle)
fanout26,sg13g2_buf_1,119.52,136.08,1.92,3.78,Other logic (includes oracle)
fanout27,sg13g2_buf_1,138.72,147.42,1.92,3.78,Other logic (includes oracle)
fanout28,sg13g2_buf_1,31.68,147.42,1.92,3.78,Other logic (includes oracle)
fanout29,sg13g2_buf_1,65.76,45.36,1.92,3.78,Other logic (includes oracle)
fanout30,sg13g2_buf_1,91.2,37.8,1.92,3.78,Other logic (includes oracle)
fanout31,sg13g2_buf_1,48.0,45.36,1.92,3.78,Other logic (includes oracle)
fanout32,sg13g2_buf_1,64.32,34.02,1.92,3.78,Other logic (includes oracle)
fanout33,sg13g2_buf_1,25.92,64.26,1.92,3.78,Other logic (includes oracle)
fanout34,sg13g2_buf_1,69.12,71.82,1.92,3.78,Other logic (includes oracle)
fanout35,sg13g2_buf_1,126.72,7.56,1.92,3.78,Other logic (includes oracle)
fanout36,sg13g2_buf_1,92.16,3.78,1.92,3.78,Other logic (includes oracle)
fanout37,sg13g2_buf_1,92.64,11.34,1.92,3.78,Other logic (includes oracle)
fanout38,sg13g2_buf_1,27.84,64.26,1.92,3.78,Other logic (includes oracle)
fanout39,sg13g2_buf_1,55.2,143.64,1.92,3.78,Other logic (includes oracle)
fanout40,sg13g2_buf_1,57.12,143.64,1.92,3.78,Other logic (includes oracle)
fanout41,sg13g2_buf_1,141.12,60.48,1.92,3.78,Other logic (includes oracle)
fanout42,sg13g2_buf_1,146.88,52.92,1.92,3.78,Other logic (includes oracle)
fanout43,sg13g2_buf_1,32.64,30.24,1.92,3.78,Other logic (includes oracle)
fanout44,sg13g2_buf_1,23.52,41.58,1.92,3.78,Other logic (includes oracle)
fanout45,sg13g2_buf_1,47.52,71.82,1.92,3.78,Other logic (includes oracle)
fanout46,sg13g2_buf_1,85.44,79.38,1.92,3.78,Other logic (includes oracle)
fanout47,sg13g2_buf_1,83.52,79.38,1.92,3.78,Other logic (includes oracle)
fanout48,sg13g2_buf_1,20.16,109.62,1.92,3.78,Other logic (includes oracle)
fanout49,sg13g2_buf_1,47.52,105.84,1.92,3.78,Other logic (includes oracle)
fanout50,sg13g2_buf_1,23.52,147.42,1.92,3.78,Other logic (includes oracle)
fanout51,sg13g2_buf_1,40.32,147.42,1.92,3.78,Other logic (includes oracle)
fanout52,sg13g2_buf_1,70.56,109.62,1.92,3.78,Other logic (includes oracle)
fanout53,sg13g2_buf_1,94.56,94.5,1.92,3.78,Other logic (includes oracle)
fanout54,sg13g2_buf_1,67.68,143.64,1.92,3.78,Other logic (includes oracle)
fanout55,sg13g2_buf_1,84.0,147.42,1.92,3.78,Other logic (includes oracle)
fanout56,sg13g2_buf_1,85.92,147.42,1.92,3.78,Other logic (includes oracle)
fanout57,sg13g2_buf_1,127.2,68.04,1.92,3.78,Other logic (includes oracle)
fanout58,sg13g2_buf_1,167.04,75.6,1.92,3.78,Other logic (includes oracle)
fanout59,sg13g2_buf_1,165.12,75.6,1.92,3.78,Other logic (includes oracle)
fanout60,sg13g2_buf_1,115.2,98.28,1.92,3.78,Other logic (includes oracle)
fanout61,sg13g2_buf_1,145.92,143.64,1.92,3.78,Other logic (includes oracle)
fanout62,sg13g2_buf_1,124.8,132.3,1.92,3.78,Other logic (includes oracle)
fanout63,sg13g2_buf_1,137.28,132.3,1.92,3.78,Other logic (includes oracle)
fanout64,sg13g2_buf_1,155.52,120.96,1.92,3.78,Other logic (includes oracle)
fanout65,sg13g2_buf_1,156.96,105.84,1.92,3.78,Other logic (includes oracle)
fanout66,sg13g2_buf_1,174.72,143.64,1.92,3.78,Other logic (includes oracle)
fanout67,sg13g2_buf_1,175.2,139.86,1.92,3.78,Other logic (includes oracle)
fanout68,sg13g2_buf_1,176.64,143.64,1.92,3.78,Other logic (includes oracle)
fanout69,sg13g2_buf_1,178.56,143.64,1.92,3.78,Other logic (includes oracle)
input1,sg13g2_buf_1,184.8,147.42,1.92,3.78,Other logic (includes oracle)
input10,sg13g2_buf_1,164.16,147.42,1.92,3.78,Other logic (includes oracle)
input11,sg13g2_buf_1,156.0,147.42,1.92,3.78,Other logic (includes oracle)
input12,sg13g2_buf_1,154.56,139.86,1.92,3.78,Other logic (includes oracle)
input13,sg13g2_buf_1,137.28,136.08,1.92,3.78,Other logic (includes oracle)
input14,sg13g2_buf_1,139.2,136.08,1.92,3.78,Other logic (includes oracle)
input15,sg13g2_buf_1,135.36,132.3,1.92,3.78,Other logic (includes oracle)
input16,sg13g2_buf_1,154.08,147.42,1.92,3.78,Other logic (includes oracle)
input17,sg13g2_buf_1,121.44,136.08,1.92,3.78,Other logic (includes oracle)
input2,sg13g2_buf_1,180.48,143.64,1.92,3.78,Other logic (includes oracle)
input3,sg13g2_buf_1,179.04,139.86,1.92,3.78,Other logic (includes oracle)
input4,sg13g2_buf_1,177.12,139.86,1.92,3.78,Other logic (includes oracle)
input5,sg13g2_buf_1,167.52,139.86,1.92,3.78,Other logic (includes oracle)
input6,sg13g2_buf_1,164.16,139.86,1.92,3.78,Other logic (includes oracle)
input7,sg13g2_buf_1,162.24,139.86,1.92,3.78,Other logic (includes oracle)
input8,sg13g2_buf_1,158.4,139.86,1.92,3.78,Other logic (includes oracle)
input9,sg13g2_buf_1,156.48,139.86,1.92,3.78,Other logic (includes oracle)
u_dut.g_seg[0].g_fa[0].u_fa.u_a1,sg13g2_and2_1,37.44,49.14,2.4,3.78,DUT carry cells + delay banks
u_dut.g_seg[0].g_fa[0].u_fa.u_a2,sg13g2_and2_1,31.2,41.58,2.4,3.78,DUT carry cells + delay banks
u_dut.g_seg[0].g_fa[0].u_fa.u_o1,sg13g2_or2_1,31.68,49.14,2.4,3.78,DUT carry cells + delay banks
u_dut.g_seg[0].g_fa[0].u_fa.u_x1,sg13g2_xor2_1,29.76,45.36,3.84,3.78,DUT carry cells + delay banks
u_dut.g_seg[0].g_fa[0].u_fa.u_x2,sg13g2_xor2_1,33.6,45.36,3.84,3.78,DUT carry cells + delay banks
u_dut.g_seg[0].g_fa[1].u_fa.u_a1,sg13g2_and2_1,25.44,49.14,2.4,3.78,DUT carry cells + delay banks
u_dut.g_seg[0].g_fa[1].u_fa.u_a2,sg13g2_and2_1,25.44,56.7,2.4,3.78,DUT carry cells + delay banks
u_dut.g_seg[0].g_fa[1].u_fa.u_o1,sg13g2_or2_1,27.84,49.14,2.4,3.78,DUT carry cells + delay banks
u_dut.g_seg[0].g_fa[1].u_fa.u_x1,sg13g2_xor2_1,23.52,52.92,3.84,3.78,DUT carry cells + delay banks
u_dut.g_seg[0].g_fa[1].u_fa.u_x2,sg13g2_xor2_1,27.36,52.92,3.84,3.78,DUT carry cells + delay banks
u_dut.g_seg[0].g_fa[2].u_fa.u_a1,sg13g2_and2_1,45.6,52.92,2.4,3.78,DUT carry cells + delay banks
u_dut.g_seg[0].g_fa[2].u_fa.u_a2,sg13g2_and2_1,31.2,52.92,2.4,3.78,DUT carry cells + delay banks
u_dut.g_seg[0].g_fa[2].u_fa.u_o1,sg13g2_or2_1,50.88,56.7,2.4,3.78,DUT carry cells + delay banks
u_dut.g_seg[0].g_fa[2].u_fa.u_x1,sg13g2_xor2_1,48.0,52.92,3.84,3.78,DUT carry cells + delay banks
u_dut.g_seg[0].g_fa[2].u_fa.u_x2,sg13g2_xor2_1,27.84,56.7,3.84,3.78,DUT carry cells + delay banks
u_dut.g_seg[0].g_fa[3].u_fa.u_a1,sg13g2_and2_1,57.6,56.7,2.4,3.78,DUT carry cells + delay banks
u_dut.g_seg[0].g_fa[3].u_fa.u_a2,sg13g2_and2_1,56.16,64.26,2.4,3.78,DUT carry cells + delay banks
u_dut.g_seg[0].g_fa[3].u_fa.u_o1,sg13g2_or2_1,59.04,60.48,2.4,3.78,DUT carry cells + delay banks
u_dut.g_seg[0].g_fa[3].u_fa.u_x1,sg13g2_xor2_1,54.24,60.48,3.84,3.78,DUT carry cells + delay banks
u_dut.g_seg[0].g_fa[3].u_fa.u_x2,sg13g2_xor2_1,52.32,64.26,3.84,3.78,DUT carry cells + delay banks
u_dut.g_seg[0].u_bank.g_inv[0].u_inv._cell,sg13g2_inv_1,182.88,60.48,1.44,3.78,DUT carry cells + delay banks
u_dut.g_seg[0].u_bank.g_inv[10].u_inv._cell,sg13g2_inv_1,190.08,49.14,1.44,3.78,DUT carry cells + delay banks
u_dut.g_seg[0].u_bank.g_inv[11].u_inv._cell,sg13g2_inv_1,192.96,52.92,1.44,3.78,DUT carry cells + delay banks
u_dut.g_seg[0].u_bank.g_inv[12].u_inv._cell,sg13g2_inv_1,192.48,49.14,1.44,3.78,DUT carry cells + delay banks
u_dut.g_seg[0].u_bank.g_inv[13].u_inv._cell,sg13g2_inv_1,195.84,52.92,1.44,3.78,DUT carry cells + delay banks
u_dut.g_seg[0].u_bank.g_inv[14].u_inv._cell,sg13g2_inv_1,197.28,52.92,1.44,3.78,DUT carry cells + delay banks
u_dut.g_seg[0].u_bank.g_inv[15].u_inv._cell,sg13g2_inv_1,189.12,56.7,1.44,3.78,DUT carry cells + delay banks
u_dut.g_seg[0].u_bank.g_inv[16].u_inv._cell,sg13g2_inv_1,194.4,52.92,1.44,3.78,DUT carry cells + delay banks
u_dut.g_seg[0].u_bank.g_inv[17].u_inv._cell,sg13g2_inv_1,190.56,56.7,1.44,3.78,DUT carry cells + delay banks
u_dut.g_seg[0].u_bank.g_inv[18].u_inv._cell,sg13g2_inv_1,196.32,56.7,1.44,3.78,DUT carry cells + delay banks
u_dut.g_seg[0].u_bank.g_inv[19].u_inv._cell,sg13g2_inv_1,194.88,56.7,1.44,3.78,DUT carry cells + delay banks
u_dut.g_seg[0].u_bank.g_inv[1].u_inv._cell,sg13g2_inv_1,184.32,60.48,1.44,3.78,DUT carry cells + delay banks
u_dut.g_seg[0].u_bank.g_inv[20].u_inv._cell,sg13g2_inv_1,192.0,56.7,1.44,3.78,DUT carry cells + delay banks
u_dut.g_seg[0].u_bank.g_inv[21].u_inv._cell,sg13g2_inv_1,196.8,60.48,1.44,3.78,DUT carry cells + delay banks
u_dut.g_seg[0].u_bank.g_inv[22].u_inv._cell,sg13g2_inv_1,193.44,56.7,1.44,3.78,DUT carry cells + delay banks
u_dut.g_seg[0].u_bank.g_inv[23].u_inv._cell,sg13g2_inv_1,193.92,60.48,1.44,3.78,DUT carry cells + delay banks
u_dut.g_seg[0].u_bank.g_inv[24].u_inv._cell,sg13g2_inv_1,195.36,60.48,1.44,3.78,DUT carry cells + delay banks
u_dut.g_seg[0].u_bank.g_inv[25].u_inv._cell,sg13g2_inv_1,191.04,60.48,1.44,3.78,DUT carry cells + delay banks
u_dut.g_seg[0].u_bank.g_inv[26].u_inv._cell,sg13g2_inv_1,192.48,60.48,1.44,3.78,DUT carry cells + delay banks
u_dut.g_seg[0].u_bank.g_inv[27].u_inv._cell,sg13g2_inv_1,189.6,60.48,1.44,3.78,DUT carry cells + delay banks
u_dut.g_seg[0].u_bank.g_inv[28].u_inv._cell,sg13g2_inv_1,191.04,64.26,1.44,3.78,DUT carry cells + delay banks
u_dut.g_seg[0].u_bank.g_inv[29].u_inv._cell,sg13g2_inv_1,189.6,64.26,1.44,3.78,DUT carry cells + delay banks
u_dut.g_seg[0].u_bank.g_inv[2].u_inv._cell,sg13g2_inv_1,185.76,60.48,1.44,3.78,DUT carry cells + delay banks
u_dut.g_seg[0].u_bank.g_inv[30].u_inv._cell,sg13g2_inv_1,188.16,64.26,1.44,3.78,DUT carry cells + delay banks
u_dut.g_seg[0].u_bank.g_inv[31].u_inv._cell,sg13g2_inv_1,186.72,64.26,1.44,3.78,DUT carry cells + delay banks
u_dut.g_seg[0].u_bank.g_inv[32].u_inv._cell,sg13g2_inv_1,187.2,68.04,1.44,3.78,DUT carry cells + delay banks
u_dut.g_seg[0].u_bank.g_inv[33].u_inv._cell,sg13g2_inv_1,189.12,68.04,1.44,3.78,DUT carry cells + delay banks
u_dut.g_seg[0].u_bank.g_inv[34].u_inv._cell,sg13g2_inv_1,190.56,68.04,1.44,3.78,DUT carry cells + delay banks
u_dut.g_seg[0].u_bank.g_inv[35].u_inv._cell,sg13g2_inv_1,192.0,68.04,1.44,3.78,DUT carry cells + delay banks
u_dut.g_seg[0].u_bank.g_inv[36].u_inv._cell,sg13g2_inv_1,195.36,68.04,1.44,3.78,DUT carry cells + delay banks
u_dut.g_seg[0].u_bank.g_inv[37].u_inv._cell,sg13g2_inv_1,192.96,64.26,1.44,3.78,DUT carry cells + delay banks
u_dut.g_seg[0].u_bank.g_inv[38].u_inv._cell,sg13g2_inv_1,195.84,64.26,1.44,3.78,DUT carry cells + delay banks
u_dut.g_seg[0].u_bank.g_inv[39].u_inv._cell,sg13g2_inv_1,194.4,64.26,1.44,3.78,DUT carry cells + delay banks
u_dut.g_seg[0].u_bank.g_inv[3].u_inv._cell,sg13g2_inv_1,185.76,56.7,1.44,3.78,DUT carry cells + delay banks
u_dut.g_seg[0].u_bank.g_inv[40].u_inv._cell,sg13g2_inv_1,196.8,68.04,1.44,3.78,DUT carry cells + delay banks
u_dut.g_seg[0].u_bank.g_inv[41].u_inv._cell,sg13g2_inv_1,193.92,68.04,1.44,3.78,DUT carry cells + delay banks
u_dut.g_seg[0].u_bank.g_inv[42].u_inv._cell,sg13g2_inv_1,191.04,71.82,1.44,3.78,DUT carry cells + delay banks
u_dut.g_seg[0].u_bank.g_inv[43].u_inv._cell,sg13g2_inv_1,195.36,71.82,1.44,3.78,DUT carry cells + delay banks
u_dut.g_seg[0].u_bank.g_inv[44].u_inv._cell,sg13g2_inv_1,192.48,71.82,1.44,3.78,DUT carry cells + delay banks
u_dut.g_seg[0].u_bank.g_inv[45].u_inv._cell,sg13g2_inv_1,193.92,71.82,1.44,3.78,DUT carry cells + delay banks
u_dut.g_seg[0].u_bank.g_inv[46].u_inv._cell,sg13g2_inv_1,196.8,75.6,1.44,3.78,DUT carry cells + delay banks
u_dut.g_seg[0].u_bank.g_inv[47].u_inv._cell,sg13g2_inv_1,191.04,75.6,1.44,3.78,DUT carry cells + delay banks
u_dut.g_seg[0].u_bank.g_inv[48].u_inv._cell,sg13g2_inv_1,195.36,75.6,1.44,3.78,DUT carry cells + delay banks
u_dut.g_seg[0].u_bank.g_inv[49].u_inv._cell,sg13g2_inv_1,192.48,83.16,1.44,3.78,DUT carry cells + delay banks
u_dut.g_seg[0].u_bank.g_inv[4].u_inv._cell,sg13g2_inv_1,187.2,56.7,1.44,3.78,DUT carry cells + delay banks
u_dut.g_seg[0].u_bank.g_inv[50].u_inv._cell,sg13g2_inv_1,192.48,75.6,1.44,3.78,DUT carry cells + delay banks
u_dut.g_seg[0].u_bank.g_inv[51].u_inv._cell,sg13g2_inv_1,193.92,83.16,1.44,3.78,DUT carry cells + delay banks
u_dut.g_seg[0].u_bank.g_inv[52].u_inv._cell,sg13g2_inv_1,193.92,75.6,1.44,3.78,DUT carry cells + delay banks
u_dut.g_seg[0].u_bank.g_inv[53].u_inv._cell,sg13g2_inv_1,196.8,79.38,1.44,3.78,DUT carry cells + delay banks
u_dut.g_seg[0].u_bank.g_inv[54].u_inv._cell,sg13g2_inv_1,195.36,79.38,1.44,3.78,DUT carry cells + delay banks
u_dut.g_seg[0].u_bank.g_inv[55].u_inv._cell,sg13g2_inv_1,193.92,79.38,1.44,3.78,DUT carry cells + delay banks
u_dut.g_seg[0].u_bank.g_inv[56].u_inv._cell,sg13g2_inv_1,192.48,79.38,1.44,3.78,DUT carry cells + delay banks
u_dut.g_seg[0].u_bank.g_inv[57].u_inv._cell,sg13g2_inv_1,191.04,79.38,1.44,3.78,DUT carry cells + delay banks
u_dut.g_seg[0].u_bank.g_inv[58].u_inv._cell,sg13g2_inv_1,189.6,79.38,1.44,3.78,DUT carry cells + delay banks
u_dut.g_seg[0].u_bank.g_inv[59].u_inv._cell,sg13g2_inv_1,188.16,79.38,1.44,3.78,DUT carry cells + delay banks
u_dut.g_seg[0].u_bank.g_inv[5].u_inv._cell,sg13g2_inv_1,187.2,52.92,1.44,3.78,DUT carry cells + delay banks
u_dut.g_seg[0].u_bank.g_inv[60].u_inv._cell,sg13g2_inv_1,186.72,79.38,1.44,3.78,DUT carry cells + delay banks
u_dut.g_seg[0].u_bank.g_inv[61].u_inv._cell,sg13g2_inv_1,186.24,75.6,1.44,3.78,DUT carry cells + delay banks
u_dut.g_seg[0].u_bank.g_inv[62].u_inv._cell,sg13g2_inv_1,184.8,75.6,1.44,3.78,DUT carry cells + delay banks
u_dut.g_seg[0].u_bank.g_inv[63].u_inv._cell,sg13g2_inv_1,183.36,75.6,1.44,3.78,DUT carry cells + delay banks
u_dut.g_seg[0].u_bank.g_inv[64].u_inv._cell,sg13g2_inv_1,181.92,75.6,1.44,3.78,DUT carry cells + delay banks
u_dut.g_seg[0].u_bank.g_inv[65].u_inv._cell,sg13g2_inv_1,183.36,79.38,1.44,3.78,DUT carry cells + delay banks
u_dut.g_seg[0].u_bank.g_inv[66].u_inv._cell,sg13g2_inv_1,181.92,79.38,1.44,3.78,DUT carry cells + delay banks
u_dut.g_seg[0].u_bank.g_inv[67].u_inv._cell,sg13g2_inv_1,182.4,83.16,1.44,3.78,DUT carry cells + delay banks
u_dut.g_seg[0].u_bank.g_inv[68].u_inv._cell,sg13g2_inv_1,185.28,83.16,1.44,3.78,DUT carry cells + delay banks
u_dut.g_seg[0].u_bank.g_inv[69].u_inv._cell,sg13g2_inv_1,186.72,83.16,1.44,3.78,DUT carry cells + delay banks
u_dut.g_seg[0].u_bank.g_inv[6].u_inv._cell,sg13g2_inv_1,188.64,52.92,1.44,3.78,DUT carry cells + delay banks
u_dut.g_seg[0].u_bank.g_inv[70].u_inv._cell,sg13g2_inv_1,181.92,86.94,1.44,3.78,DUT carry cells + delay banks
u_dut.g_seg[0].u_bank.g_inv[71].u_inv._cell,sg13g2_inv_1,180.48,79.38,1.44,3.78,DUT carry cells + delay banks
u_dut.g_seg[0].u_bank.g_inv[72].u_inv._cell,sg13g2_inv_1,183.84,83.16,1.44,3.78,DUT carry cells + delay banks
u_dut.g_seg[0].u_bank.g_inv[73].u_inv._cell,sg13g2_inv_1,180.96,83.16,1.44,3.78,DUT carry cells + delay banks
u_dut.g_seg[0].u_bank.g_inv[74].u_inv._cell,sg13g2_inv_1,179.52,83.16,1.44,3.78,DUT carry cells + delay banks
u_dut.g_seg[0].u_bank.g_inv[75].u_inv._cell,sg13g2_inv_1,178.08,83.16,1.44,3.78,DUT carry cells + delay banks
u_dut.g_seg[0].u_bank.g_inv[76].u_inv._cell,sg13g2_inv_1,176.64,83.16,1.44,3.78,DUT carry cells + delay banks
u_dut.g_seg[0].u_bank.g_inv[77].u_inv._cell,sg13g2_inv_1,175.2,83.16,1.44,3.78,DUT carry cells + delay banks
u_dut.g_seg[0].u_bank.g_inv[78].u_inv._cell,sg13g2_inv_1,175.68,79.38,1.44,3.78,DUT carry cells + delay banks
u_dut.g_seg[0].u_bank.g_inv[79].u_inv._cell,sg13g2_inv_1,174.24,79.38,1.44,3.78,DUT carry cells + delay banks
u_dut.g_seg[0].u_bank.g_inv[7].u_inv._cell,sg13g2_inv_1,185.76,52.92,1.44,3.78,DUT carry cells + delay banks
u_dut.g_seg[0].u_bank.g_inv[80].u_inv._cell,sg13g2_inv_1,172.8,79.38,1.44,3.78,DUT carry cells + delay banks
u_dut.g_seg[0].u_bank.g_inv[81].u_inv._cell,sg13g2_inv_1,171.36,79.38,1.44,3.78,DUT carry cells + delay banks
u_dut.g_seg[0].u_bank.g_inv[82].u_inv._cell,sg13g2_inv_1,171.84,75.6,1.44,3.78,DUT carry cells + delay banks
u_dut.g_seg[0].u_bank.g_inv[83].u_inv._cell,sg13g2_inv_1,170.4,75.6,1.44,3.78,DUT carry cells + delay banks
u_dut.g_seg[0].u_bank.g_inv[84].u_inv._cell,sg13g2_inv_1,173.28,75.6,1.44,3.78,DUT carry cells + delay banks
u_dut.g_seg[0].u_bank.g_inv[85].u_inv._cell,sg13g2_inv_1,168.96,75.6,1.44,3.78,DUT carry cells + delay banks
u_dut.g_seg[0].u_bank.g_inv[86].u_inv._cell,sg13g2_inv_1,174.72,75.6,1.44,3.78,DUT carry cells + delay banks
u_dut.g_seg[0].u_bank.g_inv[87].u_inv._cell,sg13g2_inv_1,170.4,71.82,1.44,3.78,DUT carry cells + delay banks
u_dut.g_seg[0].u_bank.g_inv[88].u_inv._cell,sg13g2_inv_1,176.16,75.6,1.44,3.78,DUT carry cells + delay banks
u_dut.g_seg[0].u_bank.g_inv[89].u_inv._cell,sg13g2_inv_1,177.6,75.6,1.44,3.78,DUT carry cells + delay banks
u_dut.g_seg[0].u_bank.g_inv[8].u_inv._cell,sg13g2_inv_1,191.52,52.92,1.44,3.78,DUT carry cells + delay banks
u_dut.g_seg[0].u_bank.g_inv[90].u_inv._cell,sg13g2_inv_1,173.28,71.82,1.44,3.78,DUT carry cells + delay banks
u_dut.g_seg[0].u_bank.g_inv[91].u_inv._cell,sg13g2_inv_1,174.72,71.82,1.44,3.78,DUT carry cells + delay banks
u_dut.g_seg[0].u_bank.g_inv[92].u_inv._cell,sg13g2_inv_1,176.16,71.82,1.44,3.78,DUT carry cells + delay banks
u_dut.g_seg[0].u_bank.g_inv[93].u_inv._cell,sg13g2_inv_1,177.6,71.82,1.44,3.78,DUT carry cells + delay banks
u_dut.g_seg[0].u_bank.g_inv[94].u_inv._cell,sg13g2_inv_1,178.56,68.04,1.44,3.78,DUT carry cells + delay banks
u_dut.g_seg[0].u_bank.g_inv[95].u_inv._cell,sg13g2_inv_1,180.0,75.6,1.44,3.78,DUT carry cells + delay banks
u_dut.g_seg[0].u_bank.g_inv[9].u_inv._cell,sg13g2_inv_1,190.08,52.92,1.44,3.78,DUT carry cells + delay banks
u_dut.g_seg[0].u_bank.u_mux.u_m0,sg13g2_mux2_1,180.96,68.04,4.8,3.78,DUT carry cells + delay banks
u_dut.g_seg[0].u_bank.u_mux.u_m1,sg13g2_mux2_1,179.52,71.82,4.8,3.78,DUT carry cells + delay banks
u_dut.g_seg[0].u_bank.u_mux.u_m2,sg13g2_mux2_1,184.32,71.82,4.8,3.78,DUT carry cells + delay banks
u_dut.g_seg[1].g_fa[0].u_fa.u_a1,sg13g2_and2_1,63.84,60.48,2.4,3.78,DUT carry cells + delay banks
u_dut.g_seg[1].g_fa[0].u_fa.u_a2,sg13g2_and2_1,72.96,64.26,2.4,3.78,DUT carry cells + delay banks
u_dut.g_seg[1].g_fa[0].u_fa.u_o1,sg13g2_or2_1,71.04,60.48,2.4,3.78,DUT carry cells + delay banks
u_dut.g_seg[1].g_fa[0].u_fa.u_x1,sg13g2_xor2_1,66.24,60.48,3.84,3.78,DUT carry cells + delay banks
u_dut.g_seg[1].g_fa[0].u_fa.u_x2,sg13g2_xor2_1,65.28,64.26,3.84,3.78,DUT carry cells + delay banks
u_dut.g_seg[1].g_fa[1].u_fa.u_a1,sg13g2_and2_1,77.76,45.36,2.4,3.78,DUT carry cells + delay banks
u_dut.g_seg[1].g_fa[1].u_fa.u_a2,sg13g2_and2_1,74.88,56.7,2.4,3.78,DUT carry cells + delay banks
u_dut.g_seg[1].g_fa[1].u_fa.u_o1,sg13g2_or2_1,78.24,49.14,2.4,3.78,DUT carry cells + delay banks
u_dut.g_seg[1].g_fa[1].u_fa.u_x1,sg13g2_xor2_1,73.92,45.36,3.84,3.78,DUT carry cells + delay banks
u_dut.g_seg[1].g_fa[1].u_fa.u_x2,sg13g2_xor2_1,75.36,60.48,3.84,3.78,DUT carry cells + delay banks
u_dut.g_seg[1].g_fa[2].u_fa.u_a1,sg13g2_and2_1,97.92,45.36,2.4,3.78,DUT carry cells + delay banks
u_dut.g_seg[1].g_fa[2].u_fa.u_a2,sg13g2_and2_1,99.84,49.14,2.4,3.78,DUT carry cells + delay banks
u_dut.g_seg[1].g_fa[2].u_fa.u_o1,sg13g2_or2_1,105.12,45.36,2.4,3.78,DUT carry cells + delay banks
u_dut.g_seg[1].g_fa[2].u_fa.u_x1,sg13g2_xor2_1,100.32,45.36,3.84,3.78,DUT carry cells + delay banks
u_dut.g_seg[1].g_fa[2].u_fa.u_x2,sg13g2_xor2_1,102.24,49.14,3.84,3.78,DUT carry cells + delay banks
u_dut.g_seg[1].g_fa[3].u_fa.u_a1,sg13g2_and2_1,106.56,37.8,2.4,3.78,DUT carry cells + delay banks
u_dut.g_seg[1].g_fa[3].u_fa.u_a2,sg13g2_and2_1,108.96,41.58,2.4,3.78,DUT carry cells + delay banks
u_dut.g_seg[1].g_fa[3].u_fa.u_o1,sg13g2_or2_1,111.36,41.58,2.4,3.78,DUT carry cells + delay banks
u_dut.g_seg[1].g_fa[3].u_fa.u_x1,sg13g2_xor2_1,105.12,41.58,3.84,3.78,DUT carry cells + delay banks
u_dut.g_seg[1].g_fa[3].u_fa.u_x2,sg13g2_xor2_1,107.52,45.36,3.84,3.78,DUT carry cells + delay banks
u_dut.g_seg[1].u_bank.g_inv[0].u_inv._cell,sg13g2_inv_1,161.28,37.8,1.44,3.78,DUT carry cells + delay banks
u_dut.g_seg[1].u_bank.g_inv[10].u_inv._cell,sg13g2_inv_1,164.64,30.24,1.44,3.78,DUT carry cells + delay banks
u_dut.g_seg[1].u_bank.g_inv[11].u_inv._cell,sg13g2_inv_1,163.2,30.24,1.44,3.78,DUT carry cells + delay banks
u_dut.g_seg[1].u_bank.g_inv[12].u_inv._cell,sg13g2_inv_1,166.08,30.24,1.44,3.78,DUT carry cells + delay banks
u_dut.g_seg[1].u_bank.g_inv[13].u_inv._cell,sg13g2_inv_1,164.64,26.46,1.44,3.78,DUT carry cells + delay banks
u_dut.g_seg[1].u_bank.g_inv[14].u_inv._cell,sg13g2_inv_1,167.52,26.46,1.44,3.78,DUT carry cells + delay banks
u_dut.g_seg[1].u_bank.g_inv[15].u_inv._cell,sg13g2_inv_1,166.08,26.46,1.44,3.78,DUT carry cells + delay banks
u_dut.g_seg[1].u_bank.g_inv[16].u_inv._cell,sg13g2_inv_1,170.4,26.46,1.44,3.78,DUT carry cells + delay banks
u_dut.g_seg[1].u_bank.g_inv[17].u_inv._cell,sg13g2_inv_1,168.96,26.46,1.44,3.78,DUT carry cells + delay banks
u_dut.g_seg[1].u_bank.g_inv[18].u_inv._cell,sg13g2_inv_1,168.96,22.68,1.44,3.78,DUT carry cells + delay banks
u_dut.g_seg[1].u_bank.g_inv[19].u_inv._cell,sg13g2_inv_1,171.84,26.46,1.44,3.78,DUT carry cells + delay banks
u_dut.g_seg[1].u_bank.g_inv[1].u_inv._cell,sg13g2_inv_1,162.72,37.8,1.44,3.78,DUT carry cells + delay banks
u_dut.g_seg[1].u_bank.g_inv[20].u_inv._cell,sg13g2_inv_1,170.4,22.68,1.44,3.78,DUT carry cells + delay banks
u_dut.g_seg[1].u_bank.g_inv[21].u_inv._cell,sg13g2_inv_1,173.28,26.46,1.44,3.78,DUT carry cells + delay banks
u_dut.g_seg[1].u_bank.g_inv[22].u_inv._cell,sg13g2_inv_1,174.72,26.46,1.44,3.78,DUT carry cells + delay banks
u_dut.g_seg[1].u_bank.g_inv[23].u_inv._cell,sg13g2_inv_1,169.92,30.24,1.44,3.78,DUT carry cells + delay banks
u_dut.g_seg[1].u_bank.g_inv[24].u_inv._cell,sg13g2_inv_1,174.24,30.24,1.44,3.78,DUT carry cells + delay banks
u_dut.g_seg[1].u_bank.g_inv[25].u_inv._cell,sg13g2_inv_1,171.36,30.24,1.44,3.78,DUT carry cells + delay banks
u_dut.g_seg[1].u_bank.g_inv[26].u_inv._cell,sg13g2_inv_1,172.8,30.24,1.44,3.78,DUT carry cells + delay banks
u_dut.g_seg[1].u_bank.g_inv[27].u_inv._cell,sg13g2_inv_1,170.4,34.02,1.44,3.78,DUT carry cells + delay banks
u_dut.g_seg[1].u_bank.g_inv[28].u_inv._cell,sg13g2_inv_1,176.16,34.02,1.44,3.78,DUT carry cells + delay banks
u_dut.g_seg[1].u_bank.g_inv[29].u_inv._cell,sg13g2_inv_1,171.84,34.02,1.44,3.78,DUT carry cells + delay banks
u_dut.g_seg[1].u_bank.g_inv[2].u_inv._cell,sg13g2_inv_1,164.16,37.8,1.44,3.78,DUT carry cells + delay banks
u_dut.g_seg[1].u_bank.g_inv[30].u_inv._cell,sg13g2_inv_1,176.16,37.8,1.44,3.78,DUT carry cells + delay banks
u_dut.g_seg[1].u_bank.g_inv[31].u_inv._cell,sg13g2_inv_1,173.28,34.02,1.44,3.78,DUT carry cells + delay banks
u_dut.g_seg[1].u_bank.g_inv[32].u_inv._cell,sg13g2_inv_1,174.72,34.02,1.44,3.78,DUT carry cells + delay banks
u_dut.g_seg[1].u_bank.g_inv[33].u_inv._cell,sg13g2_inv_1,177.6,34.02,1.44,3.78,DUT carry cells + delay banks
u_dut.g_seg[1].u_bank.g_inv[34].u_inv._cell,sg13g2_inv_1,179.04,34.02,1.44,3.78,DUT carry cells + delay banks
u_dut.g_seg[1].u_bank.g_inv[35].u_inv._cell,sg13g2_inv_1,177.6,30.24,1.44,3.78,DUT carry cells + delay banks
u_dut.g_seg[1].u_bank.g_inv[36].u_inv._cell,sg13g2_inv_1,179.52,30.24,1.44,3.78,DUT carry cells + delay banks
u_dut.g_seg[1].u_bank.g_inv[37].u_inv._cell,sg13g2_inv_1,180.96,30.24,1.44,3.78,DUT carry cells + delay banks
u_dut.g_seg[1].u_bank.g_inv[38].u_inv._cell,sg13g2_inv_1,182.4,30.24,1.44,3.78,DUT carry cells + delay banks
u_dut.g_seg[1].u_bank.g_inv[39].u_inv._cell,sg13g2_inv_1,180.96,26.46,1.44,3.78,DUT carry cells + delay banks
u_dut.g_seg[1].u_bank.g_inv[3].u_inv._cell,sg13g2_inv_1,161.76,30.24,1.44,3.78,DUT carry cells + delay banks
u_dut.g_seg[1].u_bank.g_inv[40].u_inv._cell,sg13g2_inv_1,182.4,26.46,1.44,3.78,DUT carry cells + delay banks
u_dut.g_seg[1].u_bank.g_inv[41].u_inv._cell,sg13g2_inv_1,183.84,26.46,1.44,3.78,DUT carry cells + delay banks
u_dut.g_seg[1].u_bank.g_inv[42].u_inv._cell,sg13g2_inv_1,185.28,26.46,1.44,3.78,DUT carry cells + delay banks
u_dut.g_seg[1].u_bank.g_inv[43].u_inv._cell,sg13g2_inv_1,184.8,22.68,1.44,3.78,DUT carry cells + delay banks
u_dut.g_seg[1].u_bank.g_inv[44].u_inv._cell,sg13g2_inv_1,186.72,22.68,1.44,3.78,DUT carry cells + delay banks
u_dut.g_seg[1].u_bank.g_inv[45].u_inv._cell,sg13g2_inv_1,188.16,22.68,1.44,3.78,DUT carry cells + delay banks
u_dut.g_seg[1].u_bank.g_inv[46].u_inv._cell,sg13g2_inv_1,189.6,22.68,1.44,3.78,DUT carry cells + delay banks
u_dut.g_seg[1].u_bank.g_inv[47].u_inv._cell,sg13g2_inv_1,191.04,22.68,1.44,3.78,DUT carry cells + delay banks
u_dut.g_seg[1].u_bank.g_inv[48].u_inv._cell,sg13g2_inv_1,193.92,22.68,1.44,3.78,DUT carry cells + delay banks
u_dut.g_seg[1].u_bank.g_inv[49].u_inv._cell,sg13g2_inv_1,192.48,22.68,1.44,3.78,DUT carry cells + delay banks
u_dut.g_seg[1].u_bank.g_inv[4].u_inv._cell,sg13g2_inv_1,162.72,41.58,1.44,3.78,DUT carry cells + delay banks
u_dut.g_seg[1].u_bank.g_inv[50].u_inv._cell,sg13g2_inv_1,195.36,22.68,1.44,3.78,DUT carry cells + delay banks
u_dut.g_seg[1].u_bank.g_inv[51].u_inv._cell,sg13g2_inv_1,190.56,26.46,1.44,3.78,DUT carry cells + delay banks
u_dut.g_seg[1].u_bank.g_inv[52].u_inv._cell,sg13g2_inv_1,196.8,26.46,1.44,3.78,DUT carry cells + delay banks
u_dut.g_seg[1].u_bank.g_inv[53].u_inv._cell,sg13g2_inv_1,193.92,26.46,1.44,3.78,DUT carry cells + delay banks
u_dut.g_seg[1].u_bank.g_inv[54].u_inv._cell,sg13g2_inv_1,195.36,26.46,1.44,3.78,DUT carry cells + delay banks
u_dut.g_seg[1].u_bank.g_inv[55].u_inv._cell,sg13g2_inv_1,195.36,30.24,1.44,3.78,DUT carry cells + delay banks
u_dut.g_seg[1].u_bank.g_inv[56].u_inv._cell,sg13g2_inv_1,192.0,26.46,1.44,3.78,DUT carry cells + delay banks
u_dut.g_seg[1].u_bank.g_inv[57].u_inv._cell,sg13g2_inv_1,190.56,30.24,1.44,3.78,DUT carry cells + delay banks
u_dut.g_seg[1].u_bank.g_inv[58].u_inv._cell,sg13g2_inv_1,189.12,30.24,1.44,3.78,DUT carry cells + delay banks
u_dut.g_seg[1].u_bank.g_inv[59].u_inv._cell,sg13g2_inv_1,187.68,30.24,1.44,3.78,DUT carry cells + delay banks
u_dut.g_seg[1].u_bank.g_inv[5].u_inv._cell,sg13g2_inv_1,161.28,41.58,1.44,3.78,DUT carry cells + delay banks
u_dut.g_seg[1].u_bank.g_inv[60].u_inv._cell,sg13g2_inv_1,186.24,30.24,1.44,3.78,DUT carry cells + delay banks
u_dut.g_seg[1].u_bank.g_inv[61].u_inv._cell,sg13g2_inv_1,187.68,34.02,1.44,3.78,DUT carry cells + delay banks
u_dut.g_seg[1].u_bank.g_inv[62].u_inv._cell,sg13g2_inv_1,181.92,34.02,1.44,3.78,DUT carry cells + delay banks
u_dut.g_seg[1].u_bank.g_inv[63].u_inv._cell,sg13g2_inv_1,183.36,34.02,1.44,3.78,DUT carry cells + delay banks
u_dut.g_seg[1].u_bank.g_inv[64].u_inv._cell,sg13g2_inv_1,185.28,37.8,1.44,3.78,DUT carry cells + delay banks
u_dut.g_seg[1].u_bank.g_inv[65].u_inv._cell,sg13g2_inv_1,186.72,37.8,1.44,3.78,DUT carry cells + delay banks
u_dut.g_seg[1].u_bank.g_inv[66].u_inv._cell,sg13g2_inv_1,184.8,34.02,1.44,3.78,DUT carry cells + delay banks
u_dut.g_seg[1].u_bank.g_inv[67].u_inv._cell,sg13g2_inv_1,186.24,34.02,1.44,3.78,DUT carry cells + delay banks
u_dut.g_seg[1].u_bank.g_inv[68].u_inv._cell,sg13g2_inv_1,189.12,34.02,1.44,3.78,DUT carry cells + delay banks
u_dut.g_seg[1].u_bank.g_inv[69].u_inv._cell,sg13g2_inv_1,190.56,34.02,1.44,3.78,DUT carry cells + delay banks
u_dut.g_seg[1].u_bank.g_inv[6].u_inv._cell,sg13g2_inv_1,166.08,34.02,1.44,3.78,DUT carry cells + delay banks
u_dut.g_seg[1].u_bank.g_inv[70].u_inv._cell,sg13g2_inv_1,192.0,34.02,1.44,3.78,DUT carry cells + delay banks
u_dut.g_seg[1].u_bank.g_inv[71].u_inv._cell,sg13g2_inv_1,193.44,34.02,1.44,3.78,DUT carry cells + delay banks
u_dut.g_seg[1].u_bank.g_inv[72].u_inv._cell,sg13g2_inv_1,192.48,30.24,1.44,3.78,DUT carry cells + delay banks
u_dut.g_seg[1].u_bank.g_inv[73].u_inv._cell,sg13g2_inv_1,193.92,30.24,1.44,3.78,DUT carry cells + delay banks
u_dut.g_seg[1].u_bank.g_inv[74].u_inv._cell,sg13g2_inv_1,197.76,34.02,1.44,3.78,DUT carry cells + delay banks
u_dut.g_seg[1].u_bank.g_inv[75].u_inv._cell,sg13g2_inv_1,196.32,34.02,1.44,3.78,DUT carry cells + delay banks
u_dut.g_seg[1].u_bank.g_inv[76].u_inv._cell,sg13g2_inv_1,194.88,34.02,1.44,3.78,DUT carry cells + delay banks
u_dut.g_seg[1].u_bank.g_inv[77].u_inv._cell,sg13g2_inv_1,191.04,37.8,1.44,3.78,DUT carry cells + delay banks
u_dut.g_seg[1].u_bank.g_inv[78].u_inv._cell,sg13g2_inv_1,195.36,37.8,1.44,3.78,DUT carry cells + delay banks
u_dut.g_seg[1].u_bank.g_inv[79].u_inv._cell,sg13g2_inv_1,192.48,37.8,1.44,3.78,DUT carry cells + delay banks
u_dut.g_seg[1].u_bank.g_inv[7].u_inv._cell,sg13g2_inv_1,164.64,34.02,1.44,3.78,DUT carry cells + delay banks
u_dut.g_seg[1].u_bank.g_inv[80].u_inv._cell,sg13g2_inv_1,193.92,37.8,1.44,3.78,DUT carry cells + delay banks
u_dut.g_seg[1].u_bank.g_inv[81].u_inv._cell,sg13g2_inv_1,196.8,41.58,1.44,3.78,DUT carry cells + delay banks
u_dut.g_seg[1].u_bank.g_inv[82].u_inv._cell,sg13g2_inv_1,195.36,41.58,1.44,3.78,DUT carry cells + delay banks
u_dut.g_seg[1].u_bank.g_inv[83].u_inv._cell,sg13g2_inv_1,193.92,41.58,1.44,3.78,DUT carry cells + delay banks
u_dut.g_seg[1].u_bank.g_inv[84].u_inv._cell,sg13g2_inv_1,192.48,41.58,1.44,3.78,DUT carry cells + delay banks
u_dut.g_seg[1].u_bank.g_inv[85].u_inv._cell,sg13g2_inv_1,193.92,45.36,1.44,3.78,DUT carry cells + delay banks
u_dut.g_seg[1].u_bank.g_inv[86].u_inv._cell,sg13g2_inv_1,191.04,41.58,1.44,3.78,DUT carry cells + delay banks
u_dut.g_seg[1].u_bank.g_inv[87].u_inv._cell,sg13g2_inv_1,192.48,45.36,1.44,3.78,DUT carry cells + delay banks
u_dut.g_seg[1].u_bank.g_inv[88].u_inv._cell,sg13g2_inv_1,191.04,45.36,1.44,3.78,DUT carry cells + delay banks
u_dut.g_seg[1].u_bank.g_inv[89].u_inv._cell,sg13g2_inv_1,189.6,45.36,1.44,3.78,DUT carry cells + delay banks
u_dut.g_seg[1].u_bank.g_inv[8].u_inv._cell,sg13g2_inv_1,167.52,34.02,1.44,3.78,DUT carry cells + delay banks
u_dut.g_seg[1].u_bank.g_inv[90].u_inv._cell,sg13g2_inv_1,188.16,45.36,1.44,3.78,DUT carry cells + delay banks
u_dut.g_seg[1].u_bank.g_inv[91].u_inv._cell,sg13g2_inv_1,186.72,45.36,1.44,3.78,DUT carry cells + delay banks
u_dut.g_seg[1].u_bank.g_inv[92].u_inv._cell,sg13g2_inv_1,185.28,45.36,1.44,3.78,DUT carry cells + delay banks
u_dut.g_seg[1].u_bank.g_inv[93].u_inv._cell,sg13g2_inv_1,185.28,41.58,1.44,3.78,DUT carry cells + delay banks
u_dut.g_seg[1].u_bank.g_inv[94].u_inv._cell,sg13g2_inv_1,183.84,41.58,1.44,3.78,DUT carry cells + delay banks
u_dut.g_seg[1].u_bank.g_inv[95].u_inv._cell,sg13g2_inv_1,182.4,41.58,1.44,3.78,DUT carry cells + delay banks
u_dut.g_seg[1].u_bank.g_inv[9].u_inv._cell,sg13g2_inv_1,168.96,34.02,1.44,3.78,DUT carry cells + delay banks
u_dut.g_seg[1].u_bank.u_mux.u_m0,sg13g2_mux2_1,166.56,37.8,4.8,3.78,DUT carry cells + delay banks
u_dut.g_seg[1].u_bank.u_mux.u_m1,sg13g2_mux2_1,180.48,37.8,4.8,3.78,DUT carry cells + delay banks
u_dut.g_seg[1].u_bank.u_mux.u_m2,sg13g2_mux2_1,171.36,37.8,4.8,3.78,DUT carry cells + delay banks
u_dut.g_seg[2].g_fa[0].u_fa.u_a1,sg13g2_and2_1,80.64,22.68,2.4,3.78,DUT carry cells + delay banks
u_dut.g_seg[2].g_fa[0].u_fa.u_a2,sg13g2_and2_1,122.4,18.9,2.4,3.78,DUT carry cells + delay banks
u_dut.g_seg[2].g_fa[0].u_fa.u_o1,sg13g2_or2_1,82.56,26.46,2.4,3.78,DUT carry cells + delay banks
u_dut.g_seg[2].g_fa[0].u_fa.u_x1,sg13g2_xor2_1,87.36,18.9,3.84,3.78,DUT carry cells + delay banks
u_dut.g_seg[2].g_fa[0].u_fa.u_x2,sg13g2_xor2_1,124.8,22.68,3.84,3.78,DUT carry cells + delay banks
u_dut.g_seg[2].g_fa[1].u_fa.u_a1,sg13g2_and2_1,84.96,15.12,2.4,3.78,DUT carry cells + delay banks
u_dut.g_seg[2].g_fa[1].u_fa.u_a2,sg13g2_and2_1,80.64,11.34,2.4,3.78,DUT carry cells + delay banks
u_dut.g_seg[2].g_fa[1].u_fa.u_o1,sg13g2_or2_1,89.28,11.34,2.4,3.78,DUT carry cells + delay banks
u_dut.g_seg[2].g_fa[1].u_fa.u_x1,sg13g2_xor2_1,79.68,15.12,3.84,3.78,DUT carry cells + delay banks
u_dut.g_seg[2].g_fa[1].u_fa.u_x2,sg13g2_xor2_1,83.04,11.34,3.84,3.78,DUT carry cells + delay banks
u_dut.g_seg[2].g_fa[2].u_fa.u_a1,sg13g2_and2_1,101.76,11.34,2.4,3.78,DUT carry cells + delay banks
u_dut.g_seg[2].g_fa[2].u_fa.u_a2,sg13g2_and2_1,100.32,3.78,2.4,3.78,DUT carry cells + delay banks
u_dut.g_seg[2].g_fa[2].u_fa.u_o1,sg13g2_or2_1,102.72,3.78,2.4,3.78,DUT carry cells + delay banks
u_dut.g_seg[2].g_fa[2].u_fa.u_x1,sg13g2_xor2_1,97.92,11.34,3.84,3.78,DUT carry cells + delay banks
u_dut.g_seg[2].g_fa[2].u_fa.u_x2,sg13g2_xor2_1,101.28,7.56,3.84,3.78,DUT carry cells + delay banks
u_dut.g_seg[2].g_fa[3].u_fa.u_a1,sg13g2_and2_1,128.16,15.12,2.4,3.78,DUT carry cells + delay banks
u_dut.g_seg[2].g_fa[3].u_fa.u_a2,sg13g2_and2_1,135.36,11.34,2.4,3.78,DUT carry cells + delay banks
u_dut.g_seg[2].g_fa[3].u_fa.u_o1,sg13g2_or2_1,133.44,7.56,2.4,3.78,DUT carry cells + delay banks
u_dut.g_seg[2].g_fa[3].u_fa.u_x1,sg13g2_xor2_1,127.68,11.34,3.84,3.78,DUT carry cells + delay banks
u_dut.g_seg[2].g_fa[3].u_fa.u_x2,sg13g2_xor2_1,131.52,11.34,3.84,3.78,DUT carry cells + delay banks
u_dut.g_seg[2].u_bank.g_inv[0].u_inv._cell,sg13g2_inv_1,140.64,15.12,1.44,3.78,DUT carry cells + delay banks
u_dut.g_seg[2].u_bank.g_inv[10].u_inv._cell,sg13g2_inv_1,144.48,3.78,1.44,3.78,DUT carry cells + delay banks
u_dut.g_seg[2].u_bank.g_inv[11].u_inv._cell,sg13g2_inv_1,146.4,3.78,1.44,3.78,DUT carry cells + delay banks
u_dut.g_seg[2].u_bank.g_inv[12].u_inv._cell,sg13g2_inv_1,147.84,3.78,1.44,3.78,DUT carry cells + delay banks
u_dut.g_seg[2].u_bank.g_inv[13].u_inv._cell,sg13g2_inv_1,149.28,3.78,1.44,3.78,DUT carry cells + delay banks
u_dut.g_seg[2].u_bank.g_inv[14].u_inv._cell,sg13g2_inv_1,150.72,3.78,1.44,3.78,DUT carry cells + delay banks
u_dut.g_seg[2].u_bank.g_inv[15].u_inv._cell,sg13g2_inv_1,152.16,3.78,1.44,3.78,DUT carry cells + delay banks
u_dut.g_seg[2].u_bank.g_inv[16].u_inv._cell,sg13g2_inv_1,153.6,3.78,1.44,3.78,DUT carry cells + delay banks
u_dut.g_seg[2].u_bank.g_inv[17].u_inv._cell,sg13g2_inv_1,156.48,3.78,1.44,3.78,DUT carry cells + delay banks
u_dut.g_seg[2].u_bank.g_inv[18].u_inv._cell,sg13g2_inv_1,155.04,3.78,1.44,3.78,DUT carry cells + delay banks
u_dut.g_seg[2].u_bank.g_inv[19].u_inv._cell,sg13g2_inv_1,154.56,7.56,1.44,3.78,DUT carry cells + delay banks
u_dut.g_seg[2].u_bank.g_inv[1].u_inv._cell,sg13g2_inv_1,141.6,11.34,1.44,3.78,DUT carry cells + delay banks
u_dut.g_seg[2].u_bank.g_inv[20].u_inv._cell,sg13g2_inv_1,150.24,7.56,1.44,3.78,DUT carry cells + delay banks
u_dut.g_seg[2].u_bank.g_inv[21].u_inv._cell,sg13g2_inv_1,153.12,7.56,1.44,3.78,DUT carry cells + delay banks
u_dut.g_seg[2].u_bank.g_inv[22].u_inv._cell,sg13g2_inv_1,151.68,7.56,1.44,3.78,DUT carry cells + delay banks
u_dut.g_seg[2].u_bank.g_inv[23].u_inv._cell,sg13g2_inv_1,154.08,11.34,1.44,3.78,DUT carry cells + delay banks
u_dut.g_seg[2].u_bank.g_inv[24].u_inv._cell,sg13g2_inv_1,148.32,11.34,1.44,3.78,DUT carry cells + delay banks
u_dut.g_seg[2].u_bank.g_inv[25].u_inv._cell,sg13g2_inv_1,152.64,11.34,1.44,3.78,DUT carry cells + delay banks
u_dut.g_seg[2].u_bank.g_inv[26].u_inv._cell,sg13g2_inv_1,149.76,11.34,1.44,3.78,DUT carry cells + delay banks
u_dut.g_seg[2].u_bank.g_inv[27].u_inv._cell,sg13g2_inv_1,151.2,11.34,1.44,3.78,DUT carry cells + delay banks
u_dut.g_seg[2].u_bank.g_inv[28].u_inv._cell,sg13g2_inv_1,147.84,15.12,1.44,3.78,DUT carry cells + delay banks
u_dut.g_seg[2].u_bank.g_inv[29].u_inv._cell,sg13g2_inv_1,153.6,15.12,1.44,3.78,DUT carry cells + delay banks
u_dut.g_seg[2].u_bank.g_inv[2].u_inv._cell,sg13g2_inv_1,140.16,11.34,1.44,3.78,DUT carry cells + delay banks
u_dut.g_seg[2].u_bank.g_inv[30].u_inv._cell,sg13g2_inv_1,149.28,15.12,1.44,3.78,DUT carry cells + delay banks
u_dut.g_seg[2].u_bank.g_inv[31].u_inv._cell,sg13g2_inv_1,150.72,15.12,1.44,3.78,DUT carry cells + delay banks
u_dut.g_seg[2].u_bank.g_inv[32].u_inv._cell,sg13g2_inv_1,152.16,15.12,1.44,3.78,DUT carry cells + delay banks
u_dut.g_seg[2].u_bank.g_inv[33].u_inv._cell,sg13g2_inv_1,155.04,15.12,1.44,3.78,DUT carry cells + delay banks
u_dut.g_seg[2].u_bank.g_inv[34].u_inv._cell,sg13g2_inv_1,156.48,15.12,1.44,3.78,DUT carry cells + delay banks
u_dut.g_seg[2].u_bank.g_inv[35].u_inv._cell,sg13g2_inv_1,157.92,15.12,1.44,3.78,DUT carry cells + delay banks
u_dut.g_seg[2].u_bank.g_inv[36].u_inv._cell,sg13g2_inv_1,159.36,15.12,1.44,3.78,DUT carry cells + delay banks
u_dut.g_seg[2].u_bank.g_inv[37].u_inv._cell,sg13g2_inv_1,157.92,11.34,1.44,3.78,DUT carry cells + delay banks
u_dut.g_seg[2].u_bank.g_inv[38].u_inv._cell,sg13g2_inv_1,159.36,11.34,1.44,3.78,DUT carry cells + delay banks
u_dut.g_seg[2].u_bank.g_inv[39].u_inv._cell,sg13g2_inv_1,160.8,11.34,1.44,3.78,DUT carry cells + delay banks
u_dut.g_seg[2].u_bank.g_inv[3].u_inv._cell,sg13g2_inv_1,143.04,11.34,1.44,3.78,DUT carry cells + delay banks
u_dut.g_seg[2].u_bank.g_inv[40].u_inv._cell,sg13g2_inv_1,160.32,7.56,1.44,3.78,DUT carry cells + delay banks
u_dut.g_seg[2].u_bank.g_inv[41].u_inv._cell,sg13g2_inv_1,158.88,7.56,1.44,3.78,DUT carry cells + delay banks
u_dut.g_seg[2].u_bank.g_inv[42].u_inv._cell,sg13g2_inv_1,163.2,7.56,1.44,3.78,DUT carry cells + delay banks
u_dut.g_seg[2].u_bank.g_inv[43].u_inv._cell,sg13g2_inv_1,161.76,7.56,1.44,3.78,DUT carry cells + delay banks
u_dut.g_seg[2].u_bank.g_inv[44].u_inv._cell,sg13g2_inv_1,162.72,3.78,1.44,3.78,DUT carry cells + delay banks
u_dut.g_seg[2].u_bank.g_inv[45].u_inv._cell,sg13g2_inv_1,161.28,3.78,1.44,3.78,DUT carry cells + delay banks
u_dut.g_seg[2].u_bank.g_inv[46].u_inv._cell,sg13g2_inv_1,159.84,3.78,1.44,3.78,DUT carry cells + delay banks
u_dut.g_seg[2].u_bank.g_inv[47].u_inv._cell,sg13g2_inv_1,164.16,3.78,1.44,3.78,DUT carry cells + delay banks
u_dut.g_seg[2].u_bank.g_inv[48].u_inv._cell,sg13g2_inv_1,167.04,3.78,1.44,3.78,DUT carry cells + delay banks
u_dut.g_seg[2].u_bank.g_inv[49].u_inv._cell,sg13g2_inv_1,165.6,3.78,1.44,3.78,DUT carry cells + delay banks
u_dut.g_seg[2].u_bank.g_inv[4].u_inv._cell,sg13g2_inv_1,138.72,11.34,1.44,3.78,DUT carry cells + delay banks
u_dut.g_seg[2].u_bank.g_inv[50].u_inv._cell,sg13g2_inv_1,168.48,3.78,1.44,3.78,DUT carry cells + delay banks
u_dut.g_seg[2].u_bank.g_inv[51].u_inv._cell,sg13g2_inv_1,166.08,7.56,1.44,3.78,DUT carry cells + delay banks
u_dut.g_seg[2].u_bank.g_inv[52].u_inv._cell,sg13g2_inv_1,164.64,7.56,1.44,3.78,DUT carry cells + delay banks
u_dut.g_seg[2].u_bank.g_inv[53].u_inv._cell,sg13g2_inv_1,169.44,7.56,1.44,3.78,DUT carry cells + delay banks
u_dut.g_seg[2].u_bank.g_inv[54].u_inv._cell,sg13g2_inv_1,170.88,7.56,1.44,3.78,DUT carry cells + delay banks
u_dut.g_seg[2].u_bank.g_inv[55].u_inv._cell,sg13g2_inv_1,168.0,7.56,1.44,3.78,DUT carry cells + delay banks
u_dut.g_seg[2].u_bank.g_inv[56].u_inv._cell,sg13g2_inv_1,170.4,11.34,1.44,3.78,DUT carry cells + delay banks
u_dut.g_seg[2].u_bank.g_inv[57].u_inv._cell,sg13g2_inv_1,168.96,11.34,1.44,3.78,DUT carry cells + delay banks
u_dut.g_seg[2].u_bank.g_inv[58].u_inv._cell,sg13g2_inv_1,167.52,11.34,1.44,3.78,DUT carry cells + delay banks
u_dut.g_seg[2].u_bank.g_inv[59].u_inv._cell,sg13g2_inv_1,166.08,11.34,1.44,3.78,DUT carry cells + delay banks
u_dut.g_seg[2].u_bank.g_inv[5].u_inv._cell,sg13g2_inv_1,144.48,11.34,1.44,3.78,DUT carry cells + delay banks
u_dut.g_seg[2].u_bank.g_inv[60].u_inv._cell,sg13g2_inv_1,168.0,15.12,1.44,3.78,DUT carry cells + delay banks
u_dut.g_seg[2].u_bank.g_inv[61].u_inv._cell,sg13g2_inv_1,162.24,15.12,1.44,3.78,DUT carry cells + delay banks
u_dut.g_seg[2].u_bank.g_inv[62].u_inv._cell,sg13g2_inv_1,165.12,15.12,1.44,3.78,DUT carry cells + delay banks
u_dut.g_seg[2].u_bank.g_inv[63].u_inv._cell,sg13g2_inv_1,163.68,15.12,1.44,3.78,DUT carry cells + delay banks
u_dut.g_seg[2].u_bank.g_inv[64].u_inv._cell,sg13g2_inv_1,167.52,18.9,1.44,3.78,DUT carry cells + delay banks
u_dut.g_seg[2].u_bank.g_inv[65].u_inv._cell,sg13g2_inv_1,166.56,15.12,1.44,3.78,DUT carry cells + delay banks
u_dut.g_seg[2].u_bank.g_inv[66].u_inv._cell,sg13g2_inv_1,170.4,18.9,1.44,3.78,DUT carry cells + delay banks
u_dut.g_seg[2].u_bank.g_inv[67].u_inv._cell,sg13g2_inv_1,169.44,15.12,1.44,3.78,DUT carry cells + delay banks
u_dut.g_seg[2].u_bank.g_inv[68].u_inv._cell,sg13g2_inv_1,170.88,15.12,1.44,3.78,DUT carry cells + delay banks
u_dut.g_seg[2].u_bank.g_inv[69].u_inv._cell,sg13g2_inv_1,172.32,15.12,1.44,3.78,DUT carry cells + delay banks
u_dut.g_seg[2].u_bank.g_inv[6].u_inv._cell,sg13g2_inv_1,142.08,7.56,1.44,3.78,DUT carry cells + delay banks
u_dut.g_seg[2].u_bank.g_inv[70].u_inv._cell,sg13g2_inv_1,173.76,15.12,1.44,3.78,DUT carry cells + delay banks
u_dut.g_seg[2].u_bank.g_inv[71].u_inv._cell,sg13g2_inv_1,175.2,15.12,1.44,3.78,DUT carry cells + delay banks
u_dut.g_seg[2].u_bank.g_inv[72].u_inv._cell,sg13g2_inv_1,176.64,15.12,1.44,3.78,DUT carry cells + delay banks
u_dut.g_seg[2].u_bank.g_inv[73].u_inv._cell,sg13g2_inv_1,176.16,11.34,1.44,3.78,DUT carry cells + delay banks
u_dut.g_seg[2].u_bank.g_inv[74].u_inv._cell,sg13g2_inv_1,178.08,15.12,1.44,3.78,DUT carry cells + delay banks
u_dut.g_seg[2].u_bank.g_inv[75].u_inv._cell,sg13g2_inv_1,178.08,11.34,1.44,3.78,DUT carry cells + delay banks
u_dut.g_seg[2].u_bank.g_inv[76].u_inv._cell,sg13g2_inv_1,180.96,15.12,1.44,3.78,DUT carry cells + delay banks
u_dut.g_seg[2].u_bank.g_inv[77].u_inv._cell,sg13g2_inv_1,182.4,15.12,1.44,3.78,DUT carry cells + delay banks
u_dut.g_seg[2].u_bank.g_inv[78].u_inv._cell,sg13g2_inv_1,179.52,15.12,1.44,3.78,DUT carry cells + delay banks
u_dut.g_seg[2].u_bank.g_inv[79].u_inv._cell,sg13g2_inv_1,183.84,18.9,1.44,3.78,DUT carry cells + delay banks
u_dut.g_seg[2].u_bank.g_inv[7].u_inv._cell,sg13g2_inv_1,143.52,7.56,1.44,3.78,DUT carry cells + delay banks
u_dut.g_seg[2].u_bank.g_inv[80].u_inv._cell,sg13g2_inv_1,178.08,18.9,1.44,3.78,DUT carry cells + delay banks
u_dut.g_seg[2].u_bank.g_inv[81].u_inv._cell,sg13g2_inv_1,182.4,18.9,1.44,3.78,DUT carry cells + delay banks
u_dut.g_seg[2].u_bank.g_inv[82].u_inv._cell,sg13g2_inv_1,180.96,18.9,1.44,3.78,DUT carry cells + delay banks
u_dut.g_seg[2].u_bank.g_inv[83].u_inv._cell,sg13g2_inv_1,179.52,18.9,1.44,3.78,DUT carry cells + delay banks
u_dut.g_seg[2].u_bank.g_inv[84].u_inv._cell,sg13g2_inv_1,181.92,22.68,1.44,3.78,DUT carry cells + delay banks
u_dut.g_seg[2].u_bank.g_inv[85].u_inv._cell,sg13g2_inv_1,180.48,22.68,1.44,3.78,DUT carry cells + delay banks
u_dut.g_seg[2].u_bank.g_inv[86].u_inv._cell,sg13g2_inv_1,179.04,22.68,1.44,3.78,DUT carry cells + delay banks
u_dut.g_seg[2].u_bank.g_inv[87].u_inv._cell,sg13g2_inv_1,177.6,22.68,1.44,3.78,DUT carry cells + delay banks
u_dut.g_seg[2].u_bank.g_inv[88].u_inv._cell,sg13g2_inv_1,176.16,22.68,1.44,3.78,DUT carry cells + delay banks
u_dut.g_seg[2].u_bank.g_inv[89].u_inv._cell,sg13g2_inv_1,174.72,22.68,1.44,3.78,DUT carry cells + delay banks
u_dut.g_seg[2].u_bank.g_inv[8].u_inv._cell,sg13g2_inv_1,144.96,7.56,1.44,3.78,DUT carry cells + delay banks
u_dut.g_seg[2].u_bank.g_inv[90].u_inv._cell,sg13g2_inv_1,173.28,22.68,1.44,3.78,DUT carry cells + delay banks
u_dut.g_seg[2].u_bank.g_inv[91].u_inv._cell,sg13g2_inv_1,171.84,22.68,1.44,3.78,DUT carry cells + delay banks
u_dut.g_seg[2].u_bank.g_inv[92].u_inv._cell,sg13g2_inv_1,167.52,22.68,1.44,3.78,DUT carry cells + delay banks
u_dut.g_seg[2].u_bank.g_inv[93].u_inv._cell,sg13g2_inv_1,168.96,18.9,1.44,3.78,DUT carry cells + delay banks
u_dut.g_seg[2].u_bank.g_inv[94].u_inv._cell,sg13g2_inv_1,165.6,22.68,1.44,3.78,DUT carry cells + delay banks
u_dut.g_seg[2].u_bank.g_inv[95].u_inv._cell,sg13g2_inv_1,166.08,18.9,1.44,3.78,DUT carry cells + delay banks
u_dut.g_seg[2].u_bank.g_inv[9].u_inv._cell,sg13g2_inv_1,146.4,7.56,1.44,3.78,DUT carry cells + delay banks
u_dut.g_seg[2].u_bank.u_mux.u_m0,sg13g2_mux2_1,147.84,18.9,4.8,3.78,DUT carry cells + delay banks
u_dut.g_seg[2].u_bank.u_mux.u_m1,sg13g2_mux2_1,161.28,18.9,4.8,3.78,DUT carry cells + delay banks
u_dut.g_seg[2].u_bank.u_mux.u_m2,sg13g2_mux2_1,150.24,22.68,4.8,3.78,DUT carry cells + delay banks
u_dut.g_seg[3].g_fa[0].u_fa.u_a1,sg13g2_and2_1,125.28,26.46,2.4,3.78,DUT carry cells + delay banks
u_dut.g_seg[3].g_fa[0].u_fa.u_a2,sg13g2_and2_1,131.04,22.68,2.4,3.78,DUT carry cells + delay banks
u_dut.g_seg[3].g_fa[0].u_fa.u_o1,sg13g2_or2_1,133.44,22.68,2.4,3.78,DUT carry cells + delay banks
u_dut.g_seg[3].g_fa[0].u_fa.u_x1,sg13g2_xor2_1,127.68,26.46,3.84,3.78,DUT carry cells + delay banks
u_dut.g_seg[3].g_fa[0].u_fa.u_x2,sg13g2_xor2_1,137.28,22.68,3.84,3.78,DUT carry cells + delay banks
u_dut.g_seg[3].g_fa[1].u_fa.u_a1,sg13g2_and2_1,127.68,34.02,2.4,3.78,DUT carry cells + delay banks
u_dut.g_seg[3].g_fa[1].u_fa.u_a2,sg13g2_and2_1,133.44,30.24,2.4,3.78,DUT carry cells + delay banks
u_dut.g_seg[3].g_fa[1].u_fa.u_o1,sg13g2_or2_1,134.88,34.02,2.4,3.78,DUT carry cells + delay banks
u_dut.g_seg[3].g_fa[1].u_fa.u_x1,sg13g2_xor2_1,130.08,34.02,3.84,3.78,DUT carry cells + delay banks
u_dut.g_seg[3].g_fa[1].u_fa.u_x2,sg13g2_xor2_1,135.84,30.24,3.84,3.78,DUT carry cells + delay banks
u_dut.g_seg[3].g_fa[2].u_fa.u_a1,sg13g2_and2_1,134.4,41.58,2.4,3.78,DUT carry cells + delay banks
u_dut.g_seg[3].g_fa[2].u_fa.u_a2,sg13g2_and2_1,137.76,34.02,2.4,3.78,DUT carry cells + delay banks
u_dut.g_seg[3].g_fa[2].u_fa.u_o1,sg13g2_or2_1,138.72,41.58,2.4,3.78,DUT carry cells + delay banks
u_dut.g_seg[3].g_fa[2].u_fa.u_x1,sg13g2_xor2_1,133.44,37.8,3.84,3.78,DUT carry cells + delay banks
u_dut.g_seg[3].g_fa[2].u_fa.u_x2,sg13g2_xor2_1,138.72,37.8,3.84,3.78,DUT carry cells + delay banks
u_dut.g_seg[3].g_fa[3].u_fa.u_a1,sg13g2_and2_1,134.4,49.14,2.4,3.78,DUT carry cells + delay banks
u_dut.g_seg[3].g_fa[3].u_fa.u_a2,sg13g2_and2_1,142.56,52.92,2.4,3.78,DUT carry cells + delay banks
u_dut.g_seg[3].g_fa[3].u_fa.u_o1,sg13g2_or2_1,144.96,49.14,2.4,3.78,DUT carry cells + delay banks
u_dut.g_seg[3].g_fa[3].u_fa.u_x1,sg13g2_xor2_1,136.8,49.14,3.84,3.78,DUT carry cells + delay banks
u_dut.g_seg[3].g_fa[3].u_fa.u_x2,sg13g2_xor2_1,141.12,49.14,3.84,3.78,DUT carry cells + delay banks
u_dut.g_seg[3].u_bank.g_inv[0].u_inv._cell,sg13g2_inv_1,152.16,52.92,1.44,3.78,DUT carry cells + delay banks
u_dut.g_seg[3].u_bank.g_inv[10].u_inv._cell,sg13g2_inv_1,168.0,45.36,1.44,3.78,DUT carry cells + delay banks
u_dut.g_seg[3].u_bank.g_inv[11].u_inv._cell,sg13g2_inv_1,171.36,45.36,1.44,3.78,DUT carry cells + delay banks
u_dut.g_seg[3].u_bank.g_inv[12].u_inv._cell,sg13g2_inv_1,174.24,45.36,1.44,3.78,DUT carry cells + delay banks
u_dut.g_seg[3].u_bank.g_inv[13].u_inv._cell,sg13g2_inv_1,173.28,41.58,1.44,3.78,DUT carry cells + delay banks
u_dut.g_seg[3].u_bank.g_inv[14].u_inv._cell,sg13g2_inv_1,174.72,41.58,1.44,3.78,DUT carry cells + delay banks
u_dut.g_seg[3].u_bank.g_inv[15].u_inv._cell,sg13g2_inv_1,176.16,41.58,1.44,3.78,DUT carry cells + delay banks
u_dut.g_seg[3].u_bank.g_inv[16].u_inv._cell,sg13g2_inv_1,180.0,45.36,1.44,3.78,DUT carry cells + delay banks
u_dut.g_seg[3].u_bank.g_inv[17].u_inv._cell,sg13g2_inv_1,182.88,45.36,1.44,3.78,DUT carry cells + delay banks
u_dut.g_seg[3].u_bank.g_inv[18].u_inv._cell,sg13g2_inv_1,181.44,45.36,1.44,3.78,DUT carry cells + delay banks
u_dut.g_seg[3].u_bank.g_inv[19].u_inv._cell,sg13g2_inv_1,179.04,41.58,1.44,3.78,DUT carry cells + delay banks
u_dut.g_seg[3].u_bank.g_inv[1].u_inv._cell,sg13g2_inv_1,154.56,49.14,1.44,3.78,DUT carry cells + delay banks
u_dut.g_seg[3].u_bank.g_inv[20].u_inv._cell,sg13g2_inv_1,177.6,41.58,1.44,3.78,DUT carry cells + delay banks
u_dut.g_seg[3].u_bank.g_inv[21].u_inv._cell,sg13g2_inv_1,178.56,45.36,1.44,3.78,DUT carry cells + delay banks
u_dut.g_seg[3].u_bank.g_inv[22].u_inv._cell,sg13g2_inv_1,177.12,45.36,1.44,3.78,DUT carry cells + delay banks
u_dut.g_seg[3].u_bank.g_inv[23].u_inv._cell,sg13g2_inv_1,175.68,45.36,1.44,3.78,DUT carry cells + delay banks
u_dut.g_seg[3].u_bank.g_inv[24].u_inv._cell,sg13g2_inv_1,172.8,45.36,1.44,3.78,DUT carry cells + delay banks
u_dut.g_seg[3].u_bank.g_inv[25].u_inv._cell,sg13g2_inv_1,169.92,45.36,1.44,3.78,DUT carry cells + delay banks
u_dut.g_seg[3].u_bank.g_inv[26].u_inv._cell,sg13g2_inv_1,168.0,49.14,1.44,3.78,DUT carry cells + delay banks
u_dut.g_seg[3].u_bank.g_inv[27].u_inv._cell,sg13g2_inv_1,166.08,49.14,1.44,3.78,DUT carry cells + delay banks
u_dut.g_seg[3].u_bank.g_inv[28].u_inv._cell,sg13g2_inv_1,164.16,49.14,1.44,3.78,DUT carry cells + delay banks
u_dut.g_seg[3].u_bank.g_inv[29].u_inv._cell,sg13g2_inv_1,161.28,49.14,1.44,3.78,DUT carry cells + delay banks
u_dut.g_seg[3].u_bank.g_inv[2].u_inv._cell,sg13g2_inv_1,156.0,49.14,1.44,3.78,DUT carry cells + delay banks
u_dut.g_seg[3].u_bank.g_inv[30].u_inv._cell,sg13g2_inv_1,164.16,52.92,1.44,3.78,DUT carry cells + delay banks
u_dut.g_seg[3].u_bank.g_inv[31].u_inv._cell,sg13g2_inv_1,159.84,52.92,1.44,3.78,DUT carry cells + delay banks
u_dut.g_seg[3].u_bank.g_inv[32].u_inv._cell,sg13g2_inv_1,158.88,56.7,1.44,3.78,DUT carry cells + delay banks
u_dut.g_seg[3].u_bank.g_inv[33].u_inv._cell,sg13g2_inv_1,158.4,52.92,1.44,3.78,DUT carry cells + delay banks
u_dut.g_seg[3].u_bank.g_inv[34].u_inv._cell,sg13g2_inv_1,161.28,52.92,1.44,3.78,DUT carry cells + delay banks
u_dut.g_seg[3].u_bank.g_inv[35].u_inv._cell,sg13g2_inv_1,162.72,52.92,1.44,3.78,DUT carry cells + delay banks
u_dut.g_seg[3].u_bank.g_inv[36].u_inv._cell,sg13g2_inv_1,165.6,52.92,1.44,3.78,DUT carry cells + delay banks
u_dut.g_seg[3].u_bank.g_inv[37].u_inv._cell,sg13g2_inv_1,167.04,52.92,1.44,3.78,DUT carry cells + delay banks
u_dut.g_seg[3].u_bank.g_inv[38].u_inv._cell,sg13g2_inv_1,168.48,52.92,1.44,3.78,DUT carry cells + delay banks
u_dut.g_seg[3].u_bank.g_inv[39].u_inv._cell,sg13g2_inv_1,169.92,52.92,1.44,3.78,DUT carry cells + delay banks
u_dut.g_seg[3].u_bank.g_inv[3].u_inv._cell,sg13g2_inv_1,157.44,49.14,1.44,3.78,DUT carry cells + delay banks
u_dut.g_seg[3].u_bank.g_inv[40].u_inv._cell,sg13g2_inv_1,171.36,52.92,1.44,3.78,DUT carry cells + delay banks
u_dut.g_seg[3].u_bank.g_inv[41].u_inv._cell,sg13g2_inv_1,172.8,52.92,1.44,3.78,DUT carry cells + delay banks
u_dut.g_seg[3].u_bank.g_inv[42].u_inv._cell,sg13g2_inv_1,174.24,52.92,1.44,3.78,DUT carry cells + delay banks
u_dut.g_seg[3].u_bank.g_inv[43].u_inv._cell,sg13g2_inv_1,175.68,52.92,1.44,3.78,DUT carry cells + delay banks
u_dut.g_seg[3].u_bank.g_inv[44].u_inv._cell,sg13g2_inv_1,177.12,52.92,1.44,3.78,DUT carry cells + delay banks
u_dut.g_seg[3].u_bank.g_inv[45].u_inv._cell,sg13g2_inv_1,180.0,52.92,1.44,3.78,DUT carry cells + delay banks
u_dut.g_seg[3].u_bank.g_inv[46].u_inv._cell,sg13g2_inv_1,177.6,49.14,1.44,3.78,DUT carry cells + delay banks
u_dut.g_seg[3].u_bank.g_inv[47].u_inv._cell,sg13g2_inv_1,180.48,49.14,1.44,3.78,DUT carry cells + delay banks
u_dut.g_seg[3].u_bank.g_inv[48].u_inv._cell,sg13g2_inv_1,184.32,52.92,1.44,3.78,DUT carry cells + delay banks
u_dut.g_seg[3].u_bank.g_inv[49].u_inv._cell,sg13g2_inv_1,176.16,49.14,1.44,3.78,DUT carry cells + delay banks
u_dut.g_seg[3].u_bank.g_inv[4].u_inv._cell,sg13g2_inv_1,159.36,49.14,1.44,3.78,DUT carry cells + delay banks
u_dut.g_seg[3].u_bank.g_inv[50].u_inv._cell,sg13g2_inv_1,179.04,49.14,1.44,3.78,DUT carry cells + delay banks
u_dut.g_seg[3].u_bank.g_inv[51].u_inv._cell,sg13g2_inv_1,182.88,52.92,1.44,3.78,DUT carry cells + delay banks
u_dut.g_seg[3].u_bank.g_inv[52].u_inv._cell,sg13g2_inv_1,181.44,52.92,1.44,3.78,DUT carry cells + delay banks
u_dut.g_seg[3].u_bank.g_inv[53].u_inv._cell,sg13g2_inv_1,178.56,52.92,1.44,3.78,DUT carry cells + delay banks
u_dut.g_seg[3].u_bank.g_inv[54].u_inv._cell,sg13g2_inv_1,179.52,56.7,1.44,3.78,DUT carry cells + delay banks
u_dut.g_seg[3].u_bank.g_inv[55].u_inv._cell,sg13g2_inv_1,178.08,56.7,1.44,3.78,DUT carry cells + delay banks
u_dut.g_seg[3].u_bank.g_inv[56].u_inv._cell,sg13g2_inv_1,176.64,56.7,1.44,3.78,DUT carry cells + delay banks
u_dut.g_seg[3].u_bank.g_inv[57].u_inv._cell,sg13g2_inv_1,175.2,56.7,1.44,3.78,DUT carry cells + delay banks
u_dut.g_seg[3].u_bank.g_inv[58].u_inv._cell,sg13g2_inv_1,173.76,56.7,1.44,3.78,DUT carry cells + delay banks
u_dut.g_seg[3].u_bank.g_inv[59].u_inv._cell,sg13g2_inv_1,172.32,56.7,1.44,3.78,DUT carry cells + delay banks
u_dut.g_seg[3].u_bank.g_inv[5].u_inv._cell,sg13g2_inv_1,162.72,49.14,1.44,3.78,DUT carry cells + delay banks
u_dut.g_seg[3].u_bank.g_inv[60].u_inv._cell,sg13g2_inv_1,170.88,56.7,1.44,3.78,DUT carry cells + delay banks
u_dut.g_seg[3].u_bank.g_inv[61].u_inv._cell,sg13g2_inv_1,169.92,64.26,1.44,3.78,DUT carry cells + delay banks
u_dut.g_seg[3].u_bank.g_inv[62].u_inv._cell,sg13g2_inv_1,168.96,56.7,1.44,3.78,DUT carry cells + delay banks
u_dut.g_seg[3].u_bank.g_inv[63].u_inv._cell,sg13g2_inv_1,169.92,60.48,1.44,3.78,DUT carry cells + delay banks
u_dut.g_seg[3].u_bank.g_inv[64].u_inv._cell,sg13g2_inv_1,168.48,60.48,1.44,3.78,DUT carry cells + delay banks
u_dut.g_seg[3].u_bank.g_inv[65].u_inv._cell,sg13g2_inv_1,171.36,60.48,1.44,3.78,DUT carry cells + delay banks
u_dut.g_seg[3].u_bank.g_inv[66].u_inv._cell,sg13g2_inv_1,172.8,60.48,1.44,3.78,DUT carry cells + delay banks
u_dut.g_seg[3].u_bank.g_inv[67].u_inv._cell,sg13g2_inv_1,173.76,64.26,1.44,3.78,DUT carry cells + delay banks
u_dut.g_seg[3].u_bank.g_inv[68].u_inv._cell,sg13g2_inv_1,172.32,64.26,1.44,3.78,DUT carry cells + delay banks
u_dut.g_seg[3].u_bank.g_inv[69].u_inv._cell,sg13g2_inv_1,179.52,64.26,1.44,3.78,DUT carry cells + delay banks
u_dut.g_seg[3].u_bank.g_inv[6].u_inv._cell,sg13g2_inv_1,162.24,45.36,1.44,3.78,DUT carry cells + delay banks
u_dut.g_seg[3].u_bank.g_inv[70].u_inv._cell,sg13g2_inv_1,176.64,60.48,1.44,3.78,DUT carry cells + delay banks
u_dut.g_seg[3].u_bank.g_inv[71].u_inv._cell,sg13g2_inv_1,178.08,60.48,1.44,3.78,DUT carry cells + delay banks
u_dut.g_seg[3].u_bank.g_inv[72].u_inv._cell,sg13g2_inv_1,177.12,68.04,1.44,3.78,DUT carry cells + delay banks
u_dut.g_seg[3].u_bank.g_inv[73].u_inv._cell,sg13g2_inv_1,180.96,64.26,1.44,3.78,DUT carry cells + delay banks
u_dut.g_seg[3].u_bank.g_inv[74].u_inv._cell,sg13g2_inv_1,178.08,64.26,1.44,3.78,DUT carry cells + delay banks
u_dut.g_seg[3].u_bank.g_inv[75].u_inv._cell,sg13g2_inv_1,176.64,64.26,1.44,3.78,DUT carry cells + delay banks
u_dut.g_seg[3].u_bank.g_inv[76].u_inv._cell,sg13g2_inv_1,175.2,64.26,1.44,3.78,DUT carry cells + delay banks
u_dut.g_seg[3].u_bank.g_inv[77].u_inv._cell,sg13g2_inv_1,175.2,68.04,1.44,3.78,DUT carry cells + delay banks
u_dut.g_seg[3].u_bank.g_inv[78].u_inv._cell,sg13g2_inv_1,173.76,68.04,1.44,3.78,DUT carry cells + delay banks
u_dut.g_seg[3].u_bank.g_inv[79].u_inv._cell,sg13g2_inv_1,172.32,68.04,1.44,3.78,DUT carry cells + delay banks
u_dut.g_seg[3].u_bank.g_inv[7].u_inv._cell,sg13g2_inv_1,163.68,45.36,1.44,3.78,DUT carry cells + delay banks
u_dut.g_seg[3].u_bank.g_inv[80].u_inv._cell,sg13g2_inv_1,170.88,68.04,1.44,3.78,DUT carry cells + delay banks
u_dut.g_seg[3].u_bank.g_inv[81].u_inv._cell,sg13g2_inv_1,169.44,68.04,1.44,3.78,DUT carry cells + delay banks
u_dut.g_seg[3].u_bank.g_inv[82].u_inv._cell,sg13g2_inv_1,168.0,68.04,1.44,3.78,DUT carry cells + delay banks
u_dut.g_seg[3].u_bank.g_inv[83].u_inv._cell,sg13g2_inv_1,166.56,68.04,1.44,3.78,DUT carry cells + delay banks
u_dut.g_seg[3].u_bank.g_inv[84].u_inv._cell,sg13g2_inv_1,163.68,68.04,1.44,3.78,DUT carry cells + delay banks
u_dut.g_seg[3].u_bank.g_inv[85].u_inv._cell,sg13g2_inv_1,165.12,68.04,1.44,3.78,DUT carry cells + delay banks
u_dut.g_seg[3].u_bank.g_inv[86].u_inv._cell,sg13g2_inv_1,162.24,68.04,1.44,3.78,DUT carry cells + delay banks
u_dut.g_seg[3].u_bank.g_inv[87].u_inv._cell,sg13g2_inv_1,160.8,68.04,1.44,3.78,DUT carry cells + delay banks
u_dut.g_seg[3].u_bank.g_inv[88].u_inv._cell,sg13g2_inv_1,161.76,64.26,1.44,3.78,DUT carry cells + delay banks
u_dut.g_seg[3].u_bank.g_inv[89].u_inv._cell,sg13g2_inv_1,160.32,64.26,1.44,3.78,DUT carry cells + delay banks
u_dut.g_seg[3].u_bank.g_inv[8].u_inv._cell,sg13g2_inv_1,165.12,45.36,1.44,3.78,DUT carry cells + delay banks
u_dut.g_seg[3].u_bank.g_inv[90].u_inv._cell,sg13g2_inv_1,163.2,64.26,1.44,3.78,DUT carry cells + delay banks
u_dut.g_seg[3].u_bank.g_inv[91].u_inv._cell,sg13g2_inv_1,158.88,64.26,1.44,3.78,DUT carry cells + delay banks
u_dut.g_seg[3].u_bank.g_inv[92].u_inv._cell,sg13g2_inv_1,164.64,64.26,1.44,3.78,DUT carry cells + delay banks
u_dut.g_seg[3].u_bank.g_inv[93].u_inv._cell,sg13g2_inv_1,161.28,60.48,1.44,3.78,DUT carry cells + delay banks
u_dut.g_seg[3].u_bank.g_inv[94].u_inv._cell,sg13g2_inv_1,159.84,60.48,1.44,3.78,DUT carry cells + delay banks
u_dut.g_seg[3].u_bank.g_inv[95].u_inv._cell,sg13g2_inv_1,163.68,56.7,1.44,3.78,DUT carry cells + delay banks
u_dut.g_seg[3].u_bank.g_inv[9].u_inv._cell,sg13g2_inv_1,166.56,45.36,1.44,3.78,DUT carry cells + delay banks
u_dut.g_seg[3].u_bank.u_mux.u_m0,sg13g2_mux2_1,153.6,52.92,4.8,3.78,DUT carry cells + delay banks
u_dut.g_seg[3].u_bank.u_mux.u_m1,sg13g2_mux2_1,162.72,60.48,4.8,3.78,DUT carry cells + delay banks
u_dut.g_seg[3].u_bank.u_mux.u_m2,sg13g2_mux2_1,154.08,56.7,4.8,3.78,DUT carry cells + delay banks
u_ro_gen.g_tail[0].u_t._cell,sg13g2_inv_1,184.8,136.08,1.44,3.78,Generic RO + counter state
u_ro_gen.g_tail[1].u_t._cell,sg13g2_inv_1,181.92,136.08,1.44,3.78,Generic RO + counter state
u_ro_gen.g_tail[2].u_t._cell,sg13g2_inv_1,183.84,143.64,1.44,3.78,Generic RO + counter state
u_ro_gen.g_tail[3].u_t._cell,sg13g2_inv_1,182.4,143.64,1.44,3.78,Generic RO + counter state
u_ro_gen.g_tail[4].u_t._cell,sg13g2_inv_1,180.48,136.08,1.44,3.78,Generic RO + counter state
u_ro_gen.g_tail[5].u_t._cell,sg13g2_inv_1,167.04,128.52,1.44,3.78,Generic RO + counter state
u_ro_gen.g_tail[6].u_t._cell,sg13g2_inv_1,166.08,139.86,1.44,3.78,Generic RO + counter state
u_ro_gen.g_tail[7].u_t._cell,sg13g2_inv_1,154.08,132.3,1.44,3.78,Generic RO + counter state
u_ro_gen.u_close._cell,sg13g2_inv_1,160.32,139.86,1.44,3.78,Generic RO + counter state
u_ro_gen.u_gate.u_a1,sg13g2_and2_1,142.08,136.08,2.4,3.78,Generic RO + counter state
u_ro_gen.u_gate.u_a2,sg13g2_and2_1,152.16,139.86,2.4,3.78,Generic RO + counter state
u_ro_gen.u_gate.u_a3,sg13g2_and2_1,145.92,136.08,2.4,3.78,Generic RO + counter state
u_ro_gen.u_gate.u_im,sg13g2_inv_1,133.92,132.3,1.44,3.78,Generic RO + counter state
u_ro_gen.u_line.g_inv[0].u_inv._cell,sg13g2_inv_1,185.28,143.64,1.44,3.78,Generic RO + counter state
u_ro_gen.u_line.g_inv[10].u_inv._cell,sg13g2_inv_1,189.6,147.42,1.44,3.78,Generic RO + counter state
u_ro_gen.u_line.g_inv[11].u_inv._cell,sg13g2_inv_1,191.04,147.42,1.44,3.78,Generic RO + counter state
u_ro_gen.u_line.g_inv[12].u_inv._cell,sg13g2_inv_1,195.36,143.64,1.44,3.78,Generic RO + counter state
u_ro_gen.u_line.g_inv[13].u_inv._cell,sg13g2_inv_1,193.92,143.64,1.44,3.78,Generic RO + counter state
u_ro_gen.u_line.g_inv[14].u_inv._cell,sg13g2_inv_1,196.8,143.64,1.44,3.78,Generic RO + counter state
u_ro_gen.u_line.g_inv[15].u_inv._cell,sg13g2_inv_1,192.48,147.42,1.44,3.78,Generic RO + counter state
u_ro_gen.u_line.g_inv[16].u_inv._cell,sg13g2_inv_1,193.92,147.42,1.44,3.78,Generic RO + counter state
u_ro_gen.u_line.g_inv[17].u_inv._cell,sg13g2_inv_1,197.28,124.74,1.44,3.78,Generic RO + counter state
u_ro_gen.u_line.g_inv[18].u_inv._cell,sg13g2_inv_1,188.16,128.52,1.44,3.78,Generic RO + counter state
u_ro_gen.u_line.g_inv[19].u_inv._cell,sg13g2_inv_1,197.76,139.86,1.44,3.78,Generic RO + counter state
u_ro_gen.u_line.g_inv[1].u_inv._cell,sg13g2_inv_1,183.36,136.08,1.44,3.78,Generic RO + counter state
u_ro_gen.u_line.g_inv[20].u_inv._cell,sg13g2_inv_1,196.32,139.86,1.44,3.78,Generic RO + counter state
u_ro_gen.u_line.g_inv[21].u_inv._cell,sg13g2_inv_1,197.28,136.08,1.44,3.78,Generic RO + counter state
u_ro_gen.u_line.g_inv[22].u_inv._cell,sg13g2_inv_1,196.8,147.42,1.44,3.78,Generic RO + counter state
u_ro_gen.u_line.g_inv[23].u_inv._cell,sg13g2_inv_1,195.36,147.42,1.44,3.78,Generic RO + counter state
u_ro_gen.u_line.g_inv[24].u_inv._cell,sg13g2_inv_1,192.0,139.86,1.44,3.78,Generic RO + counter state
u_ro_gen.u_line.g_inv[25].u_inv._cell,sg13g2_inv_1,194.88,139.86,1.44,3.78,Generic RO + counter state
u_ro_gen.u_line.g_inv[26].u_inv._cell,sg13g2_inv_1,193.44,139.86,1.44,3.78,Generic RO + counter state
u_ro_gen.u_line.g_inv[27].u_inv._cell,sg13g2_inv_1,195.84,136.08,1.44,3.78,Generic RO + counter state
u_ro_gen.u_line.g_inv[28].u_inv._cell,sg13g2_inv_1,194.4,136.08,1.44,3.78,Generic RO + counter state
u_ro_gen.u_line.g_inv[29].u_inv._cell,sg13g2_inv_1,189.6,128.52,1.44,3.78,Generic RO + counter state
u_ro_gen.u_line.g_inv[2].u_inv._cell,sg13g2_inv_1,188.16,132.3,1.44,3.78,Generic RO + counter state
u_ro_gen.u_line.g_inv[30].u_inv._cell,sg13g2_inv_1,196.8,128.52,1.44,3.78,Generic RO + counter state
u_ro_gen.u_line.g_inv[31].u_inv._cell,sg13g2_inv_1,192.96,136.08,1.44,3.78,Generic RO + counter state
u_ro_gen.u_line.g_inv[32].u_inv._cell,sg13g2_inv_1,196.8,132.3,1.44,3.78,Generic RO + counter state
u_ro_gen.u_line.g_inv[33].u_inv._cell,sg13g2_inv_1,195.36,132.3,1.44,3.78,Generic RO + counter state
u_ro_gen.u_line.g_inv[34].u_inv._cell,sg13g2_inv_1,195.36,128.52,1.44,3.78,Generic RO + counter state
u_ro_gen.u_line.g_inv[35].u_inv._cell,sg13g2_inv_1,191.04,128.52,1.44,3.78,Generic RO + counter state
u_ro_gen.u_line.g_inv[36].u_inv._cell,sg13g2_inv_1,193.92,128.52,1.44,3.78,Generic RO + counter state
u_ro_gen.u_line.g_inv[37].u_inv._cell,sg13g2_inv_1,192.48,128.52,1.44,3.78,Generic RO + counter state
u_ro_gen.u_line.g_inv[38].u_inv._cell,sg13g2_inv_1,193.92,132.3,1.44,3.78,Generic RO + counter state
u_ro_gen.u_line.g_inv[39].u_inv._cell,sg13g2_inv_1,192.48,132.3,1.44,3.78,Generic RO + counter state
u_ro_gen.u_line.g_inv[3].u_inv._cell,sg13g2_inv_1,186.72,143.64,1.44,3.78,Generic RO + counter state
u_ro_gen.u_line.g_inv[40].u_inv._cell,sg13g2_inv_1,191.04,132.3,1.44,3.78,Generic RO + counter state
u_ro_gen.u_line.g_inv[41].u_inv._cell,sg13g2_inv_1,189.6,132.3,1.44,3.78,Generic RO + counter state
u_ro_gen.u_line.g_inv[4].u_inv._cell,sg13g2_inv_1,188.16,143.64,1.44,3.78,Generic RO + counter state
u_ro_gen.u_line.g_inv[5].u_inv._cell,sg13g2_inv_1,189.6,143.64,1.44,3.78,Generic RO + counter state
u_ro_gen.u_line.g_inv[6].u_inv._cell,sg13g2_inv_1,186.72,147.42,1.44,3.78,Generic RO + counter state
u_ro_gen.u_line.g_inv[7].u_inv._cell,sg13g2_inv_1,191.04,143.64,1.44,3.78,Generic RO + counter state
u_ro_gen.u_line.g_inv[8].u_inv._cell,sg13g2_inv_1,192.48,143.64,1.44,3.78,Generic RO + counter state
u_ro_gen.u_line.g_inv[9].u_inv._cell,sg13g2_inv_1,188.16,147.42,1.44,3.78,Generic RO + counter state
u_ro_gen.u_line.u_mux.u_m0,sg13g2_mux2_1,181.44,139.86,4.8,3.78,Generic RO + counter state
u_ro_gen.u_line.u_mux.u_m1,sg13g2_mux2_1,187.2,136.08,4.8,3.78,Generic RO + counter state
u_ro_gen.u_line.u_mux.u_m2,sg13g2_mux2_1,186.24,139.86,4.8,3.78,Generic RO + counter state
u_ro_mat.g_tail[0].u_t._cell,sg13g2_inv_1,186.24,124.74,1.44,3.78,Matched RO + counter state
u_ro_mat.g_tail[1].u_t._cell,sg13g2_inv_1,180.48,120.96,1.44,3.78,Matched RO + counter state
u_ro_mat.g_tail[2].u_t._cell,sg13g2_inv_1,170.88,124.74,1.44,3.78,Matched RO + counter state
u_ro_mat.g_tail[3].u_t._cell,sg13g2_inv_1,159.84,124.74,1.44,3.78,Matched RO + counter state
u_ro_mat.g_tail[4].u_t._cell,sg13g2_inv_1,158.88,120.96,1.44,3.78,Matched RO + counter state
u_ro_mat.g_tail[5].u_t._cell,sg13g2_inv_1,157.44,120.96,1.44,3.78,Matched RO + counter state
u_ro_mat.g_tail[6].u_t._cell,sg13g2_inv_1,155.04,124.74,1.44,3.78,Matched RO + counter state
u_ro_mat.g_tail[7].u_t._cell,sg13g2_inv_1,152.16,124.74,1.44,3.78,Matched RO + counter state
u_ro_mat.u_close._cell,sg13g2_inv_1,148.8,124.74,1.44,3.78,Matched RO + counter state
u_ro_mat.u_f0.u_a1,sg13g2_and2_1,180.96,117.18,2.4,3.78,Matched RO + counter state
u_ro_mat.u_f0.u_a1_70,sg13g2_tielo,181.92,120.96,1.92,3.78,Matched RO + counter state
u_ro_mat.u_f0.u_a1_74,sg13g2_tiehi,181.44,113.4,1.92,3.78,Matched RO + counter state
u_ro_mat.u_f0.u_a2,sg13g2_and2_1,178.56,117.18,2.4,3.78,Matched RO + counter state
u_ro_mat.u_f0.u_o1,sg13g2_or2_1,183.36,117.18,2.4,3.78,Matched RO + counter state
u_ro_mat.u_f0.u_x1,sg13g2_xor2_1,176.64,120.96,3.84,3.78,Matched RO + counter state
u_ro_mat.u_f0.u_x1_71,sg13g2_tielo,172.32,124.74,1.92,3.78,Matched RO + counter state
u_ro_mat.u_f0.u_x1_75,sg13g2_tiehi,174.72,120.96,1.92,3.78,Matched RO + counter state
u_ro_mat.u_f1.u_a1,sg13g2_and2_1,193.92,120.96,2.4,3.78,Matched RO + counter state
u_ro_mat.u_f1.u_a1_72,sg13g2_tielo,193.44,124.74,1.92,3.78,Matched RO + counter state
u_ro_mat.u_f1.u_a1_76,sg13g2_tiehi,196.32,120.96,1.92,3.78,Matched RO + counter state
u_ro_mat.u_f1.u_a2,sg13g2_and2_1,191.52,120.96,2.4,3.78,Matched RO + counter state
u_ro_mat.u_f1.u_o1,sg13g2_or2_1,189.12,120.96,2.4,3.78,Matched RO + counter state
u_ro_mat.u_f1.u_x1,sg13g2_xor2_1,189.6,124.74,3.84,3.78,Matched RO + counter state
u_ro_mat.u_f1.u_x1_73,sg13g2_tielo,195.36,124.74,1.92,3.78,Matched RO + counter state
u_ro_mat.u_f1.u_x1_77,sg13g2_tiehi,187.68,124.74,1.92,3.78,Matched RO + counter state
u_ro_mat.u_gate.u_a1,sg13g2_and2_1,137.76,139.86,2.4,3.78,Matched RO + counter state
u_ro_mat.u_gate.u_a2,sg13g2_and2_1,145.92,124.74,2.4,3.78,Matched RO + counter state
u_ro_mat.u_gate.u_a3,sg13g2_and2_1,143.52,124.74,2.4,3.78,Matched RO + counter state
u_ro_mat.u_gate.u_im,sg13g2_inv_1,144.48,136.08,1.44,3.78,Matched RO + counter state
u_ro_mat.u_line0.g_inv[0].u_inv._cell,sg13g2_inv_1,150.24,124.74,1.44,3.78,Matched RO + counter state
u_ro_mat.u_line0.g_inv[10].u_inv._cell,sg13g2_inv_1,159.84,128.52,1.44,3.78,Matched RO + counter state
u_ro_mat.u_line0.g_inv[11].u_inv._cell,sg13g2_inv_1,157.44,124.74,1.44,3.78,Matched RO + counter state
u_ro_mat.u_line0.g_inv[12].u_inv._cell,sg13g2_inv_1,162.72,128.52,1.44,3.78,Matched RO + counter state
u_ro_mat.u_line0.g_inv[13].u_inv._cell,sg13g2_inv_1,161.28,128.52,1.44,3.78,Matched RO + counter state
u_ro_mat.u_line0.g_inv[14].u_inv._cell,sg13g2_inv_1,161.28,124.74,1.44,3.78,Matched RO + counter state
u_ro_mat.u_line0.g_inv[15].u_inv._cell,sg13g2_inv_1,164.16,128.52,1.44,3.78,Matched RO + counter state
u_ro_mat.u_line0.g_inv[16].u_inv._cell,sg13g2_inv_1,164.64,124.74,1.44,3.78,Matched RO + counter state
u_ro_mat.u_line0.g_inv[17].u_inv._cell,sg13g2_inv_1,163.2,124.74,1.44,3.78,Matched RO + counter state
u_ro_mat.u_line0.g_inv[18].u_inv._cell,sg13g2_inv_1,165.6,128.52,1.44,3.78,Matched RO + counter state
u_ro_mat.u_line0.g_inv[19].u_inv._cell,sg13g2_inv_1,168.0,124.74,1.44,3.78,Matched RO + counter state
u_ro_mat.u_line0.g_inv[1].u_inv._cell,sg13g2_inv_1,153.6,124.74,1.44,3.78,Matched RO + counter state
u_ro_mat.u_line0.g_inv[20].u_inv._cell,sg13g2_inv_1,169.44,124.74,1.44,3.78,Matched RO + counter state
u_ro_mat.u_line0.g_inv[21].u_inv._cell,sg13g2_inv_1,166.56,124.74,1.44,3.78,Matched RO + counter state
u_ro_mat.u_line0.g_inv[22].u_inv._cell,sg13g2_inv_1,164.16,120.96,1.44,3.78,Matched RO + counter state
u_ro_mat.u_line0.g_inv[23].u_inv._cell,sg13g2_inv_1,170.4,120.96,1.44,3.78,Matched RO + counter state
u_ro_mat.u_line0.g_inv[24].u_inv._cell,sg13g2_inv_1,165.12,113.4,1.44,3.78,Matched RO + counter state
u_ro_mat.u_line0.g_inv[25].u_inv._cell,sg13g2_inv_1,168.96,117.18,1.44,3.78,Matched RO + counter state
u_ro_mat.u_line0.g_inv[26].u_inv._cell,sg13g2_inv_1,167.52,117.18,1.44,3.78,Matched RO + counter state
u_ro_mat.u_line0.g_inv[27].u_inv._cell,sg13g2_inv_1,174.24,113.4,1.44,3.78,Matched RO + counter state
u_ro_mat.u_line0.g_inv[28].u_inv._cell,sg13g2_inv_1,175.68,113.4,1.44,3.78,Matched RO + counter state
u_ro_mat.u_line0.g_inv[29].u_inv._cell,sg13g2_inv_1,177.12,113.4,1.44,3.78,Matched RO + counter state
u_ro_mat.u_line0.g_inv[2].u_inv._cell,sg13g2_inv_1,153.6,120.96,1.44,3.78,Matched RO + counter state
u_ro_mat.u_line0.g_inv[30].u_inv._cell,sg13g2_inv_1,183.84,109.62,1.44,3.78,Matched RO + counter state
u_ro_mat.u_line0.g_inv[31].u_inv._cell,sg13g2_inv_1,182.4,109.62,1.44,3.78,Matched RO + counter state
u_ro_mat.u_line0.g_inv[32].u_inv._cell,sg13g2_inv_1,180.96,109.62,1.44,3.78,Matched RO + counter state
u_ro_mat.u_line0.g_inv[33].u_inv._cell,sg13g2_inv_1,179.04,105.84,1.44,3.78,Matched RO + counter state
u_ro_mat.u_line0.g_inv[34].u_inv._cell,sg13g2_inv_1,180.48,105.84,1.44,3.78,Matched RO + counter state
u_ro_mat.u_line0.g_inv[35].u_inv._cell,sg13g2_inv_1,182.88,102.06,1.44,3.78,Matched RO + counter state
u_ro_mat.u_line0.g_inv[36].u_inv._cell,sg13g2_inv_1,181.44,102.06,1.44,3.78,Matched RO + counter state
u_ro_mat.u_line0.g_inv[37].u_inv._cell,sg13g2_inv_1,180.0,102.06,1.44,3.78,Matched RO + counter state
u_ro_mat.u_line0.g_inv[38].u_inv._cell,sg13g2_inv_1,184.32,102.06,1.44,3.78,Matched RO + counter state
u_ro_mat.u_line0.g_inv[39].u_inv._cell,sg13g2_inv_1,180.96,98.28,1.44,3.78,Matched RO + counter state
u_ro_mat.u_line0.g_inv[3].u_inv._cell,sg13g2_inv_1,151.2,128.52,1.44,3.78,Matched RO + counter state
u_ro_mat.u_line0.g_inv[40].u_inv._cell,sg13g2_inv_1,181.92,105.84,1.44,3.78,Matched RO + counter state
u_ro_mat.u_line0.g_inv[41].u_inv._cell,sg13g2_inv_1,177.6,105.84,1.44,3.78,Matched RO + counter state
u_ro_mat.u_line0.g_inv[42].u_inv._cell,sg13g2_inv_1,179.52,109.62,1.44,3.78,Matched RO + counter state
u_ro_mat.u_line0.g_inv[43].u_inv._cell,sg13g2_inv_1,178.08,109.62,1.44,3.78,Matched RO + counter state
u_ro_mat.u_line0.g_inv[44].u_inv._cell,sg13g2_inv_1,175.2,109.62,1.44,3.78,Matched RO + counter state
u_ro_mat.u_line0.g_inv[45].u_inv._cell,sg13g2_inv_1,176.64,109.62,1.44,3.78,Matched RO + counter state
u_ro_mat.u_line0.g_inv[46].u_inv._cell,sg13g2_inv_1,173.76,105.84,1.44,3.78,Matched RO + counter state
u_ro_mat.u_line0.g_inv[47].u_inv._cell,sg13g2_inv_1,175.2,105.84,1.44,3.78,Matched RO + counter state
u_ro_mat.u_line0.g_inv[48].u_inv._cell,sg13g2_inv_1,178.56,102.06,1.44,3.78,Matched RO + counter state
u_ro_mat.u_line0.g_inv[49].u_inv._cell,sg13g2_inv_1,177.12,102.06,1.44,3.78,Matched RO + counter state
u_ro_mat.u_line0.g_inv[4].u_inv._cell,sg13g2_inv_1,152.64,128.52,1.44,3.78,Matched RO + counter state
u_ro_mat.u_line0.g_inv[50].u_inv._cell,sg13g2_inv_1,175.68,102.06,1.44,3.78,Matched RO + counter state
u_ro_mat.u_line0.g_inv[51].u_inv._cell,sg13g2_inv_1,176.64,98.28,1.44,3.78,Matched RO + counter state
u_ro_mat.u_line0.g_inv[52].u_inv._cell,sg13g2_inv_1,175.2,98.28,1.44,3.78,Matched RO + counter state
u_ro_mat.u_line0.g_inv[53].u_inv._cell,sg13g2_inv_1,173.76,98.28,1.44,3.78,Matched RO + counter state
u_ro_mat.u_line0.g_inv[54].u_inv._cell,sg13g2_inv_1,173.28,102.06,1.44,3.78,Matched RO + counter state
u_ro_mat.u_line0.g_inv[55].u_inv._cell,sg13g2_inv_1,171.84,102.06,1.44,3.78,Matched RO + counter state
u_ro_mat.u_line0.g_inv[56].u_inv._cell,sg13g2_inv_1,170.4,102.06,1.44,3.78,Matched RO + counter state
u_ro_mat.u_line0.g_inv[57].u_inv._cell,sg13g2_inv_1,168.96,102.06,1.44,3.78,Matched RO + counter state
u_ro_mat.u_line0.g_inv[58].u_inv._cell,sg13g2_inv_1,167.52,102.06,1.44,3.78,Matched RO + counter state
u_ro_mat.u_line0.g_inv[59].u_inv._cell,sg13g2_inv_1,167.04,105.84,1.44,3.78,Matched RO + counter state
u_ro_mat.u_line0.g_inv[5].u_inv._cell,sg13g2_inv_1,154.08,128.52,1.44,3.78,Matched RO + counter state
u_ro_mat.u_line0.g_inv[60].u_inv._cell,sg13g2_inv_1,165.6,105.84,1.44,3.78,Matched RO + counter state
u_ro_mat.u_line0.g_inv[61].u_inv._cell,sg13g2_inv_1,164.16,105.84,1.44,3.78,Matched RO + counter state
u_ro_mat.u_line0.g_inv[62].u_inv._cell,sg13g2_inv_1,166.56,113.4,1.44,3.78,Matched RO + counter state
u_ro_mat.u_line0.g_inv[63].u_inv._cell,sg13g2_inv_1,168.0,113.4,1.44,3.78,Matched RO + counter state
u_ro_mat.u_line0.g_inv[64].u_inv._cell,sg13g2_inv_1,172.32,109.62,1.44,3.78,Matched RO + counter state
u_ro_mat.u_line0.g_inv[65].u_inv._cell,sg13g2_inv_1,173.76,109.62,1.44,3.78,Matched RO + counter state
u_ro_mat.u_line0.g_inv[6].u_inv._cell,sg13g2_inv_1,155.52,128.52,1.44,3.78,Matched RO + counter state
u_ro_mat.u_line0.g_inv[7].u_inv._cell,sg13g2_inv_1,156.96,128.52,1.44,3.78,Matched RO + counter state
u_ro_mat.u_line0.g_inv[8].u_inv._cell,sg13g2_inv_1,158.4,128.52,1.44,3.78,Matched RO + counter state
u_ro_mat.u_line0.g_inv[9].u_inv._cell,sg13g2_inv_1,155.52,132.3,1.44,3.78,Matched RO + counter state
u_ro_mat.u_line0.u_mux.u_m0,sg13g2_mux2_1,165.6,120.96,4.8,3.78,Matched RO + counter state
u_ro_mat.u_line0.u_mux.u_m1,sg13g2_mux2_1,169.44,113.4,4.8,3.78,Matched RO + counter state
u_ro_mat.u_line0.u_mux.u_m2,sg13g2_mux2_1,170.88,117.18,4.8,3.78,Matched RO + counter state
u_ro_mat.u_line1.g_inv[0].u_inv._cell,sg13g2_inv_1,192.0,113.4,1.44,3.78,Matched RO + counter state
u_ro_mat.u_line1.g_inv[10].u_inv._cell,sg13g2_inv_1,193.92,109.62,1.44,3.78,Matched RO + counter state
u_ro_mat.u_line1.g_inv[11].u_inv._cell,sg13g2_inv_1,196.8,109.62,1.44,3.78,Matched RO + counter state
u_ro_mat.u_line1.g_inv[12].u_inv._cell,sg13g2_inv_1,191.04,105.84,1.44,3.78,Matched RO + counter state
u_ro_mat.u_line1.g_inv[13].u_inv._cell,sg13g2_inv_1,195.36,105.84,1.44,3.78,Matched RO + counter state
u_ro_mat.u_line1.g_inv[14].u_inv._cell,sg13g2_inv_1,195.36,102.06,1.44,3.78,Matched RO + counter state
u_ro_mat.u_line1.g_inv[15].u_inv._cell,sg13g2_inv_1,193.92,105.84,1.44,3.78,Matched RO + counter state
u_ro_mat.u_line1.g_inv[16].u_inv._cell,sg13g2_inv_1,196.8,105.84,1.44,3.78,Matched RO + counter state
u_ro_mat.u_line1.g_inv[17].u_inv._cell,sg13g2_inv_1,196.8,102.06,1.44,3.78,Matched RO + counter state
u_ro_mat.u_line1.g_inv[18].u_inv._cell,sg13g2_inv_1,193.92,102.06,1.44,3.78,Matched RO + counter state
u_ro_mat.u_line1.g_inv[19].u_inv._cell,sg13g2_inv_1,191.04,102.06,1.44,3.78,Matched RO + counter state
u_ro_mat.u_line1.g_inv[1].u_inv._cell,sg13g2_inv_1,193.44,113.4,1.44,3.78,Matched RO + counter state
u_ro_mat.u_line1.g_inv[20].u_inv._cell,sg13g2_inv_1,192.48,105.84,1.44,3.78,Matched RO + counter state
u_ro_mat.u_line1.g_inv[21].u_inv._cell,sg13g2_inv_1,189.6,102.06,1.44,3.78,Matched RO + counter state
u_ro_mat.u_line1.g_inv[22].u_inv._cell,sg13g2_inv_1,192.48,102.06,1.44,3.78,Matched RO + counter state
u_ro_mat.u_line1.g_inv[23].u_inv._cell,sg13g2_inv_1,192.48,98.28,1.44,3.78,Matched RO + counter state
u_ro_mat.u_line1.g_inv[24].u_inv._cell,sg13g2_inv_1,193.92,98.28,1.44,3.78,Matched RO + counter state
u_ro_mat.u_line1.g_inv[25].u_inv._cell,sg13g2_inv_1,196.8,98.28,1.44,3.78,Matched RO + counter state
u_ro_mat.u_line1.g_inv[26].u_inv._cell,sg13g2_inv_1,191.52,94.5,1.44,3.78,Matched RO + counter state
u_ro_mat.u_line1.g_inv[27].u_inv._cell,sg13g2_inv_1,195.36,98.28,1.44,3.78,Matched RO + counter state
u_ro_mat.u_line1.g_inv[28].u_inv._cell,sg13g2_inv_1,192.96,94.5,1.44,3.78,Matched RO + counter state
u_ro_mat.u_line1.g_inv[29].u_inv._cell,sg13g2_inv_1,197.76,94.5,1.44,3.78,Matched RO + counter state
u_ro_mat.u_line1.g_inv[2].u_inv._cell,sg13g2_inv_1,196.32,113.4,1.44,3.78,Matched RO + counter state
u_ro_mat.u_line1.g_inv[30].u_inv._cell,sg13g2_inv_1,194.4,94.5,1.44,3.78,Matched RO + counter state
u_ro_mat.u_line1.g_inv[31].u_inv._cell,sg13g2_inv_1,196.32,94.5,1.44,3.78,Matched RO + counter state
u_ro_mat.u_line1.g_inv[32].u_inv._cell,sg13g2_inv_1,193.92,90.72,1.44,3.78,Matched RO + counter state
u_ro_mat.u_line1.g_inv[33].u_inv._cell,sg13g2_inv_1,196.8,90.72,1.44,3.78,Matched RO + counter state
u_ro_mat.u_line1.g_inv[34].u_inv._cell,sg13g2_inv_1,197.76,86.94,1.44,3.78,Matched RO + counter state
u_ro_mat.u_line1.g_inv[35].u_inv._cell,sg13g2_inv_1,195.36,90.72,1.44,3.78,Matched RO + counter state
u_ro_mat.u_line1.g_inv[36].u_inv._cell,sg13g2_inv_1,196.32,86.94,1.44,3.78,Matched RO + counter state
u_ro_mat.u_line1.g_inv[37].u_inv._cell,sg13g2_inv_1,194.88,86.94,1.44,3.78,Matched RO + counter state
u_ro_mat.u_line1.g_inv[38].u_inv._cell,sg13g2_inv_1,193.44,86.94,1.44,3.78,Matched RO + counter state
u_ro_mat.u_line1.g_inv[39].u_inv._cell,sg13g2_inv_1,192.0,86.94,1.44,3.78,Matched RO + counter state
u_ro_mat.u_line1.g_inv[3].u_inv._cell,sg13g2_inv_1,197.76,113.4,1.44,3.78,Matched RO + counter state
u_ro_mat.u_line1.g_inv[40].u_inv._cell,sg13g2_inv_1,190.56,86.94,1.44,3.78,Matched RO + counter state
u_ro_mat.u_line1.g_inv[41].u_inv._cell,sg13g2_inv_1,189.12,86.94,1.44,3.78,Matched RO + counter state
u_ro_mat.u_line1.g_inv[42].u_inv._cell,sg13g2_inv_1,191.04,90.72,1.44,3.78,Matched RO + counter state
u_ro_mat.u_line1.g_inv[43].u_inv._cell,sg13g2_inv_1,192.48,90.72,1.44,3.78,Matched RO + counter state
u_ro_mat.u_line1.g_inv[44].u_inv._cell,sg13g2_inv_1,187.2,86.94,1.44,3.78,Matched RO + counter state
u_ro_mat.u_line1.g_inv[45].u_inv._cell,sg13g2_inv_1,185.76,86.94,1.44,3.78,Matched RO + counter state
u_ro_mat.u_line1.g_inv[46].u_inv._cell,sg13g2_inv_1,184.32,86.94,1.44,3.78,Matched RO + counter state
u_ro_mat.u_line1.g_inv[47].u_inv._cell,sg13g2_inv_1,181.44,94.5,1.44,3.78,Matched RO + counter state
u_ro_mat.u_line1.g_inv[48].u_inv._cell,sg13g2_inv_1,175.68,90.72,1.44,3.78,Matched RO + counter state
u_ro_mat.u_line1.g_inv[49].u_inv._cell,sg13g2_inv_1,180.0,86.94,1.44,3.78,Matched RO + counter state
u_ro_mat.u_line1.g_inv[4].u_inv._cell,sg13g2_inv_1,195.36,117.18,1.44,3.78,Matched RO + counter state
u_ro_mat.u_line1.g_inv[50].u_inv._cell,sg13g2_inv_1,177.12,90.72,1.44,3.78,Matched RO + counter state
u_ro_mat.u_line1.g_inv[51].u_inv._cell,sg13g2_inv_1,182.88,94.5,1.44,3.78,Matched RO + counter state
u_ro_mat.u_line1.g_inv[52].u_inv._cell,sg13g2_inv_1,177.6,94.5,1.44,3.78,Matched RO + counter state
u_ro_mat.u_line1.g_inv[53].u_inv._cell,sg13g2_inv_1,184.32,94.5,1.44,3.78,Matched RO + counter state
u_ro_mat.u_line1.g_inv[54].u_inv._cell,sg13g2_inv_1,185.76,94.5,1.44,3.78,Matched RO + counter state
u_ro_mat.u_line1.g_inv[55].u_inv._cell,sg13g2_inv_1,179.04,94.5,1.44,3.78,Matched RO + counter state
u_ro_mat.u_line1.g_inv[56].u_inv._cell,sg13g2_inv_1,187.2,94.5,1.44,3.78,Matched RO + counter state
u_ro_mat.u_line1.g_inv[57].u_inv._cell,sg13g2_inv_1,188.64,94.5,1.44,3.78,Matched RO + counter state
u_ro_mat.u_line1.g_inv[58].u_inv._cell,sg13g2_inv_1,190.08,94.5,1.44,3.78,Matched RO + counter state
u_ro_mat.u_line1.g_inv[59].u_inv._cell,sg13g2_inv_1,184.8,98.28,1.44,3.78,Matched RO + counter state
u_ro_mat.u_line1.g_inv[5].u_inv._cell,sg13g2_inv_1,193.92,117.18,1.44,3.78,Matched RO + counter state
u_ro_mat.u_line1.g_inv[60].u_inv._cell,sg13g2_inv_1,186.24,98.28,1.44,3.78,Matched RO + counter state
u_ro_mat.u_line1.g_inv[61].u_inv._cell,sg13g2_inv_1,187.68,98.28,1.44,3.78,Matched RO + counter state
u_ro_mat.u_line1.g_inv[62].u_inv._cell,sg13g2_inv_1,187.2,102.06,1.44,3.78,Matched RO + counter state
u_ro_mat.u_line1.g_inv[63].u_inv._cell,sg13g2_inv_1,185.76,102.06,1.44,3.78,Matched RO + counter state
u_ro_mat.u_line1.g_inv[64].u_inv._cell,sg13g2_inv_1,187.68,105.84,1.44,3.78,Matched RO + counter state
u_ro_mat.u_line1.g_inv[65].u_inv._cell,sg13g2_inv_1,186.24,105.84,1.44,3.78,Matched RO + counter state
u_ro_mat.u_line1.g_inv[6].u_inv._cell,sg13g2_inv_1,194.88,113.4,1.44,3.78,Matched RO + counter state
u_ro_mat.u_line1.g_inv[7].u_inv._cell,sg13g2_inv_1,191.04,109.62,1.44,3.78,Matched RO + counter state
u_ro_mat.u_line1.g_inv[8].u_inv._cell,sg13g2_inv_1,195.36,109.62,1.44,3.78,Matched RO + counter state
u_ro_mat.u_line1.g_inv[9].u_inv._cell,sg13g2_inv_1,192.48,109.62,1.44,3.78,Matched RO + counter state
u_ro_mat.u_line1.u_mux.u_m0,sg13g2_mux2_1,187.2,113.4,4.8,3.78,Matched RO + counter state
u_ro_mat.u_line1.u_mux.u_m1,sg13g2_mux2_1,186.24,109.62,4.8,3.78,Matched RO + counter state
u_ro_mat.u_line1.u_mux.u_m2,sg13g2_mux2_1,188.16,117.18,4.8,3.78,Matched RO + counter state
