
===========================================================================
report_checks -unconstrained
===========================================================================
======================= nom_fast_1p32V_m40C Corner ===================================

Startpoint: rst_n (input port clocked by clk)
Endpoint: _1383_ (recovery check against rising-edge clock clk)
Path Group: asynchronous
Path Type: max

Fanout         Cap        Slew       Delay        Time   Description
---------------------------------------------------------------------------------------------
                                  0.000000    0.000000   clock clk (rise edge)
                                  0.000000    0.000000   clock network delay (propagated)
                                  4.000000    4.000000 ^ input external delay
     1    0.005225    0.015021    0.003047    4.003047 ^ rst_n (in)
                                                         rst_n (net)
                      0.015022    0.000000    4.003047 ^ input1/A (sg13g2_buf_1)
     1    0.002630    0.013899    0.037681    4.040728 ^ input1/X (sg13g2_buf_1)
                                                         net1 (net)
                      0.013899    0.000104    4.040833 ^ fanout90/A (sg13g2_buf_1)
     6    0.064728    0.172173    0.146322    4.187154 ^ fanout90/X (sg13g2_buf_1)
                                                         net90 (net)
                      0.172688    0.007681    4.194836 ^ fanout62/A (sg13g2_buf_1)
     5    0.032785    0.090164    0.134950    4.329785 ^ fanout62/X (sg13g2_buf_1)
                                                         net62 (net)
                      0.090172    0.000713    4.330498 ^ fanout61/A (sg13g2_buf_1)
     8    0.060659    0.161886    0.165289    4.495788 ^ fanout61/X (sg13g2_buf_1)
                                                         net61 (net)
                      0.162063    0.004408    4.500196 ^ fanout60/A (sg13g2_buf_1)
     8    0.056183    0.150670    0.173354    4.673550 ^ fanout60/X (sg13g2_buf_1)
                                                         net60 (net)
                      0.150841    0.004171    4.677721 ^ _1383_/RESET_B (sg13g2_dfrbpq_1)
                                              4.677721   data arrival time

                                 20.000000   20.000000   clock clk (rise edge)
                                  0.000000   20.000000   clock source latency
     1    0.033571    0.031911    0.020481   20.020481 ^ clk (in)
                                                         clk (net)
                      0.032890    0.000000   20.020481 ^ clkbuf_0_clk/A (sg13g2_buf_16)
    16    0.196747    0.038480    0.057124   20.077606 ^ clkbuf_0_clk/X (sg13g2_buf_16)
                                                         clknet_0_clk (net)
                      0.060870    0.022707   20.100313 ^ clkbuf_4_1_0_clk/A (sg13g2_buf_8)
     2    0.040646    0.023527    0.066205   20.166517 ^ clkbuf_4_1_0_clk/X (sg13g2_buf_8)
                                                         clknet_4_1_0_clk (net)
                      0.023647    0.001235   20.167753 ^ clkbuf_5_2__f_clk/A (sg13g2_buf_16)
     5    0.019841    0.013525    0.045281   20.213034 ^ clkbuf_5_2__f_clk/X (sg13g2_buf_16)
                                                         clknet_5_2__leaf_clk (net)
                      0.013553    0.001172   20.214207 ^ _1383_/CLK (sg13g2_dfrbpq_1)
                                 -0.250000   19.964207   clock uncertainty
                                  0.000000   19.964207   clock reconvergence pessimism
                                 -0.112158   19.852049   library recovery time
                                             19.852049   data required time
---------------------------------------------------------------------------------------------
                                             19.852049   data required time
                                             -4.677721   data arrival time
---------------------------------------------------------------------------------------------
                                             15.174328   slack (MET)


Startpoint: _1505_ (rising edge-triggered flip-flop clocked by clk)
Endpoint: _1488_ (rising edge-triggered flip-flop clocked by clk)
Path Group: clk
Path Type: max

Fanout         Cap        Slew       Delay        Time   Description
---------------------------------------------------------------------------------------------
                                  0.000000    0.000000   clock clk (rise edge)
                                  0.000000    0.000000   clock source latency
     1    0.033571    0.031911    0.020481    0.020481 ^ clk (in)
                                                         clk (net)
                      0.032890    0.000000    0.020481 ^ clkbuf_0_clk/A (sg13g2_buf_16)
    16    0.196747    0.038480    0.057125    0.077606 ^ clkbuf_0_clk/X (sg13g2_buf_16)
                                                         clknet_0_clk (net)
                      0.067515    0.027468    0.105073 ^ clkbuf_4_11_0_clk/A (sg13g2_buf_8)
     2    0.042053    0.024091    0.068649    0.173723 ^ clkbuf_4_11_0_clk/X (sg13g2_buf_8)
                                                         clknet_4_11_0_clk (net)
                      0.024745    0.002946    0.176668 ^ clkbuf_5_22__f_clk/A (sg13g2_buf_16)
     5    0.019746    0.013558    0.045742    0.222410 ^ clkbuf_5_22__f_clk/X (sg13g2_buf_16)
                                                         clknet_5_22__leaf_clk (net)
                      0.013565    0.000612    0.223021 ^ _1505_/CLK (sg13g2_dfrbpq_1)
     1    0.004129    0.018694    0.109765    0.332786 ^ _1505_/Q (sg13g2_dfrbpq_1)
                                                         cfg[8] (net)
                      0.018694    0.000279    0.333065 ^ fanout55/A (sg13g2_buf_1)
     4    0.023380    0.065490    0.076927    0.409992 ^ fanout55/X (sg13g2_buf_1)
                                                         net55 (net)
                      0.065572    0.001884    0.411876 ^ fanout54/A (sg13g2_buf_1)
     8    0.031857    0.087663    0.106811    0.518687 ^ fanout54/X (sg13g2_buf_1)
                                                         net54 (net)
                      0.087731    0.002014    0.520700 ^ _0812_/B_N (sg13g2_nor2b_1)
     5    0.023115    0.134384    0.153639    0.674339 ^ _0812_/Y (sg13g2_nor2b_1)
                                                         _0373_ (net)
                      0.134396    0.001047    0.675386 ^ _0815_/A (sg13g2_nand2_1)
     1    0.003610    0.042233    0.054964    0.730350 v _0815_/Y (sg13g2_nand2_1)
                                                         _0376_ (net)
                      0.042233    0.000236    0.730586 v fanout36/A (sg13g2_buf_1)
     5    0.024143    0.055311    0.082205    0.812791 v fanout36/X (sg13g2_buf_1)
                                                         net36 (net)
                      0.055395    0.001542    0.814333 v fanout35/A (sg13g2_buf_1)
     8    0.038640    0.085940    0.106480    0.920813 v fanout35/X (sg13g2_buf_1)
                                                         net35 (net)
                      0.086349    0.004832    0.925645 v _0816_/B1 (sg13g2_o21ai_1)
     3    0.015190    0.126448    0.077902    1.003547 ^ _0816_/Y (sg13g2_o21ai_1)
                                                         u_dut.g_seg[0].g_fa[0].u_fa.a (net)
                      0.126457    0.000893    1.004440 ^ u_dut.g_seg[0].g_fa[0].u_fa.u_x1/A (sg13g2_xor2_1)
     2    0.012422    0.074231    0.098900    1.103341 v u_dut.g_seg[0].g_fa[0].u_fa.u_x1/X (sg13g2_xor2_1)
                                                         u_dut.g_seg[0].g_fa[0].u_fa.t (net)
                      0.074234    0.000319    1.103659 v u_dut.g_seg[0].g_fa[0].u_fa.u_a2/B (sg13g2_and2_1)
     1    0.002529    0.015169    0.065219    1.168878 v u_dut.g_seg[0].g_fa[0].u_fa.u_a2/X (sg13g2_and2_1)
                                                         u_dut.g_seg[0].g_fa[0].u_fa.v (net)
                      0.015169    0.000101    1.168979 v u_dut.g_seg[0].g_fa[0].u_fa.u_o1/B (sg13g2_or2_1)
     2    0.011183    0.034091    0.075785    1.244764 v u_dut.g_seg[0].g_fa[0].u_fa.u_o1/X (sg13g2_or2_1)
                                                         u_dut.g_seg[0].g_fa[0].u_fa.co (net)
                      0.034098    0.000482    1.245245 v u_dut.g_seg[0].g_fa[1].u_fa.u_a2/A (sg13g2_and2_1)
     1    0.002983    0.016067    0.047754    1.293000 v u_dut.g_seg[0].g_fa[1].u_fa.u_a2/X (sg13g2_and2_1)
                                                         u_dut.g_seg[0].g_fa[1].u_fa.v (net)
                      0.016067    0.000211    1.293211 v u_dut.g_seg[0].g_fa[1].u_fa.u_o1/B (sg13g2_or2_1)
     2    0.009546    0.030657    0.072988    1.366198 v u_dut.g_seg[0].g_fa[1].u_fa.u_o1/X (sg13g2_or2_1)
                                                         u_dut.g_seg[0].g_fa[1].u_fa.co (net)
                      0.030659    0.000282    1.366481 v u_dut.g_seg[0].g_fa[2].u_fa.u_a2/A (sg13g2_and2_1)
     1    0.002907    0.015407    0.046555    1.413035 v u_dut.g_seg[0].g_fa[2].u_fa.u_a2/X (sg13g2_and2_1)
                                                         u_dut.g_seg[0].g_fa[2].u_fa.v (net)
                      0.015407    0.000112    1.413148 v u_dut.g_seg[0].g_fa[2].u_fa.u_o1/B (sg13g2_or2_1)
     2    0.009192    0.029913    0.071939    1.485087 v u_dut.g_seg[0].g_fa[2].u_fa.u_o1/X (sg13g2_or2_1)
                                                         u_dut.g_seg[0].g_fa[2].u_fa.co (net)
                      0.029922    0.000505    1.485592 v u_dut.g_seg[0].g_fa[3].u_fa.u_a2/A (sg13g2_and2_1)
     1    0.002656    0.014924    0.045898    1.531490 v u_dut.g_seg[0].g_fa[3].u_fa.u_a2/X (sg13g2_and2_1)
                                                         u_dut.g_seg[0].g_fa[3].u_fa.v (net)
                      0.014924    0.000104    1.531594 v u_dut.g_seg[0].g_fa[3].u_fa.u_o1/B (sg13g2_or2_1)
     2    0.016381    0.045332    0.085225    1.616819 v u_dut.g_seg[0].g_fa[3].u_fa.u_o1/X (sg13g2_or2_1)
                                                         u_dut.g_seg[0].u_bank.node[0] (net)
                      0.045374    0.001246    1.618065 v u_dut.g_seg[0].u_bank.g_inv[0].u_inv._cell/A (sg13g2_inv_1)
     1    0.003498    0.020200    0.024793    1.642857 ^ u_dut.g_seg[0].u_bank.g_inv[0].u_inv._cell/Y (sg13g2_inv_1)
                                                         u_dut.g_seg[0].u_bank.node[1] (net)
                      0.020200    0.000139    1.642996 ^ u_dut.g_seg[0].u_bank.g_inv[1].u_inv._cell/A (sg13g2_inv_1)
     1    0.003305    0.012769    0.018911    1.661907 v u_dut.g_seg[0].u_bank.g_inv[1].u_inv._cell/Y (sg13g2_inv_1)
                                                         u_dut.g_seg[0].u_bank.node[2] (net)
                      0.012771    0.000253    1.662160 v u_dut.g_seg[0].u_bank.g_inv[2].u_inv._cell/A (sg13g2_inv_1)
     1    0.003808    0.015224    0.019155    1.681315 ^ u_dut.g_seg[0].u_bank.g_inv[2].u_inv._cell/Y (sg13g2_inv_1)
                                                         u_dut.g_seg[0].u_bank.node[3] (net)
                      0.015228    0.000280    1.681595 ^ u_dut.g_seg[0].u_bank.g_inv[3].u_inv._cell/A (sg13g2_inv_1)
     1    0.003585    0.012429    0.018393    1.699988 v u_dut.g_seg[0].u_bank.g_inv[3].u_inv._cell/Y (sg13g2_inv_1)
                                                         u_dut.g_seg[0].u_bank.node[4] (net)
                      0.012430    0.000142    1.700131 v u_dut.g_seg[0].u_bank.g_inv[4].u_inv._cell/A (sg13g2_inv_1)
     1    0.003675    0.014860    0.018849    1.718980 ^ u_dut.g_seg[0].u_bank.g_inv[4].u_inv._cell/Y (sg13g2_inv_1)
                                                         u_dut.g_seg[0].u_bank.node[5] (net)
                      0.014861    0.000275    1.719255 ^ u_dut.g_seg[0].u_bank.g_inv[5].u_inv._cell/A (sg13g2_inv_1)
     1    0.003548    0.012301    0.018259    1.737514 v u_dut.g_seg[0].u_bank.g_inv[5].u_inv._cell/Y (sg13g2_inv_1)
                                                         u_dut.g_seg[0].u_bank.node[6] (net)
                      0.012302    0.000140    1.737655 v u_dut.g_seg[0].u_bank.g_inv[6].u_inv._cell/A (sg13g2_inv_1)
     1    0.003201    0.013773    0.018025    1.755680 ^ u_dut.g_seg[0].u_bank.g_inv[6].u_inv._cell/Y (sg13g2_inv_1)
                                                         u_dut.g_seg[0].u_bank.node[7] (net)
                      0.013773    0.000128    1.755808 ^ u_dut.g_seg[0].u_bank.g_inv[7].u_inv._cell/A (sg13g2_inv_1)
     1    0.003644    0.012273    0.018145    1.773952 v u_dut.g_seg[0].u_bank.g_inv[7].u_inv._cell/Y (sg13g2_inv_1)
                                                         u_dut.g_seg[0].u_bank.node[8] (net)
                      0.012287    0.000263    1.774215 v u_dut.g_seg[0].u_bank.g_inv[8].u_inv._cell/A (sg13g2_inv_1)
     1    0.003828    0.015184    0.019094    1.793309 ^ u_dut.g_seg[0].u_bank.g_inv[8].u_inv._cell/Y (sg13g2_inv_1)
                                                         u_dut.g_seg[0].u_bank.node[9] (net)
                      0.015190    0.000287    1.793596 ^ u_dut.g_seg[0].u_bank.g_inv[9].u_inv._cell/A (sg13g2_inv_1)
     1    0.003111    0.011583    0.017639    1.811235 v u_dut.g_seg[0].u_bank.g_inv[9].u_inv._cell/Y (sg13g2_inv_1)
                                                         u_dut.g_seg[0].u_bank.node[10] (net)
                      0.011583    0.000123    1.811359 v u_dut.g_seg[0].u_bank.g_inv[10].u_inv._cell/A (sg13g2_inv_1)
     1    0.003504    0.014337    0.018431    1.829790 ^ u_dut.g_seg[0].u_bank.g_inv[10].u_inv._cell/Y (sg13g2_inv_1)
                                                         u_dut.g_seg[0].u_bank.node[11] (net)
                      0.014338    0.000138    1.829928 ^ u_dut.g_seg[0].u_bank.g_inv[11].u_inv._cell/A (sg13g2_inv_1)
     1    0.003152    0.011499    0.017489    1.847417 v u_dut.g_seg[0].u_bank.g_inv[11].u_inv._cell/Y (sg13g2_inv_1)
                                                         u_dut.g_seg[0].u_bank.node[12] (net)
                      0.011501    0.000246    1.847663 v u_dut.g_seg[0].u_bank.g_inv[12].u_inv._cell/A (sg13g2_inv_1)
     1    0.003462    0.014228    0.018341    1.866004 ^ u_dut.g_seg[0].u_bank.g_inv[12].u_inv._cell/Y (sg13g2_inv_1)
                                                         u_dut.g_seg[0].u_bank.node[13] (net)
                      0.014229    0.000139    1.866143 ^ u_dut.g_seg[0].u_bank.g_inv[13].u_inv._cell/A (sg13g2_inv_1)
     1    0.004410    0.013758    0.019430    1.885573 v u_dut.g_seg[0].u_bank.g_inv[13].u_inv._cell/Y (sg13g2_inv_1)
                                                         u_dut.g_seg[0].u_bank.node[14] (net)
                      0.013770    0.000302    1.885875 v u_dut.g_seg[0].u_bank.g_inv[14].u_inv._cell/A (sg13g2_inv_1)
     1    0.003225    0.014085    0.018341    1.904216 ^ u_dut.g_seg[0].u_bank.g_inv[14].u_inv._cell/Y (sg13g2_inv_1)
                                                         u_dut.g_seg[0].u_bank.node[15] (net)
                      0.014085    0.000128    1.904345 ^ u_dut.g_seg[0].u_bank.g_inv[15].u_inv._cell/A (sg13g2_inv_1)
     1    0.003405    0.011917    0.017878    1.922223 v u_dut.g_seg[0].u_bank.g_inv[15].u_inv._cell/Y (sg13g2_inv_1)
                                                         u_dut.g_seg[0].u_bank.node[16] (net)
                      0.011917    0.000135    1.922358 v u_dut.g_seg[0].u_bank.g_inv[16].u_inv._cell/A (sg13g2_inv_1)
     1    0.003815    0.015088    0.018995    1.941353 ^ u_dut.g_seg[0].u_bank.g_inv[16].u_inv._cell/Y (sg13g2_inv_1)
                                                         u_dut.g_seg[0].u_bank.node[17] (net)
                      0.015095    0.000292    1.941645 ^ u_dut.g_seg[0].u_bank.g_inv[17].u_inv._cell/A (sg13g2_inv_1)
     1    0.004123    0.013366    0.019154    1.960799 v u_dut.g_seg[0].u_bank.g_inv[17].u_inv._cell/Y (sg13g2_inv_1)
                                                         u_dut.g_seg[0].u_bank.node[18] (net)
                      0.013384    0.000305    1.961104 v u_dut.g_seg[0].u_bank.g_inv[18].u_inv._cell/A (sg13g2_inv_1)
     1    0.003636    0.014938    0.018959    1.980063 ^ u_dut.g_seg[0].u_bank.g_inv[18].u_inv._cell/Y (sg13g2_inv_1)
                                                         u_dut.g_seg[0].u_bank.node[19] (net)
                      0.014940    0.000280    1.980342 ^ u_dut.g_seg[0].u_bank.g_inv[19].u_inv._cell/A (sg13g2_inv_1)
     1    0.003851    0.012851    0.018750    1.999092 v u_dut.g_seg[0].u_bank.g_inv[19].u_inv._cell/Y (sg13g2_inv_1)
                                                         u_dut.g_seg[0].u_bank.node[20] (net)
                      0.012857    0.000154    1.999247 v u_dut.g_seg[0].u_bank.g_inv[20].u_inv._cell/A (sg13g2_inv_1)
     1    0.003252    0.013975    0.018177    2.017424 ^ u_dut.g_seg[0].u_bank.g_inv[20].u_inv._cell/Y (sg13g2_inv_1)
                                                         u_dut.g_seg[0].u_bank.node[21] (net)
                      0.013976    0.000254    2.017677 ^ u_dut.g_seg[0].u_bank.g_inv[21].u_inv._cell/A (sg13g2_inv_1)
     1    0.003400    0.011889    0.017848    2.035525 v u_dut.g_seg[0].u_bank.g_inv[21].u_inv._cell/Y (sg13g2_inv_1)
                                                         u_dut.g_seg[0].u_bank.node[22] (net)
                      0.011890    0.000135    2.035661 v u_dut.g_seg[0].u_bank.g_inv[22].u_inv._cell/A (sg13g2_inv_1)
     1    0.003894    0.015264    0.019135    2.054796 ^ u_dut.g_seg[0].u_bank.g_inv[22].u_inv._cell/Y (sg13g2_inv_1)
                                                         u_dut.g_seg[0].u_bank.node[23] (net)
                      0.015272    0.000285    2.055081 ^ u_dut.g_seg[0].u_bank.g_inv[23].u_inv._cell/A (sg13g2_inv_1)
     1    0.003792    0.012789    0.018680    2.073761 v u_dut.g_seg[0].u_bank.g_inv[23].u_inv._cell/Y (sg13g2_inv_1)
                                                         u_dut.g_seg[0].u_bank.node[24] (net)
                      0.012809    0.000275    2.074036 v u_dut.g_seg[0].u_bank.g_inv[24].u_inv._cell/A (sg13g2_inv_1)
     1    0.003833    0.015286    0.019206    2.093241 ^ u_dut.g_seg[0].u_bank.g_inv[24].u_inv._cell/Y (sg13g2_inv_1)
                                                         u_dut.g_seg[0].u_bank.node[25] (net)
                      0.015287    0.000281    2.093523 ^ u_dut.g_seg[0].u_bank.g_inv[25].u_inv._cell/A (sg13g2_inv_1)
     1    0.003149    0.011666    0.017717    2.111240 v u_dut.g_seg[0].u_bank.g_inv[25].u_inv._cell/Y (sg13g2_inv_1)
                                                         u_dut.g_seg[0].u_bank.node[26] (net)
                      0.011666    0.000126    2.111366 v u_dut.g_seg[0].u_bank.g_inv[26].u_inv._cell/A (sg13g2_inv_1)
     1    0.003394    0.014102    0.018251    2.129617 ^ u_dut.g_seg[0].u_bank.g_inv[26].u_inv._cell/Y (sg13g2_inv_1)
                                                         u_dut.g_seg[0].u_bank.node[27] (net)
                      0.014102    0.000134    2.129751 ^ u_dut.g_seg[0].u_bank.g_inv[27].u_inv._cell/A (sg13g2_inv_1)
     1    0.003120    0.011413    0.017436    2.147188 v u_dut.g_seg[0].u_bank.g_inv[27].u_inv._cell/Y (sg13g2_inv_1)
                                                         u_dut.g_seg[0].u_bank.node[28] (net)
                      0.011413    0.000125    2.147312 v u_dut.g_seg[0].u_bank.g_inv[28].u_inv._cell/A (sg13g2_inv_1)
     1    0.003207    0.013632    0.017873    2.165185 ^ u_dut.g_seg[0].u_bank.g_inv[28].u_inv._cell/Y (sg13g2_inv_1)
                                                         u_dut.g_seg[0].u_bank.node[29] (net)
                      0.013633    0.000128    2.165313 ^ u_dut.g_seg[0].u_bank.g_inv[29].u_inv._cell/A (sg13g2_inv_1)
     1    0.003110    0.011316    0.017327    2.182640 v u_dut.g_seg[0].u_bank.g_inv[29].u_inv._cell/Y (sg13g2_inv_1)
                                                         u_dut.g_seg[0].u_bank.node[30] (net)
                      0.011317    0.000124    2.182765 v u_dut.g_seg[0].u_bank.g_inv[30].u_inv._cell/A (sg13g2_inv_1)
     1    0.003688    0.014710    0.018706    2.201471 ^ u_dut.g_seg[0].u_bank.g_inv[30].u_inv._cell/Y (sg13g2_inv_1)
                                                         u_dut.g_seg[0].u_bank.node[31] (net)
                      0.014710    0.000146    2.201617 ^ u_dut.g_seg[0].u_bank.g_inv[31].u_inv._cell/A (sg13g2_inv_1)
     2    0.007901    0.020526    0.024887    2.226503 v u_dut.g_seg[0].u_bank.g_inv[31].u_inv._cell/Y (sg13g2_inv_1)
                                                         u_dut.g_seg[0].u_bank.node[32] (net)
                      0.020547    0.000525    2.227029 v u_dut.g_seg[0].u_bank.g_inv[32].u_inv._cell/A (sg13g2_inv_1)
     1    0.004254    0.017593    0.021500    2.248528 ^ u_dut.g_seg[0].u_bank.g_inv[32].u_inv._cell/Y (sg13g2_inv_1)
                                                         u_dut.g_seg[0].u_bank.node[33] (net)
                      0.017604    0.000305    2.248834 ^ u_dut.g_seg[0].u_bank.g_inv[33].u_inv._cell/A (sg13g2_inv_1)
     1    0.003330    0.012381    0.018471    2.267305 v u_dut.g_seg[0].u_bank.g_inv[33].u_inv._cell/Y (sg13g2_inv_1)
                                                         u_dut.g_seg[0].u_bank.node[34] (net)
                      0.012382    0.000133    2.267438 v u_dut.g_seg[0].u_bank.g_inv[34].u_inv._cell/A (sg13g2_inv_1)
     1    0.003720    0.014968    0.018967    2.286405 ^ u_dut.g_seg[0].u_bank.g_inv[34].u_inv._cell/Y (sg13g2_inv_1)
                                                         u_dut.g_seg[0].u_bank.node[35] (net)
                      0.014969    0.000148    2.286553 ^ u_dut.g_seg[0].u_bank.g_inv[35].u_inv._cell/A (sg13g2_inv_1)
     1    0.003467    0.012163    0.018110    2.304662 v u_dut.g_seg[0].u_bank.g_inv[35].u_inv._cell/Y (sg13g2_inv_1)
                                                         u_dut.g_seg[0].u_bank.node[36] (net)
                      0.012165    0.000259    2.304921 v u_dut.g_seg[0].u_bank.g_inv[36].u_inv._cell/A (sg13g2_inv_1)
     1    0.003789    0.015073    0.018999    2.323921 ^ u_dut.g_seg[0].u_bank.g_inv[36].u_inv._cell/Y (sg13g2_inv_1)
                                                         u_dut.g_seg[0].u_bank.node[37] (net)
                      0.015078    0.000286    2.324207 ^ u_dut.g_seg[0].u_bank.g_inv[37].u_inv._cell/A (sg13g2_inv_1)
     1    0.003162    0.011643    0.017653    2.341860 v u_dut.g_seg[0].u_bank.g_inv[37].u_inv._cell/Y (sg13g2_inv_1)
                                                         u_dut.g_seg[0].u_bank.node[38] (net)
                      0.011645    0.000246    2.342106 v u_dut.g_seg[0].u_bank.g_inv[38].u_inv._cell/A (sg13g2_inv_1)
     1    0.003683    0.014755    0.018757    2.360864 ^ u_dut.g_seg[0].u_bank.g_inv[38].u_inv._cell/Y (sg13g2_inv_1)
                                                         u_dut.g_seg[0].u_bank.node[39] (net)
                      0.014756    0.000149    2.361012 ^ u_dut.g_seg[0].u_bank.g_inv[39].u_inv._cell/A (sg13g2_inv_1)
     1    0.003969    0.013037    0.018894    2.379907 v u_dut.g_seg[0].u_bank.g_inv[39].u_inv._cell/Y (sg13g2_inv_1)
                                                         u_dut.g_seg[0].u_bank.node[40] (net)
                      0.013040    0.000160    2.380067 v u_dut.g_seg[0].u_bank.g_inv[40].u_inv._cell/A (sg13g2_inv_1)
     1    0.003354    0.014251    0.018437    2.398504 ^ u_dut.g_seg[0].u_bank.g_inv[40].u_inv._cell/Y (sg13g2_inv_1)
                                                         u_dut.g_seg[0].u_bank.node[41] (net)
                      0.014251    0.000133    2.398638 ^ u_dut.g_seg[0].u_bank.g_inv[41].u_inv._cell/A (sg13g2_inv_1)
     1    0.003112    0.011424    0.017453    2.416091 v u_dut.g_seg[0].u_bank.g_inv[41].u_inv._cell/Y (sg13g2_inv_1)
                                                         u_dut.g_seg[0].u_bank.node[42] (net)
                      0.011425    0.000124    2.416215 v u_dut.g_seg[0].u_bank.g_inv[42].u_inv._cell/A (sg13g2_inv_1)
     1    0.003611    0.014540    0.018545    2.434761 ^ u_dut.g_seg[0].u_bank.g_inv[42].u_inv._cell/Y (sg13g2_inv_1)
                                                         u_dut.g_seg[0].u_bank.node[43] (net)
                      0.014542    0.000272    2.435033 ^ u_dut.g_seg[0].u_bank.g_inv[43].u_inv._cell/A (sg13g2_inv_1)
     1    0.003406    0.011982    0.017926    2.452959 v u_dut.g_seg[0].u_bank.g_inv[43].u_inv._cell/Y (sg13g2_inv_1)
                                                         u_dut.g_seg[0].u_bank.node[44] (net)
                      0.011984    0.000257    2.453216 v u_dut.g_seg[0].u_bank.g_inv[44].u_inv._cell/A (sg13g2_inv_1)
     1    0.003408    0.014189    0.018336    2.471552 ^ u_dut.g_seg[0].u_bank.g_inv[44].u_inv._cell/Y (sg13g2_inv_1)
                                                         u_dut.g_seg[0].u_bank.node[45] (net)
                      0.014190    0.000135    2.471687 ^ u_dut.g_seg[0].u_bank.g_inv[45].u_inv._cell/A (sg13g2_inv_1)
     1    0.003529    0.012153    0.018092    2.489779 v u_dut.g_seg[0].u_bank.g_inv[45].u_inv._cell/Y (sg13g2_inv_1)
                                                         u_dut.g_seg[0].u_bank.node[46] (net)
                      0.012154    0.000140    2.489918 v u_dut.g_seg[0].u_bank.g_inv[46].u_inv._cell/A (sg13g2_inv_1)
     1    0.004198    0.016016    0.019771    2.509690 ^ u_dut.g_seg[0].u_bank.g_inv[46].u_inv._cell/Y (sg13g2_inv_1)
                                                         u_dut.g_seg[0].u_bank.node[47] (net)
                      0.016018    0.000169    2.509858 ^ u_dut.g_seg[0].u_bank.g_inv[47].u_inv._cell/A (sg13g2_inv_1)
     1    0.003646    0.012671    0.018650    2.528509 v u_dut.g_seg[0].u_bank.g_inv[47].u_inv._cell/Y (sg13g2_inv_1)
                                                         u_dut.g_seg[0].u_bank.node[48] (net)
                      0.012672    0.000145    2.528654 v u_dut.g_seg[0].u_bank.g_inv[48].u_inv._cell/A (sg13g2_inv_1)
     1    0.003349    0.014174    0.018359    2.547013 ^ u_dut.g_seg[0].u_bank.g_inv[48].u_inv._cell/Y (sg13g2_inv_1)
                                                         u_dut.g_seg[0].u_bank.node[49] (net)
                      0.014174    0.000132    2.547145 ^ u_dut.g_seg[0].u_bank.g_inv[49].u_inv._cell/A (sg13g2_inv_1)
     1    0.004215    0.013381    0.019112    2.566257 v u_dut.g_seg[0].u_bank.g_inv[49].u_inv._cell/Y (sg13g2_inv_1)
                                                         u_dut.g_seg[0].u_bank.node[50] (net)
                      0.013399    0.000292    2.566549 v u_dut.g_seg[0].u_bank.g_inv[50].u_inv._cell/A (sg13g2_inv_1)
     1    0.004320    0.016490    0.020178    2.586727 ^ u_dut.g_seg[0].u_bank.g_inv[50].u_inv._cell/Y (sg13g2_inv_1)
                                                         u_dut.g_seg[0].u_bank.node[51] (net)
                      0.016516    0.000326    2.587054 ^ u_dut.g_seg[0].u_bank.g_inv[51].u_inv._cell/A (sg13g2_inv_1)
     1    0.004225    0.013796    0.019633    2.606686 v u_dut.g_seg[0].u_bank.g_inv[51].u_inv._cell/Y (sg13g2_inv_1)
                                                         u_dut.g_seg[0].u_bank.node[52] (net)
                      0.013814    0.000292    2.606978 v u_dut.g_seg[0].u_bank.g_inv[52].u_inv._cell/A (sg13g2_inv_1)
     1    0.003478    0.014667    0.018805    2.625783 ^ u_dut.g_seg[0].u_bank.g_inv[52].u_inv._cell/Y (sg13g2_inv_1)
                                                         u_dut.g_seg[0].u_bank.node[53] (net)
                      0.014668    0.000139    2.625922 ^ u_dut.g_seg[0].u_bank.g_inv[53].u_inv._cell/A (sg13g2_inv_1)
     1    0.003953    0.012977    0.018812    2.644734 v u_dut.g_seg[0].u_bank.g_inv[53].u_inv._cell/Y (sg13g2_inv_1)
                                                         u_dut.g_seg[0].u_bank.node[54] (net)
                      0.013000    0.000277    2.645010 v u_dut.g_seg[0].u_bank.g_inv[54].u_inv._cell/A (sg13g2_inv_1)
     1    0.005260    0.018640    0.021783    2.666793 ^ u_dut.g_seg[0].u_bank.g_inv[54].u_inv._cell/Y (sg13g2_inv_1)
                                                         u_dut.g_seg[0].u_bank.node[55] (net)
                      0.018653    0.000378    2.667171 ^ u_dut.g_seg[0].u_bank.g_inv[55].u_inv._cell/A (sg13g2_inv_1)
     1    0.005134    0.015864    0.021567    2.688737 v u_dut.g_seg[0].u_bank.g_inv[55].u_inv._cell/Y (sg13g2_inv_1)
                                                         u_dut.g_seg[0].u_bank.node[56] (net)
                      0.015875    0.000331    2.689068 v u_dut.g_seg[0].u_bank.g_inv[56].u_inv._cell/A (sg13g2_inv_1)
     1    0.003359    0.014755    0.018975    2.708044 ^ u_dut.g_seg[0].u_bank.g_inv[56].u_inv._cell/Y (sg13g2_inv_1)
                                                         u_dut.g_seg[0].u_bank.node[57] (net)
                      0.014756    0.000134    2.708177 ^ u_dut.g_seg[0].u_bank.g_inv[57].u_inv._cell/A (sg13g2_inv_1)
     1    0.003436    0.012084    0.018062    2.726239 v u_dut.g_seg[0].u_bank.g_inv[57].u_inv._cell/Y (sg13g2_inv_1)
                                                         u_dut.g_seg[0].u_bank.node[58] (net)
                      0.012085    0.000136    2.726375 v u_dut.g_seg[0].u_bank.g_inv[58].u_inv._cell/A (sg13g2_inv_1)
     1    0.004027    0.015601    0.019413    2.745788 ^ u_dut.g_seg[0].u_bank.g_inv[58].u_inv._cell/Y (sg13g2_inv_1)
                                                         u_dut.g_seg[0].u_bank.node[59] (net)
                      0.015612    0.000287    2.746075 ^ u_dut.g_seg[0].u_bank.g_inv[59].u_inv._cell/A (sg13g2_inv_1)
     1    0.003409    0.012182    0.018194    2.764269 v u_dut.g_seg[0].u_bank.g_inv[59].u_inv._cell/Y (sg13g2_inv_1)
                                                         u_dut.g_seg[0].u_bank.node[60] (net)
                      0.012183    0.000134    2.764403 v u_dut.g_seg[0].u_bank.g_inv[60].u_inv._cell/A (sg13g2_inv_1)
     1    0.004148    0.015891    0.019639    2.784042 ^ u_dut.g_seg[0].u_bank.g_inv[60].u_inv._cell/Y (sg13g2_inv_1)
                                                         u_dut.g_seg[0].u_bank.node[61] (net)
                      0.015908    0.000309    2.784351 ^ u_dut.g_seg[0].u_bank.g_inv[61].u_inv._cell/A (sg13g2_inv_1)
     1    0.003833    0.012972    0.018880    2.803231 v u_dut.g_seg[0].u_bank.g_inv[61].u_inv._cell/Y (sg13g2_inv_1)
                                                         u_dut.g_seg[0].u_bank.node[62] (net)
                      0.012992    0.000279    2.803509 v u_dut.g_seg[0].u_bank.g_inv[62].u_inv._cell/A (sg13g2_inv_1)
     1    0.005367    0.018891    0.021973    2.825482 ^ u_dut.g_seg[0].u_bank.g_inv[62].u_inv._cell/Y (sg13g2_inv_1)
                                                         u_dut.g_seg[0].u_bank.node[63] (net)
                      0.018903    0.000371    2.825854 ^ u_dut.g_seg[0].u_bank.g_inv[63].u_inv._cell/A (sg13g2_inv_1)
     2    0.007388    0.020272    0.025198    2.851051 v u_dut.g_seg[0].u_bank.g_inv[63].u_inv._cell/Y (sg13g2_inv_1)
                                                         u_dut.g_seg[0].u_bank.node[64] (net)
                      0.020287    0.000431    2.851482 v u_dut.g_seg[0].u_bank.g_inv[64].u_inv._cell/A (sg13g2_inv_1)
     1    0.003235    0.015241    0.019563    2.871045 ^ u_dut.g_seg[0].u_bank.g_inv[64].u_inv._cell/Y (sg13g2_inv_1)
                                                         u_dut.g_seg[0].u_bank.node[65] (net)
                      0.015241    0.000129    2.871175 ^ u_dut.g_seg[0].u_bank.g_inv[65].u_inv._cell/A (sg13g2_inv_1)
     1    0.003542    0.012355    0.018326    2.889501 v u_dut.g_seg[0].u_bank.g_inv[65].u_inv._cell/Y (sg13g2_inv_1)
                                                         u_dut.g_seg[0].u_bank.node[66] (net)
                      0.012355    0.000141    2.889642 v u_dut.g_seg[0].u_bank.g_inv[66].u_inv._cell/A (sg13g2_inv_1)
     1    0.003195    0.013770    0.018026    2.907668 ^ u_dut.g_seg[0].u_bank.g_inv[66].u_inv._cell/Y (sg13g2_inv_1)
                                                         u_dut.g_seg[0].u_bank.node[67] (net)
                      0.013771    0.000128    2.907796 ^ u_dut.g_seg[0].u_bank.g_inv[67].u_inv._cell/A (sg13g2_inv_1)
     1    0.004539    0.013919    0.019534    2.927330 v u_dut.g_seg[0].u_bank.g_inv[67].u_inv._cell/Y (sg13g2_inv_1)
                                                         u_dut.g_seg[0].u_bank.node[68] (net)
                      0.013931    0.000303    2.927633 v u_dut.g_seg[0].u_bank.g_inv[68].u_inv._cell/A (sg13g2_inv_1)
     1    0.005789    0.020055    0.022929    2.950562 ^ u_dut.g_seg[0].u_bank.g_inv[68].u_inv._cell/Y (sg13g2_inv_1)
                                                         u_dut.g_seg[0].u_bank.node[69] (net)
                      0.020069    0.000406    2.950968 ^ u_dut.g_seg[0].u_bank.g_inv[69].u_inv._cell/A (sg13g2_inv_1)
     1    0.005342    0.016499    0.022226    2.973194 v u_dut.g_seg[0].u_bank.g_inv[69].u_inv._cell/Y (sg13g2_inv_1)
                                                         u_dut.g_seg[0].u_bank.node[70] (net)
                      0.016512    0.000348    2.973542 v u_dut.g_seg[0].u_bank.g_inv[70].u_inv._cell/A (sg13g2_inv_1)
     1    0.005828    0.020595    0.023590    2.997132 ^ u_dut.g_seg[0].u_bank.g_inv[70].u_inv._cell/Y (sg13g2_inv_1)
                                                         u_dut.g_seg[0].u_bank.node[71] (net)
                      0.020607    0.000372    2.997504 ^ u_dut.g_seg[0].u_bank.g_inv[71].u_inv._cell/A (sg13g2_inv_1)
     1    0.004220    0.014476    0.020489    3.017992 v u_dut.g_seg[0].u_bank.g_inv[71].u_inv._cell/Y (sg13g2_inv_1)
                                                         u_dut.g_seg[0].u_bank.node[72] (net)
                      0.014496    0.000312    3.018305 v u_dut.g_seg[0].u_bank.g_inv[72].u_inv._cell/A (sg13g2_inv_1)
     1    0.003740    0.015367    0.019358    3.037663 ^ u_dut.g_seg[0].u_bank.g_inv[72].u_inv._cell/Y (sg13g2_inv_1)
                                                         u_dut.g_seg[0].u_bank.node[73] (net)
                      0.015369    0.000286    3.037949 ^ u_dut.g_seg[0].u_bank.g_inv[73].u_inv._cell/A (sg13g2_inv_1)
     1    0.003823    0.012874    0.018795    3.056743 v u_dut.g_seg[0].u_bank.g_inv[73].u_inv._cell/Y (sg13g2_inv_1)
                                                         u_dut.g_seg[0].u_bank.node[74] (net)
                      0.012879    0.000153    3.056896 v u_dut.g_seg[0].u_bank.g_inv[74].u_inv._cell/A (sg13g2_inv_1)
     1    0.003412    0.014353    0.018510    3.075406 ^ u_dut.g_seg[0].u_bank.g_inv[74].u_inv._cell/Y (sg13g2_inv_1)
                                                         u_dut.g_seg[0].u_bank.node[75] (net)
                      0.014354    0.000136    3.075541 ^ u_dut.g_seg[0].u_bank.g_inv[75].u_inv._cell/A (sg13g2_inv_1)
     1    0.003126    0.011467    0.017496    3.093037 v u_dut.g_seg[0].u_bank.g_inv[75].u_inv._cell/Y (sg13g2_inv_1)
                                                         u_dut.g_seg[0].u_bank.node[76] (net)
                      0.011467    0.000125    3.093162 v u_dut.g_seg[0].u_bank.g_inv[76].u_inv._cell/A (sg13g2_inv_1)
     1    0.003703    0.014771    0.018761    3.111923 ^ u_dut.g_seg[0].u_bank.g_inv[76].u_inv._cell/Y (sg13g2_inv_1)
                                                         u_dut.g_seg[0].u_bank.node[77] (net)
                      0.014771    0.000147    3.112071 ^ u_dut.g_seg[0].u_bank.g_inv[77].u_inv._cell/A (sg13g2_inv_1)
     1    0.004118    0.013301    0.019074    3.131145 v u_dut.g_seg[0].u_bank.g_inv[77].u_inv._cell/Y (sg13g2_inv_1)
                                                         u_dut.g_seg[0].u_bank.node[78] (net)
                      0.013320    0.000306    3.131451 v u_dut.g_seg[0].u_bank.g_inv[78].u_inv._cell/A (sg13g2_inv_1)
     1    0.004259    0.016343    0.020069    3.151520 ^ u_dut.g_seg[0].u_bank.g_inv[78].u_inv._cell/Y (sg13g2_inv_1)
                                                         u_dut.g_seg[0].u_bank.node[79] (net)
                      0.016363    0.000301    3.151821 ^ u_dut.g_seg[0].u_bank.g_inv[79].u_inv._cell/A (sg13g2_inv_1)
     1    0.003724    0.012855    0.018802    3.170623 v u_dut.g_seg[0].u_bank.g_inv[79].u_inv._cell/Y (sg13g2_inv_1)
                                                         u_dut.g_seg[0].u_bank.node[80] (net)
                      0.012862    0.000270    3.170892 v u_dut.g_seg[0].u_bank.g_inv[80].u_inv._cell/A (sg13g2_inv_1)
     1    0.003209    0.013888    0.018143    3.189035 ^ u_dut.g_seg[0].u_bank.g_inv[80].u_inv._cell/Y (sg13g2_inv_1)
                                                         u_dut.g_seg[0].u_bank.node[81] (net)
                      0.013889    0.000128    3.189163 ^ u_dut.g_seg[0].u_bank.g_inv[81].u_inv._cell/A (sg13g2_inv_1)
     1    0.003516    0.012079    0.018011    3.207174 v u_dut.g_seg[0].u_bank.g_inv[81].u_inv._cell/Y (sg13g2_inv_1)
                                                         u_dut.g_seg[0].u_bank.node[82] (net)
                      0.012080    0.000139    3.207314 v u_dut.g_seg[0].u_bank.g_inv[82].u_inv._cell/A (sg13g2_inv_1)
     1    0.003324    0.014016    0.018205    3.225518 ^ u_dut.g_seg[0].u_bank.g_inv[82].u_inv._cell/Y (sg13g2_inv_1)
                                                         u_dut.g_seg[0].u_bank.node[83] (net)
                      0.014016    0.000133    3.225651 ^ u_dut.g_seg[0].u_bank.g_inv[83].u_inv._cell/A (sg13g2_inv_1)
     1    0.003110    0.011380    0.017403    3.243054 v u_dut.g_seg[0].u_bank.g_inv[83].u_inv._cell/Y (sg13g2_inv_1)
                                                         u_dut.g_seg[0].u_bank.node[84] (net)
                      0.011381    0.000124    3.243178 v u_dut.g_seg[0].u_bank.g_inv[84].u_inv._cell/A (sg13g2_inv_1)
     1    0.003768    0.014887    0.018809    3.261988 ^ u_dut.g_seg[0].u_bank.g_inv[84].u_inv._cell/Y (sg13g2_inv_1)
                                                         u_dut.g_seg[0].u_bank.node[85] (net)
                      0.014892    0.000287    3.262275 ^ u_dut.g_seg[0].u_bank.g_inv[85].u_inv._cell/A (sg13g2_inv_1)
     1    0.003594    0.012373    0.018287    3.280562 v u_dut.g_seg[0].u_bank.g_inv[85].u_inv._cell/Y (sg13g2_inv_1)
                                                         u_dut.g_seg[0].u_bank.node[86] (net)
                      0.012378    0.000273    3.280835 v u_dut.g_seg[0].u_bank.g_inv[86].u_inv._cell/A (sg13g2_inv_1)
     1    0.003336    0.014094    0.018281    3.299116 ^ u_dut.g_seg[0].u_bank.g_inv[86].u_inv._cell/Y (sg13g2_inv_1)
                                                         u_dut.g_seg[0].u_bank.node[87] (net)
                      0.014094    0.000133    3.299248 ^ u_dut.g_seg[0].u_bank.g_inv[87].u_inv._cell/A (sg13g2_inv_1)
     1    0.003496    0.012065    0.017975    3.317224 v u_dut.g_seg[0].u_bank.g_inv[87].u_inv._cell/Y (sg13g2_inv_1)
                                                         u_dut.g_seg[0].u_bank.node[88] (net)
                      0.012067    0.000261    3.317485 v u_dut.g_seg[0].u_bank.g_inv[88].u_inv._cell/A (sg13g2_inv_1)
     1    0.003467    0.014324    0.018409    3.335895 ^ u_dut.g_seg[0].u_bank.g_inv[88].u_inv._cell/Y (sg13g2_inv_1)
                                                         u_dut.g_seg[0].u_bank.node[89] (net)
                      0.014326    0.000267    3.336162 ^ u_dut.g_seg[0].u_bank.g_inv[89].u_inv._cell/A (sg13g2_inv_1)
     1    0.003505    0.012119    0.018036    3.354197 v u_dut.g_seg[0].u_bank.g_inv[89].u_inv._cell/Y (sg13g2_inv_1)
                                                         u_dut.g_seg[0].u_bank.node[90] (net)
                      0.012121    0.000263    3.354460 v u_dut.g_seg[0].u_bank.g_inv[90].u_inv._cell/A (sg13g2_inv_1)
     1    0.003201    0.013742    0.017993    3.372453 ^ u_dut.g_seg[0].u_bank.g_inv[90].u_inv._cell/Y (sg13g2_inv_1)
                                                         u_dut.g_seg[0].u_bank.node[91] (net)
                      0.013743    0.000128    3.372581 ^ u_dut.g_seg[0].u_bank.g_inv[91].u_inv._cell/A (sg13g2_inv_1)
     1    0.003855    0.012640    0.018463    3.391044 v u_dut.g_seg[0].u_bank.g_inv[91].u_inv._cell/Y (sg13g2_inv_1)
                                                         u_dut.g_seg[0].u_bank.node[92] (net)
                      0.012665    0.000274    3.391318 v u_dut.g_seg[0].u_bank.g_inv[92].u_inv._cell/A (sg13g2_inv_1)
     1    0.003406    0.014304    0.018461    3.409780 ^ u_dut.g_seg[0].u_bank.g_inv[92].u_inv._cell/Y (sg13g2_inv_1)
                                                         u_dut.g_seg[0].u_bank.node[93] (net)
                      0.014305    0.000135    3.409914 ^ u_dut.g_seg[0].u_bank.g_inv[93].u_inv._cell/A (sg13g2_inv_1)
     1    0.003633    0.012357    0.018277    3.428191 v u_dut.g_seg[0].u_bank.g_inv[93].u_inv._cell/Y (sg13g2_inv_1)
                                                         u_dut.g_seg[0].u_bank.node[94] (net)
                      0.012358    0.000145    3.428336 v u_dut.g_seg[0].u_bank.g_inv[94].u_inv._cell/A (sg13g2_inv_1)
     1    0.003853    0.015253    0.019153    3.447489 ^ u_dut.g_seg[0].u_bank.g_inv[94].u_inv._cell/Y (sg13g2_inv_1)
                                                         u_dut.g_seg[0].u_bank.node[95] (net)
                      0.015260    0.000285    3.447774 ^ u_dut.g_seg[0].u_bank.g_inv[95].u_inv._cell/A (sg13g2_inv_1)
     1    0.004215    0.013574    0.019389    3.467163 v u_dut.g_seg[0].u_bank.g_inv[95].u_inv._cell/Y (sg13g2_inv_1)
                                                         u_dut.g_seg[0].u_bank.node[96] (net)
                      0.013576    0.000169    3.467331 v u_dut.g_seg[0].u_bank.u_mux.u_m1/A1 (sg13g2_mux2_1)
     1    0.003645    0.023779    0.068394    3.535725 v u_dut.g_seg[0].u_bank.u_mux.u_m1/X (sg13g2_mux2_1)
                                                         u_dut.g_seg[0].u_bank.u_mux.w1 (net)
                      0.023779    0.000145    3.535871 v u_dut.g_seg[0].u_bank.u_mux.u_m2/A1 (sg13g2_mux2_1)
     2    0.016643    0.050928    0.099640    3.635511 v u_dut.g_seg[0].u_bank.u_mux.u_m2/X (sg13g2_mux2_1)
                                                         u_dut.g_seg[0].bank_dout (net)
                      0.050983    0.001493    3.637003 v u_dut.g_seg[1].g_fa[0].u_fa.u_a2/A (sg13g2_and2_1)
     1    0.003678    0.016563    0.054312    3.691316 v u_dut.g_seg[1].g_fa[0].u_fa.u_a2/X (sg13g2_and2_1)
                                                         u_dut.g_seg[1].g_fa[0].u_fa.v (net)
                      0.016563    0.000239    3.691555 v u_dut.g_seg[1].g_fa[0].u_fa.u_o1/B (sg13g2_or2_1)
     2    0.009337    0.030199    0.072597    3.764152 v u_dut.g_seg[1].g_fa[0].u_fa.u_o1/X (sg13g2_or2_1)
                                                         u_dut.g_seg[1].g_fa[0].u_fa.co (net)
                      0.030208    0.000502    3.764654 v u_dut.g_seg[1].g_fa[1].u_fa.u_a2/A (sg13g2_and2_1)
     1    0.002529    0.014644    0.045776    3.810430 v u_dut.g_seg[1].g_fa[1].u_fa.u_a2/X (sg13g2_and2_1)
                                                         u_dut.g_seg[1].g_fa[1].u_fa.v (net)
                      0.014644    0.000100    3.810530 v u_dut.g_seg[1].g_fa[1].u_fa.u_o1/B (sg13g2_or2_1)
     2    0.008905    0.029287    0.071269    3.881799 v u_dut.g_seg[1].g_fa[1].u_fa.u_o1/X (sg13g2_or2_1)
                                                         u_dut.g_seg[1].g_fa[1].u_fa.co (net)
                      0.029292    0.000370    3.882170 v u_dut.g_seg[1].g_fa[2].u_fa.u_a2/A (sg13g2_and2_1)
     1    0.002893    0.015108    0.046095    3.928264 v u_dut.g_seg[1].g_fa[2].u_fa.u_a2/X (sg13g2_and2_1)
                                                         u_dut.g_seg[1].g_fa[2].u_fa.v (net)
                      0.015108    0.000112    3.928377 v u_dut.g_seg[1].g_fa[2].u_fa.u_o1/B (sg13g2_or2_1)
     2    0.008770    0.029048    0.070994    3.999371 v u_dut.g_seg[1].g_fa[2].u_fa.u_o1/X (sg13g2_or2_1)
                                                         u_dut.g_seg[1].g_fa[2].u_fa.co (net)
                      0.029061    0.000588    3.999959 v u_dut.g_seg[1].g_fa[3].u_fa.u_a2/A (sg13g2_and2_1)
     1    0.002529    0.015283    0.045411    4.045370 v u_dut.g_seg[1].g_fa[3].u_fa.u_a2/X (sg13g2_and2_1)
                                                         u_dut.g_seg[1].g_fa[3].u_fa.v (net)
                      0.015283    0.000100    4.045470 v u_dut.g_seg[1].g_fa[3].u_fa.u_o1/B (sg13g2_or2_1)
     2    0.011989    0.036041    0.076815    4.122285 v u_dut.g_seg[1].g_fa[3].u_fa.u_o1/X (sg13g2_or2_1)
                                                         u_dut.g_seg[1].u_bank.node[0] (net)
                      0.036095    0.001250    4.123535 v u_dut.g_seg[1].u_bank.g_inv[0].u_inv._cell/A (sg13g2_inv_1)
     1    0.003766    0.019196    0.023609    4.147144 ^ u_dut.g_seg[1].u_bank.g_inv[0].u_inv._cell/Y (sg13g2_inv_1)
                                                         u_dut.g_seg[1].u_bank.node[1] (net)
                      0.019197    0.000151    4.147295 ^ u_dut.g_seg[1].u_bank.g_inv[1].u_inv._cell/A (sg13g2_inv_1)
     1    0.004966    0.015639    0.021416    4.168711 v u_dut.g_seg[1].u_bank.g_inv[1].u_inv._cell/Y (sg13g2_inv_1)
                                                         u_dut.g_seg[1].u_bank.node[2] (net)
                      0.015651    0.000325    4.169036 v u_dut.g_seg[1].u_bank.g_inv[2].u_inv._cell/A (sg13g2_inv_1)
     1    0.005579    0.019854    0.022945    4.191981 ^ u_dut.g_seg[1].u_bank.g_inv[2].u_inv._cell/Y (sg13g2_inv_1)
                                                         u_dut.g_seg[1].u_bank.node[3] (net)
                      0.019865    0.000362    4.192343 ^ u_dut.g_seg[1].u_bank.g_inv[3].u_inv._cell/A (sg13g2_inv_1)
     1    0.005225    0.016244    0.021952    4.214295 v u_dut.g_seg[1].u_bank.g_inv[3].u_inv._cell/Y (sg13g2_inv_1)
                                                         u_dut.g_seg[1].u_bank.node[4] (net)
                      0.016259    0.000379    4.214674 v u_dut.g_seg[1].u_bank.g_inv[4].u_inv._cell/A (sg13g2_inv_1)
     1    0.005666    0.020165    0.023151    4.237825 ^ u_dut.g_seg[1].u_bank.g_inv[4].u_inv._cell/Y (sg13g2_inv_1)
                                                         u_dut.g_seg[1].u_bank.node[5] (net)
                      0.020192    0.000561    4.238386 ^ u_dut.g_seg[1].u_bank.g_inv[5].u_inv._cell/A (sg13g2_inv_1)
     1    0.004523    0.014970    0.020909    4.259295 v u_dut.g_seg[1].u_bank.g_inv[5].u_inv._cell/Y (sg13g2_inv_1)
                                                         u_dut.g_seg[1].u_bank.node[6] (net)
                      0.014989    0.000309    4.259604 v u_dut.g_seg[1].u_bank.g_inv[6].u_inv._cell/A (sg13g2_inv_1)
     1    0.004439    0.017042    0.020722    4.280326 ^ u_dut.g_seg[1].u_bank.g_inv[6].u_inv._cell/Y (sg13g2_inv_1)
                                                         u_dut.g_seg[1].u_bank.node[7] (net)
                      0.017070    0.000323    4.280649 ^ u_dut.g_seg[1].u_bank.g_inv[7].u_inv._cell/A (sg13g2_inv_1)
     1    0.003467    0.012534    0.018583    4.299232 v u_dut.g_seg[1].u_bank.g_inv[7].u_inv._cell/Y (sg13g2_inv_1)
                                                         u_dut.g_seg[1].u_bank.node[8] (net)
                      0.012534    0.000138    4.299370 v u_dut.g_seg[1].u_bank.g_inv[8].u_inv._cell/A (sg13g2_inv_1)
     1    0.004105    0.015858    0.019643    4.319013 ^ u_dut.g_seg[1].u_bank.g_inv[8].u_inv._cell/Y (sg13g2_inv_1)
                                                         u_dut.g_seg[1].u_bank.node[9] (net)
                      0.015871    0.000286    4.319299 ^ u_dut.g_seg[1].u_bank.g_inv[9].u_inv._cell/A (sg13g2_inv_1)
     1    0.003682    0.012710    0.018677    4.337976 v u_dut.g_seg[1].u_bank.g_inv[9].u_inv._cell/Y (sg13g2_inv_1)
                                                         u_dut.g_seg[1].u_bank.node[10] (net)
                      0.012710    0.000147    4.338123 v u_dut.g_seg[1].u_bank.g_inv[10].u_inv._cell/A (sg13g2_inv_1)
     1    0.004220    0.016148    0.019877    4.358000 ^ u_dut.g_seg[1].u_bank.g_inv[10].u_inv._cell/Y (sg13g2_inv_1)
                                                         u_dut.g_seg[1].u_bank.node[11] (net)
                      0.016166    0.000299    4.358299 ^ u_dut.g_seg[1].u_bank.g_inv[11].u_inv._cell/A (sg13g2_inv_1)
     1    0.003719    0.012827    0.018798    4.377098 v u_dut.g_seg[1].u_bank.g_inv[11].u_inv._cell/Y (sg13g2_inv_1)
                                                         u_dut.g_seg[1].u_bank.node[12] (net)
                      0.012828    0.000147    4.377245 v u_dut.g_seg[1].u_bank.g_inv[12].u_inv._cell/A (sg13g2_inv_1)
     1    0.003360    0.014215    0.018363    4.395607 ^ u_dut.g_seg[1].u_bank.g_inv[12].u_inv._cell/Y (sg13g2_inv_1)
                                                         u_dut.g_seg[1].u_bank.node[13] (net)
                      0.014217    0.000262    4.395870 ^ u_dut.g_seg[1].u_bank.g_inv[13].u_inv._cell/A (sg13g2_inv_1)
     1    0.003140    0.011468    0.017490    4.413360 v u_dut.g_seg[1].u_bank.g_inv[13].u_inv._cell/Y (sg13g2_inv_1)
                                                         u_dut.g_seg[1].u_bank.node[14] (net)
                      0.011468    0.000125    4.413485 v u_dut.g_seg[1].u_bank.g_inv[14].u_inv._cell/A (sg13g2_inv_1)
     1    0.003198    0.013621    0.017866    4.431351 ^ u_dut.g_seg[1].u_bank.g_inv[14].u_inv._cell/Y (sg13g2_inv_1)
                                                         u_dut.g_seg[1].u_bank.node[15] (net)
                      0.013621    0.000128    4.431479 ^ u_dut.g_seg[1].u_bank.g_inv[15].u_inv._cell/A (sg13g2_inv_1)
     1    0.004148    0.013164    0.018891    4.450369 v u_dut.g_seg[1].u_bank.g_inv[15].u_inv._cell/Y (sg13g2_inv_1)
                                                         u_dut.g_seg[1].u_bank.node[16] (net)
                      0.013181    0.000287    4.450657 v u_dut.g_seg[1].u_bank.g_inv[16].u_inv._cell/A (sg13g2_inv_1)
     1    0.005103    0.018300    0.021530    4.472187 ^ u_dut.g_seg[1].u_bank.g_inv[16].u_inv._cell/Y (sg13g2_inv_1)
                                                         u_dut.g_seg[1].u_bank.node[17] (net)
                      0.018313    0.000377    4.472563 ^ u_dut.g_seg[1].u_bank.g_inv[17].u_inv._cell/A (sg13g2_inv_1)
     1    0.003984    0.013649    0.019622    4.492186 v u_dut.g_seg[1].u_bank.g_inv[17].u_inv._cell/Y (sg13g2_inv_1)
                                                         u_dut.g_seg[1].u_bank.node[18] (net)
                      0.013673    0.000289    4.492475 v u_dut.g_seg[1].u_bank.g_inv[18].u_inv._cell/A (sg13g2_inv_1)
     1    0.004873    0.017846    0.021242    4.513716 ^ u_dut.g_seg[1].u_bank.g_inv[18].u_inv._cell/Y (sg13g2_inv_1)
                                                         u_dut.g_seg[1].u_bank.node[19] (net)
                      0.017857    0.000328    4.514044 ^ u_dut.g_seg[1].u_bank.g_inv[19].u_inv._cell/A (sg13g2_inv_1)
     1    0.004030    0.013654    0.019606    4.533649 v u_dut.g_seg[1].u_bank.g_inv[19].u_inv._cell/Y (sg13g2_inv_1)
                                                         u_dut.g_seg[1].u_bank.node[20] (net)
                      0.013681    0.000283    4.533933 v u_dut.g_seg[1].u_bank.g_inv[20].u_inv._cell/A (sg13g2_inv_1)
     1    0.003354    0.014362    0.018557    4.552490 ^ u_dut.g_seg[1].u_bank.g_inv[20].u_inv._cell/Y (sg13g2_inv_1)
                                                         u_dut.g_seg[1].u_bank.node[21] (net)
                      0.014362    0.000133    4.552623 ^ u_dut.g_seg[1].u_bank.g_inv[21].u_inv._cell/A (sg13g2_inv_1)
     1    0.003115    0.011448    0.017479    4.570102 v u_dut.g_seg[1].u_bank.g_inv[21].u_inv._cell/Y (sg13g2_inv_1)
                                                         u_dut.g_seg[1].u_bank.node[22] (net)
                      0.011448    0.000124    4.570227 v u_dut.g_seg[1].u_bank.g_inv[22].u_inv._cell/A (sg13g2_inv_1)
     1    0.003616    0.014558    0.018563    4.588790 ^ u_dut.g_seg[1].u_bank.g_inv[22].u_inv._cell/Y (sg13g2_inv_1)
                                                         u_dut.g_seg[1].u_bank.node[23] (net)
                      0.014559    0.000267    4.589057 ^ u_dut.g_seg[1].u_bank.g_inv[23].u_inv._cell/A (sg13g2_inv_1)
     1    0.004155    0.013345    0.019144    4.608202 v u_dut.g_seg[1].u_bank.g_inv[23].u_inv._cell/Y (sg13g2_inv_1)
                                                         u_dut.g_seg[1].u_bank.node[24] (net)
                      0.013348    0.000167    4.608368 v u_dut.g_seg[1].u_bank.g_inv[24].u_inv._cell/A (sg13g2_inv_1)
     1    0.004616    0.017191    0.020756    4.629124 ^ u_dut.g_seg[1].u_bank.g_inv[24].u_inv._cell/Y (sg13g2_inv_1)
                                                         u_dut.g_seg[1].u_bank.node[25] (net)
                      0.017193    0.000189    4.629313 ^ u_dut.g_seg[1].u_bank.g_inv[25].u_inv._cell/A (sg13g2_inv_1)
     1    0.003607    0.012802    0.018829    4.648143 v u_dut.g_seg[1].u_bank.g_inv[25].u_inv._cell/Y (sg13g2_inv_1)
                                                         u_dut.g_seg[1].u_bank.node[26] (net)
                      0.012803    0.000144    4.648287 v u_dut.g_seg[1].u_bank.g_inv[26].u_inv._cell/A (sg13g2_inv_1)
     1    0.003251    0.013975    0.018209    4.666496 ^ u_dut.g_seg[1].u_bank.g_inv[26].u_inv._cell/Y (sg13g2_inv_1)
                                                         u_dut.g_seg[1].u_bank.node[27] (net)
                      0.013976    0.000130    4.666626 ^ u_dut.g_seg[1].u_bank.g_inv[27].u_inv._cell/A (sg13g2_inv_1)
     1    0.003418    0.011921    0.017876    4.684502 v u_dut.g_seg[1].u_bank.g_inv[27].u_inv._cell/Y (sg13g2_inv_1)
                                                         u_dut.g_seg[1].u_bank.node[28] (net)
                      0.011921    0.000136    4.684638 v u_dut.g_seg[1].u_bank.g_inv[28].u_inv._cell/A (sg13g2_inv_1)
     1    0.003197    0.013698    0.017949    4.702587 ^ u_dut.g_seg[1].u_bank.g_inv[28].u_inv._cell/Y (sg13g2_inv_1)
                                                         u_dut.g_seg[1].u_bank.node[29] (net)
                      0.013699    0.000128    4.702715 ^ u_dut.g_seg[1].u_bank.g_inv[29].u_inv._cell/A (sg13g2_inv_1)
     1    0.003124    0.011351    0.017362    4.720077 v u_dut.g_seg[1].u_bank.g_inv[29].u_inv._cell/Y (sg13g2_inv_1)
                                                         u_dut.g_seg[1].u_bank.node[30] (net)
                      0.011352    0.000124    4.720201 v u_dut.g_seg[1].u_bank.g_inv[30].u_inv._cell/A (sg13g2_inv_1)
     1    0.004539    0.016667    0.020213    4.740414 ^ u_dut.g_seg[1].u_bank.g_inv[30].u_inv._cell/Y (sg13g2_inv_1)
                                                         u_dut.g_seg[1].u_bank.node[31] (net)
                      0.016669    0.000184    4.740598 ^ u_dut.g_seg[1].u_bank.g_inv[31].u_inv._cell/A (sg13g2_inv_1)
     2    0.007995    0.021066    0.025549    4.766148 v u_dut.g_seg[1].u_bank.g_inv[31].u_inv._cell/Y (sg13g2_inv_1)
                                                         u_dut.g_seg[1].u_bank.node[32] (net)
                      0.021093    0.000614    4.766762 v u_dut.g_seg[1].u_bank.g_inv[32].u_inv._cell/A (sg13g2_inv_1)
     1    0.003311    0.015555    0.019858    4.786620 ^ u_dut.g_seg[1].u_bank.g_inv[32].u_inv._cell/Y (sg13g2_inv_1)
                                                         u_dut.g_seg[1].u_bank.node[33] (net)
                      0.015555    0.000132    4.786752 ^ u_dut.g_seg[1].u_bank.g_inv[33].u_inv._cell/A (sg13g2_inv_1)
     1    0.004747    0.014609    0.020224    4.806976 v u_dut.g_seg[1].u_bank.g_inv[33].u_inv._cell/Y (sg13g2_inv_1)
                                                         u_dut.g_seg[1].u_bank.node[34] (net)
                      0.014624    0.000353    4.807329 v u_dut.g_seg[1].u_bank.g_inv[34].u_inv._cell/A (sg13g2_inv_1)
     1    0.003649    0.015197    0.019268    4.826598 ^ u_dut.g_seg[1].u_bank.g_inv[34].u_inv._cell/Y (sg13g2_inv_1)
                                                         u_dut.g_seg[1].u_bank.node[35] (net)
                      0.015197    0.000144    4.826742 ^ u_dut.g_seg[1].u_bank.g_inv[35].u_inv._cell/A (sg13g2_inv_1)
     1    0.003114    0.011589    0.017645    4.844387 v u_dut.g_seg[1].u_bank.g_inv[35].u_inv._cell/Y (sg13g2_inv_1)
                                                         u_dut.g_seg[1].u_bank.node[36] (net)
                      0.011589    0.000124    4.844511 v u_dut.g_seg[1].u_bank.g_inv[36].u_inv._cell/A (sg13g2_inv_1)
     1    0.003711    0.014795    0.018752    4.863263 ^ u_dut.g_seg[1].u_bank.g_inv[36].u_inv._cell/Y (sg13g2_inv_1)
                                                         u_dut.g_seg[1].u_bank.node[37] (net)
                      0.014797    0.000277    4.863540 ^ u_dut.g_seg[1].u_bank.g_inv[37].u_inv._cell/A (sg13g2_inv_1)
     1    0.003481    0.012159    0.018098    4.881638 v u_dut.g_seg[1].u_bank.g_inv[37].u_inv._cell/Y (sg13g2_inv_1)
                                                         u_dut.g_seg[1].u_bank.node[38] (net)
                      0.012161    0.000258    4.881896 v u_dut.g_seg[1].u_bank.g_inv[38].u_inv._cell/A (sg13g2_inv_1)
     1    0.003403    0.014209    0.018360    4.900256 ^ u_dut.g_seg[1].u_bank.g_inv[38].u_inv._cell/Y (sg13g2_inv_1)
                                                         u_dut.g_seg[1].u_bank.node[39] (net)
                      0.014210    0.000135    4.900392 ^ u_dut.g_seg[1].u_bank.g_inv[39].u_inv._cell/A (sg13g2_inv_1)
     1    0.003790    0.012603    0.018456    4.918848 v u_dut.g_seg[1].u_bank.g_inv[39].u_inv._cell/Y (sg13g2_inv_1)
                                                         u_dut.g_seg[1].u_bank.node[40] (net)
                      0.012624    0.000275    4.919123 v u_dut.g_seg[1].u_bank.g_inv[40].u_inv._cell/A (sg13g2_inv_1)
     1    0.003496    0.014489    0.018569    4.937692 ^ u_dut.g_seg[1].u_bank.g_inv[40].u_inv._cell/Y (sg13g2_inv_1)
                                                         u_dut.g_seg[1].u_bank.node[41] (net)
                      0.014491    0.000265    4.937957 ^ u_dut.g_seg[1].u_bank.g_inv[41].u_inv._cell/A (sg13g2_inv_1)
     1    0.003615    0.012341    0.018239    4.956196 v u_dut.g_seg[1].u_bank.g_inv[41].u_inv._cell/Y (sg13g2_inv_1)
                                                         u_dut.g_seg[1].u_bank.node[42] (net)
                      0.012347    0.000270    4.956466 v u_dut.g_seg[1].u_bank.g_inv[42].u_inv._cell/A (sg13g2_inv_1)
     1    0.004229    0.016109    0.019830    4.976295 ^ u_dut.g_seg[1].u_bank.g_inv[42].u_inv._cell/Y (sg13g2_inv_1)
                                                         u_dut.g_seg[1].u_bank.node[43] (net)
                      0.016127    0.000292    4.976587 ^ u_dut.g_seg[1].u_bank.g_inv[43].u_inv._cell/A (sg13g2_inv_1)
     1    0.003262    0.012009    0.018065    4.994652 v u_dut.g_seg[1].u_bank.g_inv[43].u_inv._cell/Y (sg13g2_inv_1)
                                                         u_dut.g_seg[1].u_bank.node[44] (net)
                      0.012009    0.000130    4.994781 v u_dut.g_seg[1].u_bank.g_inv[44].u_inv._cell/A (sg13g2_inv_1)
     1    0.004171    0.015916    0.019652    5.014434 ^ u_dut.g_seg[1].u_bank.g_inv[44].u_inv._cell/Y (sg13g2_inv_1)
                                                         u_dut.g_seg[1].u_bank.node[45] (net)
                      0.015933    0.000299    5.014733 ^ u_dut.g_seg[1].u_bank.g_inv[45].u_inv._cell/A (sg13g2_inv_1)
     1    0.003110    0.011706    0.017784    5.032517 v u_dut.g_seg[1].u_bank.g_inv[45].u_inv._cell/Y (sg13g2_inv_1)
                                                         u_dut.g_seg[1].u_bank.node[46] (net)
                      0.011706    0.000124    5.032641 v u_dut.g_seg[1].u_bank.g_inv[46].u_inv._cell/A (sg13g2_inv_1)
     1    0.004572    0.016793    0.020290    5.052932 ^ u_dut.g_seg[1].u_bank.g_inv[46].u_inv._cell/Y (sg13g2_inv_1)
                                                         u_dut.g_seg[1].u_bank.node[47] (net)
                      0.016811    0.000329    5.053260 ^ u_dut.g_seg[1].u_bank.g_inv[47].u_inv._cell/A (sg13g2_inv_1)
     1    0.004642    0.014625    0.020352    5.073612 v u_dut.g_seg[1].u_bank.g_inv[47].u_inv._cell/Y (sg13g2_inv_1)
                                                         u_dut.g_seg[1].u_bank.node[48] (net)
                      0.014637    0.000319    5.073932 v u_dut.g_seg[1].u_bank.g_inv[48].u_inv._cell/A (sg13g2_inv_1)
     1    0.003881    0.015716    0.019652    5.093584 ^ u_dut.g_seg[1].u_bank.g_inv[48].u_inv._cell/Y (sg13g2_inv_1)
                                                         u_dut.g_seg[1].u_bank.node[49] (net)
                      0.015721    0.000278    5.093862 ^ u_dut.g_seg[1].u_bank.g_inv[49].u_inv._cell/A (sg13g2_inv_1)
     1    0.003265    0.011946    0.017989    5.111850 v u_dut.g_seg[1].u_bank.g_inv[49].u_inv._cell/Y (sg13g2_inv_1)
                                                         u_dut.g_seg[1].u_bank.node[50] (net)
                      0.011947    0.000130    5.111980 v u_dut.g_seg[1].u_bank.g_inv[50].u_inv._cell/A (sg13g2_inv_1)
     1    0.004149    0.015851    0.019591    5.131571 ^ u_dut.g_seg[1].u_bank.g_inv[50].u_inv._cell/Y (sg13g2_inv_1)
                                                         u_dut.g_seg[1].u_bank.node[51] (net)
                      0.015869    0.000310    5.131881 ^ u_dut.g_seg[1].u_bank.g_inv[51].u_inv._cell/A (sg13g2_inv_1)
     1    0.003975    0.013218    0.019102    5.150983 v u_dut.g_seg[1].u_bank.g_inv[51].u_inv._cell/Y (sg13g2_inv_1)
                                                         u_dut.g_seg[1].u_bank.node[52] (net)
                      0.013245    0.000278    5.151261 v u_dut.g_seg[1].u_bank.g_inv[52].u_inv._cell/A (sg13g2_inv_1)
     1    0.003357    0.014293    0.018481    5.169742 ^ u_dut.g_seg[1].u_bank.g_inv[52].u_inv._cell/Y (sg13g2_inv_1)
                                                         u_dut.g_seg[1].u_bank.node[53] (net)
                      0.014293    0.000134    5.169876 ^ u_dut.g_seg[1].u_bank.g_inv[53].u_inv._cell/A (sg13g2_inv_1)
     1    0.003314    0.011791    0.017779    5.187654 v u_dut.g_seg[1].u_bank.g_inv[53].u_inv._cell/Y (sg13g2_inv_1)
                                                         u_dut.g_seg[1].u_bank.node[54] (net)
                      0.011791    0.000131    5.187786 v u_dut.g_seg[1].u_bank.g_inv[54].u_inv._cell/A (sg13g2_inv_1)
     1    0.003416    0.014161    0.018271    5.206057 ^ u_dut.g_seg[1].u_bank.g_inv[54].u_inv._cell/Y (sg13g2_inv_1)
                                                         u_dut.g_seg[1].u_bank.node[55] (net)
                      0.014162    0.000260    5.206317 ^ u_dut.g_seg[1].u_bank.g_inv[55].u_inv._cell/A (sg13g2_inv_1)
     1    0.003791    0.012613    0.018494    5.224811 v u_dut.g_seg[1].u_bank.g_inv[55].u_inv._cell/Y (sg13g2_inv_1)
                                                         u_dut.g_seg[1].u_bank.node[56] (net)
                      0.012618    0.000151    5.224962 v u_dut.g_seg[1].u_bank.g_inv[56].u_inv._cell/A (sg13g2_inv_1)
     1    0.003949    0.015530    0.019421    5.244383 ^ u_dut.g_seg[1].u_bank.g_inv[56].u_inv._cell/Y (sg13g2_inv_1)
                                                         u_dut.g_seg[1].u_bank.node[57] (net)
                      0.015531    0.000156    5.244539 ^ u_dut.g_seg[1].u_bank.g_inv[57].u_inv._cell/A (sg13g2_inv_1)
     1    0.003418    0.012184    0.018191    5.262731 v u_dut.g_seg[1].u_bank.g_inv[57].u_inv._cell/Y (sg13g2_inv_1)
                                                         u_dut.g_seg[1].u_bank.node[58] (net)
                      0.012184    0.000135    5.262866 v u_dut.g_seg[1].u_bank.g_inv[58].u_inv._cell/A (sg13g2_inv_1)
     1    0.003459    0.014339    0.018464    5.281329 ^ u_dut.g_seg[1].u_bank.g_inv[58].u_inv._cell/Y (sg13g2_inv_1)
                                                         u_dut.g_seg[1].u_bank.node[59] (net)
                      0.014340    0.000137    5.281466 ^ u_dut.g_seg[1].u_bank.g_inv[59].u_inv._cell/A (sg13g2_inv_1)
     1    0.003371    0.011899    0.017876    5.299343 v u_dut.g_seg[1].u_bank.g_inv[59].u_inv._cell/Y (sg13g2_inv_1)
                                                         u_dut.g_seg[1].u_bank.node[60] (net)
                      0.011899    0.000134    5.299477 v u_dut.g_seg[1].u_bank.g_inv[60].u_inv._cell/A (sg13g2_inv_1)
     1    0.003480    0.014339    0.018449    5.317925 ^ u_dut.g_seg[1].u_bank.g_inv[60].u_inv._cell/Y (sg13g2_inv_1)
                                                         u_dut.g_seg[1].u_bank.node[61] (net)
                      0.014340    0.000139    5.318064 ^ u_dut.g_seg[1].u_bank.g_inv[61].u_inv._cell/A (sg13g2_inv_1)
     1    0.003110    0.011435    0.017467    5.335532 v u_dut.g_seg[1].u_bank.g_inv[61].u_inv._cell/Y (sg13g2_inv_1)
                                                         u_dut.g_seg[1].u_bank.node[62] (net)
                      0.011436    0.000124    5.335656 v u_dut.g_seg[1].u_bank.g_inv[62].u_inv._cell/A (sg13g2_inv_1)
     1    0.003449    0.014186    0.018305    5.353961 ^ u_dut.g_seg[1].u_bank.g_inv[62].u_inv._cell/Y (sg13g2_inv_1)
                                                         u_dut.g_seg[1].u_bank.node[63] (net)
                      0.014187    0.000138    5.354099 ^ u_dut.g_seg[1].u_bank.g_inv[63].u_inv._cell/A (sg13g2_inv_1)
     2    0.006666    0.018034    0.022878    5.376977 v u_dut.g_seg[1].u_bank.g_inv[63].u_inv._cell/Y (sg13g2_inv_1)
                                                         u_dut.g_seg[1].u_bank.node[64] (net)
                      0.018047    0.000394    5.377371 v u_dut.g_seg[1].u_bank.g_inv[64].u_inv._cell/A (sg13g2_inv_1)
     1    0.003204    0.014780    0.019091    5.396462 ^ u_dut.g_seg[1].u_bank.g_inv[64].u_inv._cell/Y (sg13g2_inv_1)
                                                         u_dut.g_seg[1].u_bank.node[65] (net)
                      0.014781    0.000128    5.396590 ^ u_dut.g_seg[1].u_bank.g_inv[65].u_inv._cell/A (sg13g2_inv_1)
     1    0.003110    0.011510    0.017555    5.414145 v u_dut.g_seg[1].u_bank.g_inv[65].u_inv._cell/Y (sg13g2_inv_1)
                                                         u_dut.g_seg[1].u_bank.node[66] (net)
                      0.011510    0.000124    5.414269 v u_dut.g_seg[1].u_bank.g_inv[66].u_inv._cell/A (sg13g2_inv_1)
     1    0.003837    0.015070    0.018967    5.433236 ^ u_dut.g_seg[1].u_bank.g_inv[66].u_inv._cell/Y (sg13g2_inv_1)
                                                         u_dut.g_seg[1].u_bank.node[67] (net)
                      0.015076    0.000277    5.433513 ^ u_dut.g_seg[1].u_bank.g_inv[67].u_inv._cell/A (sg13g2_inv_1)
     1    0.003509    0.012269    0.018242    5.451755 v u_dut.g_seg[1].u_bank.g_inv[67].u_inv._cell/Y (sg13g2_inv_1)
                                                         u_dut.g_seg[1].u_bank.node[68] (net)
                      0.012269    0.000139    5.451895 v u_dut.g_seg[1].u_bank.g_inv[68].u_inv._cell/A (sg13g2_inv_1)
     1    0.003378    0.014160    0.018294    5.470189 ^ u_dut.g_seg[1].u_bank.g_inv[68].u_inv._cell/Y (sg13g2_inv_1)
                                                         u_dut.g_seg[1].u_bank.node[69] (net)
                      0.014161    0.000258    5.470447 ^ u_dut.g_seg[1].u_bank.g_inv[69].u_inv._cell/A (sg13g2_inv_1)
     1    0.003260    0.011672    0.017667    5.488114 v u_dut.g_seg[1].u_bank.g_inv[69].u_inv._cell/Y (sg13g2_inv_1)
                                                         u_dut.g_seg[1].u_bank.node[70] (net)
                      0.011672    0.000130    5.488244 v u_dut.g_seg[1].u_bank.g_inv[70].u_inv._cell/A (sg13g2_inv_1)
     1    0.003627    0.014634    0.018667    5.506911 ^ u_dut.g_seg[1].u_bank.g_inv[70].u_inv._cell/Y (sg13g2_inv_1)
                                                         u_dut.g_seg[1].u_bank.node[71] (net)
                      0.014635    0.000143    5.507054 ^ u_dut.g_seg[1].u_bank.g_inv[71].u_inv._cell/A (sg13g2_inv_1)
     1    0.003386    0.011975    0.017959    5.525012 v u_dut.g_seg[1].u_bank.g_inv[71].u_inv._cell/Y (sg13g2_inv_1)
                                                         u_dut.g_seg[1].u_bank.node[72] (net)
                      0.011975    0.000135    5.525147 v u_dut.g_seg[1].u_bank.g_inv[72].u_inv._cell/A (sg13g2_inv_1)
     1    0.003736    0.014920    0.018871    5.544019 ^ u_dut.g_seg[1].u_bank.g_inv[72].u_inv._cell/Y (sg13g2_inv_1)
                                                         u_dut.g_seg[1].u_bank.node[73] (net)
                      0.014922    0.000280    5.544299 ^ u_dut.g_seg[1].u_bank.g_inv[73].u_inv._cell/A (sg13g2_inv_1)
     1    0.003250    0.011783    0.017804    5.562103 v u_dut.g_seg[1].u_bank.g_inv[73].u_inv._cell/Y (sg13g2_inv_1)
                                                         u_dut.g_seg[1].u_bank.node[74] (net)
                      0.011784    0.000130    5.562232 v u_dut.g_seg[1].u_bank.g_inv[74].u_inv._cell/A (sg13g2_inv_1)
     1    0.004176    0.015884    0.019606    5.581838 ^ u_dut.g_seg[1].u_bank.g_inv[74].u_inv._cell/Y (sg13g2_inv_1)
                                                         u_dut.g_seg[1].u_bank.node[75] (net)
                      0.015904    0.000314    5.582152 ^ u_dut.g_seg[1].u_bank.g_inv[75].u_inv._cell/A (sg13g2_inv_1)
     1    0.004635    0.014452    0.020142    5.602293 v u_dut.g_seg[1].u_bank.g_inv[75].u_inv._cell/Y (sg13g2_inv_1)
                                                         u_dut.g_seg[1].u_bank.node[76] (net)
                      0.014471    0.000315    5.602608 v u_dut.g_seg[1].u_bank.g_inv[76].u_inv._cell/A (sg13g2_inv_1)
     1    0.005712    0.019966    0.022893    5.625501 ^ u_dut.g_seg[1].u_bank.g_inv[76].u_inv._cell/Y (sg13g2_inv_1)
                                                         u_dut.g_seg[1].u_bank.node[77] (net)
                      0.019980    0.000412    5.625913 ^ u_dut.g_seg[1].u_bank.g_inv[77].u_inv._cell/A (sg13g2_inv_1)
     1    0.004209    0.014361    0.020390    5.646303 v u_dut.g_seg[1].u_bank.g_inv[77].u_inv._cell/Y (sg13g2_inv_1)
                                                         u_dut.g_seg[1].u_bank.node[78] (net)
                      0.014364    0.000167    5.646471 v u_dut.g_seg[1].u_bank.g_inv[78].u_inv._cell/A (sg13g2_inv_1)
     1    0.004244    0.016492    0.020251    5.666722 ^ u_dut.g_seg[1].u_bank.g_inv[78].u_inv._cell/Y (sg13g2_inv_1)
                                                         u_dut.g_seg[1].u_bank.node[79] (net)
                      0.016509    0.000297    5.667019 ^ u_dut.g_seg[1].u_bank.g_inv[79].u_inv._cell/A (sg13g2_inv_1)
     1    0.003275    0.012098    0.018163    5.685182 v u_dut.g_seg[1].u_bank.g_inv[79].u_inv._cell/Y (sg13g2_inv_1)
                                                         u_dut.g_seg[1].u_bank.node[80] (net)
                      0.012098    0.000130    5.685312 v u_dut.g_seg[1].u_bank.g_inv[80].u_inv._cell/A (sg13g2_inv_1)
     1    0.003315    0.013985    0.018147    5.703459 ^ u_dut.g_seg[1].u_bank.g_inv[80].u_inv._cell/Y (sg13g2_inv_1)
                                                         u_dut.g_seg[1].u_bank.node[81] (net)
                      0.013986    0.000257    5.703716 ^ u_dut.g_seg[1].u_bank.g_inv[81].u_inv._cell/A (sg13g2_inv_1)
     1    0.003614    0.012270    0.018182    5.721898 v u_dut.g_seg[1].u_bank.g_inv[81].u_inv._cell/Y (sg13g2_inv_1)
                                                         u_dut.g_seg[1].u_bank.node[82] (net)
                      0.012270    0.000143    5.722041 v u_dut.g_seg[1].u_bank.g_inv[82].u_inv._cell/A (sg13g2_inv_1)
     1    0.004340    0.016360    0.020051    5.742091 ^ u_dut.g_seg[1].u_bank.g_inv[82].u_inv._cell/Y (sg13g2_inv_1)
                                                         u_dut.g_seg[1].u_bank.node[83] (net)
                      0.016367    0.000171    5.742262 ^ u_dut.g_seg[1].u_bank.g_inv[83].u_inv._cell/A (sg13g2_inv_1)
     1    0.004067    0.013489    0.019392    5.761654 v u_dut.g_seg[1].u_bank.g_inv[83].u_inv._cell/Y (sg13g2_inv_1)
                                                         u_dut.g_seg[1].u_bank.node[84] (net)
                      0.013491    0.000162    5.761816 v u_dut.g_seg[1].u_bank.g_inv[84].u_inv._cell/A (sg13g2_inv_1)
     1    0.003892    0.015539    0.019444    5.781260 ^ u_dut.g_seg[1].u_bank.g_inv[84].u_inv._cell/Y (sg13g2_inv_1)
                                                         u_dut.g_seg[1].u_bank.node[85] (net)
                      0.015540    0.000282    5.781542 ^ u_dut.g_seg[1].u_bank.g_inv[85].u_inv._cell/A (sg13g2_inv_1)
     1    0.003611    0.012529    0.018499    5.800041 v u_dut.g_seg[1].u_bank.g_inv[85].u_inv._cell/Y (sg13g2_inv_1)
                                                         u_dut.g_seg[1].u_bank.node[86] (net)
                      0.012530    0.000144    5.800185 v u_dut.g_seg[1].u_bank.g_inv[86].u_inv._cell/A (sg13g2_inv_1)
     1    0.003263    0.013942    0.018136    5.818320 ^ u_dut.g_seg[1].u_bank.g_inv[86].u_inv._cell/Y (sg13g2_inv_1)
                                                         u_dut.g_seg[1].u_bank.node[87] (net)
                      0.013944    0.000254    5.818574 ^ u_dut.g_seg[1].u_bank.g_inv[87].u_inv._cell/A (sg13g2_inv_1)
     1    0.003129    0.011403    0.017419    5.835993 v u_dut.g_seg[1].u_bank.g_inv[87].u_inv._cell/Y (sg13g2_inv_1)
                                                         u_dut.g_seg[1].u_bank.node[88] (net)
                      0.011404    0.000125    5.836118 v u_dut.g_seg[1].u_bank.g_inv[88].u_inv._cell/A (sg13g2_inv_1)
     1    0.003606    0.014539    0.018577    5.854695 ^ u_dut.g_seg[1].u_bank.g_inv[88].u_inv._cell/Y (sg13g2_inv_1)
                                                         u_dut.g_seg[1].u_bank.node[89] (net)
                      0.014539    0.000143    5.854838 ^ u_dut.g_seg[1].u_bank.g_inv[89].u_inv._cell/A (sg13g2_inv_1)
     1    0.003800    0.012677    0.018538    5.873376 v u_dut.g_seg[1].u_bank.g_inv[89].u_inv._cell/Y (sg13g2_inv_1)
                                                         u_dut.g_seg[1].u_bank.node[90] (net)
                      0.012699    0.000281    5.873656 v u_dut.g_seg[1].u_bank.g_inv[90].u_inv._cell/A (sg13g2_inv_1)
     1    0.003589    0.014725    0.018793    5.892449 ^ u_dut.g_seg[1].u_bank.g_inv[90].u_inv._cell/Y (sg13g2_inv_1)
                                                         u_dut.g_seg[1].u_bank.node[91] (net)
                      0.014725    0.000143    5.892591 ^ u_dut.g_seg[1].u_bank.g_inv[91].u_inv._cell/A (sg13g2_inv_1)
     1    0.003292    0.011811    0.017784    5.910376 v u_dut.g_seg[1].u_bank.g_inv[91].u_inv._cell/Y (sg13g2_inv_1)
                                                         u_dut.g_seg[1].u_bank.node[92] (net)
                      0.011813    0.000254    5.910629 v u_dut.g_seg[1].u_bank.g_inv[92].u_inv._cell/A (sg13g2_inv_1)
     1    0.003204    0.013695    0.017941    5.928570 ^ u_dut.g_seg[1].u_bank.g_inv[92].u_inv._cell/Y (sg13g2_inv_1)
                                                         u_dut.g_seg[1].u_bank.node[93] (net)
                      0.013695    0.000128    5.928698 ^ u_dut.g_seg[1].u_bank.g_inv[93].u_inv._cell/A (sg13g2_inv_1)
     1    0.003110    0.011326    0.017339    5.946037 v u_dut.g_seg[1].u_bank.g_inv[93].u_inv._cell/Y (sg13g2_inv_1)
                                                         u_dut.g_seg[1].u_bank.node[94] (net)
                      0.011326    0.000124    5.946161 v u_dut.g_seg[1].u_bank.g_inv[94].u_inv._cell/A (sg13g2_inv_1)
     1    0.003195    0.013591    0.017836    5.963997 ^ u_dut.g_seg[1].u_bank.g_inv[94].u_inv._cell/Y (sg13g2_inv_1)
                                                         u_dut.g_seg[1].u_bank.node[95] (net)
                      0.013591    0.000128    5.964125 ^ u_dut.g_seg[1].u_bank.g_inv[95].u_inv._cell/A (sg13g2_inv_1)
     1    0.003619    0.012211    0.018108    5.982234 v u_dut.g_seg[1].u_bank.g_inv[95].u_inv._cell/Y (sg13g2_inv_1)
                                                         u_dut.g_seg[1].u_bank.node[96] (net)
                      0.012211    0.000144    5.982378 v u_dut.g_seg[1].u_bank.u_mux.u_m1/A1 (sg13g2_mux2_1)
     1    0.004619    0.025382    0.070024    6.052402 v u_dut.g_seg[1].u_bank.u_mux.u_m1/X (sg13g2_mux2_1)
                                                         u_dut.g_seg[1].u_bank.u_mux.w1 (net)
                      0.025387    0.000315    6.052717 v u_dut.g_seg[1].u_bank.u_mux.u_m2/A1 (sg13g2_mux2_1)
     2    0.023174    0.061868    0.114143    6.166860 v u_dut.g_seg[1].u_bank.u_mux.u_m2/X (sg13g2_mux2_1)
                                                         u_dut.g_seg[1].bank_dout (net)
                      0.062004    0.002110    6.168970 v u_dut.g_seg[2].g_fa[0].u_fa.u_a2/A (sg13g2_and2_1)
     1    0.002897    0.015527    0.056520    6.225490 v u_dut.g_seg[2].g_fa[0].u_fa.u_a2/X (sg13g2_and2_1)
                                                         u_dut.g_seg[2].g_fa[0].u_fa.v (net)
                      0.015527    0.000112    6.225602 v u_dut.g_seg[2].g_fa[0].u_fa.u_o1/B (sg13g2_or2_1)
     2    0.009858    0.031347    0.073226    6.298828 v u_dut.g_seg[2].g_fa[0].u_fa.u_o1/X (sg13g2_or2_1)
                                                         u_dut.g_seg[2].g_fa[0].u_fa.co (net)
                      0.031356    0.000519    6.299346 v u_dut.g_seg[2].g_fa[1].u_fa.u_a2/A (sg13g2_and2_1)
     1    0.003727    0.017271    0.048150    6.347497 v u_dut.g_seg[2].g_fa[1].u_fa.u_a2/X (sg13g2_and2_1)
                                                         u_dut.g_seg[2].g_fa[1].u_fa.v (net)
                      0.017271    0.000145    6.347642 v u_dut.g_seg[2].g_fa[1].u_fa.u_o1/B (sg13g2_or2_1)
     2    0.011503    0.034743    0.076874    6.424516 v u_dut.g_seg[2].g_fa[1].u_fa.u_o1/X (sg13g2_or2_1)
                                                         u_dut.g_seg[2].g_fa[1].u_fa.co (net)
                      0.034771    0.000909    6.425425 v u_dut.g_seg[2].g_fa[2].u_fa.u_a2/A (sg13g2_and2_1)
     1    0.004348    0.018100    0.050236    6.475660 v u_dut.g_seg[2].g_fa[2].u_fa.u_a2/X (sg13g2_and2_1)
                                                         u_dut.g_seg[2].g_fa[2].u_fa.v (net)
                      0.018105    0.000310    6.475971 v u_dut.g_seg[2].g_fa[2].u_fa.u_o1/B (sg13g2_or2_1)
     2    0.009948    0.031477    0.074336    6.550306 v u_dut.g_seg[2].g_fa[2].u_fa.u_o1/X (sg13g2_or2_1)
                                                         u_dut.g_seg[2].g_fa[2].u_fa.co (net)
                      0.031481    0.000383    6.550689 v u_dut.g_seg[2].g_fa[3].u_fa.u_a2/A (sg13g2_and2_1)
     1    0.004095    0.017470    0.048786    6.599475 v u_dut.g_seg[2].g_fa[3].u_fa.u_a2/X (sg13g2_and2_1)
                                                         u_dut.g_seg[2].g_fa[3].u_fa.v (net)
                      0.017470    0.000255    6.599730 v u_dut.g_seg[2].g_fa[3].u_fa.u_o1/B (sg13g2_or2_1)
     2    0.016013    0.044400    0.085381    6.685111 v u_dut.g_seg[2].g_fa[3].u_fa.u_o1/X (sg13g2_or2_1)
                                                         u_dut.g_seg[2].u_bank.node[0] (net)
                      0.044445    0.001258    6.686368 v u_dut.g_seg[2].u_bank.g_inv[0].u_inv._cell/A (sg13g2_inv_1)
     1    0.003195    0.019354    0.023942    6.710310 ^ u_dut.g_seg[2].u_bank.g_inv[0].u_inv._cell/Y (sg13g2_inv_1)
                                                         u_dut.g_seg[2].u_bank.node[1] (net)
                      0.019354    0.000128    6.710438 ^ u_dut.g_seg[2].u_bank.g_inv[1].u_inv._cell/A (sg13g2_inv_1)
     1    0.003364    0.012739    0.018880    6.729319 v u_dut.g_seg[2].u_bank.g_inv[1].u_inv._cell/Y (sg13g2_inv_1)
                                                         u_dut.g_seg[2].u_bank.node[2] (net)
                      0.012739    0.000134    6.729452 v u_dut.g_seg[2].u_bank.g_inv[2].u_inv._cell/A (sg13g2_inv_1)
     1    0.003371    0.014225    0.018369    6.747821 ^ u_dut.g_seg[2].u_bank.g_inv[2].u_inv._cell/Y (sg13g2_inv_1)
                                                         u_dut.g_seg[2].u_bank.node[3] (net)
                      0.014226    0.000258    6.748080 ^ u_dut.g_seg[2].u_bank.g_inv[3].u_inv._cell/A (sg13g2_inv_1)
     1    0.004102    0.013193    0.018993    6.767073 v u_dut.g_seg[2].u_bank.g_inv[3].u_inv._cell/Y (sg13g2_inv_1)
                                                         u_dut.g_seg[2].u_bank.node[4] (net)
                      0.013195    0.000162    6.767234 v u_dut.g_seg[2].u_bank.g_inv[4].u_inv._cell/A (sg13g2_inv_1)
     1    0.003195    0.013917    0.018181    6.785416 ^ u_dut.g_seg[2].u_bank.g_inv[4].u_inv._cell/Y (sg13g2_inv_1)
                                                         u_dut.g_seg[2].u_bank.node[5] (net)
                      0.013917    0.000128    6.785543 ^ u_dut.g_seg[2].u_bank.g_inv[5].u_inv._cell/A (sg13g2_inv_1)
     1    0.004494    0.013861    0.019498    6.805042 v u_dut.g_seg[2].u_bank.g_inv[5].u_inv._cell/Y (sg13g2_inv_1)
                                                         u_dut.g_seg[2].u_bank.node[6] (net)
                      0.013872    0.000299    6.805340 v u_dut.g_seg[2].u_bank.g_inv[6].u_inv._cell/A (sg13g2_inv_1)
     1    0.004407    0.016793    0.020494    6.825835 ^ u_dut.g_seg[2].u_bank.g_inv[6].u_inv._cell/Y (sg13g2_inv_1)
                                                         u_dut.g_seg[2].u_bank.node[7] (net)
                      0.016800    0.000175    6.826010 ^ u_dut.g_seg[2].u_bank.g_inv[7].u_inv._cell/A (sg13g2_inv_1)
     1    0.004479    0.014320    0.020084    6.846095 v u_dut.g_seg[2].u_bank.g_inv[7].u_inv._cell/Y (sg13g2_inv_1)
                                                         u_dut.g_seg[2].u_bank.node[8] (net)
                      0.014333    0.000327    6.846421 v u_dut.g_seg[2].u_bank.g_inv[8].u_inv._cell/A (sg13g2_inv_1)
     1    0.003195    0.014115    0.018391    6.864812 ^ u_dut.g_seg[2].u_bank.g_inv[8].u_inv._cell/Y (sg13g2_inv_1)
                                                         u_dut.g_seg[2].u_bank.node[9] (net)
                      0.014115    0.000128    6.864940 ^ u_dut.g_seg[2].u_bank.g_inv[9].u_inv._cell/A (sg13g2_inv_1)
     1    0.003112    0.011402    0.017427    6.882367 v u_dut.g_seg[2].u_bank.g_inv[9].u_inv._cell/Y (sg13g2_inv_1)
                                                         u_dut.g_seg[2].u_bank.node[10] (net)
                      0.011402    0.000124    6.882491 v u_dut.g_seg[2].u_bank.g_inv[10].u_inv._cell/A (sg13g2_inv_1)
     1    0.003200    0.013614    0.017858    6.900349 ^ u_dut.g_seg[2].u_bank.g_inv[10].u_inv._cell/Y (sg13g2_inv_1)
                                                         u_dut.g_seg[2].u_bank.node[11] (net)
                      0.013615    0.000128    6.900477 ^ u_dut.g_seg[2].u_bank.g_inv[11].u_inv._cell/A (sg13g2_inv_1)
     1    0.003354    0.011732    0.017659    6.918136 v u_dut.g_seg[2].u_bank.g_inv[11].u_inv._cell/Y (sg13g2_inv_1)
                                                         u_dut.g_seg[2].u_bank.node[12] (net)
                      0.011734    0.000254    6.918390 v u_dut.g_seg[2].u_bank.g_inv[12].u_inv._cell/A (sg13g2_inv_1)
     1    0.003527    0.014405    0.018458    6.936848 ^ u_dut.g_seg[2].u_bank.g_inv[12].u_inv._cell/Y (sg13g2_inv_1)
                                                         u_dut.g_seg[2].u_bank.node[13] (net)
                      0.014406    0.000265    6.937112 ^ u_dut.g_seg[2].u_bank.g_inv[13].u_inv._cell/A (sg13g2_inv_1)
     1    0.004667    0.014264    0.019853    6.956965 v u_dut.g_seg[2].u_bank.g_inv[13].u_inv._cell/Y (sg13g2_inv_1)
                                                         u_dut.g_seg[2].u_bank.node[14] (net)
                      0.014278    0.000339    6.957304 v u_dut.g_seg[2].u_bank.g_inv[14].u_inv._cell/A (sg13g2_inv_1)
     1    0.003875    0.015637    0.019563    6.976867 ^ u_dut.g_seg[2].u_bank.g_inv[14].u_inv._cell/Y (sg13g2_inv_1)
                                                         u_dut.g_seg[2].u_bank.node[15] (net)
                      0.015642    0.000290    6.977157 ^ u_dut.g_seg[2].u_bank.g_inv[15].u_inv._cell/A (sg13g2_inv_1)
     1    0.003123    0.011680    0.017747    6.994905 v u_dut.g_seg[2].u_bank.g_inv[15].u_inv._cell/Y (sg13g2_inv_1)
                                                         u_dut.g_seg[2].u_bank.node[16] (net)
                      0.011680    0.000124    6.995029 v u_dut.g_seg[2].u_bank.g_inv[16].u_inv._cell/A (sg13g2_inv_1)
     1    0.004619    0.016904    0.020354    7.015383 ^ u_dut.g_seg[2].u_bank.g_inv[16].u_inv._cell/Y (sg13g2_inv_1)
                                                         u_dut.g_seg[2].u_bank.node[17] (net)
                      0.016917    0.000357    7.015740 ^ u_dut.g_seg[2].u_bank.g_inv[17].u_inv._cell/A (sg13g2_inv_1)
     1    0.004155    0.013734    0.019610    7.035349 v u_dut.g_seg[2].u_bank.g_inv[17].u_inv._cell/Y (sg13g2_inv_1)
                                                         u_dut.g_seg[2].u_bank.node[18] (net)
                      0.013752    0.000286    7.035636 v u_dut.g_seg[2].u_bank.g_inv[18].u_inv._cell/A (sg13g2_inv_1)
     1    0.003364    0.014398    0.018589    7.054225 ^ u_dut.g_seg[2].u_bank.g_inv[18].u_inv._cell/Y (sg13g2_inv_1)
                                                         u_dut.g_seg[2].u_bank.node[19] (net)
                      0.014398    0.000133    7.054358 ^ u_dut.g_seg[2].u_bank.g_inv[19].u_inv._cell/A (sg13g2_inv_1)
     1    0.003738    0.012559    0.018460    7.072819 v u_dut.g_seg[2].u_bank.g_inv[19].u_inv._cell/Y (sg13g2_inv_1)
                                                         u_dut.g_seg[2].u_bank.node[20] (net)
                      0.012561    0.000149    7.072968 v u_dut.g_seg[2].u_bank.g_inv[20].u_inv._cell/A (sg13g2_inv_1)
     1    0.003197    0.013811    0.018068    7.091035 ^ u_dut.g_seg[2].u_bank.g_inv[20].u_inv._cell/Y (sg13g2_inv_1)
                                                         u_dut.g_seg[2].u_bank.node[21] (net)
                      0.013811    0.000128    7.091163 ^ u_dut.g_seg[2].u_bank.g_inv[21].u_inv._cell/A (sg13g2_inv_1)
     1    0.003905    0.012741    0.018545    7.109708 v u_dut.g_seg[2].u_bank.g_inv[21].u_inv._cell/Y (sg13g2_inv_1)
                                                         u_dut.g_seg[2].u_bank.node[22] (net)
                      0.012768    0.000291    7.110000 v u_dut.g_seg[2].u_bank.g_inv[22].u_inv._cell/A (sg13g2_inv_1)
     1    0.003859    0.015339    0.019250    7.129250 ^ u_dut.g_seg[2].u_bank.g_inv[22].u_inv._cell/Y (sg13g2_inv_1)
                                                         u_dut.g_seg[2].u_bank.node[23] (net)
                      0.015345    0.000276    7.129526 ^ u_dut.g_seg[2].u_bank.g_inv[23].u_inv._cell/A (sg13g2_inv_1)
     1    0.003544    0.012376    0.018351    7.147876 v u_dut.g_seg[2].u_bank.g_inv[23].u_inv._cell/Y (sg13g2_inv_1)
                                                         u_dut.g_seg[2].u_bank.node[24] (net)
                      0.012377    0.000141    7.148017 v u_dut.g_seg[2].u_bank.g_inv[24].u_inv._cell/A (sg13g2_inv_1)
     1    0.003974    0.015531    0.019373    7.167390 ^ u_dut.g_seg[2].u_bank.g_inv[24].u_inv._cell/Y (sg13g2_inv_1)
                                                         u_dut.g_seg[2].u_bank.node[25] (net)
                      0.015541    0.000294    7.167684 ^ u_dut.g_seg[2].u_bank.g_inv[25].u_inv._cell/A (sg13g2_inv_1)
     1    0.003196    0.011792    0.017843    7.185526 v u_dut.g_seg[2].u_bank.g_inv[25].u_inv._cell/Y (sg13g2_inv_1)
                                                         u_dut.g_seg[2].u_bank.node[26] (net)
                      0.011793    0.000127    7.185654 v u_dut.g_seg[2].u_bank.g_inv[26].u_inv._cell/A (sg13g2_inv_1)
     1    0.003590    0.014555    0.018573    7.204227 ^ u_dut.g_seg[2].u_bank.g_inv[26].u_inv._cell/Y (sg13g2_inv_1)
                                                         u_dut.g_seg[2].u_bank.node[27] (net)
                      0.014556    0.000279    7.204505 ^ u_dut.g_seg[2].u_bank.g_inv[27].u_inv._cell/A (sg13g2_inv_1)
     1    0.003341    0.011870    0.017829    7.222334 v u_dut.g_seg[2].u_bank.g_inv[27].u_inv._cell/Y (sg13g2_inv_1)
                                                         u_dut.g_seg[2].u_bank.node[28] (net)
                      0.011871    0.000252    7.222587 v u_dut.g_seg[2].u_bank.g_inv[28].u_inv._cell/A (sg13g2_inv_1)
     1    0.003931    0.015360    0.019244    7.241830 ^ u_dut.g_seg[2].u_bank.g_inv[28].u_inv._cell/Y (sg13g2_inv_1)
                                                         u_dut.g_seg[2].u_bank.node[29] (net)
                      0.015360    0.000156    7.241987 ^ u_dut.g_seg[2].u_bank.g_inv[29].u_inv._cell/A (sg13g2_inv_1)
     1    0.004113    0.013392    0.019187    7.261174 v u_dut.g_seg[2].u_bank.g_inv[29].u_inv._cell/Y (sg13g2_inv_1)
                                                         u_dut.g_seg[2].u_bank.node[30] (net)
                      0.013411    0.000317    7.261490 v u_dut.g_seg[2].u_bank.g_inv[30].u_inv._cell/A (sg13g2_inv_1)
     1    0.003679    0.015053    0.019089    7.280579 ^ u_dut.g_seg[2].u_bank.g_inv[30].u_inv._cell/Y (sg13g2_inv_1)
                                                         u_dut.g_seg[2].u_bank.node[31] (net)
                      0.015053    0.000146    7.280725 ^ u_dut.g_seg[2].u_bank.g_inv[31].u_inv._cell/A (sg13g2_inv_1)
     2    0.008248    0.021360    0.025450    7.306175 v u_dut.g_seg[2].u_bank.g_inv[31].u_inv._cell/Y (sg13g2_inv_1)
                                                         u_dut.g_seg[2].u_bank.node[32] (net)
                      0.021382    0.000564    7.306739 v u_dut.g_seg[2].u_bank.g_inv[32].u_inv._cell/A (sg13g2_inv_1)
     1    0.003663    0.016405    0.020583    7.327322 ^ u_dut.g_seg[2].u_bank.g_inv[32].u_inv._cell/Y (sg13g2_inv_1)
                                                         u_dut.g_seg[2].u_bank.node[33] (net)
                      0.016405    0.000146    7.327468 ^ u_dut.g_seg[2].u_bank.g_inv[33].u_inv._cell/A (sg13g2_inv_1)
     1    0.003357    0.012214    0.018228    7.345696 v u_dut.g_seg[2].u_bank.g_inv[33].u_inv._cell/Y (sg13g2_inv_1)
                                                         u_dut.g_seg[2].u_bank.node[34] (net)
                      0.012216    0.000254    7.345951 v u_dut.g_seg[2].u_bank.g_inv[34].u_inv._cell/A (sg13g2_inv_1)
     1    0.003320    0.014015    0.018175    7.364126 ^ u_dut.g_seg[2].u_bank.g_inv[34].u_inv._cell/Y (sg13g2_inv_1)
                                                         u_dut.g_seg[2].u_bank.node[35] (net)
                      0.014017    0.000260    7.364386 ^ u_dut.g_seg[2].u_bank.g_inv[35].u_inv._cell/A (sg13g2_inv_1)
     1    0.003169    0.011487    0.017497    7.381883 v u_dut.g_seg[2].u_bank.g_inv[35].u_inv._cell/Y (sg13g2_inv_1)
                                                         u_dut.g_seg[2].u_bank.node[36] (net)
                      0.011487    0.000127    7.382010 v u_dut.g_seg[2].u_bank.g_inv[36].u_inv._cell/A (sg13g2_inv_1)
     1    0.003204    0.013638    0.017881    7.399891 ^ u_dut.g_seg[2].u_bank.g_inv[36].u_inv._cell/Y (sg13g2_inv_1)
                                                         u_dut.g_seg[2].u_bank.node[37] (net)
                      0.013639    0.000128    7.400019 ^ u_dut.g_seg[2].u_bank.g_inv[37].u_inv._cell/A (sg13g2_inv_1)
     1    0.003402    0.011835    0.017783    7.417801 v u_dut.g_seg[2].u_bank.g_inv[37].u_inv._cell/Y (sg13g2_inv_1)
                                                         u_dut.g_seg[2].u_bank.node[38] (net)
                      0.011835    0.000135    7.417936 v u_dut.g_seg[2].u_bank.g_inv[38].u_inv._cell/A (sg13g2_inv_1)
     1    0.003966    0.015416    0.019247    7.437183 ^ u_dut.g_seg[2].u_bank.g_inv[38].u_inv._cell/Y (sg13g2_inv_1)
                                                         u_dut.g_seg[2].u_bank.node[39] (net)
                      0.015426    0.000297    7.437480 ^ u_dut.g_seg[2].u_bank.g_inv[39].u_inv._cell/A (sg13g2_inv_1)
     1    0.003554    0.012408    0.018384    7.455864 v u_dut.g_seg[2].u_bank.g_inv[39].u_inv._cell/Y (sg13g2_inv_1)
                                                         u_dut.g_seg[2].u_bank.node[40] (net)
                      0.012409    0.000141    7.456006 v u_dut.g_seg[2].u_bank.g_inv[40].u_inv._cell/A (sg13g2_inv_1)
     1    0.003411    0.014271    0.018421    7.474427 ^ u_dut.g_seg[2].u_bank.g_inv[40].u_inv._cell/Y (sg13g2_inv_1)
                                                         u_dut.g_seg[2].u_bank.node[41] (net)
                      0.014271    0.000136    7.474563 ^ u_dut.g_seg[2].u_bank.g_inv[41].u_inv._cell/A (sg13g2_inv_1)
     1    0.003114    0.011431    0.017461    7.492023 v u_dut.g_seg[2].u_bank.g_inv[41].u_inv._cell/Y (sg13g2_inv_1)
                                                         u_dut.g_seg[2].u_bank.node[42] (net)
                      0.011432    0.000124    7.492147 v u_dut.g_seg[2].u_bank.g_inv[42].u_inv._cell/A (sg13g2_inv_1)
     1    0.003200    0.013619    0.017863    7.510011 ^ u_dut.g_seg[2].u_bank.g_inv[42].u_inv._cell/Y (sg13g2_inv_1)
                                                         u_dut.g_seg[2].u_bank.node[43] (net)
                      0.013619    0.000128    7.510139 ^ u_dut.g_seg[2].u_bank.g_inv[43].u_inv._cell/A (sg13g2_inv_1)
     1    0.003387    0.011804    0.017755    7.527893 v u_dut.g_seg[2].u_bank.g_inv[43].u_inv._cell/Y (sg13g2_inv_1)
                                                         u_dut.g_seg[2].u_bank.node[44] (net)
                      0.011804    0.000134    7.528028 v u_dut.g_seg[2].u_bank.g_inv[44].u_inv._cell/A (sg13g2_inv_1)
     1    0.003889    0.015238    0.019112    7.547139 ^ u_dut.g_seg[2].u_bank.g_inv[44].u_inv._cell/Y (sg13g2_inv_1)
                                                         u_dut.g_seg[2].u_bank.node[45] (net)
                      0.015245    0.000284    7.547423 ^ u_dut.g_seg[2].u_bank.g_inv[45].u_inv._cell/A (sg13g2_inv_1)
     1    0.003418    0.012136    0.018133    7.565557 v u_dut.g_seg[2].u_bank.g_inv[45].u_inv._cell/Y (sg13g2_inv_1)
                                                         u_dut.g_seg[2].u_bank.node[46] (net)
                      0.012136    0.000136    7.565692 v u_dut.g_seg[2].u_bank.g_inv[46].u_inv._cell/A (sg13g2_inv_1)
     1    0.003200    0.013742    0.017994    7.583686 ^ u_dut.g_seg[2].u_bank.g_inv[46].u_inv._cell/Y (sg13g2_inv_1)
                                                         u_dut.g_seg[2].u_bank.node[47] (net)
                      0.013743    0.000128    7.583814 ^ u_dut.g_seg[2].u_bank.g_inv[47].u_inv._cell/A (sg13g2_inv_1)
     1    0.003681    0.012329    0.018185    7.601998 v u_dut.g_seg[2].u_bank.g_inv[47].u_inv._cell/Y (sg13g2_inv_1)
                                                         u_dut.g_seg[2].u_bank.node[48] (net)
                      0.012347    0.000279    7.602277 v u_dut.g_seg[2].u_bank.g_inv[48].u_inv._cell/A (sg13g2_inv_1)
     1    0.003448    0.014331    0.018431    7.620709 ^ u_dut.g_seg[2].u_bank.g_inv[48].u_inv._cell/Y (sg13g2_inv_1)
                                                         u_dut.g_seg[2].u_bank.node[49] (net)
                      0.014332    0.000261    7.620970 ^ u_dut.g_seg[2].u_bank.g_inv[49].u_inv._cell/A (sg13g2_inv_1)
     1    0.003127    0.011464    0.017493    7.638463 v u_dut.g_seg[2].u_bank.g_inv[49].u_inv._cell/Y (sg13g2_inv_1)
                                                         u_dut.g_seg[2].u_bank.node[50] (net)
                      0.011464    0.000124    7.638587 v u_dut.g_seg[2].u_bank.g_inv[50].u_inv._cell/A (sg13g2_inv_1)
     1    0.004148    0.015768    0.019504    7.658091 ^ u_dut.g_seg[2].u_bank.g_inv[50].u_inv._cell/Y (sg13g2_inv_1)
                                                         u_dut.g_seg[2].u_bank.node[51] (net)
                      0.015785    0.000292    7.658383 ^ u_dut.g_seg[2].u_bank.g_inv[51].u_inv._cell/A (sg13g2_inv_1)
     1    0.003298    0.012015    0.018053    7.676436 v u_dut.g_seg[2].u_bank.g_inv[51].u_inv._cell/Y (sg13g2_inv_1)
                                                         u_dut.g_seg[2].u_bank.node[52] (net)
                      0.012015    0.000131    7.676567 v u_dut.g_seg[2].u_bank.g_inv[52].u_inv._cell/A (sg13g2_inv_1)
     1    0.003839    0.015176    0.019106    7.695673 ^ u_dut.g_seg[2].u_bank.g_inv[52].u_inv._cell/Y (sg13g2_inv_1)
                                                         u_dut.g_seg[2].u_bank.node[53] (net)
                      0.015176    0.000154    7.695827 ^ u_dut.g_seg[2].u_bank.g_inv[53].u_inv._cell/A (sg13g2_inv_1)
     1    0.003153    0.011655    0.017703    7.713531 v u_dut.g_seg[2].u_bank.g_inv[53].u_inv._cell/Y (sg13g2_inv_1)
                                                         u_dut.g_seg[2].u_bank.node[54] (net)
                      0.011656    0.000126    7.713656 v u_dut.g_seg[2].u_bank.g_inv[54].u_inv._cell/A (sg13g2_inv_1)
     1    0.003198    0.013653    0.017901    7.731558 ^ u_dut.g_seg[2].u_bank.g_inv[54].u_inv._cell/Y (sg13g2_inv_1)
                                                         u_dut.g_seg[2].u_bank.node[55] (net)
                      0.013654    0.000128    7.731686 ^ u_dut.g_seg[2].u_bank.g_inv[55].u_inv._cell/A (sg13g2_inv_1)
     1    0.004602    0.014014    0.019575    7.751260 v u_dut.g_seg[2].u_bank.g_inv[55].u_inv._cell/Y (sg13g2_inv_1)
                                                         u_dut.g_seg[2].u_bank.node[56] (net)
                      0.014029    0.000345    7.751605 v u_dut.g_seg[2].u_bank.g_inv[56].u_inv._cell/A (sg13g2_inv_1)
     1    0.004617    0.017301    0.020861    7.772466 ^ u_dut.g_seg[2].u_bank.g_inv[56].u_inv._cell/Y (sg13g2_inv_1)
                                                         u_dut.g_seg[2].u_bank.node[57] (net)
                      0.017320    0.000314    7.772779 ^ u_dut.g_seg[2].u_bank.g_inv[57].u_inv._cell/A (sg13g2_inv_1)
     1    0.004117    0.013732    0.019623    7.792402 v u_dut.g_seg[2].u_bank.g_inv[57].u_inv._cell/Y (sg13g2_inv_1)
                                                         u_dut.g_seg[2].u_bank.node[58] (net)
                      0.013750    0.000299    7.792702 v u_dut.g_seg[2].u_bank.g_inv[58].u_inv._cell/A (sg13g2_inv_1)
     1    0.003348    0.014360    0.018558    7.811260 ^ u_dut.g_seg[2].u_bank.g_inv[58].u_inv._cell/Y (sg13g2_inv_1)
                                                         u_dut.g_seg[2].u_bank.node[59] (net)
                      0.014361    0.000133    7.811394 ^ u_dut.g_seg[2].u_bank.g_inv[59].u_inv._cell/A (sg13g2_inv_1)
     1    0.004176    0.013341    0.019089    7.830482 v u_dut.g_seg[2].u_bank.g_inv[59].u_inv._cell/Y (sg13g2_inv_1)
                                                         u_dut.g_seg[2].u_bank.node[60] (net)
                      0.013359    0.000297    7.830779 v u_dut.g_seg[2].u_bank.g_inv[60].u_inv._cell/A (sg13g2_inv_1)
     1    0.003583    0.014826    0.018908    7.849687 ^ u_dut.g_seg[2].u_bank.g_inv[60].u_inv._cell/Y (sg13g2_inv_1)
                                                         u_dut.g_seg[2].u_bank.node[61] (net)
                      0.014826    0.000143    7.849830 ^ u_dut.g_seg[2].u_bank.g_inv[61].u_inv._cell/A (sg13g2_inv_1)
     1    0.004155    0.013381    0.019158    7.868988 v u_dut.g_seg[2].u_bank.g_inv[61].u_inv._cell/Y (sg13g2_inv_1)
                                                         u_dut.g_seg[2].u_bank.node[62] (net)
                      0.013399    0.000290    7.869277 v u_dut.g_seg[2].u_bank.g_inv[62].u_inv._cell/A (sg13g2_inv_1)
     1    0.004129    0.016061    0.019850    7.889127 ^ u_dut.g_seg[2].u_bank.g_inv[62].u_inv._cell/Y (sg13g2_inv_1)
                                                         u_dut.g_seg[2].u_bank.node[63] (net)
                      0.016075    0.000296    7.889423 ^ u_dut.g_seg[2].u_bank.g_inv[63].u_inv._cell/A (sg13g2_inv_1)
     2    0.006411    0.017867    0.023018    7.912441 v u_dut.g_seg[2].u_bank.g_inv[63].u_inv._cell/Y (sg13g2_inv_1)
                                                         u_dut.g_seg[2].u_bank.node[64] (net)
                      0.017870    0.000193    7.912633 v u_dut.g_seg[2].u_bank.g_inv[64].u_inv._cell/A (sg13g2_inv_1)
     1    0.003619    0.015684    0.019787    7.932420 ^ u_dut.g_seg[2].u_bank.g_inv[64].u_inv._cell/Y (sg13g2_inv_1)
                                                         u_dut.g_seg[2].u_bank.node[65] (net)
                      0.015685    0.000274    7.932694 ^ u_dut.g_seg[2].u_bank.g_inv[65].u_inv._cell/A (sg13g2_inv_1)
     1    0.003232    0.011880    0.017929    7.950623 v u_dut.g_seg[2].u_bank.g_inv[65].u_inv._cell/Y (sg13g2_inv_1)
                                                         u_dut.g_seg[2].u_bank.node[66] (net)
                      0.011881    0.000129    7.950751 v u_dut.g_seg[2].u_bank.g_inv[66].u_inv._cell/A (sg13g2_inv_1)
     1    0.003524    0.014436    0.018524    7.969275 ^ u_dut.g_seg[2].u_bank.g_inv[66].u_inv._cell/Y (sg13g2_inv_1)
                                                         u_dut.g_seg[2].u_bank.node[67] (net)
                      0.014437    0.000139    7.969415 ^ u_dut.g_seg[2].u_bank.g_inv[67].u_inv._cell/A (sg13g2_inv_1)
     1    0.003279    0.011752    0.017751    7.987166 v u_dut.g_seg[2].u_bank.g_inv[67].u_inv._cell/Y (sg13g2_inv_1)
                                                         u_dut.g_seg[2].u_bank.node[68] (net)
                      0.011752    0.000131    7.987297 v u_dut.g_seg[2].u_bank.g_inv[68].u_inv._cell/A (sg13g2_inv_1)
     1    0.005217    0.018325    0.021452    8.008749 ^ u_dut.g_seg[2].u_bank.g_inv[68].u_inv._cell/Y (sg13g2_inv_1)
                                                         u_dut.g_seg[2].u_bank.node[69] (net)
                      0.018336    0.000352    8.009100 ^ u_dut.g_seg[2].u_bank.g_inv[69].u_inv._cell/A (sg13g2_inv_1)
     1    0.003468    0.012751    0.018843    8.027943 v u_dut.g_seg[2].u_bank.g_inv[69].u_inv._cell/Y (sg13g2_inv_1)
                                                         u_dut.g_seg[2].u_bank.node[70] (net)
                      0.012751    0.000138    8.028081 v u_dut.g_seg[2].u_bank.g_inv[70].u_inv._cell/A (sg13g2_inv_1)
     1    0.003200    0.013849    0.018107    8.046188 ^ u_dut.g_seg[2].u_bank.g_inv[70].u_inv._cell/Y (sg13g2_inv_1)
                                                         u_dut.g_seg[2].u_bank.node[71] (net)
                      0.013850    0.000128    8.046316 ^ u_dut.g_seg[2].u_bank.g_inv[71].u_inv._cell/A (sg13g2_inv_1)
     1    0.005005    0.014805    0.020263    8.066579 v u_dut.g_seg[2].u_bank.g_inv[71].u_inv._cell/Y (sg13g2_inv_1)
                                                         u_dut.g_seg[2].u_bank.node[72] (net)
                      0.014818    0.000333    8.066912 v u_dut.g_seg[2].u_bank.g_inv[72].u_inv._cell/A (sg13g2_inv_1)
     1    0.004774    0.017809    0.021285    8.088197 ^ u_dut.g_seg[2].u_bank.g_inv[72].u_inv._cell/Y (sg13g2_inv_1)
                                                         u_dut.g_seg[2].u_bank.node[73] (net)
                      0.017821    0.000348    8.088545 ^ u_dut.g_seg[2].u_bank.g_inv[73].u_inv._cell/A (sg13g2_inv_1)
     1    0.004145    0.013877    0.019826    8.108371 v u_dut.g_seg[2].u_bank.g_inv[73].u_inv._cell/Y (sg13g2_inv_1)
                                                         u_dut.g_seg[2].u_bank.node[74] (net)
                      0.013879    0.000164    8.108536 v u_dut.g_seg[2].u_bank.g_inv[74].u_inv._cell/A (sg13g2_inv_1)
     1    0.003391    0.014480    0.018660    8.127195 ^ u_dut.g_seg[2].u_bank.g_inv[74].u_inv._cell/Y (sg13g2_inv_1)
                                                         u_dut.g_seg[2].u_bank.node[75] (net)
                      0.014480    0.000135    8.127330 ^ u_dut.g_seg[2].u_bank.g_inv[75].u_inv._cell/A (sg13g2_inv_1)
     1    0.003114    0.011467    0.017502    8.144833 v u_dut.g_seg[2].u_bank.g_inv[75].u_inv._cell/Y (sg13g2_inv_1)
                                                         u_dut.g_seg[2].u_bank.node[76] (net)
                      0.011467    0.000124    8.144957 v u_dut.g_seg[2].u_bank.g_inv[76].u_inv._cell/A (sg13g2_inv_1)
     1    0.003614    0.014568    0.018602    8.163559 ^ u_dut.g_seg[2].u_bank.g_inv[76].u_inv._cell/Y (sg13g2_inv_1)
                                                         u_dut.g_seg[2].u_bank.node[77] (net)
                      0.014568    0.000145    8.163704 ^ u_dut.g_seg[2].u_bank.g_inv[77].u_inv._cell/A (sg13g2_inv_1)
     1    0.003119    0.011491    0.017527    8.181231 v u_dut.g_seg[2].u_bank.g_inv[77].u_inv._cell/Y (sg13g2_inv_1)
                                                         u_dut.g_seg[2].u_bank.node[78] (net)
                      0.011491    0.000124    8.181355 v u_dut.g_seg[2].u_bank.g_inv[78].u_inv._cell/A (sg13g2_inv_1)
     1    0.003897    0.015202    0.019067    8.200422 ^ u_dut.g_seg[2].u_bank.g_inv[78].u_inv._cell/Y (sg13g2_inv_1)
                                                         u_dut.g_seg[2].u_bank.node[79] (net)
                      0.015210    0.000282    8.200704 ^ u_dut.g_seg[2].u_bank.g_inv[79].u_inv._cell/A (sg13g2_inv_1)
     1    0.003507    0.012288    0.018266    8.218969 v u_dut.g_seg[2].u_bank.g_inv[79].u_inv._cell/Y (sg13g2_inv_1)
                                                         u_dut.g_seg[2].u_bank.node[80] (net)
                      0.012289    0.000139    8.219110 v u_dut.g_seg[2].u_bank.g_inv[80].u_inv._cell/A (sg13g2_inv_1)
     1    0.004221    0.016074    0.019784    8.238894 ^ u_dut.g_seg[2].u_bank.g_inv[80].u_inv._cell/Y (sg13g2_inv_1)
                                                         u_dut.g_seg[2].u_bank.node[81] (net)
                      0.016096    0.000318    8.239211 ^ u_dut.g_seg[2].u_bank.g_inv[81].u_inv._cell/A (sg13g2_inv_1)
     1    0.003860    0.013051    0.018963    8.258174 v u_dut.g_seg[2].u_bank.g_inv[81].u_inv._cell/Y (sg13g2_inv_1)
                                                         u_dut.g_seg[2].u_bank.node[82] (net)
                      0.013071    0.000275    8.258450 v u_dut.g_seg[2].u_bank.g_inv[82].u_inv._cell/A (sg13g2_inv_1)
     1    0.003468    0.014514    0.018646    8.277095 ^ u_dut.g_seg[2].u_bank.g_inv[82].u_inv._cell/Y (sg13g2_inv_1)
                                                         u_dut.g_seg[2].u_bank.node[83] (net)
                      0.014514    0.000139    8.277233 ^ u_dut.g_seg[2].u_bank.g_inv[83].u_inv._cell/A (sg13g2_inv_1)
     1    0.003782    0.012638    0.018496    8.295730 v u_dut.g_seg[2].u_bank.g_inv[83].u_inv._cell/Y (sg13g2_inv_1)
                                                         u_dut.g_seg[2].u_bank.node[84] (net)
                      0.012661    0.000290    8.296021 v u_dut.g_seg[2].u_bank.g_inv[84].u_inv._cell/A (sg13g2_inv_1)
     1    0.003505    0.014516    0.018594    8.314614 ^ u_dut.g_seg[2].u_bank.g_inv[84].u_inv._cell/Y (sg13g2_inv_1)
                                                         u_dut.g_seg[2].u_bank.node[85] (net)
                      0.014518    0.000263    8.314877 ^ u_dut.g_seg[2].u_bank.g_inv[85].u_inv._cell/A (sg13g2_inv_1)
     1    0.003949    0.012946    0.018765    8.333642 v u_dut.g_seg[2].u_bank.g_inv[85].u_inv._cell/Y (sg13g2_inv_1)
                                                         u_dut.g_seg[2].u_bank.node[86] (net)
                      0.012967    0.000287    8.333929 v u_dut.g_seg[2].u_bank.g_inv[86].u_inv._cell/A (sg13g2_inv_1)
     1    0.003374    0.014282    0.018458    8.352387 ^ u_dut.g_seg[2].u_bank.g_inv[86].u_inv._cell/Y (sg13g2_inv_1)
                                                         u_dut.g_seg[2].u_bank.node[87] (net)
                      0.014282    0.000134    8.352522 ^ u_dut.g_seg[2].u_bank.g_inv[87].u_inv._cell/A (sg13g2_inv_1)
     1    0.003480    0.012069    0.017987    8.370509 v u_dut.g_seg[2].u_bank.g_inv[87].u_inv._cell/Y (sg13g2_inv_1)
                                                         u_dut.g_seg[2].u_bank.node[88] (net)
                      0.012071    0.000264    8.370772 v u_dut.g_seg[2].u_bank.g_inv[88].u_inv._cell/A (sg13g2_inv_1)
     1    0.004189    0.015968    0.019698    8.390471 ^ u_dut.g_seg[2].u_bank.g_inv[88].u_inv._cell/Y (sg13g2_inv_1)
                                                         u_dut.g_seg[2].u_bank.node[89] (net)
                      0.015986    0.000293    8.390764 ^ u_dut.g_seg[2].u_bank.g_inv[89].u_inv._cell/A (sg13g2_inv_1)
     1    0.004430    0.014091    0.019845    8.410608 v u_dut.g_seg[2].u_bank.g_inv[89].u_inv._cell/Y (sg13g2_inv_1)
                                                         u_dut.g_seg[2].u_bank.node[90] (net)
                      0.014103    0.000299    8.410908 v u_dut.g_seg[2].u_bank.g_inv[90].u_inv._cell/A (sg13g2_inv_1)
     1    0.005425    0.019220    0.022313    8.433221 ^ u_dut.g_seg[2].u_bank.g_inv[90].u_inv._cell/Y (sg13g2_inv_1)
                                                         u_dut.g_seg[2].u_bank.node[91] (net)
                      0.019233    0.000378    8.433599 ^ u_dut.g_seg[2].u_bank.g_inv[91].u_inv._cell/A (sg13g2_inv_1)
     1    0.005302    0.016282    0.021964    8.455563 v u_dut.g_seg[2].u_bank.g_inv[91].u_inv._cell/Y (sg13g2_inv_1)
                                                         u_dut.g_seg[2].u_bank.node[92] (net)
                      0.016295    0.000346    8.455908 v u_dut.g_seg[2].u_bank.g_inv[92].u_inv._cell/A (sg13g2_inv_1)
     1    0.003509    0.015171    0.019331    8.475240 ^ u_dut.g_seg[2].u_bank.g_inv[92].u_inv._cell/Y (sg13g2_inv_1)
                                                         u_dut.g_seg[2].u_bank.node[93] (net)
                      0.015171    0.000138    8.475377 ^ u_dut.g_seg[2].u_bank.g_inv[93].u_inv._cell/A (sg13g2_inv_1)
     1    0.004102    0.013341    0.019153    8.494530 v u_dut.g_seg[2].u_bank.g_inv[93].u_inv._cell/Y (sg13g2_inv_1)
                                                         u_dut.g_seg[2].u_bank.node[94] (net)
                      0.013359    0.000286    8.494816 v u_dut.g_seg[2].u_bank.g_inv[94].u_inv._cell/A (sg13g2_inv_1)
     1    0.003573    0.014792    0.018846    8.513662 ^ u_dut.g_seg[2].u_bank.g_inv[94].u_inv._cell/Y (sg13g2_inv_1)
                                                         u_dut.g_seg[2].u_bank.node[95] (net)
                      0.014793    0.000267    8.513929 ^ u_dut.g_seg[2].u_bank.g_inv[95].u_inv._cell/A (sg13g2_inv_1)
     1    0.005599    0.016090    0.021386    8.535316 v u_dut.g_seg[2].u_bank.g_inv[95].u_inv._cell/Y (sg13g2_inv_1)
                                                         u_dut.g_seg[2].u_bank.node[96] (net)
                      0.016104    0.000378    8.535694 v u_dut.g_seg[2].u_bank.u_mux.u_m1/A1 (sg13g2_mux2_1)
     1    0.003773    0.023948    0.069544    8.605239 v u_dut.g_seg[2].u_bank.u_mux.u_m1/X (sg13g2_mux2_1)
                                                         u_dut.g_seg[2].u_bank.u_mux.w1 (net)
                      0.023948    0.000149    8.605388 v u_dut.g_seg[2].u_bank.u_mux.u_m2/A1 (sg13g2_mux2_1)
     2    0.015703    0.048711    0.097879    8.703267 v u_dut.g_seg[2].u_bank.u_mux.u_m2/X (sg13g2_mux2_1)
                                                         u_dut.g_seg[2].bank_dout (net)
                      0.048740    0.001072    8.704339 v u_dut.g_seg[3].g_fa[0].u_fa.u_a2/A (sg13g2_and2_1)
     1    0.002725    0.015315    0.052004    8.756343 v u_dut.g_seg[3].g_fa[0].u_fa.u_a2/X (sg13g2_and2_1)
                                                         u_dut.g_seg[3].g_fa[0].u_fa.v (net)
                      0.015315    0.000108    8.756451 v u_dut.g_seg[3].g_fa[0].u_fa.u_o1/B (sg13g2_or2_1)
     2    0.009582    0.030727    0.072723    8.829174 v u_dut.g_seg[3].g_fa[0].u_fa.u_o1/X (sg13g2_or2_1)
                                                         u_dut.g_seg[3].g_fa[0].u_fa.co (net)
                      0.030728    0.000272    8.829446 v u_dut.g_seg[3].g_fa[1].u_fa.u_a2/A (sg13g2_and2_1)
     1    0.002548    0.014877    0.045973    8.875419 v u_dut.g_seg[3].g_fa[1].u_fa.u_a2/X (sg13g2_and2_1)
                                                         u_dut.g_seg[3].g_fa[1].u_fa.v (net)
                      0.014877    0.000101    8.875520 v u_dut.g_seg[3].g_fa[1].u_fa.u_o1/B (sg13g2_or2_1)
     2    0.009200    0.029963    0.071711    8.947230 v u_dut.g_seg[3].g_fa[1].u_fa.u_o1/X (sg13g2_or2_1)
                                                         u_dut.g_seg[3].g_fa[1].u_fa.co (net)
                      0.029985    0.000733    8.947964 v u_dut.g_seg[3].g_fa[2].u_fa.u_a2/A (sg13g2_and2_1)
     1    0.002571    0.014704    0.045776    8.993739 v u_dut.g_seg[3].g_fa[2].u_fa.u_a2/X (sg13g2_and2_1)
                                                         u_dut.g_seg[3].g_fa[2].u_fa.v (net)
                      0.014704    0.000101    8.993840 v u_dut.g_seg[3].g_fa[2].u_fa.u_o1/B (sg13g2_or2_1)
     2    0.009445    0.030444    0.072310    9.066151 v u_dut.g_seg[3].g_fa[2].u_fa.u_o1/X (sg13g2_or2_1)
                                                         u_dut.g_seg[3].g_fa[2].u_fa.co (net)
                      0.030449    0.000390    9.066541 v u_dut.g_seg[3].g_fa[3].u_fa.u_a2/A (sg13g2_and2_1)
     1    0.004238    0.017996    0.048686    9.115227 v u_dut.g_seg[3].g_fa[3].u_fa.u_a2/X (sg13g2_and2_1)
                                                         u_dut.g_seg[3].g_fa[3].u_fa.v (net)
                      0.017996    0.000269    9.115497 v u_dut.g_seg[3].g_fa[3].u_fa.u_o1/B (sg13g2_or2_1)
     2    0.007044    0.025658    0.068867    9.184362 v u_dut.g_seg[3].g_fa[3].u_fa.u_o1/X (sg13g2_or2_1)
                                                         u_dut.g_seg[3].u_bank.node[0] (net)
                      0.025659    0.000211    9.184574 v u_dut.g_seg[3].u_bank.g_inv[0].u_inv._cell/A (sg13g2_inv_1)
     1    0.003658    0.017131    0.021353    9.205927 ^ u_dut.g_seg[3].u_bank.g_inv[0].u_inv._cell/Y (sg13g2_inv_1)
                                                         u_dut.g_seg[3].u_bank.node[1] (net)
                      0.017132    0.000267    9.206194 ^ u_dut.g_seg[3].u_bank.g_inv[1].u_inv._cell/A (sg13g2_inv_1)
     1    0.003114    0.011917    0.018030    9.224224 v u_dut.g_seg[3].u_bank.g_inv[1].u_inv._cell/Y (sg13g2_inv_1)
                                                         u_dut.g_seg[3].u_bank.node[2] (net)
                      0.011917    0.000124    9.224349 v u_dut.g_seg[3].u_bank.g_inv[2].u_inv._cell/A (sg13g2_inv_1)
     1    0.003583    0.014577    0.018635    9.242984 ^ u_dut.g_seg[3].u_bank.g_inv[2].u_inv._cell/Y (sg13g2_inv_1)
                                                         u_dut.g_seg[3].u_bank.node[3] (net)
                      0.014577    0.000143    9.243127 ^ u_dut.g_seg[3].u_bank.g_inv[3].u_inv._cell/A (sg13g2_inv_1)
     1    0.003114    0.011483    0.017521    9.260648 v u_dut.g_seg[3].u_bank.g_inv[3].u_inv._cell/Y (sg13g2_inv_1)
                                                         u_dut.g_seg[3].u_bank.node[4] (net)
                      0.011484    0.000124    9.260772 v u_dut.g_seg[3].u_bank.g_inv[4].u_inv._cell/A (sg13g2_inv_1)
     1    0.004109    0.015684    0.019441    9.280213 ^ u_dut.g_seg[3].u_bank.g_inv[4].u_inv._cell/Y (sg13g2_inv_1)
                                                         u_dut.g_seg[3].u_bank.node[5] (net)
                      0.015699    0.000290    9.280503 ^ u_dut.g_seg[3].u_bank.g_inv[5].u_inv._cell/A (sg13g2_inv_1)
     1    0.003114    0.011674    0.017745    9.298248 v u_dut.g_seg[3].u_bank.g_inv[5].u_inv._cell/Y (sg13g2_inv_1)
                                                         u_dut.g_seg[3].u_bank.node[6] (net)
                      0.011674    0.000124    9.298373 v u_dut.g_seg[3].u_bank.g_inv[6].u_inv._cell/A (sg13g2_inv_1)
     1    0.003199    0.013659    0.017906    9.316278 ^ u_dut.g_seg[3].u_bank.g_inv[6].u_inv._cell/Y (sg13g2_inv_1)
                                                         u_dut.g_seg[3].u_bank.node[7] (net)
                      0.013659    0.000128    9.316406 ^ u_dut.g_seg[3].u_bank.g_inv[7].u_inv._cell/A (sg13g2_inv_1)
     1    0.003110    0.011320    0.017332    9.333738 v u_dut.g_seg[3].u_bank.g_inv[7].u_inv._cell/Y (sg13g2_inv_1)
                                                         u_dut.g_seg[3].u_bank.node[8] (net)
                      0.011320    0.000124    9.333863 v u_dut.g_seg[3].u_bank.g_inv[8].u_inv._cell/A (sg13g2_inv_1)
     1    0.003221    0.013636    0.017836    9.351699 ^ u_dut.g_seg[3].u_bank.g_inv[8].u_inv._cell/Y (sg13g2_inv_1)
                                                         u_dut.g_seg[3].u_bank.node[9] (net)
                      0.013637    0.000252    9.351952 ^ u_dut.g_seg[3].u_bank.g_inv[9].u_inv._cell/A (sg13g2_inv_1)
     1    0.003475    0.011963    0.017893    9.369844 v u_dut.g_seg[3].u_bank.g_inv[9].u_inv._cell/Y (sg13g2_inv_1)
                                                         u_dut.g_seg[3].u_bank.node[10] (net)
                      0.011963    0.000138    9.369983 v u_dut.g_seg[3].u_bank.g_inv[10].u_inv._cell/A (sg13g2_inv_1)
     1    0.003533    0.014458    0.018510    9.388492 ^ u_dut.g_seg[3].u_bank.g_inv[10].u_inv._cell/Y (sg13g2_inv_1)
                                                         u_dut.g_seg[3].u_bank.node[11] (net)
                      0.014459    0.000266    9.388759 ^ u_dut.g_seg[3].u_bank.g_inv[11].u_inv._cell/A (sg13g2_inv_1)
     1    0.003387    0.011948    0.017925    9.406684 v u_dut.g_seg[3].u_bank.g_inv[11].u_inv._cell/Y (sg13g2_inv_1)
                                                         u_dut.g_seg[3].u_bank.node[12] (net)
                      0.011948    0.000135    9.406818 v u_dut.g_seg[3].u_bank.g_inv[12].u_inv._cell/A (sg13g2_inv_1)
     1    0.004176    0.015917    0.019650    9.426469 ^ u_dut.g_seg[3].u_bank.g_inv[12].u_inv._cell/Y (sg13g2_inv_1)
                                                         u_dut.g_seg[3].u_bank.node[13] (net)
                      0.015934    0.000296    9.426764 ^ u_dut.g_seg[3].u_bank.g_inv[13].u_inv._cell/A (sg13g2_inv_1)
     1    0.005168    0.015467    0.020988    9.447752 v u_dut.g_seg[3].u_bank.g_inv[13].u_inv._cell/Y (sg13g2_inv_1)
                                                         u_dut.g_seg[3].u_bank.node[14] (net)
                      0.015479    0.000341    9.448093 v u_dut.g_seg[3].u_bank.g_inv[14].u_inv._cell/A (sg13g2_inv_1)
     1    0.003407    0.014796    0.018988    9.467082 ^ u_dut.g_seg[3].u_bank.g_inv[14].u_inv._cell/Y (sg13g2_inv_1)
                                                         u_dut.g_seg[3].u_bank.node[15] (net)
                      0.014796    0.000136    9.467217 ^ u_dut.g_seg[3].u_bank.g_inv[15].u_inv._cell/A (sg13g2_inv_1)
     1    0.004082    0.013240    0.019038    9.486256 v u_dut.g_seg[3].u_bank.g_inv[15].u_inv._cell/Y (sg13g2_inv_1)
                                                         u_dut.g_seg[3].u_bank.node[16] (net)
                      0.013258    0.000287    9.486543 v u_dut.g_seg[3].u_bank.g_inv[16].u_inv._cell/A (sg13g2_inv_1)
     1    0.003646    0.014953    0.019003    9.505545 ^ u_dut.g_seg[3].u_bank.g_inv[16].u_inv._cell/Y (sg13g2_inv_1)
                                                         u_dut.g_seg[3].u_bank.node[17] (net)
                      0.014953    0.000145    9.505690 ^ u_dut.g_seg[3].u_bank.g_inv[17].u_inv._cell/A (sg13g2_inv_1)
     1    0.004091    0.013283    0.019072    9.524762 v u_dut.g_seg[3].u_bank.g_inv[17].u_inv._cell/Y (sg13g2_inv_1)
                                                         u_dut.g_seg[3].u_bank.node[18] (net)
                      0.013301    0.000303    9.525064 v u_dut.g_seg[3].u_bank.g_inv[18].u_inv._cell/A (sg13g2_inv_1)
     1    0.003302    0.014167    0.018351    9.543415 ^ u_dut.g_seg[3].u_bank.g_inv[18].u_inv._cell/Y (sg13g2_inv_1)
                                                         u_dut.g_seg[3].u_bank.node[19] (net)
                      0.014168    0.000255    9.543670 ^ u_dut.g_seg[3].u_bank.g_inv[19].u_inv._cell/A (sg13g2_inv_1)
     1    0.003110    0.011408    0.017435    9.561105 v u_dut.g_seg[3].u_bank.g_inv[19].u_inv._cell/Y (sg13g2_inv_1)
                                                         u_dut.g_seg[3].u_bank.node[20] (net)
                      0.011408    0.000124    9.561230 v u_dut.g_seg[3].u_bank.g_inv[20].u_inv._cell/A (sg13g2_inv_1)
     1    0.003191    0.013595    0.017844    9.579073 ^ u_dut.g_seg[3].u_bank.g_inv[20].u_inv._cell/Y (sg13g2_inv_1)
                                                         u_dut.g_seg[3].u_bank.node[21] (net)
                      0.013596    0.000128    9.579201 ^ u_dut.g_seg[3].u_bank.g_inv[21].u_inv._cell/A (sg13g2_inv_1)
     1    0.003427    0.011872    0.017813    9.597014 v u_dut.g_seg[3].u_bank.g_inv[21].u_inv._cell/Y (sg13g2_inv_1)
                                                         u_dut.g_seg[3].u_bank.node[22] (net)
                      0.011873    0.000135    9.597149 v u_dut.g_seg[3].u_bank.g_inv[22].u_inv._cell/A (sg13g2_inv_1)
     1    0.003237    0.013769    0.017968    9.615117 ^ u_dut.g_seg[3].u_bank.g_inv[22].u_inv._cell/Y (sg13g2_inv_1)
                                                         u_dut.g_seg[3].u_bank.node[23] (net)
                      0.013770    0.000252    9.615369 ^ u_dut.g_seg[3].u_bank.g_inv[23].u_inv._cell/A (sg13g2_inv_1)
     1    0.003170    0.011446    0.017448    9.632817 v u_dut.g_seg[3].u_bank.g_inv[23].u_inv._cell/Y (sg13g2_inv_1)
                                                         u_dut.g_seg[3].u_bank.node[24] (net)
                      0.011446    0.000126    9.632943 v u_dut.g_seg[3].u_bank.g_inv[24].u_inv._cell/A (sg13g2_inv_1)
     1    0.003236    0.013704    0.017930    9.650873 ^ u_dut.g_seg[3].u_bank.g_inv[24].u_inv._cell/Y (sg13g2_inv_1)
                                                         u_dut.g_seg[3].u_bank.node[25] (net)
                      0.013704    0.000130    9.651003 ^ u_dut.g_seg[3].u_bank.g_inv[25].u_inv._cell/A (sg13g2_inv_1)
     1    0.003162    0.011420    0.017423    9.668426 v u_dut.g_seg[3].u_bank.g_inv[25].u_inv._cell/Y (sg13g2_inv_1)
                                                         u_dut.g_seg[3].u_bank.node[26] (net)
                      0.011421    0.000126    9.668551 v u_dut.g_seg[3].u_bank.g_inv[26].u_inv._cell/A (sg13g2_inv_1)
     1    0.003241    0.013711    0.017934    9.686485 ^ u_dut.g_seg[3].u_bank.g_inv[26].u_inv._cell/Y (sg13g2_inv_1)
                                                         u_dut.g_seg[3].u_bank.node[27] (net)
                      0.013711    0.000130    9.686615 ^ u_dut.g_seg[3].u_bank.g_inv[27].u_inv._cell/A (sg13g2_inv_1)
     1    0.003140    0.011382    0.017390    9.704005 v u_dut.g_seg[3].u_bank.g_inv[27].u_inv._cell/Y (sg13g2_inv_1)
                                                         u_dut.g_seg[3].u_bank.node[28] (net)
                      0.011383    0.000125    9.704130 v u_dut.g_seg[3].u_bank.g_inv[28].u_inv._cell/A (sg13g2_inv_1)
     1    0.003593    0.014505    0.018550    9.722681 ^ u_dut.g_seg[3].u_bank.g_inv[28].u_inv._cell/Y (sg13g2_inv_1)
                                                         u_dut.g_seg[3].u_bank.node[29] (net)
                      0.014505    0.000142    9.722823 ^ u_dut.g_seg[3].u_bank.g_inv[29].u_inv._cell/A (sg13g2_inv_1)
     1    0.003481    0.012109    0.018036    9.740859 v u_dut.g_seg[3].u_bank.g_inv[29].u_inv._cell/Y (sg13g2_inv_1)
                                                         u_dut.g_seg[3].u_bank.node[30] (net)
                      0.012111    0.000261    9.741120 v u_dut.g_seg[3].u_bank.g_inv[30].u_inv._cell/A (sg13g2_inv_1)
     1    0.003419    0.014235    0.018378    9.759499 ^ u_dut.g_seg[3].u_bank.g_inv[30].u_inv._cell/Y (sg13g2_inv_1)
                                                         u_dut.g_seg[3].u_bank.node[31] (net)
                      0.014235    0.000137    9.759635 ^ u_dut.g_seg[3].u_bank.g_inv[31].u_inv._cell/A (sg13g2_inv_1)
     2    0.006632    0.017977    0.022830    9.782465 v u_dut.g_seg[3].u_bank.g_inv[31].u_inv._cell/Y (sg13g2_inv_1)
                                                         u_dut.g_seg[3].u_bank.node[32] (net)
                      0.017991    0.000393    9.782858 v u_dut.g_seg[3].u_bank.g_inv[32].u_inv._cell/A (sg13g2_inv_1)
     1    0.003419    0.015251    0.019440    9.802297 ^ u_dut.g_seg[3].u_bank.g_inv[32].u_inv._cell/Y (sg13g2_inv_1)
                                                         u_dut.g_seg[3].u_bank.node[33] (net)
                      0.015252    0.000261    9.802558 ^ u_dut.g_seg[3].u_bank.g_inv[33].u_inv._cell/A (sg13g2_inv_1)
     1    0.003343    0.011993    0.017972    9.820531 v u_dut.g_seg[3].u_bank.g_inv[33].u_inv._cell/Y (sg13g2_inv_1)
                                                         u_dut.g_seg[3].u_bank.node[34] (net)
                      0.011994    0.000256    9.820786 v u_dut.g_seg[3].u_bank.g_inv[34].u_inv._cell/A (sg13g2_inv_1)
     1    0.003203    0.013725    0.017973    9.838759 ^ u_dut.g_seg[3].u_bank.g_inv[34].u_inv._cell/Y (sg13g2_inv_1)
                                                         u_dut.g_seg[3].u_bank.node[35] (net)
                      0.013726    0.000128    9.838887 ^ u_dut.g_seg[3].u_bank.g_inv[35].u_inv._cell/A (sg13g2_inv_1)
     1    0.003113    0.011337    0.017350    9.856237 v u_dut.g_seg[3].u_bank.g_inv[35].u_inv._cell/Y (sg13g2_inv_1)
                                                         u_dut.g_seg[3].u_bank.node[36] (net)
                      0.011337    0.000124    9.856361 v u_dut.g_seg[3].u_bank.g_inv[36].u_inv._cell/A (sg13g2_inv_1)
     1    0.003195    0.013593    0.017838    9.874200 ^ u_dut.g_seg[3].u_bank.g_inv[36].u_inv._cell/Y (sg13g2_inv_1)
                                                         u_dut.g_seg[3].u_bank.node[37] (net)
                      0.013593    0.000128    9.874328 ^ u_dut.g_seg[3].u_bank.g_inv[37].u_inv._cell/A (sg13g2_inv_1)
     1    0.003117    0.011309    0.017285    9.891612 v u_dut.g_seg[3].u_bank.g_inv[37].u_inv._cell/Y (sg13g2_inv_1)
                                                         u_dut.g_seg[3].u_bank.node[38] (net)
                      0.011311    0.000245    9.891857 v u_dut.g_seg[3].u_bank.g_inv[38].u_inv._cell/A (sg13g2_inv_1)
     1    0.003197    0.013592    0.017836    9.909693 ^ u_dut.g_seg[3].u_bank.g_inv[38].u_inv._cell/Y (sg13g2_inv_1)
                                                         u_dut.g_seg[3].u_bank.node[39] (net)
                      0.013592    0.000128    9.909821 ^ u_dut.g_seg[3].u_bank.g_inv[39].u_inv._cell/A (sg13g2_inv_1)
     1    0.003126    0.011326    0.017300    9.927121 v u_dut.g_seg[3].u_bank.g_inv[39].u_inv._cell/Y (sg13g2_inv_1)
                                                         u_dut.g_seg[3].u_bank.node[40] (net)
                      0.011327    0.000245    9.927366 v u_dut.g_seg[3].u_bank.g_inv[40].u_inv._cell/A (sg13g2_inv_1)
     1    0.003195    0.013591    0.017836    9.945202 ^ u_dut.g_seg[3].u_bank.g_inv[40].u_inv._cell/Y (sg13g2_inv_1)
                                                         u_dut.g_seg[3].u_bank.node[41] (net)
                      0.013592    0.000128    9.945331 ^ u_dut.g_seg[3].u_bank.g_inv[41].u_inv._cell/A (sg13g2_inv_1)
     1    0.003128    0.011329    0.017303    9.962633 v u_dut.g_seg[3].u_bank.g_inv[41].u_inv._cell/Y (sg13g2_inv_1)
                                                         u_dut.g_seg[3].u_bank.node[42] (net)
                      0.011331    0.000245    9.962878 v u_dut.g_seg[3].u_bank.g_inv[42].u_inv._cell/A (sg13g2_inv_1)
     1    0.003241    0.013696    0.017918    9.980796 ^ u_dut.g_seg[3].u_bank.g_inv[42].u_inv._cell/Y (sg13g2_inv_1)
                                                         u_dut.g_seg[3].u_bank.node[43] (net)
                      0.013696    0.000129    9.980925 ^ u_dut.g_seg[3].u_bank.g_inv[43].u_inv._cell/A (sg13g2_inv_1)
     1    0.003447    0.011924    0.017864    9.998789 v u_dut.g_seg[3].u_bank.g_inv[43].u_inv._cell/Y (sg13g2_inv_1)
                                                         u_dut.g_seg[3].u_bank.node[44] (net)
                      0.011925    0.000136    9.998924 v u_dut.g_seg[3].u_bank.g_inv[44].u_inv._cell/A (sg13g2_inv_1)
     1    0.003719    0.014874    0.018836   10.017760 ^ u_dut.g_seg[3].u_bank.g_inv[44].u_inv._cell/Y (sg13g2_inv_1)
                                                         u_dut.g_seg[3].u_bank.node[45] (net)
                      0.014875    0.000274   10.018034 ^ u_dut.g_seg[3].u_bank.g_inv[45].u_inv._cell/A (sg13g2_inv_1)
     1    0.003511    0.012238    0.018203   10.036237 v u_dut.g_seg[3].u_bank.g_inv[45].u_inv._cell/Y (sg13g2_inv_1)
                                                         u_dut.g_seg[3].u_bank.node[46] (net)
                      0.012239    0.000139   10.036376 v u_dut.g_seg[3].u_bank.g_inv[46].u_inv._cell/A (sg13g2_inv_1)
     1    0.004982    0.017852    0.021116   10.057493 ^ u_dut.g_seg[3].u_bank.g_inv[46].u_inv._cell/Y (sg13g2_inv_1)
                                                         u_dut.g_seg[3].u_bank.node[47] (net)
                      0.017866    0.000372   10.057865 ^ u_dut.g_seg[3].u_bank.g_inv[47].u_inv._cell/A (sg13g2_inv_1)
     1    0.003665    0.013021    0.019063   10.076928 v u_dut.g_seg[3].u_bank.g_inv[47].u_inv._cell/Y (sg13g2_inv_1)
                                                         u_dut.g_seg[3].u_bank.node[48] (net)
                      0.013021    0.000146   10.077074 v u_dut.g_seg[3].u_bank.g_inv[48].u_inv._cell/A (sg13g2_inv_1)
     1    0.003565    0.014715    0.018768   10.095841 ^ u_dut.g_seg[3].u_bank.g_inv[48].u_inv._cell/Y (sg13g2_inv_1)
                                                         u_dut.g_seg[3].u_bank.node[49] (net)
                      0.014716    0.000267   10.096109 ^ u_dut.g_seg[3].u_bank.g_inv[49].u_inv._cell/A (sg13g2_inv_1)
     1    0.004409    0.013836    0.019517   10.115626 v u_dut.g_seg[3].u_bank.g_inv[49].u_inv._cell/Y (sg13g2_inv_1)
                                                         u_dut.g_seg[3].u_bank.node[50] (net)
                      0.013849    0.000322   10.115949 v u_dut.g_seg[3].u_bank.g_inv[50].u_inv._cell/A (sg13g2_inv_1)
     1    0.004537    0.017081    0.020679   10.136627 ^ u_dut.g_seg[3].u_bank.g_inv[50].u_inv._cell/Y (sg13g2_inv_1)
                                                         u_dut.g_seg[3].u_bank.node[51] (net)
                      0.017101    0.000308   10.136935 ^ u_dut.g_seg[3].u_bank.g_inv[51].u_inv._cell/A (sg13g2_inv_1)
     1    0.004596    0.014588    0.020324   10.157259 v u_dut.g_seg[3].u_bank.g_inv[51].u_inv._cell/Y (sg13g2_inv_1)
                                                         u_dut.g_seg[3].u_bank.node[52] (net)
                      0.014602    0.000341   10.157600 v u_dut.g_seg[3].u_bank.g_inv[52].u_inv._cell/A (sg13g2_inv_1)
     1    0.003818    0.015564    0.019526   10.177126 ^ u_dut.g_seg[3].u_bank.g_inv[52].u_inv._cell/Y (sg13g2_inv_1)
                                                         u_dut.g_seg[3].u_bank.node[53] (net)
                      0.015566    0.000280   10.177406 ^ u_dut.g_seg[3].u_bank.g_inv[53].u_inv._cell/A (sg13g2_inv_1)
     1    0.003786    0.012829    0.018733   10.196138 v u_dut.g_seg[3].u_bank.g_inv[53].u_inv._cell/Y (sg13g2_inv_1)
                                                         u_dut.g_seg[3].u_bank.node[54] (net)
                      0.012848    0.000274   10.196413 v u_dut.g_seg[3].u_bank.g_inv[54].u_inv._cell/A (sg13g2_inv_1)
     1    0.003850    0.015333    0.019245   10.215658 ^ u_dut.g_seg[3].u_bank.g_inv[54].u_inv._cell/Y (sg13g2_inv_1)
                                                         u_dut.g_seg[3].u_bank.node[55] (net)
                      0.015338    0.000282   10.215940 ^ u_dut.g_seg[3].u_bank.g_inv[55].u_inv._cell/A (sg13g2_inv_1)
     1    0.003110    0.011605    0.017666   10.233605 v u_dut.g_seg[3].u_bank.g_inv[55].u_inv._cell/Y (sg13g2_inv_1)
                                                         u_dut.g_seg[3].u_bank.node[56] (net)
                      0.011605    0.000124   10.233729 v u_dut.g_seg[3].u_bank.g_inv[56].u_inv._cell/A (sg13g2_inv_1)
     1    0.003232    0.013711    0.017909   10.251639 ^ u_dut.g_seg[3].u_bank.g_inv[56].u_inv._cell/Y (sg13g2_inv_1)
                                                         u_dut.g_seg[3].u_bank.node[57] (net)
                      0.013712    0.000252   10.251891 ^ u_dut.g_seg[3].u_bank.g_inv[57].u_inv._cell/A (sg13g2_inv_1)
     1    0.003165    0.011426    0.017428   10.269319 v u_dut.g_seg[3].u_bank.g_inv[57].u_inv._cell/Y (sg13g2_inv_1)
                                                         u_dut.g_seg[3].u_bank.node[58] (net)
                      0.011427    0.000126   10.269445 v u_dut.g_seg[3].u_bank.g_inv[58].u_inv._cell/A (sg13g2_inv_1)
     1    0.003233    0.013682    0.017878   10.287323 ^ u_dut.g_seg[3].u_bank.g_inv[58].u_inv._cell/Y (sg13g2_inv_1)
                                                         u_dut.g_seg[3].u_bank.node[59] (net)
                      0.013683    0.000252   10.287576 ^ u_dut.g_seg[3].u_bank.g_inv[59].u_inv._cell/A (sg13g2_inv_1)
     1    0.003110    0.011324    0.017336   10.304912 v u_dut.g_seg[3].u_bank.g_inv[59].u_inv._cell/Y (sg13g2_inv_1)
                                                         u_dut.g_seg[3].u_bank.node[60] (net)
                      0.011324    0.000124   10.305037 v u_dut.g_seg[3].u_bank.g_inv[60].u_inv._cell/A (sg13g2_inv_1)
     1    0.003238    0.013674    0.017867   10.322904 ^ u_dut.g_seg[3].u_bank.g_inv[60].u_inv._cell/Y (sg13g2_inv_1)
                                                         u_dut.g_seg[3].u_bank.node[61] (net)
                      0.013676    0.000252   10.323156 ^ u_dut.g_seg[3].u_bank.g_inv[61].u_inv._cell/A (sg13g2_inv_1)
     1    0.003154    0.011401    0.017404   10.340560 v u_dut.g_seg[3].u_bank.g_inv[61].u_inv._cell/Y (sg13g2_inv_1)
                                                         u_dut.g_seg[3].u_bank.node[62] (net)
                      0.011402    0.000126   10.340686 v u_dut.g_seg[3].u_bank.g_inv[62].u_inv._cell/A (sg13g2_inv_1)
     1    0.003639    0.014602    0.018594   10.359280 ^ u_dut.g_seg[3].u_bank.g_inv[62].u_inv._cell/Y (sg13g2_inv_1)
                                                         u_dut.g_seg[3].u_bank.node[63] (net)
                      0.014603    0.000269   10.359550 ^ u_dut.g_seg[3].u_bank.g_inv[63].u_inv._cell/A (sg13g2_inv_1)
     2    0.006678    0.018130    0.022994   10.382544 v u_dut.g_seg[3].u_bank.g_inv[63].u_inv._cell/Y (sg13g2_inv_1)
                                                         u_dut.g_seg[3].u_bank.node[64] (net)
                      0.018143    0.000390   10.382933 v u_dut.g_seg[3].u_bank.g_inv[64].u_inv._cell/A (sg13g2_inv_1)
     1    0.003560    0.015607    0.019774   10.402706 ^ u_dut.g_seg[3].u_bank.g_inv[64].u_inv._cell/Y (sg13g2_inv_1)
                                                         u_dut.g_seg[3].u_bank.node[65] (net)
                      0.015607    0.000142   10.402848 ^ u_dut.g_seg[3].u_bank.g_inv[65].u_inv._cell/A (sg13g2_inv_1)
     1    0.003115    0.011661    0.017729   10.420578 v u_dut.g_seg[3].u_bank.g_inv[65].u_inv._cell/Y (sg13g2_inv_1)
                                                         u_dut.g_seg[3].u_bank.node[66] (net)
                      0.011661    0.000124   10.420702 v u_dut.g_seg[3].u_bank.g_inv[66].u_inv._cell/A (sg13g2_inv_1)
     1    0.003195    0.013649    0.017898   10.438600 ^ u_dut.g_seg[3].u_bank.g_inv[66].u_inv._cell/Y (sg13g2_inv_1)
                                                         u_dut.g_seg[3].u_bank.node[67] (net)
                      0.013650    0.000128   10.438727 ^ u_dut.g_seg[3].u_bank.g_inv[67].u_inv._cell/A (sg13g2_inv_1)
     1    0.003127    0.011338    0.017313   10.456040 v u_dut.g_seg[3].u_bank.g_inv[67].u_inv._cell/Y (sg13g2_inv_1)
                                                         u_dut.g_seg[3].u_bank.node[68] (net)
                      0.011340    0.000245   10.456285 v u_dut.g_seg[3].u_bank.g_inv[68].u_inv._cell/A (sg13g2_inv_1)
     1    0.003861    0.015094    0.018971   10.475258 ^ u_dut.g_seg[3].u_bank.g_inv[68].u_inv._cell/Y (sg13g2_inv_1)
                                                         u_dut.g_seg[3].u_bank.node[69] (net)
                      0.015101    0.000283   10.475541 ^ u_dut.g_seg[3].u_bank.g_inv[69].u_inv._cell/A (sg13g2_inv_1)
     1    0.003276    0.011859    0.017881   10.493422 v u_dut.g_seg[3].u_bank.g_inv[69].u_inv._cell/Y (sg13g2_inv_1)
                                                         u_dut.g_seg[3].u_bank.node[70] (net)
                      0.011860    0.000130   10.493551 v u_dut.g_seg[3].u_bank.g_inv[70].u_inv._cell/A (sg13g2_inv_1)
     1    0.004073    0.015665    0.019445   10.512996 ^ u_dut.g_seg[3].u_bank.g_inv[70].u_inv._cell/Y (sg13g2_inv_1)
                                                         u_dut.g_seg[3].u_bank.node[71] (net)
                      0.015679    0.000298   10.513294 ^ u_dut.g_seg[3].u_bank.g_inv[71].u_inv._cell/A (sg13g2_inv_1)
     1    0.003305    0.011998    0.018000   10.531295 v u_dut.g_seg[3].u_bank.g_inv[71].u_inv._cell/Y (sg13g2_inv_1)
                                                         u_dut.g_seg[3].u_bank.node[72] (net)
                      0.012000    0.000251   10.531546 v u_dut.g_seg[3].u_bank.g_inv[72].u_inv._cell/A (sg13g2_inv_1)
     1    0.003348    0.014056    0.018233   10.549778 ^ u_dut.g_seg[3].u_bank.g_inv[72].u_inv._cell/Y (sg13g2_inv_1)
                                                         u_dut.g_seg[3].u_bank.node[73] (net)
                      0.014056    0.000133   10.549911 ^ u_dut.g_seg[3].u_bank.g_inv[73].u_inv._cell/A (sg13g2_inv_1)
     1    0.003328    0.011775    0.017752   10.567663 v u_dut.g_seg[3].u_bank.g_inv[73].u_inv._cell/Y (sg13g2_inv_1)
                                                         u_dut.g_seg[3].u_bank.node[74] (net)
                      0.011775    0.000132   10.567796 v u_dut.g_seg[3].u_bank.g_inv[74].u_inv._cell/A (sg13g2_inv_1)
     1    0.003200    0.013681    0.017928   10.585724 ^ u_dut.g_seg[3].u_bank.g_inv[74].u_inv._cell/Y (sg13g2_inv_1)
                                                         u_dut.g_seg[3].u_bank.node[75] (net)
                      0.013681    0.000128   10.585852 ^ u_dut.g_seg[3].u_bank.g_inv[75].u_inv._cell/A (sg13g2_inv_1)
     1    0.003110    0.011325    0.017337   10.603189 v u_dut.g_seg[3].u_bank.g_inv[75].u_inv._cell/Y (sg13g2_inv_1)
                                                         u_dut.g_seg[3].u_bank.node[76] (net)
                      0.011325    0.000124   10.603313 v u_dut.g_seg[3].u_bank.g_inv[76].u_inv._cell/A (sg13g2_inv_1)
     1    0.003207    0.013617    0.017857   10.621170 ^ u_dut.g_seg[3].u_bank.g_inv[76].u_inv._cell/Y (sg13g2_inv_1)
                                                         u_dut.g_seg[3].u_bank.node[77] (net)
                      0.013617    0.000128   10.621298 ^ u_dut.g_seg[3].u_bank.g_inv[77].u_inv._cell/A (sg13g2_inv_1)
     1    0.003110    0.011313    0.017324   10.638622 v u_dut.g_seg[3].u_bank.g_inv[77].u_inv._cell/Y (sg13g2_inv_1)
                                                         u_dut.g_seg[3].u_bank.node[78] (net)
                      0.011313    0.000124   10.638746 v u_dut.g_seg[3].u_bank.g_inv[78].u_inv._cell/A (sg13g2_inv_1)
     1    0.004242    0.015970    0.019684   10.658430 ^ u_dut.g_seg[3].u_bank.g_inv[78].u_inv._cell/Y (sg13g2_inv_1)
                                                         u_dut.g_seg[3].u_bank.node[79] (net)
                      0.015975    0.000170   10.658600 ^ u_dut.g_seg[3].u_bank.g_inv[79].u_inv._cell/A (sg13g2_inv_1)
     1    0.003900    0.013107    0.018943   10.677543 v u_dut.g_seg[3].u_bank.g_inv[79].u_inv._cell/Y (sg13g2_inv_1)
                                                         u_dut.g_seg[3].u_bank.node[80] (net)
                      0.013150    0.000425   10.677967 v u_dut.g_seg[3].u_bank.g_inv[80].u_inv._cell/A (sg13g2_inv_1)
     1    0.004792    0.017564    0.020978   10.698945 ^ u_dut.g_seg[3].u_bank.g_inv[80].u_inv._cell/Y (sg13g2_inv_1)
                                                         u_dut.g_seg[3].u_bank.node[81] (net)
                      0.017575    0.000345   10.699289 ^ u_dut.g_seg[3].u_bank.g_inv[81].u_inv._cell/A (sg13g2_inv_1)
     1    0.004207    0.013951    0.019873   10.719163 v u_dut.g_seg[3].u_bank.g_inv[81].u_inv._cell/Y (sg13g2_inv_1)
                                                         u_dut.g_seg[3].u_bank.node[82] (net)
                      0.013953    0.000167   10.719330 v u_dut.g_seg[3].u_bank.g_inv[82].u_inv._cell/A (sg13g2_inv_1)
     1    0.004476    0.016954    0.020527   10.739857 ^ u_dut.g_seg[3].u_bank.g_inv[82].u_inv._cell/Y (sg13g2_inv_1)
                                                         u_dut.g_seg[3].u_bank.node[83] (net)
                      0.016977    0.000471   10.740327 ^ u_dut.g_seg[3].u_bank.g_inv[83].u_inv._cell/A (sg13g2_inv_1)
     1    0.004444    0.014278    0.020076   10.760404 v u_dut.g_seg[3].u_bank.g_inv[83].u_inv._cell/Y (sg13g2_inv_1)
                                                         u_dut.g_seg[3].u_bank.node[84] (net)
                      0.014296    0.000307   10.760711 v u_dut.g_seg[3].u_bank.g_inv[84].u_inv._cell/A (sg13g2_inv_1)
     1    0.005016    0.018289    0.021611   10.782322 ^ u_dut.g_seg[3].u_bank.g_inv[84].u_inv._cell/Y (sg13g2_inv_1)
                                                         u_dut.g_seg[3].u_bank.node[85] (net)
                      0.018302    0.000369   10.782692 ^ u_dut.g_seg[3].u_bank.g_inv[85].u_inv._cell/A (sg13g2_inv_1)
     1    0.003933    0.013553    0.019528   10.802220 v u_dut.g_seg[3].u_bank.g_inv[85].u_inv._cell/Y (sg13g2_inv_1)
                                                         u_dut.g_seg[3].u_bank.node[86] (net)
                      0.013577    0.000298   10.802517 v u_dut.g_seg[3].u_bank.g_inv[86].u_inv._cell/A (sg13g2_inv_1)
     1    0.003578    0.014852    0.018940   10.821457 ^ u_dut.g_seg[3].u_bank.g_inv[86].u_inv._cell/Y (sg13g2_inv_1)
                                                         u_dut.g_seg[3].u_bank.node[87] (net)
                      0.014853    0.000142   10.821599 ^ u_dut.g_seg[3].u_bank.g_inv[87].u_inv._cell/A (sg13g2_inv_1)
     1    0.003993    0.013085    0.018911   10.840510 v u_dut.g_seg[3].u_bank.g_inv[87].u_inv._cell/Y (sg13g2_inv_1)
                                                         u_dut.g_seg[3].u_bank.node[88] (net)
                      0.013105    0.000283   10.840794 v u_dut.g_seg[3].u_bank.g_inv[88].u_inv._cell/A (sg13g2_inv_1)
     1    0.003205    0.013924    0.018182   10.858975 ^ u_dut.g_seg[3].u_bank.g_inv[88].u_inv._cell/Y (sg13g2_inv_1)
                                                         u_dut.g_seg[3].u_bank.node[89] (net)
                      0.013924    0.000128   10.859103 ^ u_dut.g_seg[3].u_bank.g_inv[89].u_inv._cell/A (sg13g2_inv_1)
     1    0.005015    0.014837    0.020290   10.879393 v u_dut.g_seg[3].u_bank.g_inv[89].u_inv._cell/Y (sg13g2_inv_1)
                                                         u_dut.g_seg[3].u_bank.node[90] (net)
                      0.014850    0.000343   10.879736 v u_dut.g_seg[3].u_bank.g_inv[90].u_inv._cell/A (sg13g2_inv_1)
     1    0.003367    0.014595    0.018798   10.898534 ^ u_dut.g_seg[3].u_bank.g_inv[90].u_inv._cell/Y (sg13g2_inv_1)
                                                         u_dut.g_seg[3].u_bank.node[91] (net)
                      0.014596    0.000134   10.898668 ^ u_dut.g_seg[3].u_bank.g_inv[91].u_inv._cell/A (sg13g2_inv_1)
     1    0.003685    0.012483    0.018372   10.917040 v u_dut.g_seg[3].u_bank.g_inv[91].u_inv._cell/Y (sg13g2_inv_1)
                                                         u_dut.g_seg[3].u_bank.node[92] (net)
                      0.012499    0.000271   10.917311 v u_dut.g_seg[3].u_bank.g_inv[92].u_inv._cell/A (sg13g2_inv_1)
     1    0.003961    0.015507    0.019324   10.936635 ^ u_dut.g_seg[3].u_bank.g_inv[92].u_inv._cell/Y (sg13g2_inv_1)
                                                         u_dut.g_seg[3].u_bank.node[93] (net)
                      0.015528    0.000425   10.937060 ^ u_dut.g_seg[3].u_bank.g_inv[93].u_inv._cell/A (sg13g2_inv_1)
     1    0.004125    0.013445    0.019260   10.956321 v u_dut.g_seg[3].u_bank.g_inv[93].u_inv._cell/Y (sg13g2_inv_1)
                                                         u_dut.g_seg[3].u_bank.node[94] (net)
                      0.013462    0.000289   10.956610 v u_dut.g_seg[3].u_bank.g_inv[94].u_inv._cell/A (sg13g2_inv_1)
     1    0.006146    0.020825    0.023469   10.980079 ^ u_dut.g_seg[3].u_bank.g_inv[94].u_inv._cell/Y (sg13g2_inv_1)
                                                         u_dut.g_seg[3].u_bank.node[95] (net)
                      0.020838    0.000404   10.980483 ^ u_dut.g_seg[3].u_bank.g_inv[95].u_inv._cell/A (sg13g2_inv_1)
     1    0.003929    0.013984    0.020067   11.000549 v u_dut.g_seg[3].u_bank.g_inv[95].u_inv._cell/Y (sg13g2_inv_1)
                                                         u_dut.g_seg[3].u_bank.node[96] (net)
                      0.014001    0.000287   11.000836 v u_dut.g_seg[3].u_bank.u_mux.u_m1/A1 (sg13g2_mux2_1)
     1    0.003571    0.023572    0.068379   11.069215 v u_dut.g_seg[3].u_bank.u_mux.u_m1/X (sg13g2_mux2_1)
                                                         u_dut.g_seg[3].u_bank.u_mux.w1 (net)
                      0.023572    0.000143   11.069358 v u_dut.g_seg[3].u_bank.u_mux.u_m2/A1 (sg13g2_mux2_1)
     1    0.007042    0.030004    0.079135   11.148493 v u_dut.g_seg[3].u_bank.u_mux.u_m2/X (sg13g2_mux2_1)
                                                         rca_cout (net)
                      0.030017    0.000558   11.149051 v _1282_/B (sg13g2_xor2_1)
     1    0.008523    0.075187    0.065070   11.214121 ^ _1282_/X (sg13g2_xor2_1)
                                                         _0253_ (net)
                      0.075247    0.001166   11.215287 ^ _1283_/B (sg13g2_nand2_1)
     1    0.008168    0.053422    0.060978   11.276265 v _1283_/Y (sg13g2_nand2_1)
                                                         _0254_ (net)
                      0.053432    0.000588   11.276853 v _1284_/B1 (sg13g2_o21ai_1)
     1    0.003249    0.057784    0.032779   11.309631 ^ _1284_/Y (sg13g2_o21ai_1)
                                                         _0161_ (net)
                      0.057784    0.000211   11.309843 ^ _1488_/D (sg13g2_dfrbpq_1)
                                             11.309843   data arrival time

                                 20.000000   20.000000   clock clk (rise edge)
                                  0.000000   20.000000   clock source latency
     1    0.033571    0.031911    0.020481   20.020481 ^ clk (in)
                                                         clk (net)
                      0.032890    0.000000   20.020481 ^ clkbuf_0_clk/A (sg13g2_buf_16)
    16    0.196747    0.038480    0.057124   20.077606 ^ clkbuf_0_clk/X (sg13g2_buf_16)
                                                         clknet_0_clk (net)
                      0.060870    0.022707   20.100313 ^ clkbuf_4_1_0_clk/A (sg13g2_buf_8)
     2    0.040646    0.023527    0.066205   20.166517 ^ clkbuf_4_1_0_clk/X (sg13g2_buf_8)
                                                         clknet_4_1_0_clk (net)
                      0.023851    0.002258   20.168776 ^ clkbuf_5_3__f_clk/A (sg13g2_buf_16)
     5    0.026364    0.014507    0.046082   20.214857 ^ clkbuf_5_3__f_clk/X (sg13g2_buf_16)
                                                         clknet_5_3__leaf_clk (net)
                      0.014579    0.001686   20.216543 ^ _1488_/CLK (sg13g2_dfrbpq_1)
                                 -0.250000   19.966545   clock uncertainty
                                  0.000000   19.966545   clock reconvergence pessimism
                                 -0.085792   19.880753   library setup time
                                             19.880753   data required time
---------------------------------------------------------------------------------------------
                                             19.880753   data required time
                                            -11.309843   data arrival time
---------------------------------------------------------------------------------------------
                                              8.570909   slack (MET)




===========================================================================
report_checks --slack_max -0.01
============================================================================
======================= nom_fast_1p32V_m40C Corner ===================================

No paths found.


===========================================================================
 report_check_types -max_slew -max_cap -max_fanout -violators
============================================================================
======================= nom_fast_1p32V_m40C Corner ===================================

max fanout

Pin                                   Limit Fanout  Slack
---------------------------------------------------------
clkbuf_0_clk/X                            8     16     -8 (VIOLATED)



===========================================================================
report_parasitic_annotation -report_unannotated
============================================================================
Found 4 unannotated drivers.
 ena
 clkload0/Y
 clkload1/Y
 clkload2/Y
Found 0 partially unannotated drivers.

===========================================================================
max slew violation count 0
max fanout violation count 1
max cap violation count 0
============================================================================

===========================================================================
check_setup -verbose -unconstrained_endpoints -multiple_clock -no_clock -no_input_delay -loops -generated_clocks
===========================================================================
Warning: There are 32 unclocked register/latch pins.
  _1340_/CLK
  _1341_/CLK
  _1342_/CLK
  _1343_/CLK
  _1344_/CLK
  _1345_/CLK
  _1346_/CLK
  _1347_/CLK
  _1348_/CLK
  _1349_/CLK
  _1350_/CLK
  _1351_/CLK
  _1352_/CLK
  _1353_/CLK
  _1354_/CLK
  _1355_/CLK
  _1356_/CLK
  _1357_/CLK
  _1358_/CLK
  _1359_/CLK
  _1360_/CLK
  _1361_/CLK
  _1362_/CLK
  _1363_/CLK
  _1364_/CLK
  _1365_/CLK
  _1366_/CLK
  _1367_/CLK
  _1368_/CLK
  _1369_/CLK
  _1370_/CLK
  _1371_/CLK
Warning: There are 32 unconstrained endpoints.
  _1340_/D
  _1341_/D
  _1342_/D
  _1343_/D
  _1344_/D
  _1345_/D
  _1346_/D
  _1347_/D
  _1348_/D
  _1349_/D
  _1350_/D
  _1351_/D
  _1352_/D
  _1353_/D
  _1354_/D
  _1355_/D
  _1356_/D
  _1357_/D
  _1358_/D
  _1359_/D
  _1360_/D
  _1361_/D
  _1362_/D
  _1363_/D
  _1364_/D
  _1365_/D
  _1366_/D
  _1367_/D
  _1368_/D
  _1369_/D
  _1370_/D
  _1371_/D
