
===========================================================================
report_checks -unconstrained
===========================================================================
======================= nom_slow_1p08V_125C Corner ===================================

Startpoint: rst_n (input port clocked by clk)
Endpoint: _1297_ (recovery check against rising-edge clock clk')
Path Group: asynchronous
Path Type: max

Fanout         Cap        Slew       Delay        Time   Description
---------------------------------------------------------------------------------------------
                                  0.000000    0.000000   clock clk (rise edge)
                                  0.000000    0.000000   clock network delay (propagated)
                                  4.000000    4.000000 ^ input external delay
     1    0.004407    0.034787    0.005799    4.005799 ^ rst_n (in)
                                                         rst_n (net)
                      0.034787    0.000000    4.005799 ^ input1/A (sg13g2_buf_1)
     1    0.003211    0.036302    0.092983    4.098783 ^ input1/X (sg13g2_buf_1)
                                                         net1 (net)
                      0.036302    0.000123    4.098906 ^ fanout68/A (sg13g2_buf_1)
     6    0.066428    0.422791    0.366894    4.465799 ^ fanout68/X (sg13g2_buf_1)
                                                         net68 (net)
                      0.423061    0.008916    4.474715 ^ fanout57/A (sg13g2_buf_1)
     8    0.050875    0.328568    0.433986    4.908701 ^ fanout57/X (sg13g2_buf_1)
                                                         net57 (net)
                      0.328574    0.001908    4.910609 ^ fanout56/A (sg13g2_buf_1)
     8    0.058907    0.378176    0.447184    5.357793 ^ fanout56/X (sg13g2_buf_1)
                                                         net56 (net)
                      0.378291    0.005484    5.363276 ^ _1297_/RESET_B (sg13g2_dfrbpq_1)
                                              5.363276   data arrival time

                                 50.000000   50.000000   clock clk' (rise edge)
                                  0.000000   50.000000   clock source latency
     1    0.033467    0.062752    0.039186   50.039185 v clk (in)
                                                         clk (net)
                      0.063031    0.000000   50.039185 v clkbuf_0_clk/A (sg13g2_buf_16)
    16    0.171897    0.078579    0.157069   50.196255 v clkbuf_0_clk/X (sg13g2_buf_16)
                                                         clknet_0_clk (net)
                      0.080212    0.008949   50.205204 v clkbuf_4_8_0_clk/A (sg13g2_buf_8)
     2    0.034750    0.044816    0.144482   50.349686 v clkbuf_4_8_0_clk/X (sg13g2_buf_8)
                                                         clknet_4_8_0_clk (net)
                      0.044828    0.000664   50.350349 v clkbuf_5_16__f_clk/A (sg13g2_buf_16)
     4    0.023170    0.031988    0.112770   50.463120 v clkbuf_5_16__f_clk/X (sg13g2_buf_16)
                                                         clknet_5_16__leaf_clk (net)
                      0.031991    0.000611   50.463730 v _1205__86/A (sg13g2_inv_1)
     1    0.003244    0.033416    0.043155   50.506886 ^ _1205__86/Y (sg13g2_inv_1)
                                                         net85 (net)
                      0.033416    0.000128   50.507015 ^ _1297_/CLK (sg13g2_dfrbpq_1)
                                 -0.250000   50.257011   clock uncertainty
                                  0.000000   50.257011   clock reconvergence pessimism
                                 -0.341589   49.915424   library recovery time
                                             49.915424   data required time
---------------------------------------------------------------------------------------------
                                             49.915424   data required time
                                             -5.363276   data arrival time
---------------------------------------------------------------------------------------------
                                             44.552147   slack (MET)


Startpoint: _1319_ (rising edge-triggered flip-flop clocked by clk)
Endpoint: _1304_ (rising edge-triggered flip-flop clocked by clk')
Path Group: clk
Path Type: max

Fanout         Cap        Slew       Delay        Time   Description
---------------------------------------------------------------------------------------------
                                  0.000000    0.000000   clock clk (rise edge)
                                  0.000000    0.000000   clock source latency
     1    0.034093    0.076035    0.045289    0.045289 ^ clk (in)
                                                         clk (net)
                      0.076283    0.000000    0.045289 ^ clkbuf_0_clk/A (sg13g2_buf_16)
    16    0.176887    0.089196    0.162024    0.207313 ^ clkbuf_0_clk/X (sg13g2_buf_16)
                                                         clknet_0_clk (net)
                      0.090769    0.009309    0.216622 ^ clkbuf_4_15_0_clk/A (sg13g2_buf_8)
     2    0.037539    0.049989    0.145600    0.362222 ^ clkbuf_4_15_0_clk/X (sg13g2_buf_8)
                                                         clknet_4_15_0_clk (net)
                      0.050313    0.002981    0.365203 ^ clkbuf_5_30__f_clk/A (sg13g2_buf_16)
     4    0.017900    0.029630    0.106140    0.471343 ^ clkbuf_5_30__f_clk/X (sg13g2_buf_16)
                                                         clknet_5_30__leaf_clk (net)
                      0.029632    0.000469    0.471812 ^ _1319_/CLK (sg13g2_dfrbpq_1)
     2    0.029231    0.191974    0.373649    0.845462 ^ _1319_/Q (sg13g2_dfrbpq_1)
                                                         cfg[8] (net)
                      0.192064    0.003874    0.849336 ^ fanout42/A (sg13g2_buf_1)
     8    0.033978    0.223365    0.297997    1.147332 ^ fanout42/X (sg13g2_buf_1)
                                                         net42 (net)
                      0.223377    0.001840    1.149173 ^ _0705_/A (sg13g2_nor2b_1)
     8    0.032699    0.203727    0.269644    1.418817 v _0705_/Y (sg13g2_nor2b_1)
                                                         _0261_ (net)
                      0.203741    0.001799    1.420616 v _0715_/A2 (sg13g2_a221oi_1)
     4    0.026472    0.594183    0.611564    2.032180 ^ _0715_/Y (sg13g2_a221oi_1)
                                                         _0271_ (net)
                      0.594192    0.001863    2.034043 ^ _0716_/A (sg13g2_inv_1)
     6    0.031757    0.290735    0.414450    2.448493 v _0716_/Y (sg13g2_inv_1)
                                                         u_dut.g_seg[0].g_fa[0].u_fa.b (net)
                      0.290747    0.002117    2.450609 v u_dut.g_seg[0].g_fa[0].u_fa.u_x1/B (sg13g2_xor2_1)
     2    0.008247    0.147514    0.255416    2.706025 v u_dut.g_seg[0].g_fa[0].u_fa.u_x1/X (sg13g2_xor2_1)
                                                         u_dut.g_seg[0].g_fa[0].u_fa.t (net)
                      0.147514    0.000229    2.706255 v u_dut.g_seg[0].g_fa[0].u_fa.u_a2/B (sg13g2_and2_1)
     1    0.003386    0.045296    0.164250    2.870504 v u_dut.g_seg[0].g_fa[0].u_fa.u_a2/X (sg13g2_and2_1)
                                                         u_dut.g_seg[0].g_fa[0].u_fa.v (net)
                      0.045296    0.000212    2.870716 v u_dut.g_seg[0].g_fa[0].u_fa.u_o1/B (sg13g2_or2_1)
     2    0.009040    0.071044    0.180858    3.051574 v u_dut.g_seg[0].g_fa[0].u_fa.u_o1/X (sg13g2_or2_1)
                                                         u_dut.g_seg[0].g_fa[0].u_fa.co (net)
                      0.071044    0.000244    3.051818 v u_dut.g_seg[0].g_fa[1].u_fa.u_a2/A (sg13g2_and2_1)
     1    0.004211    0.042346    0.123533    3.175352 v u_dut.g_seg[0].g_fa[1].u_fa.u_a2/X (sg13g2_and2_1)
                                                         u_dut.g_seg[0].g_fa[1].u_fa.v (net)
                      0.042346    0.000256    3.175608 v u_dut.g_seg[0].g_fa[1].u_fa.u_o1/B (sg13g2_or2_1)
     2    0.008023    0.066104    0.174793    3.350401 v u_dut.g_seg[0].g_fa[1].u_fa.u_o1/X (sg13g2_or2_1)
                                                         u_dut.g_seg[0].g_fa[1].u_fa.co (net)
                      0.066107    0.000541    3.350942 v u_dut.g_seg[0].g_fa[2].u_fa.u_a2/A (sg13g2_and2_1)
     1    0.002348    0.033134    0.113446    3.464388 v u_dut.g_seg[0].g_fa[2].u_fa.u_a2/X (sg13g2_and2_1)
                                                         u_dut.g_seg[0].g_fa[2].u_fa.v (net)
                      0.033134    0.000176    3.464564 v u_dut.g_seg[0].g_fa[2].u_fa.u_o1/B (sg13g2_or2_1)
     2    0.010053    0.076024    0.180226    3.644790 v u_dut.g_seg[0].g_fa[2].u_fa.u_o1/X (sg13g2_or2_1)
                                                         u_dut.g_seg[0].g_fa[2].u_fa.co (net)
                      0.076027    0.000580    3.645370 v u_dut.g_seg[0].g_fa[3].u_fa.u_a2/A (sg13g2_and2_1)
     1    0.002782    0.035439    0.120241    3.765611 v u_dut.g_seg[0].g_fa[3].u_fa.u_a2/X (sg13g2_and2_1)
                                                         u_dut.g_seg[0].g_fa[3].u_fa.v (net)
                      0.035439    0.000107    3.765718 v u_dut.g_seg[0].g_fa[3].u_fa.u_o1/B (sg13g2_or2_1)
     2    0.012111    0.086422    0.190552    3.956270 v u_dut.g_seg[0].g_fa[3].u_fa.u_o1/X (sg13g2_or2_1)
                                                         u_dut.g_seg[0].u_bank.node[0] (net)
                      0.086433    0.000996    3.957266 v u_dut.g_seg[0].u_bank.g_inv[0].u_inv._cell/A (sg13g2_inv_1)
     1    0.002856    0.042449    0.061424    4.018690 ^ u_dut.g_seg[0].u_bank.g_inv[0].u_inv._cell/Y (sg13g2_inv_1)
                                                         u_dut.g_seg[0].u_bank.node[1] (net)
                      0.042449    0.000114    4.018804 ^ u_dut.g_seg[0].u_bank.g_inv[1].u_inv._cell/A (sg13g2_inv_1)
     1    0.002742    0.027505    0.043030    4.061834 v u_dut.g_seg[0].u_bank.g_inv[1].u_inv._cell/Y (sg13g2_inv_1)
                                                         u_dut.g_seg[0].u_bank.node[2] (net)
                      0.027506    0.000109    4.061943 v u_dut.g_seg[0].u_bank.g_inv[2].u_inv._cell/A (sg13g2_inv_1)
     1    0.003017    0.031207    0.040419    4.102362 ^ u_dut.g_seg[0].u_bank.g_inv[2].u_inv._cell/Y (sg13g2_inv_1)
                                                         u_dut.g_seg[0].u_bank.node[3] (net)
                      0.031207    0.000230    4.102592 ^ u_dut.g_seg[0].u_bank.g_inv[3].u_inv._cell/A (sg13g2_inv_1)
     1    0.002746    0.025220    0.038887    4.141479 v u_dut.g_seg[0].u_bank.g_inv[3].u_inv._cell/Y (sg13g2_inv_1)
                                                         u_dut.g_seg[0].u_bank.node[4] (net)
                      0.025220    0.000109    4.141588 v u_dut.g_seg[0].u_bank.g_inv[4].u_inv._cell/A (sg13g2_inv_1)
     1    0.003377    0.032802    0.041234    4.182822 ^ u_dut.g_seg[0].u_bank.g_inv[4].u_inv._cell/Y (sg13g2_inv_1)
                                                         u_dut.g_seg[0].u_bank.node[5] (net)
                      0.032803    0.000132    4.182954 ^ u_dut.g_seg[0].u_bank.g_inv[5].u_inv._cell/A (sg13g2_inv_1)
     1    0.002976    0.026566    0.040390    4.223344 v u_dut.g_seg[0].u_bank.g_inv[5].u_inv._cell/Y (sg13g2_inv_1)
                                                         u_dut.g_seg[0].u_bank.node[6] (net)
                      0.026566    0.000118    4.223462 v u_dut.g_seg[0].u_bank.g_inv[6].u_inv._cell/A (sg13g2_inv_1)
     1    0.002871    0.030188    0.039447    4.262909 ^ u_dut.g_seg[0].u_bank.g_inv[6].u_inv._cell/Y (sg13g2_inv_1)
                                                         u_dut.g_seg[0].u_bank.node[7] (net)
                      0.030188    0.000114    4.263023 ^ u_dut.g_seg[0].u_bank.g_inv[7].u_inv._cell/A (sg13g2_inv_1)
     1    0.002854    0.025478    0.038894    4.301917 v u_dut.g_seg[0].u_bank.g_inv[7].u_inv._cell/Y (sg13g2_inv_1)
                                                         u_dut.g_seg[0].u_bank.node[8] (net)
                      0.025478    0.000220    4.302136 v u_dut.g_seg[0].u_bank.g_inv[8].u_inv._cell/A (sg13g2_inv_1)
     1    0.002864    0.029925    0.039015    4.341152 ^ u_dut.g_seg[0].u_bank.g_inv[8].u_inv._cell/Y (sg13g2_inv_1)
                                                         u_dut.g_seg[0].u_bank.node[9] (net)
                      0.029925    0.000114    4.341266 ^ u_dut.g_seg[0].u_bank.g_inv[9].u_inv._cell/A (sg13g2_inv_1)
     1    0.002786    0.025136    0.038570    4.379836 v u_dut.g_seg[0].u_bank.g_inv[9].u_inv._cell/Y (sg13g2_inv_1)
                                                         u_dut.g_seg[0].u_bank.node[10] (net)
                      0.025136    0.000110    4.379946 v u_dut.g_seg[0].u_bank.g_inv[10].u_inv._cell/A (sg13g2_inv_1)
     1    0.003315    0.032432    0.040923    4.420869 ^ u_dut.g_seg[0].u_bank.g_inv[10].u_inv._cell/Y (sg13g2_inv_1)
                                                         u_dut.g_seg[0].u_bank.node[11] (net)
                      0.032432    0.000131    4.421000 ^ u_dut.g_seg[0].u_bank.g_inv[11].u_inv._cell/A (sg13g2_inv_1)
     1    0.003557    0.029082    0.042553    4.463553 v u_dut.g_seg[0].u_bank.g_inv[11].u_inv._cell/Y (sg13g2_inv_1)
                                                         u_dut.g_seg[0].u_bank.node[12] (net)
                      0.029083    0.000139    4.463692 v u_dut.g_seg[0].u_bank.g_inv[12].u_inv._cell/A (sg13g2_inv_1)
     1    0.002991    0.031391    0.040922    4.504614 ^ u_dut.g_seg[0].u_bank.g_inv[12].u_inv._cell/Y (sg13g2_inv_1)
                                                         u_dut.g_seg[0].u_bank.node[13] (net)
                      0.031391    0.000119    4.504733 ^ u_dut.g_seg[0].u_bank.g_inv[13].u_inv._cell/A (sg13g2_inv_1)
     1    0.003284    0.027647    0.041081    4.545814 v u_dut.g_seg[0].u_bank.g_inv[13].u_inv._cell/Y (sg13g2_inv_1)
                                                         u_dut.g_seg[0].u_bank.node[14] (net)
                      0.027647    0.000129    4.545943 v u_dut.g_seg[0].u_bank.g_inv[14].u_inv._cell/A (sg13g2_inv_1)
     1    0.002910    0.030623    0.039982    4.585925 ^ u_dut.g_seg[0].u_bank.g_inv[14].u_inv._cell/Y (sg13g2_inv_1)
                                                         u_dut.g_seg[0].u_bank.node[15] (net)
                      0.030623    0.000226    4.586151 ^ u_dut.g_seg[0].u_bank.g_inv[15].u_inv._cell/A (sg13g2_inv_1)
     1    0.003737    0.029541    0.042531    4.628682 v u_dut.g_seg[0].u_bank.g_inv[15].u_inv._cell/Y (sg13g2_inv_1)
                                                         u_dut.g_seg[0].u_bank.node[16] (net)
                      0.029543    0.000259    4.628941 v u_dut.g_seg[0].u_bank.g_inv[16].u_inv._cell/A (sg13g2_inv_1)
     1    0.003742    0.035737    0.044466    4.673407 ^ u_dut.g_seg[0].u_bank.g_inv[16].u_inv._cell/Y (sg13g2_inv_1)
                                                         u_dut.g_seg[0].u_bank.node[17] (net)
                      0.035743    0.000263    4.673670 ^ u_dut.g_seg[0].u_bank.g_inv[17].u_inv._cell/A (sg13g2_inv_1)
     1    0.003796    0.030808    0.044726    4.718397 v u_dut.g_seg[0].u_bank.g_inv[17].u_inv._cell/Y (sg13g2_inv_1)
                                                         u_dut.g_seg[0].u_bank.node[18] (net)
                      0.030810    0.000262    4.718658 v u_dut.g_seg[0].u_bank.g_inv[18].u_inv._cell/A (sg13g2_inv_1)
     1    0.004027    0.037631    0.046246    4.764904 ^ u_dut.g_seg[0].u_bank.g_inv[18].u_inv._cell/Y (sg13g2_inv_1)
                                                         u_dut.g_seg[0].u_bank.node[19] (net)
                      0.037633    0.000273    4.765177 ^ u_dut.g_seg[0].u_bank.g_inv[19].u_inv._cell/A (sg13g2_inv_1)
     1    0.002885    0.027146    0.041824    4.807001 v u_dut.g_seg[0].u_bank.g_inv[19].u_inv._cell/Y (sg13g2_inv_1)
                                                         u_dut.g_seg[0].u_bank.node[20] (net)
                      0.027146    0.000115    4.807115 v u_dut.g_seg[0].u_bank.g_inv[20].u_inv._cell/A (sg13g2_inv_1)
     1    0.004282    0.038420    0.046004    4.853119 ^ u_dut.g_seg[0].u_bank.g_inv[20].u_inv._cell/Y (sg13g2_inv_1)
                                                         u_dut.g_seg[0].u_bank.node[21] (net)
                      0.038422    0.000286    4.853406 ^ u_dut.g_seg[0].u_bank.g_inv[21].u_inv._cell/A (sg13g2_inv_1)
     1    0.004446    0.034302    0.048355    4.901761 v u_dut.g_seg[0].u_bank.g_inv[21].u_inv._cell/Y (sg13g2_inv_1)
                                                         u_dut.g_seg[0].u_bank.node[22] (net)
                      0.034304    0.000322    4.902082 v u_dut.g_seg[0].u_bank.g_inv[22].u_inv._cell/A (sg13g2_inv_1)
     1    0.004527    0.041188    0.049862    4.951944 ^ u_dut.g_seg[0].u_bank.g_inv[22].u_inv._cell/Y (sg13g2_inv_1)
                                                         u_dut.g_seg[0].u_bank.node[23] (net)
                      0.041189    0.000302    4.952246 ^ u_dut.g_seg[0].u_bank.g_inv[23].u_inv._cell/A (sg13g2_inv_1)
     1    0.004487    0.035013    0.049599    5.001845 v u_dut.g_seg[0].u_bank.g_inv[23].u_inv._cell/Y (sg13g2_inv_1)
                                                         u_dut.g_seg[0].u_bank.node[24] (net)
                      0.035016    0.000334    5.002179 v u_dut.g_seg[0].u_bank.g_inv[24].u_inv._cell/A (sg13g2_inv_1)
     1    0.004232    0.039617    0.048819    5.050998 ^ u_dut.g_seg[0].u_bank.g_inv[24].u_inv._cell/Y (sg13g2_inv_1)
                                                         u_dut.g_seg[0].u_bank.node[25] (net)
                      0.039617    0.000167    5.051166 ^ u_dut.g_seg[0].u_bank.g_inv[25].u_inv._cell/A (sg13g2_inv_1)
     1    0.002908    0.027653    0.042657    5.093822 v u_dut.g_seg[0].u_bank.g_inv[25].u_inv._cell/Y (sg13g2_inv_1)
                                                         u_dut.g_seg[0].u_bank.node[26] (net)
                      0.027653    0.000115    5.093937 v u_dut.g_seg[0].u_bank.g_inv[26].u_inv._cell/A (sg13g2_inv_1)
     1    0.002976    0.031002    0.040285    5.134222 ^ u_dut.g_seg[0].u_bank.g_inv[26].u_inv._cell/Y (sg13g2_inv_1)
                                                         u_dut.g_seg[0].u_bank.node[27] (net)
                      0.031003    0.000229    5.134451 ^ u_dut.g_seg[0].u_bank.g_inv[27].u_inv._cell/A (sg13g2_inv_1)
     1    0.002745    0.025174    0.038808    5.173259 v u_dut.g_seg[0].u_bank.g_inv[27].u_inv._cell/Y (sg13g2_inv_1)
                                                         u_dut.g_seg[0].u_bank.node[28] (net)
                      0.025174    0.000109    5.173368 v u_dut.g_seg[0].u_bank.g_inv[28].u_inv._cell/A (sg13g2_inv_1)
     1    0.002858    0.029830    0.038878    5.212246 ^ u_dut.g_seg[0].u_bank.g_inv[28].u_inv._cell/Y (sg13g2_inv_1)
                                                         u_dut.g_seg[0].u_bank.node[29] (net)
                      0.029830    0.000114    5.212360 ^ u_dut.g_seg[0].u_bank.g_inv[29].u_inv._cell/A (sg13g2_inv_1)
     1    0.002743    0.024924    0.038365    5.250725 v u_dut.g_seg[0].u_bank.g_inv[29].u_inv._cell/Y (sg13g2_inv_1)
                                                         u_dut.g_seg[0].u_bank.node[30] (net)
                      0.024924    0.000109    5.250834 v u_dut.g_seg[0].u_bank.g_inv[30].u_inv._cell/A (sg13g2_inv_1)
     1    0.003836    0.035388    0.043149    5.293984 ^ u_dut.g_seg[0].u_bank.g_inv[30].u_inv._cell/Y (sg13g2_inv_1)
                                                         u_dut.g_seg[0].u_bank.node[31] (net)
                      0.035390    0.000266    5.294250 ^ u_dut.g_seg[0].u_bank.g_inv[31].u_inv._cell/A (sg13g2_inv_1)
     2    0.006885    0.045451    0.056850    5.351100 v u_dut.g_seg[0].u_bank.g_inv[31].u_inv._cell/Y (sg13g2_inv_1)
                                                         u_dut.g_seg[0].u_bank.node[32] (net)
                      0.045456    0.000388    5.351488 v u_dut.g_seg[0].u_bank.g_inv[32].u_inv._cell/A (sg13g2_inv_1)
     1    0.003171    0.035719    0.047781    5.399269 ^ u_dut.g_seg[0].u_bank.g_inv[32].u_inv._cell/Y (sg13g2_inv_1)
                                                         u_dut.g_seg[0].u_bank.node[33] (net)
                      0.035720    0.000237    5.399506 ^ u_dut.g_seg[0].u_bank.g_inv[33].u_inv._cell/A (sg13g2_inv_1)
     1    0.003203    0.028158    0.042386    5.441892 v u_dut.g_seg[0].u_bank.g_inv[33].u_inv._cell/Y (sg13g2_inv_1)
                                                         u_dut.g_seg[0].u_bank.node[34] (net)
                      0.028158    0.000127    5.442018 v u_dut.g_seg[0].u_bank.g_inv[34].u_inv._cell/A (sg13g2_inv_1)
     1    0.003147    0.032084    0.041285    5.483303 ^ u_dut.g_seg[0].u_bank.g_inv[34].u_inv._cell/Y (sg13g2_inv_1)
                                                         u_dut.g_seg[0].u_bank.node[35] (net)
                      0.032084    0.000124    5.483427 ^ u_dut.g_seg[0].u_bank.g_inv[35].u_inv._cell/A (sg13g2_inv_1)
     1    0.002744    0.025389    0.039202    5.522629 v u_dut.g_seg[0].u_bank.g_inv[35].u_inv._cell/Y (sg13g2_inv_1)
                                                         u_dut.g_seg[0].u_bank.node[36] (net)
                      0.025389    0.000109    5.522738 v u_dut.g_seg[0].u_bank.g_inv[36].u_inv._cell/A (sg13g2_inv_1)
     1    0.002856    0.029859    0.038945    5.561683 ^ u_dut.g_seg[0].u_bank.g_inv[36].u_inv._cell/Y (sg13g2_inv_1)
                                                         u_dut.g_seg[0].u_bank.node[37] (net)
                      0.029859    0.000114    5.561798 ^ u_dut.g_seg[0].u_bank.g_inv[37].u_inv._cell/A (sg13g2_inv_1)
     1    0.003030    0.026205    0.039502    5.601300 v u_dut.g_seg[0].u_bank.g_inv[37].u_inv._cell/Y (sg13g2_inv_1)
                                                         u_dut.g_seg[0].u_bank.node[38] (net)
                      0.026205    0.000120    5.601419 v u_dut.g_seg[0].u_bank.g_inv[38].u_inv._cell/A (sg13g2_inv_1)
     1    0.002940    0.030499    0.039588    5.641007 ^ u_dut.g_seg[0].u_bank.g_inv[38].u_inv._cell/Y (sg13g2_inv_1)
                                                         u_dut.g_seg[0].u_bank.node[39] (net)
                      0.030500    0.000226    5.641234 ^ u_dut.g_seg[0].u_bank.g_inv[39].u_inv._cell/A (sg13g2_inv_1)
     1    0.003124    0.026754    0.040112    5.681346 v u_dut.g_seg[0].u_bank.g_inv[39].u_inv._cell/Y (sg13g2_inv_1)
                                                         u_dut.g_seg[0].u_bank.node[40] (net)
                      0.026754    0.000124    5.681470 v u_dut.g_seg[0].u_bank.g_inv[40].u_inv._cell/A (sg13g2_inv_1)
     1    0.003316    0.032761    0.041527    5.722997 ^ u_dut.g_seg[0].u_bank.g_inv[40].u_inv._cell/Y (sg13g2_inv_1)
                                                         u_dut.g_seg[0].u_bank.node[41] (net)
                      0.032761    0.000132    5.723129 ^ u_dut.g_seg[0].u_bank.g_inv[41].u_inv._cell/A (sg13g2_inv_1)
     1    0.002741    0.025515    0.039441    5.762570 v u_dut.g_seg[0].u_bank.g_inv[41].u_inv._cell/Y (sg13g2_inv_1)
                                                         u_dut.g_seg[0].u_bank.node[42] (net)
                      0.025515    0.000109    5.762679 v u_dut.g_seg[0].u_bank.g_inv[42].u_inv._cell/A (sg13g2_inv_1)
     1    0.002866    0.029944    0.039038    5.801717 ^ u_dut.g_seg[0].u_bank.g_inv[42].u_inv._cell/Y (sg13g2_inv_1)
                                                         u_dut.g_seg[0].u_bank.node[43] (net)
                      0.029944    0.000114    5.801831 ^ u_dut.g_seg[0].u_bank.g_inv[43].u_inv._cell/A (sg13g2_inv_1)
     1    0.003744    0.029442    0.042296    5.844127 v u_dut.g_seg[0].u_bank.g_inv[43].u_inv._cell/Y (sg13g2_inv_1)
                                                         u_dut.g_seg[0].u_bank.node[44] (net)
                      0.029444    0.000260    5.844387 v u_dut.g_seg[0].u_bank.g_inv[44].u_inv._cell/A (sg13g2_inv_1)
     1    0.003154    0.032377    0.041751    5.886138 ^ u_dut.g_seg[0].u_bank.g_inv[44].u_inv._cell/Y (sg13g2_inv_1)
                                                         u_dut.g_seg[0].u_bank.node[45] (net)
                      0.032377    0.000243    5.886381 ^ u_dut.g_seg[0].u_bank.g_inv[45].u_inv._cell/A (sg13g2_inv_1)
     1    0.002745    0.025456    0.039317    5.925698 v u_dut.g_seg[0].u_bank.g_inv[45].u_inv._cell/Y (sg13g2_inv_1)
                                                         u_dut.g_seg[0].u_bank.node[46] (net)
                      0.025456    0.000109    5.925807 v u_dut.g_seg[0].u_bank.g_inv[46].u_inv._cell/A (sg13g2_inv_1)
     1    0.002858    0.029888    0.038981    5.964788 ^ u_dut.g_seg[0].u_bank.g_inv[46].u_inv._cell/Y (sg13g2_inv_1)
                                                         u_dut.g_seg[0].u_bank.node[47] (net)
                      0.029888    0.000114    5.964902 ^ u_dut.g_seg[0].u_bank.g_inv[47].u_inv._cell/A (sg13g2_inv_1)
     1    0.004120    0.031172    0.043752    6.008654 v u_dut.g_seg[0].u_bank.g_inv[47].u_inv._cell/Y (sg13g2_inv_1)
                                                         u_dut.g_seg[0].u_bank.node[48] (net)
                      0.031174    0.000281    6.008935 v u_dut.g_seg[0].u_bank.g_inv[48].u_inv._cell/A (sg13g2_inv_1)
     1    0.005059    0.043726    0.051082    6.060018 ^ u_dut.g_seg[0].u_bank.g_inv[48].u_inv._cell/Y (sg13g2_inv_1)
                                                         u_dut.g_seg[0].u_bank.node[49] (net)
                      0.043746    0.000335    6.060352 ^ u_dut.g_seg[0].u_bank.g_inv[49].u_inv._cell/A (sg13g2_inv_1)
     1    0.002886    0.028392    0.044067    6.104420 v u_dut.g_seg[0].u_bank.g_inv[49].u_inv._cell/Y (sg13g2_inv_1)
                                                         u_dut.g_seg[0].u_bank.node[50] (net)
                      0.028393    0.000219    6.104639 v u_dut.g_seg[0].u_bank.g_inv[50].u_inv._cell/A (sg13g2_inv_1)
     1    0.003443    0.033814    0.042715    6.147354 ^ u_dut.g_seg[0].u_bank.g_inv[50].u_inv._cell/Y (sg13g2_inv_1)
                                                         u_dut.g_seg[0].u_bank.node[51] (net)
                      0.033814    0.000135    6.147490 ^ u_dut.g_seg[0].u_bank.g_inv[51].u_inv._cell/A (sg13g2_inv_1)
     1    0.002812    0.026046    0.040115    6.187604 v u_dut.g_seg[0].u_bank.g_inv[51].u_inv._cell/Y (sg13g2_inv_1)
                                                         u_dut.g_seg[0].u_bank.node[52] (net)
                      0.026046    0.000111    6.187716 v u_dut.g_seg[0].u_bank.g_inv[52].u_inv._cell/A (sg13g2_inv_1)
     1    0.003207    0.031996    0.040772    6.228487 ^ u_dut.g_seg[0].u_bank.g_inv[52].u_inv._cell/Y (sg13g2_inv_1)
                                                         u_dut.g_seg[0].u_bank.node[53] (net)
                      0.031996    0.000126    6.228614 ^ u_dut.g_seg[0].u_bank.g_inv[53].u_inv._cell/A (sg13g2_inv_1)
     1    0.002935    0.026209    0.039888    6.268502 v u_dut.g_seg[0].u_bank.g_inv[53].u_inv._cell/Y (sg13g2_inv_1)
                                                         u_dut.g_seg[0].u_bank.node[54] (net)
                      0.026209    0.000223    6.268725 v u_dut.g_seg[0].u_bank.g_inv[54].u_inv._cell/A (sg13g2_inv_1)
     1    0.002859    0.030047    0.039262    6.307987 ^ u_dut.g_seg[0].u_bank.g_inv[54].u_inv._cell/Y (sg13g2_inv_1)
                                                         u_dut.g_seg[0].u_bank.node[55] (net)
                      0.030048    0.000114    6.308101 ^ u_dut.g_seg[0].u_bank.g_inv[55].u_inv._cell/A (sg13g2_inv_1)
     1    0.002754    0.025017    0.038488    6.346590 v u_dut.g_seg[0].u_bank.g_inv[55].u_inv._cell/Y (sg13g2_inv_1)
                                                         u_dut.g_seg[0].u_bank.node[56] (net)
                      0.025017    0.000110    6.346699 v u_dut.g_seg[0].u_bank.g_inv[56].u_inv._cell/A (sg13g2_inv_1)
     1    0.003216    0.031842    0.040433    6.387132 ^ u_dut.g_seg[0].u_bank.g_inv[56].u_inv._cell/Y (sg13g2_inv_1)
                                                         u_dut.g_seg[0].u_bank.node[57] (net)
                      0.031843    0.000127    6.387259 ^ u_dut.g_seg[0].u_bank.g_inv[57].u_inv._cell/A (sg13g2_inv_1)
     1    0.002873    0.025914    0.039625    6.426884 v u_dut.g_seg[0].u_bank.g_inv[57].u_inv._cell/Y (sg13g2_inv_1)
                                                         u_dut.g_seg[0].u_bank.node[58] (net)
                      0.025914    0.000114    6.426998 v u_dut.g_seg[0].u_bank.g_inv[58].u_inv._cell/A (sg13g2_inv_1)
     1    0.003151    0.031640    0.040429    6.467427 ^ u_dut.g_seg[0].u_bank.g_inv[58].u_inv._cell/Y (sg13g2_inv_1)
                                                         u_dut.g_seg[0].u_bank.node[59] (net)
                      0.031640    0.000238    6.467666 ^ u_dut.g_seg[0].u_bank.g_inv[59].u_inv._cell/A (sg13g2_inv_1)
     1    0.002896    0.025965    0.039603    6.507269 v u_dut.g_seg[0].u_bank.g_inv[59].u_inv._cell/Y (sg13g2_inv_1)
                                                         u_dut.g_seg[0].u_bank.node[60] (net)
                      0.025965    0.000222    6.507490 v u_dut.g_seg[0].u_bank.g_inv[60].u_inv._cell/A (sg13g2_inv_1)
     1    0.003202    0.031956    0.040724    6.548214 ^ u_dut.g_seg[0].u_bank.g_inv[60].u_inv._cell/Y (sg13g2_inv_1)
                                                         u_dut.g_seg[0].u_bank.node[61] (net)
                      0.031957    0.000126    6.548340 ^ u_dut.g_seg[0].u_bank.g_inv[61].u_inv._cell/A (sg13g2_inv_1)
     1    0.002887    0.026000    0.039724    6.588064 v u_dut.g_seg[0].u_bank.g_inv[61].u_inv._cell/Y (sg13g2_inv_1)
                                                         u_dut.g_seg[0].u_bank.node[62] (net)
                      0.026000    0.000115    6.588179 v u_dut.g_seg[0].u_bank.g_inv[62].u_inv._cell/A (sg13g2_inv_1)
     1    0.002870    0.030066    0.039234    6.627413 ^ u_dut.g_seg[0].u_bank.g_inv[62].u_inv._cell/Y (sg13g2_inv_1)
                                                         u_dut.g_seg[0].u_bank.node[63] (net)
                      0.030066    0.000114    6.627527 ^ u_dut.g_seg[0].u_bank.g_inv[63].u_inv._cell/A (sg13g2_inv_1)
     2    0.006045    0.040396    0.051390    6.678917 v u_dut.g_seg[0].u_bank.g_inv[63].u_inv._cell/Y (sg13g2_inv_1)
                                                         u_dut.g_seg[0].u_bank.node[64] (net)
                      0.040414    0.000293    6.679210 v u_dut.g_seg[0].u_bank.g_inv[64].u_inv._cell/A (sg13g2_inv_1)
     1    0.002871    0.033040    0.044551    6.723761 ^ u_dut.g_seg[0].u_bank.g_inv[64].u_inv._cell/Y (sg13g2_inv_1)
                                                         u_dut.g_seg[0].u_bank.node[65] (net)
                      0.033040    0.000114    6.723876 ^ u_dut.g_seg[0].u_bank.g_inv[65].u_inv._cell/A (sg13g2_inv_1)
     1    0.002772    0.025709    0.039667    6.763543 v u_dut.g_seg[0].u_bank.g_inv[65].u_inv._cell/Y (sg13g2_inv_1)
                                                         u_dut.g_seg[0].u_bank.node[66] (net)
                      0.025709    0.000110    6.763653 v u_dut.g_seg[0].u_bank.g_inv[66].u_inv._cell/A (sg13g2_inv_1)
     1    0.003337    0.032672    0.041236    6.804889 ^ u_dut.g_seg[0].u_bank.g_inv[66].u_inv._cell/Y (sg13g2_inv_1)
                                                         u_dut.g_seg[0].u_bank.node[67] (net)
                      0.032672    0.000130    6.805019 ^ u_dut.g_seg[0].u_bank.g_inv[67].u_inv._cell/A (sg13g2_inv_1)
     1    0.003106    0.027115    0.040857    6.845876 v u_dut.g_seg[0].u_bank.g_inv[67].u_inv._cell/Y (sg13g2_inv_1)
                                                         u_dut.g_seg[0].u_bank.node[68] (net)
                      0.027115    0.000123    6.845999 v u_dut.g_seg[0].u_bank.g_inv[68].u_inv._cell/A (sg13g2_inv_1)
     1    0.002985    0.030950    0.040165    6.886163 ^ u_dut.g_seg[0].u_bank.g_inv[68].u_inv._cell/Y (sg13g2_inv_1)
                                                         u_dut.g_seg[0].u_bank.node[69] (net)
                      0.030950    0.000119    6.886282 ^ u_dut.g_seg[0].u_bank.g_inv[69].u_inv._cell/A (sg13g2_inv_1)
     1    0.002855    0.025638    0.039181    6.925463 v u_dut.g_seg[0].u_bank.g_inv[69].u_inv._cell/Y (sg13g2_inv_1)
                                                         u_dut.g_seg[0].u_bank.node[70] (net)
                      0.025639    0.000220    6.925683 v u_dut.g_seg[0].u_bank.g_inv[70].u_inv._cell/A (sg13g2_inv_1)
     1    0.003691    0.034680    0.042750    6.968432 ^ u_dut.g_seg[0].u_bank.g_inv[70].u_inv._cell/Y (sg13g2_inv_1)
                                                         u_dut.g_seg[0].u_bank.node[71] (net)
                      0.034682    0.000281    6.968713 ^ u_dut.g_seg[0].u_bank.g_inv[71].u_inv._cell/A (sg13g2_inv_1)
     1    0.002741    0.025909    0.040152    7.008865 v u_dut.g_seg[0].u_bank.g_inv[71].u_inv._cell/Y (sg13g2_inv_1)
                                                         u_dut.g_seg[0].u_bank.node[72] (net)
                      0.025909    0.000109    7.008975 v u_dut.g_seg[0].u_bank.g_inv[72].u_inv._cell/A (sg13g2_inv_1)
     1    0.002856    0.029969    0.039138    7.048113 ^ u_dut.g_seg[0].u_bank.g_inv[72].u_inv._cell/Y (sg13g2_inv_1)
                                                         u_dut.g_seg[0].u_bank.node[73] (net)
                      0.029969    0.000114    7.048227 ^ u_dut.g_seg[0].u_bank.g_inv[73].u_inv._cell/A (sg13g2_inv_1)
     1    0.002754    0.024990    0.038420    7.086648 v u_dut.g_seg[0].u_bank.g_inv[73].u_inv._cell/Y (sg13g2_inv_1)
                                                         u_dut.g_seg[0].u_bank.node[74] (net)
                      0.024990    0.000215    7.086863 v u_dut.g_seg[0].u_bank.g_inv[74].u_inv._cell/A (sg13g2_inv_1)
     1    0.003619    0.034139    0.042201    7.129064 ^ u_dut.g_seg[0].u_bank.g_inv[74].u_inv._cell/Y (sg13g2_inv_1)
                                                         u_dut.g_seg[0].u_bank.node[75] (net)
                      0.034142    0.000253    7.129317 ^ u_dut.g_seg[0].u_bank.g_inv[75].u_inv._cell/A (sg13g2_inv_1)
     1    0.003760    0.030331    0.043966    7.173283 v u_dut.g_seg[0].u_bank.g_inv[75].u_inv._cell/Y (sg13g2_inv_1)
                                                         u_dut.g_seg[0].u_bank.node[76] (net)
                      0.030334    0.000271    7.173553 v u_dut.g_seg[0].u_bank.g_inv[76].u_inv._cell/A (sg13g2_inv_1)
     1    0.002874    0.030973    0.040810    7.214363 ^ u_dut.g_seg[0].u_bank.g_inv[76].u_inv._cell/Y (sg13g2_inv_1)
                                                         u_dut.g_seg[0].u_bank.node[77] (net)
                      0.030974    0.000225    7.214588 ^ u_dut.g_seg[0].u_bank.g_inv[77].u_inv._cell/A (sg13g2_inv_1)
     1    0.005279    0.036836    0.048729    7.263317 v u_dut.g_seg[0].u_bank.g_inv[77].u_inv._cell/Y (sg13g2_inv_1)
                                                         u_dut.g_seg[0].u_bank.node[78] (net)
                      0.036856    0.000334    7.263651 v u_dut.g_seg[0].u_bank.g_inv[78].u_inv._cell/A (sg13g2_inv_1)
     1    0.003853    0.037800    0.047732    7.311384 ^ u_dut.g_seg[0].u_bank.g_inv[78].u_inv._cell/Y (sg13g2_inv_1)
                                                         u_dut.g_seg[0].u_bank.node[79] (net)
                      0.037804    0.000269    7.311653 ^ u_dut.g_seg[0].u_bank.g_inv[79].u_inv._cell/A (sg13g2_inv_1)
     1    0.004036    0.032299    0.046483    7.358136 v u_dut.g_seg[0].u_bank.g_inv[79].u_inv._cell/Y (sg13g2_inv_1)
                                                         u_dut.g_seg[0].u_bank.node[80] (net)
                      0.032301    0.000272    7.358408 v u_dut.g_seg[0].u_bank.g_inv[80].u_inv._cell/A (sg13g2_inv_1)
     1    0.003988    0.037694    0.046627    7.405035 ^ u_dut.g_seg[0].u_bank.g_inv[80].u_inv._cell/Y (sg13g2_inv_1)
                                                         u_dut.g_seg[0].u_bank.node[81] (net)
                      0.037696    0.000277    7.405313 ^ u_dut.g_seg[0].u_bank.g_inv[81].u_inv._cell/A (sg13g2_inv_1)
     1    0.003570    0.030168    0.044564    7.449877 v u_dut.g_seg[0].u_bank.g_inv[81].u_inv._cell/Y (sg13g2_inv_1)
                                                         u_dut.g_seg[0].u_bank.node[82] (net)
                      0.030171    0.000256    7.450133 v u_dut.g_seg[0].u_bank.g_inv[82].u_inv._cell/A (sg13g2_inv_1)
     1    0.004185    0.038423    0.046715    7.496848 ^ u_dut.g_seg[0].u_bank.g_inv[82].u_inv._cell/Y (sg13g2_inv_1)
                                                         u_dut.g_seg[0].u_bank.node[83] (net)
                      0.038425    0.000291    7.497139 ^ u_dut.g_seg[0].u_bank.g_inv[83].u_inv._cell/A (sg13g2_inv_1)
     1    0.003630    0.030578    0.045079    7.542218 v u_dut.g_seg[0].u_bank.g_inv[83].u_inv._cell/Y (sg13g2_inv_1)
                                                         u_dut.g_seg[0].u_bank.node[84] (net)
                      0.030580    0.000266    7.542484 v u_dut.g_seg[0].u_bank.g_inv[84].u_inv._cell/A (sg13g2_inv_1)
     1    0.004169    0.038410    0.046796    7.589281 ^ u_dut.g_seg[0].u_bank.g_inv[84].u_inv._cell/Y (sg13g2_inv_1)
                                                         u_dut.g_seg[0].u_bank.node[85] (net)
                      0.038412    0.000291    7.589572 ^ u_dut.g_seg[0].u_bank.g_inv[85].u_inv._cell/A (sg13g2_inv_1)
     1    0.002810    0.026970    0.041776    7.631348 v u_dut.g_seg[0].u_bank.g_inv[85].u_inv._cell/Y (sg13g2_inv_1)
                                                         u_dut.g_seg[0].u_bank.node[86] (net)
                      0.026971    0.000218    7.631566 v u_dut.g_seg[0].u_bank.g_inv[86].u_inv._cell/A (sg13g2_inv_1)
     1    0.002854    0.030175    0.039519    7.671085 ^ u_dut.g_seg[0].u_bank.g_inv[86].u_inv._cell/Y (sg13g2_inv_1)
                                                         u_dut.g_seg[0].u_bank.node[87] (net)
                      0.030175    0.000114    7.671199 ^ u_dut.g_seg[0].u_bank.g_inv[87].u_inv._cell/A (sg13g2_inv_1)
     1    0.002759    0.025057    0.038519    7.709718 v u_dut.g_seg[0].u_bank.g_inv[87].u_inv._cell/Y (sg13g2_inv_1)
                                                         u_dut.g_seg[0].u_bank.node[88] (net)
                      0.025058    0.000216    7.709934 v u_dut.g_seg[0].u_bank.g_inv[88].u_inv._cell/A (sg13g2_inv_1)
     1    0.003901    0.035796    0.043528    7.753462 ^ u_dut.g_seg[0].u_bank.g_inv[88].u_inv._cell/Y (sg13g2_inv_1)
                                                         u_dut.g_seg[0].u_bank.node[89] (net)
                      0.035797    0.000155    7.753617 ^ u_dut.g_seg[0].u_bank.g_inv[89].u_inv._cell/A (sg13g2_inv_1)
     1    0.003698    0.030378    0.044392    7.798009 v u_dut.g_seg[0].u_bank.g_inv[89].u_inv._cell/Y (sg13g2_inv_1)
                                                         u_dut.g_seg[0].u_bank.node[90] (net)
                      0.030378    0.000147    7.798156 v u_dut.g_seg[0].u_bank.g_inv[90].u_inv._cell/A (sg13g2_inv_1)
     1    0.003803    0.036263    0.045100    7.843256 ^ u_dut.g_seg[0].u_bank.g_inv[90].u_inv._cell/Y (sg13g2_inv_1)
                                                         u_dut.g_seg[0].u_bank.node[91] (net)
                      0.036264    0.000148    7.843404 ^ u_dut.g_seg[0].u_bank.g_inv[91].u_inv._cell/A (sg13g2_inv_1)
     1    0.003746    0.030686    0.044764    7.888168 v u_dut.g_seg[0].u_bank.g_inv[91].u_inv._cell/Y (sg13g2_inv_1)
                                                         u_dut.g_seg[0].u_bank.node[92] (net)
                      0.030687    0.000147    7.888315 v u_dut.g_seg[0].u_bank.g_inv[92].u_inv._cell/A (sg13g2_inv_1)
     1    0.004121    0.038148    0.046613    7.934928 ^ u_dut.g_seg[0].u_bank.g_inv[92].u_inv._cell/Y (sg13g2_inv_1)
                                                         u_dut.g_seg[0].u_bank.node[93] (net)
                      0.038150    0.000292    7.935221 ^ u_dut.g_seg[0].u_bank.g_inv[93].u_inv._cell/A (sg13g2_inv_1)
     1    0.003512    0.029994    0.044508    7.979729 v u_dut.g_seg[0].u_bank.g_inv[93].u_inv._cell/Y (sg13g2_inv_1)
                                                         u_dut.g_seg[0].u_bank.node[94] (net)
                      0.030000    0.000245    7.979974 v u_dut.g_seg[0].u_bank.g_inv[94].u_inv._cell/A (sg13g2_inv_1)
     1    0.003020    0.031741    0.041392    8.021366 ^ u_dut.g_seg[0].u_bank.g_inv[94].u_inv._cell/Y (sg13g2_inv_1)
                                                         u_dut.g_seg[0].u_bank.node[95] (net)
                      0.031741    0.000120    8.021486 ^ u_dut.g_seg[0].u_bank.g_inv[95].u_inv._cell/A (sg13g2_inv_1)
     1    0.003371    0.028088    0.041513    8.063000 v u_dut.g_seg[0].u_bank.g_inv[95].u_inv._cell/Y (sg13g2_inv_1)
                                                         u_dut.g_seg[0].u_bank.node[96] (net)
                      0.028097    0.000243    8.063243 v u_dut.g_seg[0].u_bank.u_mux.u_m1/A1 (sg13g2_mux2_1)
     1    0.005858    0.067465    0.180192    8.243435 v u_dut.g_seg[0].u_bank.u_mux.u_m1/X (sg13g2_mux2_1)
                                                         u_dut.g_seg[0].u_bank.u_mux.w1 (net)
                      0.067466    0.000362    8.243797 v u_dut.g_seg[0].u_bank.u_mux.u_m2/A1 (sg13g2_mux2_1)
     2    0.015578    0.115770    0.247669    8.491466 v u_dut.g_seg[0].u_bank.u_mux.u_m2/X (sg13g2_mux2_1)
                                                         u_dut.g_seg[0].bank_dout (net)
                      0.115787    0.001397    8.492863 v u_dut.g_seg[1].g_fa[0].u_fa.u_a2/A (sg13g2_and2_1)
     1    0.002608    0.033841    0.137545    8.630407 v u_dut.g_seg[1].g_fa[0].u_fa.u_a2/X (sg13g2_and2_1)
                                                         u_dut.g_seg[1].g_fa[0].u_fa.v (net)
                      0.033841    0.000100    8.630508 v u_dut.g_seg[1].g_fa[0].u_fa.u_o1/B (sg13g2_or2_1)
     2    0.009311    0.072423    0.177018    8.807526 v u_dut.g_seg[1].g_fa[0].u_fa.u_o1/X (sg13g2_or2_1)
                                                         u_dut.g_seg[1].g_fa[0].u_fa.co (net)
                      0.072430    0.000768    8.808294 v u_dut.g_seg[1].g_fa[1].u_fa.u_a2/A (sg13g2_and2_1)
     1    0.002475    0.034475    0.117172    8.925466 v u_dut.g_seg[1].g_fa[1].u_fa.u_a2/X (sg13g2_and2_1)
                                                         u_dut.g_seg[1].g_fa[1].u_fa.v (net)
                      0.034475    0.000096    8.925562 v u_dut.g_seg[1].g_fa[1].u_fa.u_o1/B (sg13g2_or2_1)
     2    0.008845    0.070112    0.175221    9.100782 v u_dut.g_seg[1].g_fa[1].u_fa.u_o1/X (sg13g2_or2_1)
                                                         u_dut.g_seg[1].g_fa[1].u_fa.co (net)
                      0.070114    0.000502    9.101284 v u_dut.g_seg[1].g_fa[2].u_fa.u_a2/A (sg13g2_and2_1)
     1    0.002259    0.033358    0.115123    9.216408 v u_dut.g_seg[1].g_fa[2].u_fa.u_a2/X (sg13g2_and2_1)
                                                         u_dut.g_seg[1].g_fa[2].u_fa.v (net)
                      0.033358    0.000089    9.216496 v u_dut.g_seg[1].g_fa[2].u_fa.u_o1/B (sg13g2_or2_1)
     2    0.008820    0.069989    0.174614    9.391110 v u_dut.g_seg[1].g_fa[2].u_fa.u_o1/X (sg13g2_or2_1)
                                                         u_dut.g_seg[1].g_fa[2].u_fa.co (net)
                      0.069991    0.000508    9.391619 v u_dut.g_seg[1].g_fa[3].u_fa.u_a2/A (sg13g2_and2_1)
     1    0.002297    0.034148    0.115198    9.506816 v u_dut.g_seg[1].g_fa[3].u_fa.u_a2/X (sg13g2_and2_1)
                                                         u_dut.g_seg[1].g_fa[3].u_fa.v (net)
                      0.034148    0.000174    9.506990 v u_dut.g_seg[1].g_fa[3].u_fa.u_o1/B (sg13g2_or2_1)
     2    0.013461    0.093327    0.196160    9.703150 v u_dut.g_seg[1].g_fa[3].u_fa.u_o1/X (sg13g2_or2_1)
                                                         u_dut.g_seg[1].u_bank.node[0] (net)
                      0.093340    0.001104    9.704254 v u_dut.g_seg[1].u_bank.g_inv[0].u_inv._cell/A (sg13g2_inv_1)
     1    0.003501    0.047142    0.067266    9.771520 ^ u_dut.g_seg[1].u_bank.g_inv[0].u_inv._cell/Y (sg13g2_inv_1)
                                                         u_dut.g_seg[1].u_bank.node[1] (net)
                      0.047142    0.000253    9.771773 ^ u_dut.g_seg[1].u_bank.g_inv[1].u_inv._cell/A (sg13g2_inv_1)
     1    0.002752    0.028514    0.044811    9.816585 v u_dut.g_seg[1].u_bank.g_inv[1].u_inv._cell/Y (sg13g2_inv_1)
                                                         u_dut.g_seg[1].u_bank.node[2] (net)
                      0.028514    0.000109    9.816693 v u_dut.g_seg[1].u_bank.g_inv[2].u_inv._cell/A (sg13g2_inv_1)
     1    0.002856    0.030509    0.040099    9.856793 ^ u_dut.g_seg[1].u_bank.g_inv[2].u_inv._cell/Y (sg13g2_inv_1)
                                                         u_dut.g_seg[1].u_bank.node[3] (net)
                      0.030509    0.000114    9.856907 ^ u_dut.g_seg[1].u_bank.g_inv[3].u_inv._cell/A (sg13g2_inv_1)
     1    0.002921    0.025855    0.039318    9.896225 v u_dut.g_seg[1].u_bank.g_inv[3].u_inv._cell/Y (sg13g2_inv_1)
                                                         u_dut.g_seg[1].u_bank.node[4] (net)
                      0.025855    0.000115    9.896340 v u_dut.g_seg[1].u_bank.g_inv[4].u_inv._cell/A (sg13g2_inv_1)
     1    0.003135    0.031548    0.040377    9.936717 ^ u_dut.g_seg[1].u_bank.g_inv[4].u_inv._cell/Y (sg13g2_inv_1)
                                                         u_dut.g_seg[1].u_bank.node[5] (net)
                      0.031548    0.000124    9.936841 ^ u_dut.g_seg[1].u_bank.g_inv[5].u_inv._cell/A (sg13g2_inv_1)
     1    0.002948    0.026186    0.039811    9.976652 v u_dut.g_seg[1].u_bank.g_inv[5].u_inv._cell/Y (sg13g2_inv_1)
                                                         u_dut.g_seg[1].u_bank.node[6] (net)
                      0.026186    0.000117    9.976769 v u_dut.g_seg[1].u_bank.g_inv[6].u_inv._cell/A (sg13g2_inv_1)
     1    0.002854    0.030013    0.039230   10.015999 ^ u_dut.g_seg[1].u_bank.g_inv[6].u_inv._cell/Y (sg13g2_inv_1)
                                                         u_dut.g_seg[1].u_bank.node[7] (net)
                      0.030013    0.000114   10.016112 ^ u_dut.g_seg[1].u_bank.g_inv[7].u_inv._cell/A (sg13g2_inv_1)
     1    0.002741    0.024951    0.038424   10.054537 v u_dut.g_seg[1].u_bank.g_inv[7].u_inv._cell/Y (sg13g2_inv_1)
                                                         u_dut.g_seg[1].u_bank.node[8] (net)
                      0.024952    0.000109   10.054646 v u_dut.g_seg[1].u_bank.g_inv[8].u_inv._cell/A (sg13g2_inv_1)
     1    0.003203    0.031746    0.040313   10.094959 ^ u_dut.g_seg[1].u_bank.g_inv[8].u_inv._cell/Y (sg13g2_inv_1)
                                                         u_dut.g_seg[1].u_bank.node[9] (net)
                      0.031746    0.000237   10.095196 ^ u_dut.g_seg[1].u_bank.g_inv[9].u_inv._cell/A (sg13g2_inv_1)
     1    0.003065    0.026743    0.040346   10.135542 v u_dut.g_seg[1].u_bank.g_inv[9].u_inv._cell/Y (sg13g2_inv_1)
                                                         u_dut.g_seg[1].u_bank.node[10] (net)
                      0.026743    0.000121   10.135662 v u_dut.g_seg[1].u_bank.g_inv[10].u_inv._cell/A (sg13g2_inv_1)
     1    0.003105    0.031557    0.040570   10.176232 ^ u_dut.g_seg[1].u_bank.g_inv[10].u_inv._cell/Y (sg13g2_inv_1)
                                                         u_dut.g_seg[1].u_bank.node[11] (net)
                      0.031557    0.000123   10.176355 ^ u_dut.g_seg[1].u_bank.g_inv[11].u_inv._cell/A (sg13g2_inv_1)
     1    0.003226    0.027420    0.040911   10.217266 v u_dut.g_seg[1].u_bank.g_inv[11].u_inv._cell/Y (sg13g2_inv_1)
                                                         u_dut.g_seg[1].u_bank.node[12] (net)
                      0.027421    0.000128   10.217394 v u_dut.g_seg[1].u_bank.g_inv[12].u_inv._cell/A (sg13g2_inv_1)
     1    0.003410    0.033423    0.042166   10.259561 ^ u_dut.g_seg[1].u_bank.g_inv[12].u_inv._cell/Y (sg13g2_inv_1)
                                                         u_dut.g_seg[1].u_bank.node[13] (net)
                      0.033424    0.000247   10.259808 ^ u_dut.g_seg[1].u_bank.g_inv[13].u_inv._cell/A (sg13g2_inv_1)
     1    0.002771    0.025783    0.039805   10.299613 v u_dut.g_seg[1].u_bank.g_inv[13].u_inv._cell/Y (sg13g2_inv_1)
                                                         u_dut.g_seg[1].u_bank.node[14] (net)
                      0.025783    0.000110   10.299723 v u_dut.g_seg[1].u_bank.g_inv[14].u_inv._cell/A (sg13g2_inv_1)
     1    0.003127    0.031487    0.040314   10.340036 ^ u_dut.g_seg[1].u_bank.g_inv[14].u_inv._cell/Y (sg13g2_inv_1)
                                                         u_dut.g_seg[1].u_bank.node[15] (net)
                      0.031487    0.000124   10.340161 ^ u_dut.g_seg[1].u_bank.g_inv[15].u_inv._cell/A (sg13g2_inv_1)
     1    0.002741    0.025254    0.038970   10.379130 v u_dut.g_seg[1].u_bank.g_inv[15].u_inv._cell/Y (sg13g2_inv_1)
                                                         u_dut.g_seg[1].u_bank.node[16] (net)
                      0.025254    0.000109   10.379240 v u_dut.g_seg[1].u_bank.g_inv[16].u_inv._cell/A (sg13g2_inv_1)
     1    0.002878    0.029959    0.038996   10.418237 ^ u_dut.g_seg[1].u_bank.g_inv[16].u_inv._cell/Y (sg13g2_inv_1)
                                                         u_dut.g_seg[1].u_bank.node[17] (net)
                      0.029959    0.000115   10.418351 ^ u_dut.g_seg[1].u_bank.g_inv[17].u_inv._cell/A (sg13g2_inv_1)
     1    0.003018    0.026174    0.039495   10.457846 v u_dut.g_seg[1].u_bank.g_inv[17].u_inv._cell/Y (sg13g2_inv_1)
                                                         u_dut.g_seg[1].u_bank.node[18] (net)
                      0.026174    0.000119   10.457965 v u_dut.g_seg[1].u_bank.g_inv[18].u_inv._cell/A (sg13g2_inv_1)
     1    0.003220    0.032101    0.040882   10.498847 ^ u_dut.g_seg[1].u_bank.g_inv[18].u_inv._cell/Y (sg13g2_inv_1)
                                                         u_dut.g_seg[1].u_bank.node[19] (net)
                      0.032101    0.000127   10.498974 ^ u_dut.g_seg[1].u_bank.g_inv[19].u_inv._cell/A (sg13g2_inv_1)
     1    0.003061    0.026787    0.040425   10.539398 v u_dut.g_seg[1].u_bank.g_inv[19].u_inv._cell/Y (sg13g2_inv_1)
                                                         u_dut.g_seg[1].u_bank.node[20] (net)
                      0.026788    0.000230   10.539628 v u_dut.g_seg[1].u_bank.g_inv[20].u_inv._cell/A (sg13g2_inv_1)
     1    0.003133    0.031729    0.040716   10.580344 ^ u_dut.g_seg[1].u_bank.g_inv[20].u_inv._cell/Y (sg13g2_inv_1)
                                                         u_dut.g_seg[1].u_bank.node[21] (net)
                      0.031729    0.000123   10.580467 ^ u_dut.g_seg[1].u_bank.g_inv[21].u_inv._cell/A (sg13g2_inv_1)
     1    0.002945    0.026211    0.039869   10.620336 v u_dut.g_seg[1].u_bank.g_inv[21].u_inv._cell/Y (sg13g2_inv_1)
                                                         u_dut.g_seg[1].u_bank.node[22] (net)
                      0.026211    0.000117   10.620453 v u_dut.g_seg[1].u_bank.g_inv[22].u_inv._cell/A (sg13g2_inv_1)
     1    0.003151    0.031702    0.040542   10.660995 ^ u_dut.g_seg[1].u_bank.g_inv[22].u_inv._cell/Y (sg13g2_inv_1)
                                                         u_dut.g_seg[1].u_bank.node[23] (net)
                      0.031702    0.000236   10.661231 ^ u_dut.g_seg[1].u_bank.g_inv[23].u_inv._cell/A (sg13g2_inv_1)
     1    0.002965    0.026293    0.039936   10.701167 v u_dut.g_seg[1].u_bank.g_inv[23].u_inv._cell/Y (sg13g2_inv_1)
                                                         u_dut.g_seg[1].u_bank.node[24] (net)
                      0.026293    0.000117   10.701284 v u_dut.g_seg[1].u_bank.g_inv[24].u_inv._cell/A (sg13g2_inv_1)
     1    0.003055    0.031183    0.040179   10.741464 ^ u_dut.g_seg[1].u_bank.g_inv[24].u_inv._cell/Y (sg13g2_inv_1)
                                                         u_dut.g_seg[1].u_bank.node[25] (net)
                      0.031183    0.000121   10.741585 ^ u_dut.g_seg[1].u_bank.g_inv[25].u_inv._cell/A (sg13g2_inv_1)
     1    0.002741    0.025195    0.038860   10.780445 v u_dut.g_seg[1].u_bank.g_inv[25].u_inv._cell/Y (sg13g2_inv_1)
                                                         u_dut.g_seg[1].u_bank.node[26] (net)
                      0.025195    0.000109   10.780555 v u_dut.g_seg[1].u_bank.g_inv[26].u_inv._cell/A (sg13g2_inv_1)
     1    0.002862    0.029858    0.038904   10.819459 ^ u_dut.g_seg[1].u_bank.g_inv[26].u_inv._cell/Y (sg13g2_inv_1)
                                                         u_dut.g_seg[1].u_bank.node[27] (net)
                      0.029858    0.000114   10.819572 ^ u_dut.g_seg[1].u_bank.g_inv[27].u_inv._cell/A (sg13g2_inv_1)
     1    0.002746    0.024941    0.038386   10.857959 v u_dut.g_seg[1].u_bank.g_inv[27].u_inv._cell/Y (sg13g2_inv_1)
                                                         u_dut.g_seg[1].u_bank.node[28] (net)
                      0.024941    0.000109   10.858068 v u_dut.g_seg[1].u_bank.g_inv[28].u_inv._cell/A (sg13g2_inv_1)
     1    0.003462    0.033222    0.041473   10.899540 ^ u_dut.g_seg[1].u_bank.g_inv[28].u_inv._cell/Y (sg13g2_inv_1)
                                                         u_dut.g_seg[1].u_bank.node[29] (net)
                      0.033225    0.000251   10.899792 ^ u_dut.g_seg[1].u_bank.g_inv[29].u_inv._cell/A (sg13g2_inv_1)
     1    0.003481    0.028885    0.042515   10.942307 v u_dut.g_seg[1].u_bank.g_inv[29].u_inv._cell/Y (sg13g2_inv_1)
                                                         u_dut.g_seg[1].u_bank.node[30] (net)
                      0.028889    0.000246   10.942553 v u_dut.g_seg[1].u_bank.g_inv[30].u_inv._cell/A (sg13g2_inv_1)
     1    0.003031    0.031579    0.041034   10.983587 ^ u_dut.g_seg[1].u_bank.g_inv[30].u_inv._cell/Y (sg13g2_inv_1)
                                                         u_dut.g_seg[1].u_bank.node[31] (net)
                      0.031579    0.000119   10.983706 ^ u_dut.g_seg[1].u_bank.g_inv[31].u_inv._cell/A (sg13g2_inv_1)
     2    0.006096    0.040911    0.052214   11.035920 v u_dut.g_seg[1].u_bank.g_inv[31].u_inv._cell/Y (sg13g2_inv_1)
                                                         u_dut.g_seg[1].u_bank.node[32] (net)
                      0.040930    0.000306   11.036225 v u_dut.g_seg[1].u_bank.g_inv[32].u_inv._cell/A (sg13g2_inv_1)
     1    0.003264    0.035327    0.046530   11.082755 ^ u_dut.g_seg[1].u_bank.g_inv[32].u_inv._cell/Y (sg13g2_inv_1)
                                                         u_dut.g_seg[1].u_bank.node[33] (net)
                      0.035327    0.000244   11.083000 ^ u_dut.g_seg[1].u_bank.g_inv[33].u_inv._cell/A (sg13g2_inv_1)
     1    0.002912    0.026795    0.041075   11.124074 v u_dut.g_seg[1].u_bank.g_inv[33].u_inv._cell/Y (sg13g2_inv_1)
                                                         u_dut.g_seg[1].u_bank.node[34] (net)
                      0.026795    0.000115   11.124189 v u_dut.g_seg[1].u_bank.g_inv[34].u_inv._cell/A (sg13g2_inv_1)
     1    0.003071    0.031378    0.040439   11.164628 ^ u_dut.g_seg[1].u_bank.g_inv[34].u_inv._cell/Y (sg13g2_inv_1)
                                                         u_dut.g_seg[1].u_bank.node[35] (net)
                      0.031378    0.000122   11.164749 ^ u_dut.g_seg[1].u_bank.g_inv[35].u_inv._cell/A (sg13g2_inv_1)
     1    0.002745    0.025251    0.038947   11.203696 v u_dut.g_seg[1].u_bank.g_inv[35].u_inv._cell/Y (sg13g2_inv_1)
                                                         u_dut.g_seg[1].u_bank.node[36] (net)
                      0.025251    0.000109   11.203805 v u_dut.g_seg[1].u_bank.g_inv[36].u_inv._cell/A (sg13g2_inv_1)
     1    0.002858    0.029846    0.038906   11.242711 ^ u_dut.g_seg[1].u_bank.g_inv[36].u_inv._cell/Y (sg13g2_inv_1)
                                                         u_dut.g_seg[1].u_bank.node[37] (net)
                      0.029846    0.000114   11.242825 ^ u_dut.g_seg[1].u_bank.g_inv[37].u_inv._cell/A (sg13g2_inv_1)
     1    0.002745    0.024937    0.038380   11.281205 v u_dut.g_seg[1].u_bank.g_inv[37].u_inv._cell/Y (sg13g2_inv_1)
                                                         u_dut.g_seg[1].u_bank.node[38] (net)
                      0.024937    0.000109   11.281314 v u_dut.g_seg[1].u_bank.g_inv[38].u_inv._cell/A (sg13g2_inv_1)
     1    0.002854    0.029756    0.038770   11.320084 ^ u_dut.g_seg[1].u_bank.g_inv[38].u_inv._cell/Y (sg13g2_inv_1)
                                                         u_dut.g_seg[1].u_bank.node[39] (net)
                      0.029756    0.000114   11.320197 ^ u_dut.g_seg[1].u_bank.g_inv[39].u_inv._cell/A (sg13g2_inv_1)
     1    0.002758    0.024977    0.038398   11.358595 v u_dut.g_seg[1].u_bank.g_inv[39].u_inv._cell/Y (sg13g2_inv_1)
                                                         u_dut.g_seg[1].u_bank.node[40] (net)
                      0.024977    0.000109   11.358705 v u_dut.g_seg[1].u_bank.g_inv[40].u_inv._cell/A (sg13g2_inv_1)
     1    0.002884    0.029935    0.038920   11.397625 ^ u_dut.g_seg[1].u_bank.g_inv[40].u_inv._cell/Y (sg13g2_inv_1)
                                                         u_dut.g_seg[1].u_bank.node[41] (net)
                      0.029935    0.000115   11.397739 ^ u_dut.g_seg[1].u_bank.g_inv[41].u_inv._cell/A (sg13g2_inv_1)
     1    0.003297    0.027410    0.040580   11.438319 v u_dut.g_seg[1].u_bank.g_inv[41].u_inv._cell/Y (sg13g2_inv_1)
                                                         u_dut.g_seg[1].u_bank.node[42] (net)
                      0.027412    0.000130   11.438449 v u_dut.g_seg[1].u_bank.g_inv[42].u_inv._cell/A (sg13g2_inv_1)
     1    0.003537    0.034143    0.042738   11.481187 ^ u_dut.g_seg[1].u_bank.g_inv[42].u_inv._cell/Y (sg13g2_inv_1)
                                                         u_dut.g_seg[1].u_bank.node[43] (net)
                      0.034145    0.000250   11.481438 ^ u_dut.g_seg[1].u_bank.g_inv[43].u_inv._cell/A (sg13g2_inv_1)
     1    0.003184    0.027759    0.041721   11.523159 v u_dut.g_seg[1].u_bank.g_inv[43].u_inv._cell/Y (sg13g2_inv_1)
                                                         u_dut.g_seg[1].u_bank.node[44] (net)
                      0.027759    0.000125   11.523284 v u_dut.g_seg[1].u_bank.g_inv[44].u_inv._cell/A (sg13g2_inv_1)
     1    0.003564    0.034366    0.042982   11.566266 ^ u_dut.g_seg[1].u_bank.g_inv[44].u_inv._cell/Y (sg13g2_inv_1)
                                                         u_dut.g_seg[1].u_bank.node[45] (net)
                      0.034370    0.000267   11.566533 ^ u_dut.g_seg[1].u_bank.g_inv[45].u_inv._cell/A (sg13g2_inv_1)
     1    0.002741    0.025845    0.040036   11.606569 v u_dut.g_seg[1].u_bank.g_inv[45].u_inv._cell/Y (sg13g2_inv_1)
                                                         u_dut.g_seg[1].u_bank.node[46] (net)
                      0.025845    0.000109   11.606679 v u_dut.g_seg[1].u_bank.g_inv[46].u_inv._cell/A (sg13g2_inv_1)
     1    0.003696    0.034751    0.042851   11.649529 ^ u_dut.g_seg[1].u_bank.g_inv[46].u_inv._cell/Y (sg13g2_inv_1)
                                                         u_dut.g_seg[1].u_bank.node[47] (net)
                      0.034753    0.000278   11.649808 ^ u_dut.g_seg[1].u_bank.g_inv[47].u_inv._cell/A (sg13g2_inv_1)
     1    0.003610    0.029771    0.043610   11.693419 v u_dut.g_seg[1].u_bank.g_inv[47].u_inv._cell/Y (sg13g2_inv_1)
                                                         u_dut.g_seg[1].u_bank.node[48] (net)
                      0.029773    0.000250   11.693668 v u_dut.g_seg[1].u_bank.g_inv[48].u_inv._cell/A (sg13g2_inv_1)
     1    0.003155    0.032461    0.041924   11.735593 ^ u_dut.g_seg[1].u_bank.g_inv[48].u_inv._cell/Y (sg13g2_inv_1)
                                                         u_dut.g_seg[1].u_bank.node[49] (net)
                      0.032461    0.000124   11.735717 ^ u_dut.g_seg[1].u_bank.g_inv[49].u_inv._cell/A (sg13g2_inv_1)
     1    0.003508    0.028865    0.042367   11.778084 v u_dut.g_seg[1].u_bank.g_inv[49].u_inv._cell/Y (sg13g2_inv_1)
                                                         u_dut.g_seg[1].u_bank.node[50] (net)
                      0.028866    0.000139   11.778223 v u_dut.g_seg[1].u_bank.g_inv[50].u_inv._cell/A (sg13g2_inv_1)
     1    0.003398    0.033656    0.042687   11.820910 ^ u_dut.g_seg[1].u_bank.g_inv[50].u_inv._cell/Y (sg13g2_inv_1)
                                                         u_dut.g_seg[1].u_bank.node[51] (net)
                      0.033656    0.000136   11.821046 ^ u_dut.g_seg[1].u_bank.g_inv[51].u_inv._cell/A (sg13g2_inv_1)
     1    0.003991    0.031295    0.044707   11.865753 v u_dut.g_seg[1].u_bank.g_inv[51].u_inv._cell/Y (sg13g2_inv_1)
                                                         u_dut.g_seg[1].u_bank.node[52] (net)
                      0.031297    0.000264   11.866017 v u_dut.g_seg[1].u_bank.g_inv[52].u_inv._cell/A (sg13g2_inv_1)
     1    0.003490    0.034652    0.043971   11.909988 ^ u_dut.g_seg[1].u_bank.g_inv[52].u_inv._cell/Y (sg13g2_inv_1)
                                                         u_dut.g_seg[1].u_bank.node[53] (net)
                      0.034653    0.000261   11.910249 ^ u_dut.g_seg[1].u_bank.g_inv[53].u_inv._cell/A (sg13g2_inv_1)
     1    0.003763    0.030450    0.044214   11.954464 v u_dut.g_seg[1].u_bank.g_inv[53].u_inv._cell/Y (sg13g2_inv_1)
                                                         u_dut.g_seg[1].u_bank.node[54] (net)
                      0.030450    0.000150   11.954614 v u_dut.g_seg[1].u_bank.g_inv[54].u_inv._cell/A (sg13g2_inv_1)
     1    0.002855    0.030898    0.040805   11.995419 ^ u_dut.g_seg[1].u_bank.g_inv[54].u_inv._cell/Y (sg13g2_inv_1)
                                                         u_dut.g_seg[1].u_bank.node[55] (net)
                      0.030898    0.000114   11.995532 ^ u_dut.g_seg[1].u_bank.g_inv[55].u_inv._cell/A (sg13g2_inv_1)
     1    0.003074    0.026611    0.040064   12.035596 v u_dut.g_seg[1].u_bank.g_inv[55].u_inv._cell/Y (sg13g2_inv_1)
                                                         u_dut.g_seg[1].u_bank.node[56] (net)
                      0.026611    0.000122   12.035718 v u_dut.g_seg[1].u_bank.g_inv[56].u_inv._cell/A (sg13g2_inv_1)
     1    0.003278    0.032515    0.041303   12.077021 ^ u_dut.g_seg[1].u_bank.g_inv[56].u_inv._cell/Y (sg13g2_inv_1)
                                                         u_dut.g_seg[1].u_bank.node[57] (net)
                      0.032515    0.000130   12.077150 ^ u_dut.g_seg[1].u_bank.g_inv[57].u_inv._cell/A (sg13g2_inv_1)
     1    0.003037    0.026775    0.040523   12.117674 v u_dut.g_seg[1].u_bank.g_inv[57].u_inv._cell/Y (sg13g2_inv_1)
                                                         u_dut.g_seg[1].u_bank.node[58] (net)
                      0.026775    0.000118   12.117791 v u_dut.g_seg[1].u_bank.g_inv[58].u_inv._cell/A (sg13g2_inv_1)
     1    0.002969    0.030794    0.039971   12.157763 ^ u_dut.g_seg[1].u_bank.g_inv[58].u_inv._cell/Y (sg13g2_inv_1)
                                                         u_dut.g_seg[1].u_bank.node[59] (net)
                      0.030794    0.000118   12.157881 ^ u_dut.g_seg[1].u_bank.g_inv[59].u_inv._cell/A (sg13g2_inv_1)
     1    0.003052    0.026494    0.039940   12.197821 v u_dut.g_seg[1].u_bank.g_inv[59].u_inv._cell/Y (sg13g2_inv_1)
                                                         u_dut.g_seg[1].u_bank.node[60] (net)
                      0.026495    0.000120   12.197941 v u_dut.g_seg[1].u_bank.g_inv[60].u_inv._cell/A (sg13g2_inv_1)
     1    0.002854    0.030077    0.039344   12.237285 ^ u_dut.g_seg[1].u_bank.g_inv[60].u_inv._cell/Y (sg13g2_inv_1)
                                                         u_dut.g_seg[1].u_bank.node[61] (net)
                      0.030077    0.000114   12.237398 ^ u_dut.g_seg[1].u_bank.g_inv[61].u_inv._cell/A (sg13g2_inv_1)
     1    0.002819    0.025312    0.038756   12.276154 v u_dut.g_seg[1].u_bank.g_inv[61].u_inv._cell/Y (sg13g2_inv_1)
                                                         u_dut.g_seg[1].u_bank.node[62] (net)
                      0.025313    0.000112   12.276266 v u_dut.g_seg[1].u_bank.g_inv[62].u_inv._cell/A (sg13g2_inv_1)
     1    0.002925    0.030227    0.039188   12.315454 ^ u_dut.g_seg[1].u_bank.g_inv[62].u_inv._cell/Y (sg13g2_inv_1)
                                                         u_dut.g_seg[1].u_bank.node[63] (net)
                      0.030228    0.000227   12.315681 ^ u_dut.g_seg[1].u_bank.g_inv[63].u_inv._cell/A (sg13g2_inv_1)
     2    0.006189    0.041122    0.052021   12.367702 v u_dut.g_seg[1].u_bank.g_inv[63].u_inv._cell/Y (sg13g2_inv_1)
                                                         u_dut.g_seg[1].u_bank.node[64] (net)
                      0.041138    0.000182   12.367884 v u_dut.g_seg[1].u_bank.g_inv[64].u_inv._cell/A (sg13g2_inv_1)
     1    0.002854    0.033092    0.044737   12.412621 ^ u_dut.g_seg[1].u_bank.g_inv[64].u_inv._cell/Y (sg13g2_inv_1)
                                                         u_dut.g_seg[1].u_bank.node[65] (net)
                      0.033092    0.000114   12.412734 ^ u_dut.g_seg[1].u_bank.g_inv[65].u_inv._cell/A (sg13g2_inv_1)
     1    0.002741    0.025583    0.039564   12.452298 v u_dut.g_seg[1].u_bank.g_inv[65].u_inv._cell/Y (sg13g2_inv_1)
                                                         u_dut.g_seg[1].u_bank.node[66] (net)
                      0.025583    0.000109   12.452408 v u_dut.g_seg[1].u_bank.g_inv[66].u_inv._cell/A (sg13g2_inv_1)
     1    0.002854    0.029889    0.039008   12.491415 ^ u_dut.g_seg[1].u_bank.g_inv[66].u_inv._cell/Y (sg13g2_inv_1)
                                                         u_dut.g_seg[1].u_bank.node[67] (net)
                      0.029889    0.000114   12.491529 ^ u_dut.g_seg[1].u_bank.g_inv[67].u_inv._cell/A (sg13g2_inv_1)
     1    0.002741    0.024926    0.038378   12.529907 v u_dut.g_seg[1].u_bank.g_inv[67].u_inv._cell/Y (sg13g2_inv_1)
                                                         u_dut.g_seg[1].u_bank.node[68] (net)
                      0.024926    0.000109   12.530017 v u_dut.g_seg[1].u_bank.g_inv[68].u_inv._cell/A (sg13g2_inv_1)
     1    0.002854    0.029753    0.038766   12.568783 ^ u_dut.g_seg[1].u_bank.g_inv[68].u_inv._cell/Y (sg13g2_inv_1)
                                                         u_dut.g_seg[1].u_bank.node[69] (net)
                      0.029753    0.000114   12.568896 ^ u_dut.g_seg[1].u_bank.g_inv[69].u_inv._cell/A (sg13g2_inv_1)
     1    0.003031    0.026179    0.039430   12.608326 v u_dut.g_seg[1].u_bank.g_inv[69].u_inv._cell/Y (sg13g2_inv_1)
                                                         u_dut.g_seg[1].u_bank.node[70] (net)
                      0.026179    0.000226   12.608553 v u_dut.g_seg[1].u_bank.g_inv[70].u_inv._cell/A (sg13g2_inv_1)
     1    0.003006    0.030880    0.039917   12.648469 ^ u_dut.g_seg[1].u_bank.g_inv[70].u_inv._cell/Y (sg13g2_inv_1)
                                                         u_dut.g_seg[1].u_bank.node[71] (net)
                      0.030881    0.000119   12.648588 ^ u_dut.g_seg[1].u_bank.g_inv[71].u_inv._cell/A (sg13g2_inv_1)
     1    0.003134    0.026862    0.040254   12.688843 v u_dut.g_seg[1].u_bank.g_inv[71].u_inv._cell/Y (sg13g2_inv_1)
                                                         u_dut.g_seg[1].u_bank.node[72] (net)
                      0.026862    0.000234   12.689075 v u_dut.g_seg[1].u_bank.g_inv[72].u_inv._cell/A (sg13g2_inv_1)
     1    0.003434    0.033445    0.042059   12.731134 ^ u_dut.g_seg[1].u_bank.g_inv[72].u_inv._cell/Y (sg13g2_inv_1)
                                                         u_dut.g_seg[1].u_bank.node[73] (net)
                      0.033446    0.000258   12.731392 ^ u_dut.g_seg[1].u_bank.g_inv[73].u_inv._cell/A (sg13g2_inv_1)
     1    0.002904    0.026377    0.040344   12.771736 v u_dut.g_seg[1].u_bank.g_inv[73].u_inv._cell/Y (sg13g2_inv_1)
                                                         u_dut.g_seg[1].u_bank.node[74] (net)
                      0.026377    0.000115   12.771851 v u_dut.g_seg[1].u_bank.g_inv[74].u_inv._cell/A (sg13g2_inv_1)
     1    0.003068    0.031274    0.040269   12.812119 ^ u_dut.g_seg[1].u_bank.g_inv[74].u_inv._cell/Y (sg13g2_inv_1)
                                                         u_dut.g_seg[1].u_bank.node[75] (net)
                      0.031274    0.000122   12.812242 ^ u_dut.g_seg[1].u_bank.g_inv[75].u_inv._cell/A (sg13g2_inv_1)
     1    0.002912    0.025969    0.039566   12.851807 v u_dut.g_seg[1].u_bank.g_inv[75].u_inv._cell/Y (sg13g2_inv_1)
                                                         u_dut.g_seg[1].u_bank.node[76] (net)
                      0.025969    0.000115   12.851923 v u_dut.g_seg[1].u_bank.g_inv[76].u_inv._cell/A (sg13g2_inv_1)
     1    0.003129    0.031540    0.040395   12.892318 ^ u_dut.g_seg[1].u_bank.g_inv[76].u_inv._cell/Y (sg13g2_inv_1)
                                                         u_dut.g_seg[1].u_bank.node[77] (net)
                      0.031541    0.000124   12.892442 ^ u_dut.g_seg[1].u_bank.g_inv[77].u_inv._cell/A (sg13g2_inv_1)
     1    0.003420    0.028275    0.041631   12.934072 v u_dut.g_seg[1].u_bank.g_inv[77].u_inv._cell/Y (sg13g2_inv_1)
                                                         u_dut.g_seg[1].u_bank.node[78] (net)
                      0.028278    0.000251   12.934324 v u_dut.g_seg[1].u_bank.g_inv[78].u_inv._cell/A (sg13g2_inv_1)
     1    0.002884    0.030615    0.040137   12.974461 ^ u_dut.g_seg[1].u_bank.g_inv[78].u_inv._cell/Y (sg13g2_inv_1)
                                                         u_dut.g_seg[1].u_bank.node[79] (net)
                      0.030615    0.000115   12.974576 ^ u_dut.g_seg[1].u_bank.g_inv[79].u_inv._cell/A (sg13g2_inv_1)
     1    0.003020    0.026315    0.039746   13.014321 v u_dut.g_seg[1].u_bank.g_inv[79].u_inv._cell/Y (sg13g2_inv_1)
                                                         u_dut.g_seg[1].u_bank.node[80] (net)
                      0.026315    0.000119   13.014441 v u_dut.g_seg[1].u_bank.g_inv[80].u_inv._cell/A (sg13g2_inv_1)
     1    0.003372    0.032996    0.041621   13.056062 ^ u_dut.g_seg[1].u_bank.g_inv[80].u_inv._cell/Y (sg13g2_inv_1)
                                                         u_dut.g_seg[1].u_bank.node[81] (net)
                      0.032996    0.000131   13.056193 ^ u_dut.g_seg[1].u_bank.g_inv[81].u_inv._cell/A (sg13g2_inv_1)
     1    0.002831    0.025953    0.039849   13.096042 v u_dut.g_seg[1].u_bank.g_inv[81].u_inv._cell/Y (sg13g2_inv_1)
                                                         u_dut.g_seg[1].u_bank.node[82] (net)
                      0.025953    0.000218   13.096259 v u_dut.g_seg[1].u_bank.g_inv[82].u_inv._cell/A (sg13g2_inv_1)
     1    0.002874    0.030083    0.039238   13.135497 ^ u_dut.g_seg[1].u_bank.g_inv[82].u_inv._cell/Y (sg13g2_inv_1)
                                                         u_dut.g_seg[1].u_bank.node[83] (net)
                      0.030083    0.000115   13.135612 ^ u_dut.g_seg[1].u_bank.g_inv[83].u_inv._cell/A (sg13g2_inv_1)
     1    0.002741    0.024966    0.038450   13.174062 v u_dut.g_seg[1].u_bank.g_inv[83].u_inv._cell/Y (sg13g2_inv_1)
                                                         u_dut.g_seg[1].u_bank.node[84] (net)
                      0.024966    0.000109   13.174171 v u_dut.g_seg[1].u_bank.g_inv[84].u_inv._cell/A (sg13g2_inv_1)
     1    0.002854    0.029762    0.038781   13.212952 ^ u_dut.g_seg[1].u_bank.g_inv[84].u_inv._cell/Y (sg13g2_inv_1)
                                                         u_dut.g_seg[1].u_bank.node[85] (net)
                      0.029762    0.000114   13.213066 ^ u_dut.g_seg[1].u_bank.g_inv[85].u_inv._cell/A (sg13g2_inv_1)
     1    0.002741    0.024900    0.038331   13.251397 v u_dut.g_seg[1].u_bank.g_inv[85].u_inv._cell/Y (sg13g2_inv_1)
                                                         u_dut.g_seg[1].u_bank.node[86] (net)
                      0.024900    0.000109   13.251506 v u_dut.g_seg[1].u_bank.g_inv[86].u_inv._cell/A (sg13g2_inv_1)
     1    0.002854    0.029748    0.038757   13.290262 ^ u_dut.g_seg[1].u_bank.g_inv[86].u_inv._cell/Y (sg13g2_inv_1)
                                                         u_dut.g_seg[1].u_bank.node[87] (net)
                      0.029748    0.000114   13.290377 ^ u_dut.g_seg[1].u_bank.g_inv[87].u_inv._cell/A (sg13g2_inv_1)
     1    0.002741    0.024897    0.038326   13.328702 v u_dut.g_seg[1].u_bank.g_inv[87].u_inv._cell/Y (sg13g2_inv_1)
                                                         u_dut.g_seg[1].u_bank.node[88] (net)
                      0.024897    0.000109   13.328812 v u_dut.g_seg[1].u_bank.g_inv[88].u_inv._cell/A (sg13g2_inv_1)
     1    0.002855    0.029752    0.038759   13.367571 ^ u_dut.g_seg[1].u_bank.g_inv[88].u_inv._cell/Y (sg13g2_inv_1)
                                                         u_dut.g_seg[1].u_bank.node[89] (net)
                      0.029752    0.000114   13.367684 ^ u_dut.g_seg[1].u_bank.g_inv[89].u_inv._cell/A (sg13g2_inv_1)
     1    0.003339    0.027545    0.040627   13.408311 v u_dut.g_seg[1].u_bank.g_inv[89].u_inv._cell/Y (sg13g2_inv_1)
                                                         u_dut.g_seg[1].u_bank.node[90] (net)
                      0.027554    0.000254   13.408566 v u_dut.g_seg[1].u_bank.g_inv[90].u_inv._cell/A (sg13g2_inv_1)
     1    0.003288    0.032758    0.041664   13.450230 ^ u_dut.g_seg[1].u_bank.g_inv[90].u_inv._cell/Y (sg13g2_inv_1)
                                                         u_dut.g_seg[1].u_bank.node[91] (net)
                      0.032759    0.000241   13.450471 ^ u_dut.g_seg[1].u_bank.g_inv[91].u_inv._cell/A (sg13g2_inv_1)
     1    0.002908    0.026255    0.040103   13.490574 v u_dut.g_seg[1].u_bank.g_inv[91].u_inv._cell/Y (sg13g2_inv_1)
                                                         u_dut.g_seg[1].u_bank.node[92] (net)
                      0.026255    0.000115   13.490689 v u_dut.g_seg[1].u_bank.g_inv[92].u_inv._cell/A (sg13g2_inv_1)
     1    0.003101    0.031425    0.040329   13.531017 ^ u_dut.g_seg[1].u_bank.g_inv[92].u_inv._cell/Y (sg13g2_inv_1)
                                                         u_dut.g_seg[1].u_bank.node[93] (net)
                      0.031425    0.000238   13.531256 ^ u_dut.g_seg[1].u_bank.g_inv[93].u_inv._cell/A (sg13g2_inv_1)
     1    0.003304    0.027726    0.041126   13.572382 v u_dut.g_seg[1].u_bank.g_inv[93].u_inv._cell/Y (sg13g2_inv_1)
                                                         u_dut.g_seg[1].u_bank.node[94] (net)
                      0.027731    0.000248   13.572630 v u_dut.g_seg[1].u_bank.g_inv[94].u_inv._cell/A (sg13g2_inv_1)
     1    0.003854    0.036033    0.044287   13.616917 ^ u_dut.g_seg[1].u_bank.g_inv[94].u_inv._cell/Y (sg13g2_inv_1)
                                                         u_dut.g_seg[1].u_bank.node[95] (net)
                      0.036035    0.000269   13.617186 ^ u_dut.g_seg[1].u_bank.g_inv[95].u_inv._cell/A (sg13g2_inv_1)
     1    0.003110    0.027801    0.042093   13.659280 v u_dut.g_seg[1].u_bank.g_inv[95].u_inv._cell/Y (sg13g2_inv_1)
                                                         u_dut.g_seg[1].u_bank.node[96] (net)
                      0.027802    0.000231   13.659511 v u_dut.g_seg[1].u_bank.u_mux.u_m1/A1 (sg13g2_mux2_1)
     1    0.003667    0.058637    0.168383   13.827893 v u_dut.g_seg[1].u_bank.u_mux.u_m1/X (sg13g2_mux2_1)
                                                         u_dut.g_seg[1].u_bank.u_mux.w1 (net)
                      0.058637    0.000254   13.828147 v u_dut.g_seg[1].u_bank.u_mux.u_m2/A1 (sg13g2_mux2_1)
     2    0.024932    0.153522    0.291446   14.119593 v u_dut.g_seg[1].u_bank.u_mux.u_m2/X (sg13g2_mux2_1)
                                                         u_dut.g_seg[1].bank_dout (net)
                      0.153586    0.002951   14.122544 v u_dut.g_seg[2].g_fa[0].u_fa.u_a2/A (sg13g2_and2_1)
     1    0.005682    0.048043    0.165298   14.287843 v u_dut.g_seg[2].g_fa[0].u_fa.u_a2/X (sg13g2_and2_1)
                                                         u_dut.g_seg[2].g_fa[0].u_fa.v (net)
                      0.048045    0.000331   14.288174 v u_dut.g_seg[2].g_fa[0].u_fa.u_o1/B (sg13g2_or2_1)
     2    0.010339    0.077381    0.188138   14.476312 v u_dut.g_seg[2].g_fa[0].u_fa.u_o1/X (sg13g2_or2_1)
                                                         u_dut.g_seg[2].g_fa[0].u_fa.co (net)
                      0.077382    0.000435   14.476747 v u_dut.g_seg[2].g_fa[1].u_fa.u_a2/A (sg13g2_and2_1)
     1    0.002979    0.036450    0.121707   14.598454 v u_dut.g_seg[2].g_fa[1].u_fa.u_a2/X (sg13g2_and2_1)
                                                         u_dut.g_seg[2].g_fa[1].u_fa.v (net)
                      0.036450    0.000206   14.598660 v u_dut.g_seg[2].g_fa[1].u_fa.u_o1/B (sg13g2_or2_1)
     2    0.009454    0.073101    0.178850   14.777510 v u_dut.g_seg[2].g_fa[1].u_fa.u_o1/X (sg13g2_or2_1)
                                                         u_dut.g_seg[2].g_fa[1].u_fa.co (net)
                      0.073105    0.000624   14.778133 v u_dut.g_seg[2].g_fa[2].u_fa.u_a2/A (sg13g2_and2_1)
     1    0.002406    0.034698    0.117211   14.895345 v u_dut.g_seg[2].g_fa[2].u_fa.u_a2/X (sg13g2_and2_1)
                                                         u_dut.g_seg[2].g_fa[2].u_fa.v (net)
                      0.034698    0.000181   14.895526 v u_dut.g_seg[2].g_fa[2].u_fa.u_o1/B (sg13g2_or2_1)
     2    0.010717    0.079394    0.183840   15.079366 v u_dut.g_seg[2].g_fa[2].u_fa.u_o1/X (sg13g2_or2_1)
                                                         u_dut.g_seg[2].g_fa[2].u_fa.co (net)
                      0.079401    0.000810   15.080175 v u_dut.g_seg[2].g_fa[3].u_fa.u_a2/A (sg13g2_and2_1)
     1    0.002936    0.036687    0.122554   15.202730 v u_dut.g_seg[2].g_fa[3].u_fa.u_a2/X (sg13g2_and2_1)
                                                         u_dut.g_seg[2].g_fa[3].u_fa.v (net)
                      0.036687    0.000199   15.202929 v u_dut.g_seg[2].g_fa[3].u_fa.u_o1/B (sg13g2_or2_1)
     2    0.005804    0.055881    0.162213   15.365143 v u_dut.g_seg[2].g_fa[3].u_fa.u_o1/X (sg13g2_or2_1)
                                                         u_dut.g_seg[2].u_bank.node[0] (net)
                      0.055881    0.000176   15.365318 v u_dut.g_seg[2].u_bank.g_inv[0].u_inv._cell/A (sg13g2_inv_1)
     1    0.003063    0.037268    0.051170   15.416488 ^ u_dut.g_seg[2].u_bank.g_inv[0].u_inv._cell/Y (sg13g2_inv_1)
                                                         u_dut.g_seg[2].u_bank.node[1] (net)
                      0.037268    0.000121   15.416609 ^ u_dut.g_seg[2].u_bank.g_inv[1].u_inv._cell/A (sg13g2_inv_1)
     1    0.002744    0.026453    0.041121   15.457729 v u_dut.g_seg[2].u_bank.g_inv[1].u_inv._cell/Y (sg13g2_inv_1)
                                                         u_dut.g_seg[2].u_bank.node[2] (net)
                      0.026453    0.000110   15.457840 v u_dut.g_seg[2].u_bank.g_inv[2].u_inv._cell/A (sg13g2_inv_1)
     1    0.003370    0.033001    0.041620   15.499460 ^ u_dut.g_seg[2].u_bank.g_inv[2].u_inv._cell/Y (sg13g2_inv_1)
                                                         u_dut.g_seg[2].u_bank.node[3] (net)
                      0.033001    0.000249   15.499708 ^ u_dut.g_seg[2].u_bank.g_inv[3].u_inv._cell/A (sg13g2_inv_1)
     1    0.003208    0.027632    0.041384   15.541093 v u_dut.g_seg[2].u_bank.g_inv[3].u_inv._cell/Y (sg13g2_inv_1)
                                                         u_dut.g_seg[2].u_bank.node[4] (net)
                      0.027632    0.000126   15.541219 v u_dut.g_seg[2].u_bank.g_inv[4].u_inv._cell/A (sg13g2_inv_1)
     1    0.003189    0.032208    0.041240   15.582458 ^ u_dut.g_seg[2].u_bank.g_inv[4].u_inv._cell/Y (sg13g2_inv_1)
                                                         u_dut.g_seg[2].u_bank.node[5] (net)
                      0.032208    0.000240   15.582698 ^ u_dut.g_seg[2].u_bank.g_inv[5].u_inv._cell/A (sg13g2_inv_1)
     1    0.003163    0.027259    0.040867   15.623565 v u_dut.g_seg[2].u_bank.g_inv[5].u_inv._cell/Y (sg13g2_inv_1)
                                                         u_dut.g_seg[2].u_bank.node[6] (net)
                      0.027259    0.000234   15.623799 v u_dut.g_seg[2].u_bank.g_inv[6].u_inv._cell/A (sg13g2_inv_1)
     1    0.003786    0.035550    0.043801   15.667601 ^ u_dut.g_seg[2].u_bank.g_inv[6].u_inv._cell/Y (sg13g2_inv_1)
                                                         u_dut.g_seg[2].u_bank.node[7] (net)
                      0.035552    0.000266   15.667868 ^ u_dut.g_seg[2].u_bank.g_inv[7].u_inv._cell/A (sg13g2_inv_1)
     1    0.004182    0.032537    0.046191   15.714058 v u_dut.g_seg[2].u_bank.g_inv[7].u_inv._cell/Y (sg13g2_inv_1)
                                                         u_dut.g_seg[2].u_bank.node[8] (net)
                      0.032539    0.000282   15.714340 v u_dut.g_seg[2].u_bank.g_inv[8].u_inv._cell/A (sg13g2_inv_1)
     1    0.003185    0.033194    0.043089   15.757429 ^ u_dut.g_seg[2].u_bank.g_inv[8].u_inv._cell/Y (sg13g2_inv_1)
                                                         u_dut.g_seg[2].u_bank.node[9] (net)
                      0.033194    0.000126   15.757556 ^ u_dut.g_seg[2].u_bank.g_inv[9].u_inv._cell/A (sg13g2_inv_1)
     1    0.002869    0.026170    0.040110   15.797666 v u_dut.g_seg[2].u_bank.g_inv[9].u_inv._cell/Y (sg13g2_inv_1)
                                                         u_dut.g_seg[2].u_bank.node[10] (net)
                      0.026170    0.000114   15.797779 v u_dut.g_seg[2].u_bank.g_inv[10].u_inv._cell/A (sg13g2_inv_1)
     1    0.002854    0.030010    0.039224   15.837004 ^ u_dut.g_seg[2].u_bank.g_inv[10].u_inv._cell/Y (sg13g2_inv_1)
                                                         u_dut.g_seg[2].u_bank.node[11] (net)
                      0.030010    0.000114   15.837117 ^ u_dut.g_seg[2].u_bank.g_inv[11].u_inv._cell/A (sg13g2_inv_1)
     1    0.002741    0.024951    0.038423   15.875540 v u_dut.g_seg[2].u_bank.g_inv[11].u_inv._cell/Y (sg13g2_inv_1)
                                                         u_dut.g_seg[2].u_bank.node[12] (net)
                      0.024951    0.000110   15.875649 v u_dut.g_seg[2].u_bank.g_inv[12].u_inv._cell/A (sg13g2_inv_1)
     1    0.002854    0.029758    0.038776   15.914426 ^ u_dut.g_seg[2].u_bank.g_inv[12].u_inv._cell/Y (sg13g2_inv_1)
                                                         u_dut.g_seg[2].u_bank.node[13] (net)
                      0.029759    0.000114   15.914539 ^ u_dut.g_seg[2].u_bank.g_inv[13].u_inv._cell/A (sg13g2_inv_1)
     1    0.002741    0.024899    0.038330   15.952869 v u_dut.g_seg[2].u_bank.g_inv[13].u_inv._cell/Y (sg13g2_inv_1)
                                                         u_dut.g_seg[2].u_bank.node[14] (net)
                      0.024899    0.000110   15.952980 v u_dut.g_seg[2].u_bank.g_inv[14].u_inv._cell/A (sg13g2_inv_1)
     1    0.002854    0.029748    0.038757   15.991736 ^ u_dut.g_seg[2].u_bank.g_inv[14].u_inv._cell/Y (sg13g2_inv_1)
                                                         u_dut.g_seg[2].u_bank.node[15] (net)
                      0.029748    0.000114   15.991850 ^ u_dut.g_seg[2].u_bank.g_inv[15].u_inv._cell/A (sg13g2_inv_1)
     1    0.002780    0.025071    0.038479   16.030329 v u_dut.g_seg[2].u_bank.g_inv[15].u_inv._cell/Y (sg13g2_inv_1)
                                                         u_dut.g_seg[2].u_bank.node[16] (net)
                      0.025071    0.000110   16.030439 v u_dut.g_seg[2].u_bank.g_inv[16].u_inv._cell/A (sg13g2_inv_1)
     1    0.002854    0.029783    0.038821   16.069260 ^ u_dut.g_seg[2].u_bank.g_inv[16].u_inv._cell/Y (sg13g2_inv_1)
                                                         u_dut.g_seg[2].u_bank.node[17] (net)
                      0.029783    0.000114   16.069374 ^ u_dut.g_seg[2].u_bank.g_inv[17].u_inv._cell/A (sg13g2_inv_1)
     1    0.002741    0.024904    0.038339   16.107714 v u_dut.g_seg[2].u_bank.g_inv[17].u_inv._cell/Y (sg13g2_inv_1)
                                                         u_dut.g_seg[2].u_bank.node[18] (net)
                      0.024904    0.000110   16.107822 v u_dut.g_seg[2].u_bank.g_inv[18].u_inv._cell/A (sg13g2_inv_1)
     1    0.003073    0.031002    0.039746   16.147570 ^ u_dut.g_seg[2].u_bank.g_inv[18].u_inv._cell/Y (sg13g2_inv_1)
                                                         u_dut.g_seg[2].u_bank.node[19] (net)
                      0.031002    0.000123   16.147692 ^ u_dut.g_seg[2].u_bank.g_inv[19].u_inv._cell/A (sg13g2_inv_1)
     1    0.002774    0.025301    0.038920   16.186611 v u_dut.g_seg[2].u_bank.g_inv[19].u_inv._cell/Y (sg13g2_inv_1)
                                                         u_dut.g_seg[2].u_bank.node[20] (net)
                      0.025301    0.000110   16.186722 v u_dut.g_seg[2].u_bank.g_inv[20].u_inv._cell/A (sg13g2_inv_1)
     1    0.003143    0.031481    0.040208   16.226929 ^ u_dut.g_seg[2].u_bank.g_inv[20].u_inv._cell/Y (sg13g2_inv_1)
                                                         u_dut.g_seg[2].u_bank.node[21] (net)
                      0.031481    0.000124   16.227055 ^ u_dut.g_seg[2].u_bank.g_inv[21].u_inv._cell/A (sg13g2_inv_1)
     1    0.003119    0.026931    0.040462   16.267515 v u_dut.g_seg[2].u_bank.g_inv[21].u_inv._cell/Y (sg13g2_inv_1)
                                                         u_dut.g_seg[2].u_bank.node[22] (net)
                      0.026932    0.000123   16.267639 v u_dut.g_seg[2].u_bank.g_inv[22].u_inv._cell/A (sg13g2_inv_1)
     1    0.002854    0.030167    0.039504   16.307142 ^ u_dut.g_seg[2].u_bank.g_inv[22].u_inv._cell/Y (sg13g2_inv_1)
                                                         u_dut.g_seg[2].u_bank.node[23] (net)
                      0.030167    0.000114   16.307257 ^ u_dut.g_seg[2].u_bank.g_inv[23].u_inv._cell/A (sg13g2_inv_1)
     1    0.002741    0.024983    0.038481   16.345737 v u_dut.g_seg[2].u_bank.g_inv[23].u_inv._cell/Y (sg13g2_inv_1)
                                                         u_dut.g_seg[2].u_bank.node[24] (net)
                      0.024983    0.000110   16.345848 v u_dut.g_seg[2].u_bank.g_inv[24].u_inv._cell/A (sg13g2_inv_1)
     1    0.002859    0.029795    0.038810   16.384657 ^ u_dut.g_seg[2].u_bank.g_inv[24].u_inv._cell/Y (sg13g2_inv_1)
                                                         u_dut.g_seg[2].u_bank.node[25] (net)
                      0.029795    0.000114   16.384771 ^ u_dut.g_seg[2].u_bank.g_inv[25].u_inv._cell/A (sg13g2_inv_1)
     1    0.002771    0.025040    0.038462   16.423233 v u_dut.g_seg[2].u_bank.g_inv[25].u_inv._cell/Y (sg13g2_inv_1)
                                                         u_dut.g_seg[2].u_bank.node[26] (net)
                      0.025040    0.000110   16.423344 v u_dut.g_seg[2].u_bank.g_inv[26].u_inv._cell/A (sg13g2_inv_1)
     1    0.003236    0.031963    0.040533   16.463877 ^ u_dut.g_seg[2].u_bank.g_inv[26].u_inv._cell/Y (sg13g2_inv_1)
                                                         u_dut.g_seg[2].u_bank.node[27] (net)
                      0.031963    0.000128   16.464005 ^ u_dut.g_seg[2].u_bank.g_inv[27].u_inv._cell/A (sg13g2_inv_1)
     1    0.002923    0.026151    0.039831   16.503836 v u_dut.g_seg[2].u_bank.g_inv[27].u_inv._cell/Y (sg13g2_inv_1)
                                                         u_dut.g_seg[2].u_bank.node[28] (net)
                      0.026151    0.000222   16.504057 v u_dut.g_seg[2].u_bank.g_inv[28].u_inv._cell/A (sg13g2_inv_1)
     1    0.002921    0.030382    0.039481   16.543539 ^ u_dut.g_seg[2].u_bank.g_inv[28].u_inv._cell/Y (sg13g2_inv_1)
                                                         u_dut.g_seg[2].u_bank.node[29] (net)
                      0.030382    0.000229   16.543768 ^ u_dut.g_seg[2].u_bank.g_inv[29].u_inv._cell/A (sg13g2_inv_1)
     1    0.002741    0.025027    0.038561   16.582329 v u_dut.g_seg[2].u_bank.g_inv[29].u_inv._cell/Y (sg13g2_inv_1)
                                                         u_dut.g_seg[2].u_bank.node[30] (net)
                      0.025027    0.000110   16.582439 v u_dut.g_seg[2].u_bank.g_inv[30].u_inv._cell/A (sg13g2_inv_1)
     1    0.003174    0.031603    0.040247   16.622686 ^ u_dut.g_seg[2].u_bank.g_inv[30].u_inv._cell/Y (sg13g2_inv_1)
                                                         u_dut.g_seg[2].u_bank.node[31] (net)
                      0.031603    0.000124   16.622810 ^ u_dut.g_seg[2].u_bank.g_inv[31].u_inv._cell/A (sg13g2_inv_1)
     2    0.006998    0.045313    0.055771   16.678581 v u_dut.g_seg[2].u_bank.g_inv[31].u_inv._cell/Y (sg13g2_inv_1)
                                                         u_dut.g_seg[2].u_bank.node[32] (net)
                      0.045315    0.000197   16.678778 v u_dut.g_seg[2].u_bank.g_inv[32].u_inv._cell/A (sg13g2_inv_1)
     1    0.002854    0.033954    0.046274   16.725052 ^ u_dut.g_seg[2].u_bank.g_inv[32].u_inv._cell/Y (sg13g2_inv_1)
                                                         u_dut.g_seg[2].u_bank.node[33] (net)
                      0.033954    0.000114   16.725166 ^ u_dut.g_seg[2].u_bank.g_inv[33].u_inv._cell/A (sg13g2_inv_1)
     1    0.003185    0.027710    0.041608   16.766773 v u_dut.g_seg[2].u_bank.g_inv[33].u_inv._cell/Y (sg13g2_inv_1)
                                                         u_dut.g_seg[2].u_bank.node[34] (net)
                      0.027711    0.000243   16.767017 v u_dut.g_seg[2].u_bank.g_inv[34].u_inv._cell/A (sg13g2_inv_1)
     1    0.003064    0.031522    0.040744   16.807760 ^ u_dut.g_seg[2].u_bank.g_inv[34].u_inv._cell/Y (sg13g2_inv_1)
                                                         u_dut.g_seg[2].u_bank.node[35] (net)
                      0.031523    0.000123   16.807884 ^ u_dut.g_seg[2].u_bank.g_inv[35].u_inv._cell/A (sg13g2_inv_1)
     1    0.002741    0.025261    0.038982   16.846867 v u_dut.g_seg[2].u_bank.g_inv[35].u_inv._cell/Y (sg13g2_inv_1)
                                                         u_dut.g_seg[2].u_bank.node[36] (net)
                      0.025261    0.000110   16.846975 v u_dut.g_seg[2].u_bank.g_inv[36].u_inv._cell/A (sg13g2_inv_1)
     1    0.002854    0.029822    0.038890   16.885866 ^ u_dut.g_seg[2].u_bank.g_inv[36].u_inv._cell/Y (sg13g2_inv_1)
                                                         u_dut.g_seg[2].u_bank.node[37] (net)
                      0.029823    0.000114   16.885979 ^ u_dut.g_seg[2].u_bank.g_inv[37].u_inv._cell/A (sg13g2_inv_1)
     1    0.002741    0.024912    0.038353   16.924334 v u_dut.g_seg[2].u_bank.g_inv[37].u_inv._cell/Y (sg13g2_inv_1)
                                                         u_dut.g_seg[2].u_bank.node[38] (net)
                      0.024912    0.000110   16.924442 v u_dut.g_seg[2].u_bank.g_inv[38].u_inv._cell/A (sg13g2_inv_1)
     1    0.002960    0.030356    0.039240   16.963682 ^ u_dut.g_seg[2].u_bank.g_inv[38].u_inv._cell/Y (sg13g2_inv_1)
                                                         u_dut.g_seg[2].u_bank.node[39] (net)
                      0.030357    0.000117   16.963800 ^ u_dut.g_seg[2].u_bank.g_inv[39].u_inv._cell/A (sg13g2_inv_1)
     1    0.002745    0.025041    0.038568   17.002369 v u_dut.g_seg[2].u_bank.g_inv[39].u_inv._cell/Y (sg13g2_inv_1)
                                                         u_dut.g_seg[2].u_bank.node[40] (net)
                      0.025042    0.000110   17.002478 v u_dut.g_seg[2].u_bank.g_inv[40].u_inv._cell/A (sg13g2_inv_1)
     1    0.002858    0.029802    0.038829   17.041307 ^ u_dut.g_seg[2].u_bank.g_inv[40].u_inv._cell/Y (sg13g2_inv_1)
                                                         u_dut.g_seg[2].u_bank.node[41] (net)
                      0.029803    0.000114   17.041422 ^ u_dut.g_seg[2].u_bank.g_inv[41].u_inv._cell/A (sg13g2_inv_1)
     1    0.002741    0.024910    0.038348   17.079769 v u_dut.g_seg[2].u_bank.g_inv[41].u_inv._cell/Y (sg13g2_inv_1)
                                                         u_dut.g_seg[2].u_bank.node[42] (net)
                      0.024910    0.000110   17.079880 v u_dut.g_seg[2].u_bank.g_inv[42].u_inv._cell/A (sg13g2_inv_1)
     1    0.002884    0.029925    0.038899   17.118778 ^ u_dut.g_seg[2].u_bank.g_inv[42].u_inv._cell/Y (sg13g2_inv_1)
                                                         u_dut.g_seg[2].u_bank.node[43] (net)
                      0.029925    0.000114   17.118891 ^ u_dut.g_seg[2].u_bank.g_inv[43].u_inv._cell/A (sg13g2_inv_1)
     1    0.003080    0.026444    0.039726   17.158619 v u_dut.g_seg[2].u_bank.g_inv[43].u_inv._cell/Y (sg13g2_inv_1)
                                                         u_dut.g_seg[2].u_bank.node[44] (net)
                      0.026444    0.000121   17.158739 v u_dut.g_seg[2].u_bank.g_inv[44].u_inv._cell/A (sg13g2_inv_1)
     1    0.002854    0.030069    0.039327   17.198065 ^ u_dut.g_seg[2].u_bank.g_inv[44].u_inv._cell/Y (sg13g2_inv_1)
                                                         u_dut.g_seg[2].u_bank.node[45] (net)
                      0.030069    0.000114   17.198179 ^ u_dut.g_seg[2].u_bank.g_inv[45].u_inv._cell/A (sg13g2_inv_1)
     1    0.002907    0.025692    0.039062   17.237242 v u_dut.g_seg[2].u_bank.g_inv[45].u_inv._cell/Y (sg13g2_inv_1)
                                                         u_dut.g_seg[2].u_bank.node[46] (net)
                      0.025692    0.000222   17.237463 v u_dut.g_seg[2].u_bank.g_inv[46].u_inv._cell/A (sg13g2_inv_1)
     1    0.002858    0.029937    0.039069   17.276533 ^ u_dut.g_seg[2].u_bank.g_inv[46].u_inv._cell/Y (sg13g2_inv_1)
                                                         u_dut.g_seg[2].u_bank.node[47] (net)
                      0.029937    0.000114   17.276646 ^ u_dut.g_seg[2].u_bank.g_inv[47].u_inv._cell/A (sg13g2_inv_1)
     1    0.002973    0.025967    0.039307   17.315954 v u_dut.g_seg[2].u_bank.g_inv[47].u_inv._cell/Y (sg13g2_inv_1)
                                                         u_dut.g_seg[2].u_bank.node[48] (net)
                      0.025967    0.000117   17.316071 v u_dut.g_seg[2].u_bank.g_inv[48].u_inv._cell/A (sg13g2_inv_1)
     1    0.002911    0.030287    0.039371   17.355442 ^ u_dut.g_seg[2].u_bank.g_inv[48].u_inv._cell/Y (sg13g2_inv_1)
                                                         u_dut.g_seg[2].u_bank.node[49] (net)
                      0.030288    0.000226   17.355667 ^ u_dut.g_seg[2].u_bank.g_inv[49].u_inv._cell/A (sg13g2_inv_1)
     1    0.003079    0.026511    0.039856   17.395523 v u_dut.g_seg[2].u_bank.g_inv[49].u_inv._cell/Y (sg13g2_inv_1)
                                                         u_dut.g_seg[2].u_bank.node[50] (net)
                      0.026511    0.000121   17.395645 v u_dut.g_seg[2].u_bank.g_inv[50].u_inv._cell/A (sg13g2_inv_1)
     1    0.002928    0.030491    0.039645   17.435289 ^ u_dut.g_seg[2].u_bank.g_inv[50].u_inv._cell/Y (sg13g2_inv_1)
                                                         u_dut.g_seg[2].u_bank.node[51] (net)
                      0.030491    0.000226   17.435514 ^ u_dut.g_seg[2].u_bank.g_inv[51].u_inv._cell/A (sg13g2_inv_1)
     1    0.003521    0.028525    0.041627   17.477142 v u_dut.g_seg[2].u_bank.g_inv[51].u_inv._cell/Y (sg13g2_inv_1)
                                                         u_dut.g_seg[2].u_bank.node[52] (net)
                      0.028527    0.000258   17.477400 v u_dut.g_seg[2].u_bank.g_inv[52].u_inv._cell/A (sg13g2_inv_1)
     1    0.003029    0.031480    0.040847   17.518248 ^ u_dut.g_seg[2].u_bank.g_inv[52].u_inv._cell/Y (sg13g2_inv_1)
                                                         u_dut.g_seg[2].u_bank.node[53] (net)
                      0.031480    0.000231   17.518478 ^ u_dut.g_seg[2].u_bank.g_inv[53].u_inv._cell/A (sg13g2_inv_1)
     1    0.002896    0.025943    0.039583   17.558060 v u_dut.g_seg[2].u_bank.g_inv[53].u_inv._cell/Y (sg13g2_inv_1)
                                                         u_dut.g_seg[2].u_bank.node[54] (net)
                      0.025943    0.000115   17.558176 v u_dut.g_seg[2].u_bank.g_inv[54].u_inv._cell/A (sg13g2_inv_1)
     1    0.003855    0.035692    0.043617   17.601793 ^ u_dut.g_seg[2].u_bank.g_inv[54].u_inv._cell/Y (sg13g2_inv_1)
                                                         u_dut.g_seg[2].u_bank.node[55] (net)
                      0.035694    0.000268   17.602060 ^ u_dut.g_seg[2].u_bank.g_inv[55].u_inv._cell/A (sg13g2_inv_1)
     1    0.003285    0.028504    0.042666   17.644728 v u_dut.g_seg[2].u_bank.g_inv[55].u_inv._cell/Y (sg13g2_inv_1)
                                                         u_dut.g_seg[2].u_bank.node[56] (net)
                      0.028505    0.000238   17.644964 v u_dut.g_seg[2].u_bank.g_inv[56].u_inv._cell/A (sg13g2_inv_1)
     1    0.003495    0.034121    0.042951   17.687916 ^ u_dut.g_seg[2].u_bank.g_inv[56].u_inv._cell/Y (sg13g2_inv_1)
                                                         u_dut.g_seg[2].u_bank.node[57] (net)
                      0.034121    0.000254   17.688169 ^ u_dut.g_seg[2].u_bank.g_inv[57].u_inv._cell/A (sg13g2_inv_1)
     1    0.003047    0.027138    0.041126   17.729296 v u_dut.g_seg[2].u_bank.g_inv[57].u_inv._cell/Y (sg13g2_inv_1)
                                                         u_dut.g_seg[2].u_bank.node[58] (net)
                      0.027139    0.000229   17.729525 v u_dut.g_seg[2].u_bank.g_inv[58].u_inv._cell/A (sg13g2_inv_1)
     1    0.003222    0.032307    0.041249   17.770773 ^ u_dut.g_seg[2].u_bank.g_inv[58].u_inv._cell/Y (sg13g2_inv_1)
                                                         u_dut.g_seg[2].u_bank.node[59] (net)
                      0.032307    0.000128   17.770903 ^ u_dut.g_seg[2].u_bank.g_inv[59].u_inv._cell/A (sg13g2_inv_1)
     1    0.002870    0.025993    0.039783   17.810684 v u_dut.g_seg[2].u_bank.g_inv[59].u_inv._cell/Y (sg13g2_inv_1)
                                                         u_dut.g_seg[2].u_bank.node[60] (net)
                      0.025993    0.000114   17.810799 v u_dut.g_seg[2].u_bank.g_inv[60].u_inv._cell/A (sg13g2_inv_1)
     1    0.002854    0.029973    0.039160   17.849958 ^ u_dut.g_seg[2].u_bank.g_inv[60].u_inv._cell/Y (sg13g2_inv_1)
                                                         u_dut.g_seg[2].u_bank.node[61] (net)
                      0.029974    0.000114   17.850073 ^ u_dut.g_seg[2].u_bank.g_inv[61].u_inv._cell/A (sg13g2_inv_1)
     1    0.002745    0.024964    0.038428   17.888500 v u_dut.g_seg[2].u_bank.g_inv[61].u_inv._cell/Y (sg13g2_inv_1)
                                                         u_dut.g_seg[2].u_bank.node[62] (net)
                      0.024964    0.000110   17.888611 v u_dut.g_seg[2].u_bank.g_inv[62].u_inv._cell/A (sg13g2_inv_1)
     1    0.002859    0.029789    0.038803   17.927412 ^ u_dut.g_seg[2].u_bank.g_inv[62].u_inv._cell/Y (sg13g2_inv_1)
                                                         u_dut.g_seg[2].u_bank.node[63] (net)
                      0.029789    0.000114   17.927526 ^ u_dut.g_seg[2].u_bank.g_inv[63].u_inv._cell/A (sg13g2_inv_1)
     2    0.005997    0.040107    0.051118   17.978645 v u_dut.g_seg[2].u_bank.g_inv[63].u_inv._cell/Y (sg13g2_inv_1)
                                                         u_dut.g_seg[2].u_bank.node[64] (net)
                      0.040107    0.000188   17.978832 v u_dut.g_seg[2].u_bank.g_inv[64].u_inv._cell/A (sg13g2_inv_1)
     1    0.002855    0.032883    0.044361   18.023193 ^ u_dut.g_seg[2].u_bank.g_inv[64].u_inv._cell/Y (sg13g2_inv_1)
                                                         u_dut.g_seg[2].u_bank.node[65] (net)
                      0.032884    0.000114   18.023308 ^ u_dut.g_seg[2].u_bank.g_inv[65].u_inv._cell/A (sg13g2_inv_1)
     1    0.002741    0.025542    0.039488   18.062796 v u_dut.g_seg[2].u_bank.g_inv[65].u_inv._cell/Y (sg13g2_inv_1)
                                                         u_dut.g_seg[2].u_bank.node[66] (net)
                      0.025542    0.000110   18.062906 v u_dut.g_seg[2].u_bank.g_inv[66].u_inv._cell/A (sg13g2_inv_1)
     1    0.002854    0.029883    0.038995   18.101900 ^ u_dut.g_seg[2].u_bank.g_inv[66].u_inv._cell/Y (sg13g2_inv_1)
                                                         u_dut.g_seg[2].u_bank.node[67] (net)
                      0.029883    0.000114   18.102015 ^ u_dut.g_seg[2].u_bank.g_inv[67].u_inv._cell/A (sg13g2_inv_1)
     1    0.002741    0.024925    0.038376   18.140390 v u_dut.g_seg[2].u_bank.g_inv[67].u_inv._cell/Y (sg13g2_inv_1)
                                                         u_dut.g_seg[2].u_bank.node[68] (net)
                      0.024925    0.000110   18.140501 v u_dut.g_seg[2].u_bank.g_inv[68].u_inv._cell/A (sg13g2_inv_1)
     1    0.002854    0.029753    0.038765   18.179266 ^ u_dut.g_seg[2].u_bank.g_inv[68].u_inv._cell/Y (sg13g2_inv_1)
                                                         u_dut.g_seg[2].u_bank.node[69] (net)
                      0.029753    0.000114   18.179380 ^ u_dut.g_seg[2].u_bank.g_inv[69].u_inv._cell/A (sg13g2_inv_1)
     1    0.002741    0.024898    0.038328   18.217709 v u_dut.g_seg[2].u_bank.g_inv[69].u_inv._cell/Y (sg13g2_inv_1)
                                                         u_dut.g_seg[2].u_bank.node[70] (net)
                      0.024898    0.000110   18.217819 v u_dut.g_seg[2].u_bank.g_inv[70].u_inv._cell/A (sg13g2_inv_1)
     1    0.002884    0.029923    0.038895   18.256714 ^ u_dut.g_seg[2].u_bank.g_inv[70].u_inv._cell/Y (sg13g2_inv_1)
                                                         u_dut.g_seg[2].u_bank.node[71] (net)
                      0.029923    0.000114   18.256828 ^ u_dut.g_seg[2].u_bank.g_inv[71].u_inv._cell/A (sg13g2_inv_1)
     1    0.003017    0.026163    0.039478   18.296305 v u_dut.g_seg[2].u_bank.g_inv[71].u_inv._cell/Y (sg13g2_inv_1)
                                                         u_dut.g_seg[2].u_bank.node[72] (net)
                      0.026163    0.000119   18.296425 v u_dut.g_seg[2].u_bank.g_inv[72].u_inv._cell/A (sg13g2_inv_1)
     1    0.003366    0.032929    0.041535   18.337959 ^ u_dut.g_seg[2].u_bank.g_inv[72].u_inv._cell/Y (sg13g2_inv_1)
                                                         u_dut.g_seg[2].u_bank.node[73] (net)
                      0.032929    0.000133   18.338093 ^ u_dut.g_seg[2].u_bank.g_inv[73].u_inv._cell/A (sg13g2_inv_1)
     1    0.002754    0.025607    0.039556   18.377649 v u_dut.g_seg[2].u_bank.g_inv[73].u_inv._cell/Y (sg13g2_inv_1)
                                                         u_dut.g_seg[2].u_bank.node[74] (net)
                      0.025608    0.000110   18.377758 v u_dut.g_seg[2].u_bank.g_inv[74].u_inv._cell/A (sg13g2_inv_1)
     1    0.003468    0.033402    0.041791   18.419550 ^ u_dut.g_seg[2].u_bank.g_inv[74].u_inv._cell/Y (sg13g2_inv_1)
                                                         u_dut.g_seg[2].u_bank.node[75] (net)
                      0.033402    0.000137   18.419685 ^ u_dut.g_seg[2].u_bank.g_inv[75].u_inv._cell/A (sg13g2_inv_1)
     1    0.003610    0.029502    0.043084   18.462770 v u_dut.g_seg[2].u_bank.g_inv[75].u_inv._cell/Y (sg13g2_inv_1)
                                                         u_dut.g_seg[2].u_bank.node[76] (net)
                      0.029505    0.000266   18.463036 v u_dut.g_seg[2].u_bank.g_inv[76].u_inv._cell/A (sg13g2_inv_1)
     1    0.003179    0.032543    0.041931   18.504967 ^ u_dut.g_seg[2].u_bank.g_inv[76].u_inv._cell/Y (sg13g2_inv_1)
                                                         u_dut.g_seg[2].u_bank.node[77] (net)
                      0.032543    0.000126   18.505093 ^ u_dut.g_seg[2].u_bank.g_inv[77].u_inv._cell/A (sg13g2_inv_1)
     1    0.003299    0.027928    0.041529   18.546623 v u_dut.g_seg[2].u_bank.g_inv[77].u_inv._cell/Y (sg13g2_inv_1)
                                                         u_dut.g_seg[2].u_bank.node[78] (net)
                      0.027930    0.000240   18.546862 v u_dut.g_seg[2].u_bank.g_inv[78].u_inv._cell/A (sg13g2_inv_1)
     1    0.003280    0.032785    0.041764   18.588627 ^ u_dut.g_seg[2].u_bank.g_inv[78].u_inv._cell/Y (sg13g2_inv_1)
                                                         u_dut.g_seg[2].u_bank.node[79] (net)
                      0.032785    0.000242   18.588867 ^ u_dut.g_seg[2].u_bank.g_inv[79].u_inv._cell/A (sg13g2_inv_1)
     1    0.002949    0.026444    0.040277   18.629145 v u_dut.g_seg[2].u_bank.g_inv[79].u_inv._cell/Y (sg13g2_inv_1)
                                                         u_dut.g_seg[2].u_bank.node[80] (net)
                      0.026444    0.000115   18.629261 v u_dut.g_seg[2].u_bank.g_inv[80].u_inv._cell/A (sg13g2_inv_1)
     1    0.003364    0.032974    0.041631   18.670891 ^ u_dut.g_seg[2].u_bank.g_inv[80].u_inv._cell/Y (sg13g2_inv_1)
                                                         u_dut.g_seg[2].u_bank.node[81] (net)
                      0.032974    0.000131   18.671022 ^ u_dut.g_seg[2].u_bank.g_inv[81].u_inv._cell/A (sg13g2_inv_1)
     1    0.002951    0.026490    0.040355   18.711378 v u_dut.g_seg[2].u_bank.g_inv[81].u_inv._cell/Y (sg13g2_inv_1)
                                                         u_dut.g_seg[2].u_bank.node[82] (net)
                      0.026490    0.000117   18.711494 v u_dut.g_seg[2].u_bank.g_inv[82].u_inv._cell/A (sg13g2_inv_1)
     1    0.002874    0.030193    0.039435   18.750931 ^ u_dut.g_seg[2].u_bank.g_inv[82].u_inv._cell/Y (sg13g2_inv_1)
                                                         u_dut.g_seg[2].u_bank.node[83] (net)
                      0.030194    0.000114   18.751043 ^ u_dut.g_seg[2].u_bank.g_inv[83].u_inv._cell/A (sg13g2_inv_1)
     1    0.002741    0.024988    0.038490   18.789534 v u_dut.g_seg[2].u_bank.g_inv[83].u_inv._cell/Y (sg13g2_inv_1)
                                                         u_dut.g_seg[2].u_bank.node[84] (net)
                      0.024988    0.000110   18.789644 v u_dut.g_seg[2].u_bank.g_inv[84].u_inv._cell/A (sg13g2_inv_1)
     1    0.002854    0.029766    0.038789   18.828432 ^ u_dut.g_seg[2].u_bank.g_inv[84].u_inv._cell/Y (sg13g2_inv_1)
                                                         u_dut.g_seg[2].u_bank.node[85] (net)
                      0.029766    0.000114   18.828547 ^ u_dut.g_seg[2].u_bank.g_inv[85].u_inv._cell/A (sg13g2_inv_1)
     1    0.002741    0.024901    0.038332   18.866879 v u_dut.g_seg[2].u_bank.g_inv[85].u_inv._cell/Y (sg13g2_inv_1)
                                                         u_dut.g_seg[2].u_bank.node[86] (net)
                      0.024901    0.000110   18.866989 v u_dut.g_seg[2].u_bank.g_inv[86].u_inv._cell/A (sg13g2_inv_1)
     1    0.002854    0.029748    0.038757   18.905745 ^ u_dut.g_seg[2].u_bank.g_inv[86].u_inv._cell/Y (sg13g2_inv_1)
                                                         u_dut.g_seg[2].u_bank.node[87] (net)
                      0.029748    0.000114   18.905859 ^ u_dut.g_seg[2].u_bank.g_inv[87].u_inv._cell/A (sg13g2_inv_1)
     1    0.002741    0.024897    0.038327   18.944185 v u_dut.g_seg[2].u_bank.g_inv[87].u_inv._cell/Y (sg13g2_inv_1)
                                                         u_dut.g_seg[2].u_bank.node[88] (net)
                      0.024897    0.000110   18.944296 v u_dut.g_seg[2].u_bank.g_inv[88].u_inv._cell/A (sg13g2_inv_1)
     1    0.002854    0.029747    0.038755   18.983049 ^ u_dut.g_seg[2].u_bank.g_inv[88].u_inv._cell/Y (sg13g2_inv_1)
                                                         u_dut.g_seg[2].u_bank.node[89] (net)
                      0.029748    0.000114   18.983164 ^ u_dut.g_seg[2].u_bank.g_inv[89].u_inv._cell/A (sg13g2_inv_1)
     1    0.002741    0.024897    0.038325   19.021488 v u_dut.g_seg[2].u_bank.g_inv[89].u_inv._cell/Y (sg13g2_inv_1)
                                                         u_dut.g_seg[2].u_bank.node[90] (net)
                      0.024897    0.000110   19.021599 v u_dut.g_seg[2].u_bank.g_inv[90].u_inv._cell/A (sg13g2_inv_1)
     1    0.002861    0.029791    0.038790   19.060389 ^ u_dut.g_seg[2].u_bank.g_inv[90].u_inv._cell/Y (sg13g2_inv_1)
                                                         u_dut.g_seg[2].u_bank.node[91] (net)
                      0.029791    0.000114   19.060503 ^ u_dut.g_seg[2].u_bank.g_inv[91].u_inv._cell/A (sg13g2_inv_1)
     1    0.003039    0.026234    0.039515   19.100018 v u_dut.g_seg[2].u_bank.g_inv[91].u_inv._cell/Y (sg13g2_inv_1)
                                                         u_dut.g_seg[2].u_bank.node[92] (net)
                      0.026235    0.000121   19.100140 v u_dut.g_seg[2].u_bank.g_inv[92].u_inv._cell/A (sg13g2_inv_1)
     1    0.002858    0.030049    0.039268   19.139406 ^ u_dut.g_seg[2].u_bank.g_inv[92].u_inv._cell/Y (sg13g2_inv_1)
                                                         u_dut.g_seg[2].u_bank.node[93] (net)
                      0.030049    0.000114   19.139521 ^ u_dut.g_seg[2].u_bank.g_inv[93].u_inv._cell/A (sg13g2_inv_1)
     1    0.002747    0.024988    0.038463   19.177984 v u_dut.g_seg[2].u_bank.g_inv[93].u_inv._cell/Y (sg13g2_inv_1)
                                                         u_dut.g_seg[2].u_bank.node[94] (net)
                      0.024988    0.000110   19.178095 v u_dut.g_seg[2].u_bank.g_inv[94].u_inv._cell/A (sg13g2_inv_1)
     1    0.003628    0.034198    0.042276   19.220369 ^ u_dut.g_seg[2].u_bank.g_inv[94].u_inv._cell/Y (sg13g2_inv_1)
                                                         u_dut.g_seg[2].u_bank.node[95] (net)
                      0.034198    0.000144   19.220514 ^ u_dut.g_seg[2].u_bank.g_inv[95].u_inv._cell/A (sg13g2_inv_1)
     1    0.003215    0.027902    0.041858   19.262371 v u_dut.g_seg[2].u_bank.g_inv[95].u_inv._cell/Y (sg13g2_inv_1)
                                                         u_dut.g_seg[2].u_bank.node[96] (net)
                      0.027903    0.000128   19.262499 v u_dut.g_seg[2].u_bank.u_mux.u_m1/A1 (sg13g2_mux2_1)
     1    0.006458    0.069980    0.183254   19.445753 v u_dut.g_seg[2].u_bank.u_mux.u_m1/X (sg13g2_mux2_1)
                                                         u_dut.g_seg[2].u_bank.u_mux.w1 (net)
                      0.069982    0.000483   19.446238 v u_dut.g_seg[2].u_bank.u_mux.u_m2/A1 (sg13g2_mux2_1)
     2    0.007989    0.077052    0.208916   19.655153 v u_dut.g_seg[2].u_bank.u_mux.u_m2/X (sg13g2_mux2_1)
                                                         u_dut.g_seg[2].bank_dout (net)
                      0.077052    0.000224   19.655376 v u_dut.g_seg[3].g_fa[0].u_fa.u_a2/A (sg13g2_and2_1)
     1    0.002820    0.035617    0.120915   19.776291 v u_dut.g_seg[3].g_fa[0].u_fa.u_a2/X (sg13g2_and2_1)
                                                         u_dut.g_seg[3].g_fa[0].u_fa.v (net)
                      0.035617    0.000108   19.776400 v u_dut.g_seg[3].g_fa[0].u_fa.u_o1/B (sg13g2_or2_1)
     2    0.008574    0.068726    0.174627   19.951027 v u_dut.g_seg[3].g_fa[0].u_fa.u_o1/X (sg13g2_or2_1)
                                                         u_dut.g_seg[3].g_fa[0].u_fa.co (net)
                      0.068726    0.000227   19.951254 v u_dut.g_seg[3].g_fa[1].u_fa.u_a2/A (sg13g2_and2_1)
     1    0.002255    0.032796    0.114406   20.065660 v u_dut.g_seg[3].g_fa[1].u_fa.u_a2/X (sg13g2_and2_1)
                                                         u_dut.g_seg[3].g_fa[1].u_fa.v (net)
                      0.032796    0.000089   20.065748 v u_dut.g_seg[3].g_fa[1].u_fa.u_o1/B (sg13g2_or2_1)
     2    0.010345    0.077493    0.181412   20.247162 v u_dut.g_seg[3].g_fa[1].u_fa.u_o1/X (sg13g2_or2_1)
                                                         u_dut.g_seg[3].g_fa[1].u_fa.co (net)
                      0.077496    0.000561   20.247723 v u_dut.g_seg[3].g_fa[2].u_fa.u_a2/A (sg13g2_and2_1)
     1    0.002498    0.034523    0.119821   20.367542 v u_dut.g_seg[3].g_fa[2].u_fa.u_a2/X (sg13g2_and2_1)
                                                         u_dut.g_seg[3].g_fa[2].u_fa.v (net)
                      0.034523    0.000098   20.367641 v u_dut.g_seg[3].g_fa[2].u_fa.u_o1/B (sg13g2_or2_1)
     2    0.010022    0.075945    0.180542   20.548182 v u_dut.g_seg[3].g_fa[2].u_fa.u_o1/X (sg13g2_or2_1)
                                                         u_dut.g_seg[3].g_fa[2].u_fa.co (net)
                      0.075949    0.000675   20.548857 v u_dut.g_seg[3].g_fa[3].u_fa.u_a2/A (sg13g2_and2_1)
     1    0.002305    0.034676    0.118236   20.667093 v u_dut.g_seg[3].g_fa[3].u_fa.u_a2/X (sg13g2_and2_1)
                                                         u_dut.g_seg[3].g_fa[3].u_fa.v (net)
                      0.034676    0.000174   20.667267 v u_dut.g_seg[3].g_fa[3].u_fa.u_o1/B (sg13g2_or2_1)
     2    0.007297    0.062666    0.168194   20.835463 v u_dut.g_seg[3].g_fa[3].u_fa.u_o1/X (sg13g2_or2_1)
                                                         u_dut.g_seg[3].u_bank.node[0] (net)
                      0.062668    0.000414   20.835876 v u_dut.g_seg[3].u_bank.g_inv[0].u_inv._cell/A (sg13g2_inv_1)
     1    0.003925    0.043265    0.057875   20.893751 ^ u_dut.g_seg[3].u_bank.g_inv[0].u_inv._cell/Y (sg13g2_inv_1)
                                                         u_dut.g_seg[3].u_bank.node[1] (net)
                      0.043265    0.000156   20.893908 ^ u_dut.g_seg[3].u_bank.g_inv[1].u_inv._cell/A (sg13g2_inv_1)
     1    0.003532    0.031103    0.046530   20.940437 v u_dut.g_seg[3].u_bank.g_inv[1].u_inv._cell/Y (sg13g2_inv_1)
                                                         u_dut.g_seg[3].u_bank.node[2] (net)
                      0.031103    0.000256   20.940693 v u_dut.g_seg[3].u_bank.g_inv[2].u_inv._cell/A (sg13g2_inv_1)
     1    0.002858    0.031053    0.041062   20.981756 ^ u_dut.g_seg[3].u_bank.g_inv[2].u_inv._cell/Y (sg13g2_inv_1)
                                                         u_dut.g_seg[3].u_bank.node[3] (net)
                      0.031053    0.000114   20.981869 ^ u_dut.g_seg[3].u_bank.g_inv[3].u_inv._cell/A (sg13g2_inv_1)
     1    0.002745    0.025184    0.038826   21.020695 v u_dut.g_seg[3].u_bank.g_inv[3].u_inv._cell/Y (sg13g2_inv_1)
                                                         u_dut.g_seg[3].u_bank.node[4] (net)
                      0.025184    0.000110   21.020805 v u_dut.g_seg[3].u_bank.g_inv[4].u_inv._cell/A (sg13g2_inv_1)
     1    0.002856    0.029822    0.038874   21.059679 ^ u_dut.g_seg[3].u_bank.g_inv[4].u_inv._cell/Y (sg13g2_inv_1)
                                                         u_dut.g_seg[3].u_bank.node[5] (net)
                      0.029822    0.000114   21.059793 ^ u_dut.g_seg[3].u_bank.g_inv[5].u_inv._cell/A (sg13g2_inv_1)
     1    0.002741    0.024912    0.038353   21.098146 v u_dut.g_seg[3].u_bank.g_inv[5].u_inv._cell/Y (sg13g2_inv_1)
                                                         u_dut.g_seg[3].u_bank.node[6] (net)
                      0.024912    0.000110   21.098257 v u_dut.g_seg[3].u_bank.g_inv[6].u_inv._cell/A (sg13g2_inv_1)
     1    0.003404    0.032878    0.041192   21.139448 ^ u_dut.g_seg[3].u_bank.g_inv[6].u_inv._cell/Y (sg13g2_inv_1)
                                                         u_dut.g_seg[3].u_bank.node[7] (net)
                      0.032879    0.000258   21.139706 ^ u_dut.g_seg[3].u_bank.g_inv[7].u_inv._cell/A (sg13g2_inv_1)
     1    0.002891    0.026205    0.040082   21.179787 v u_dut.g_seg[3].u_bank.g_inv[7].u_inv._cell/Y (sg13g2_inv_1)
                                                         u_dut.g_seg[3].u_bank.node[8] (net)
                      0.026205    0.000115   21.179903 v u_dut.g_seg[3].u_bank.g_inv[8].u_inv._cell/A (sg13g2_inv_1)
     1    0.002855    0.030022    0.039242   21.219145 ^ u_dut.g_seg[3].u_bank.g_inv[8].u_inv._cell/Y (sg13g2_inv_1)
                                                         u_dut.g_seg[3].u_bank.node[9] (net)
                      0.030022    0.000114   21.219257 ^ u_dut.g_seg[3].u_bank.g_inv[9].u_inv._cell/A (sg13g2_inv_1)
     1    0.002741    0.024953    0.038428   21.257687 v u_dut.g_seg[3].u_bank.g_inv[9].u_inv._cell/Y (sg13g2_inv_1)
                                                         u_dut.g_seg[3].u_bank.node[10] (net)
                      0.024953    0.000110   21.257795 v u_dut.g_seg[3].u_bank.g_inv[10].u_inv._cell/A (sg13g2_inv_1)
     1    0.002854    0.029759    0.038776   21.296572 ^ u_dut.g_seg[3].u_bank.g_inv[10].u_inv._cell/Y (sg13g2_inv_1)
                                                         u_dut.g_seg[3].u_bank.node[11] (net)
                      0.029759    0.000114   21.296686 ^ u_dut.g_seg[3].u_bank.g_inv[11].u_inv._cell/A (sg13g2_inv_1)
     1    0.002741    0.024899    0.038330   21.335016 v u_dut.g_seg[3].u_bank.g_inv[11].u_inv._cell/Y (sg13g2_inv_1)
                                                         u_dut.g_seg[3].u_bank.node[12] (net)
                      0.024899    0.000110   21.335127 v u_dut.g_seg[3].u_bank.g_inv[12].u_inv._cell/A (sg13g2_inv_1)
     1    0.002854    0.029748    0.038757   21.373882 ^ u_dut.g_seg[3].u_bank.g_inv[12].u_inv._cell/Y (sg13g2_inv_1)
                                                         u_dut.g_seg[3].u_bank.node[13] (net)
                      0.029748    0.000114   21.373997 ^ u_dut.g_seg[3].u_bank.g_inv[13].u_inv._cell/A (sg13g2_inv_1)
     1    0.002924    0.025714    0.039048   21.413044 v u_dut.g_seg[3].u_bank.g_inv[13].u_inv._cell/Y (sg13g2_inv_1)
                                                         u_dut.g_seg[3].u_bank.node[14] (net)
                      0.025715    0.000115   21.413160 v u_dut.g_seg[3].u_bank.g_inv[14].u_inv._cell/A (sg13g2_inv_1)
     1    0.003130    0.031490    0.040302   21.453463 ^ u_dut.g_seg[3].u_bank.g_inv[14].u_inv._cell/Y (sg13g2_inv_1)
                                                         u_dut.g_seg[3].u_bank.node[15] (net)
                      0.031490    0.000123   21.453585 ^ u_dut.g_seg[3].u_bank.g_inv[15].u_inv._cell/A (sg13g2_inv_1)
     1    0.003114    0.026910    0.040444   21.494028 v u_dut.g_seg[3].u_bank.g_inv[15].u_inv._cell/Y (sg13g2_inv_1)
                                                         u_dut.g_seg[3].u_bank.node[16] (net)
                      0.026910    0.000123   21.494150 v u_dut.g_seg[3].u_bank.g_inv[16].u_inv._cell/A (sg13g2_inv_1)
     1    0.003495    0.033806    0.042361   21.536512 ^ u_dut.g_seg[3].u_bank.g_inv[16].u_inv._cell/Y (sg13g2_inv_1)
                                                         u_dut.g_seg[3].u_bank.node[17] (net)
                      0.033807    0.000249   21.536760 ^ u_dut.g_seg[3].u_bank.g_inv[17].u_inv._cell/A (sg13g2_inv_1)
     1    0.003130    0.027452    0.041378   21.578138 v u_dut.g_seg[3].u_bank.g_inv[17].u_inv._cell/Y (sg13g2_inv_1)
                                                         u_dut.g_seg[3].u_bank.node[18] (net)
                      0.027452    0.000123   21.578262 v u_dut.g_seg[3].u_bank.g_inv[18].u_inv._cell/A (sg13g2_inv_1)
     1    0.003159    0.032009    0.041078   21.619339 ^ u_dut.g_seg[3].u_bank.g_inv[18].u_inv._cell/Y (sg13g2_inv_1)
                                                         u_dut.g_seg[3].u_bank.node[19] (net)
                      0.032009    0.000124   21.619465 ^ u_dut.g_seg[3].u_bank.g_inv[19].u_inv._cell/A (sg13g2_inv_1)
     1    0.002986    0.026450    0.040135   21.659599 v u_dut.g_seg[3].u_bank.g_inv[19].u_inv._cell/Y (sg13g2_inv_1)
                                                         u_dut.g_seg[3].u_bank.node[20] (net)
                      0.026450    0.000119   21.659718 v u_dut.g_seg[3].u_bank.g_inv[20].u_inv._cell/A (sg13g2_inv_1)
     1    0.003105    0.031498    0.040462   21.700180 ^ u_dut.g_seg[3].u_bank.g_inv[20].u_inv._cell/Y (sg13g2_inv_1)
                                                         u_dut.g_seg[3].u_bank.node[21] (net)
                      0.031499    0.000123   21.700302 ^ u_dut.g_seg[3].u_bank.g_inv[21].u_inv._cell/A (sg13g2_inv_1)
     1    0.002741    0.025256    0.038973   21.739275 v u_dut.g_seg[3].u_bank.g_inv[21].u_inv._cell/Y (sg13g2_inv_1)
                                                         u_dut.g_seg[3].u_bank.node[22] (net)
                      0.025256    0.000110   21.739386 v u_dut.g_seg[3].u_bank.g_inv[22].u_inv._cell/A (sg13g2_inv_1)
     1    0.002854    0.029821    0.038888   21.778275 ^ u_dut.g_seg[3].u_bank.g_inv[22].u_inv._cell/Y (sg13g2_inv_1)
                                                         u_dut.g_seg[3].u_bank.node[23] (net)
                      0.029822    0.000114   21.778387 ^ u_dut.g_seg[3].u_bank.g_inv[23].u_inv._cell/A (sg13g2_inv_1)
     1    0.002741    0.024912    0.038353   21.816742 v u_dut.g_seg[3].u_bank.g_inv[23].u_inv._cell/Y (sg13g2_inv_1)
                                                         u_dut.g_seg[3].u_bank.node[24] (net)
                      0.024912    0.000110   21.816851 v u_dut.g_seg[3].u_bank.g_inv[24].u_inv._cell/A (sg13g2_inv_1)
     1    0.002861    0.029794    0.038796   21.855646 ^ u_dut.g_seg[3].u_bank.g_inv[24].u_inv._cell/Y (sg13g2_inv_1)
                                                         u_dut.g_seg[3].u_bank.node[25] (net)
                      0.029794    0.000114   21.855761 ^ u_dut.g_seg[3].u_bank.g_inv[25].u_inv._cell/A (sg13g2_inv_1)
     1    0.003015    0.026128    0.039421   21.895182 v u_dut.g_seg[3].u_bank.g_inv[25].u_inv._cell/Y (sg13g2_inv_1)
                                                         u_dut.g_seg[3].u_bank.node[26] (net)
                      0.026128    0.000119   21.895300 v u_dut.g_seg[3].u_bank.g_inv[26].u_inv._cell/A (sg13g2_inv_1)
     1    0.002856    0.030011    0.039217   21.934517 ^ u_dut.g_seg[3].u_bank.g_inv[26].u_inv._cell/Y (sg13g2_inv_1)
                                                         u_dut.g_seg[3].u_bank.node[27] (net)
                      0.030012    0.000114   21.934631 ^ u_dut.g_seg[3].u_bank.g_inv[27].u_inv._cell/A (sg13g2_inv_1)
     1    0.002741    0.024951    0.038424   21.973055 v u_dut.g_seg[3].u_bank.g_inv[27].u_inv._cell/Y (sg13g2_inv_1)
                                                         u_dut.g_seg[3].u_bank.node[28] (net)
                      0.024951    0.000110   21.973166 v u_dut.g_seg[3].u_bank.g_inv[28].u_inv._cell/A (sg13g2_inv_1)
     1    0.002856    0.029771    0.038785   22.011950 ^ u_dut.g_seg[3].u_bank.g_inv[28].u_inv._cell/Y (sg13g2_inv_1)
                                                         u_dut.g_seg[3].u_bank.node[29] (net)
                      0.029772    0.000114   22.012064 ^ u_dut.g_seg[3].u_bank.g_inv[29].u_inv._cell/A (sg13g2_inv_1)
     1    0.003042    0.026241    0.039517   22.051580 v u_dut.g_seg[3].u_bank.g_inv[29].u_inv._cell/Y (sg13g2_inv_1)
                                                         u_dut.g_seg[3].u_bank.node[30] (net)
                      0.026241    0.000119   22.051701 v u_dut.g_seg[3].u_bank.g_inv[30].u_inv._cell/A (sg13g2_inv_1)
     1    0.003014    0.030928    0.039936   22.091637 ^ u_dut.g_seg[3].u_bank.g_inv[30].u_inv._cell/Y (sg13g2_inv_1)
                                                         u_dut.g_seg[3].u_bank.node[31] (net)
                      0.030929    0.000229   22.091866 ^ u_dut.g_seg[3].u_bank.g_inv[31].u_inv._cell/A (sg13g2_inv_1)
     2    0.007336    0.046879    0.056724   22.148590 v u_dut.g_seg[3].u_bank.g_inv[31].u_inv._cell/Y (sg13g2_inv_1)
                                                         u_dut.g_seg[3].u_bank.node[32] (net)
                      0.046884    0.000409   22.148998 v u_dut.g_seg[3].u_bank.g_inv[32].u_inv._cell/A (sg13g2_inv_1)
     1    0.003202    0.036193    0.048496   22.197495 ^ u_dut.g_seg[3].u_bank.g_inv[32].u_inv._cell/Y (sg13g2_inv_1)
                                                         u_dut.g_seg[3].u_bank.node[33] (net)
                      0.036194    0.000126   22.197620 ^ u_dut.g_seg[3].u_bank.g_inv[33].u_inv._cell/A (sg13g2_inv_1)
     1    0.003026    0.027467    0.041819   22.239439 v u_dut.g_seg[3].u_bank.g_inv[33].u_inv._cell/Y (sg13g2_inv_1)
                                                         u_dut.g_seg[3].u_bank.node[34] (net)
                      0.027468    0.000229   22.239668 v u_dut.g_seg[3].u_bank.g_inv[34].u_inv._cell/A (sg13g2_inv_1)
     1    0.002854    0.030278    0.039702   22.279369 ^ u_dut.g_seg[3].u_bank.g_inv[34].u_inv._cell/Y (sg13g2_inv_1)
                                                         u_dut.g_seg[3].u_bank.node[35] (net)
                      0.030278    0.000114   22.279484 ^ u_dut.g_seg[3].u_bank.g_inv[35].u_inv._cell/A (sg13g2_inv_1)
     1    0.002741    0.025006    0.038522   22.318007 v u_dut.g_seg[3].u_bank.g_inv[35].u_inv._cell/Y (sg13g2_inv_1)
                                                         u_dut.g_seg[3].u_bank.node[36] (net)
                      0.025006    0.000110   22.318115 v u_dut.g_seg[3].u_bank.g_inv[36].u_inv._cell/A (sg13g2_inv_1)
     1    0.002854    0.029770    0.038796   22.356911 ^ u_dut.g_seg[3].u_bank.g_inv[36].u_inv._cell/Y (sg13g2_inv_1)
                                                         u_dut.g_seg[3].u_bank.node[37] (net)
                      0.029770    0.000114   22.357025 ^ u_dut.g_seg[3].u_bank.g_inv[37].u_inv._cell/A (sg13g2_inv_1)
     1    0.002743    0.024912    0.038343   22.395369 v u_dut.g_seg[3].u_bank.g_inv[37].u_inv._cell/Y (sg13g2_inv_1)
                                                         u_dut.g_seg[3].u_bank.node[38] (net)
                      0.024912    0.000110   22.395477 v u_dut.g_seg[3].u_bank.g_inv[38].u_inv._cell/A (sg13g2_inv_1)
     1    0.002867    0.029825    0.038821   22.434299 ^ u_dut.g_seg[3].u_bank.g_inv[38].u_inv._cell/Y (sg13g2_inv_1)
                                                         u_dut.g_seg[3].u_bank.node[39] (net)
                      0.029825    0.000114   22.434412 ^ u_dut.g_seg[3].u_bank.g_inv[39].u_inv._cell/A (sg13g2_inv_1)
     1    0.003133    0.026660    0.039897   22.474310 v u_dut.g_seg[3].u_bank.g_inv[39].u_inv._cell/Y (sg13g2_inv_1)
                                                         u_dut.g_seg[3].u_bank.node[40] (net)
                      0.026660    0.000123   22.474432 v u_dut.g_seg[3].u_bank.g_inv[40].u_inv._cell/A (sg13g2_inv_1)
     1    0.002906    0.030397    0.039600   22.514032 ^ u_dut.g_seg[3].u_bank.g_inv[40].u_inv._cell/Y (sg13g2_inv_1)
                                                         u_dut.g_seg[3].u_bank.node[41] (net)
                      0.030397    0.000226   22.514257 ^ u_dut.g_seg[3].u_bank.g_inv[41].u_inv._cell/A (sg13g2_inv_1)
     1    0.002741    0.025030    0.038566   22.552824 v u_dut.g_seg[3].u_bank.g_inv[41].u_inv._cell/Y (sg13g2_inv_1)
                                                         u_dut.g_seg[3].u_bank.node[42] (net)
                      0.025030    0.000110   22.552935 v u_dut.g_seg[3].u_bank.g_inv[42].u_inv._cell/A (sg13g2_inv_1)
     1    0.003110    0.031241    0.039961   22.592896 ^ u_dut.g_seg[3].u_bank.g_inv[42].u_inv._cell/Y (sg13g2_inv_1)
                                                         u_dut.g_seg[3].u_bank.node[43] (net)
                      0.031241    0.000123   22.593018 ^ u_dut.g_seg[3].u_bank.g_inv[43].u_inv._cell/A (sg13g2_inv_1)
     1    0.003044    0.026550    0.040076   22.633095 v u_dut.g_seg[3].u_bank.g_inv[43].u_inv._cell/Y (sg13g2_inv_1)
                                                         u_dut.g_seg[3].u_bank.node[44] (net)
                      0.026551    0.000121   22.633215 v u_dut.g_seg[3].u_bank.g_inv[44].u_inv._cell/A (sg13g2_inv_1)
     1    0.003330    0.032790    0.041471   22.674686 ^ u_dut.g_seg[3].u_bank.g_inv[44].u_inv._cell/Y (sg13g2_inv_1)
                                                         u_dut.g_seg[3].u_bank.node[45] (net)
                      0.032791    0.000254   22.674940 ^ u_dut.g_seg[3].u_bank.g_inv[45].u_inv._cell/A (sg13g2_inv_1)
     1    0.002741    0.025521    0.039453   22.714394 v u_dut.g_seg[3].u_bank.g_inv[45].u_inv._cell/Y (sg13g2_inv_1)
                                                         u_dut.g_seg[3].u_bank.node[46] (net)
                      0.025521    0.000110   22.714502 v u_dut.g_seg[3].u_bank.g_inv[46].u_inv._cell/A (sg13g2_inv_1)
     1    0.003138    0.031486    0.040227   22.754730 ^ u_dut.g_seg[3].u_bank.g_inv[46].u_inv._cell/Y (sg13g2_inv_1)
                                                         u_dut.g_seg[3].u_bank.node[47] (net)
                      0.031486    0.000234   22.754965 ^ u_dut.g_seg[3].u_bank.g_inv[47].u_inv._cell/A (sg13g2_inv_1)
     1    0.003629    0.029215    0.042432   22.797396 v u_dut.g_seg[3].u_bank.g_inv[47].u_inv._cell/Y (sg13g2_inv_1)
                                                         u_dut.g_seg[3].u_bank.node[48] (net)
                      0.029217    0.000263   22.797659 v u_dut.g_seg[3].u_bank.g_inv[48].u_inv._cell/A (sg13g2_inv_1)
     1    0.003587    0.034797    0.043679   22.841339 ^ u_dut.g_seg[3].u_bank.g_inv[48].u_inv._cell/Y (sg13g2_inv_1)
                                                         u_dut.g_seg[3].u_bank.node[49] (net)
                      0.034797    0.000140   22.841478 ^ u_dut.g_seg[3].u_bank.g_inv[49].u_inv._cell/A (sg13g2_inv_1)
     1    0.003525    0.029393    0.043284   22.884764 v u_dut.g_seg[3].u_bank.g_inv[49].u_inv._cell/Y (sg13g2_inv_1)
                                                         u_dut.g_seg[3].u_bank.node[50] (net)
                      0.029396    0.000250   22.885014 v u_dut.g_seg[3].u_bank.g_inv[50].u_inv._cell/A (sg13g2_inv_1)
     1    0.003994    0.037166    0.045551   22.930565 ^ u_dut.g_seg[3].u_bank.g_inv[50].u_inv._cell/Y (sg13g2_inv_1)
                                                         u_dut.g_seg[3].u_bank.node[51] (net)
                      0.037168    0.000277   22.930841 ^ u_dut.g_seg[3].u_bank.g_inv[51].u_inv._cell/A (sg13g2_inv_1)
     1    0.003546    0.029955    0.044272   22.975115 v u_dut.g_seg[3].u_bank.g_inv[51].u_inv._cell/Y (sg13g2_inv_1)
                                                         u_dut.g_seg[3].u_bank.node[52] (net)
                      0.029961    0.000249   22.975363 v u_dut.g_seg[3].u_bank.g_inv[52].u_inv._cell/A (sg13g2_inv_1)
     1    0.003125    0.032319    0.041814   23.017176 ^ u_dut.g_seg[3].u_bank.g_inv[52].u_inv._cell/Y (sg13g2_inv_1)
                                                         u_dut.g_seg[3].u_bank.node[53] (net)
                      0.032319    0.000240   23.017416 ^ u_dut.g_seg[3].u_bank.g_inv[53].u_inv._cell/A (sg13g2_inv_1)
     1    0.002741    0.025424    0.039277   23.056694 v u_dut.g_seg[3].u_bank.g_inv[53].u_inv._cell/Y (sg13g2_inv_1)
                                                         u_dut.g_seg[3].u_bank.node[54] (net)
                      0.025424    0.000110   23.056803 v u_dut.g_seg[3].u_bank.g_inv[54].u_inv._cell/A (sg13g2_inv_1)
     1    0.003161    0.031612    0.040338   23.097141 ^ u_dut.g_seg[3].u_bank.g_inv[54].u_inv._cell/Y (sg13g2_inv_1)
                                                         u_dut.g_seg[3].u_bank.node[55] (net)
                      0.031612    0.000124   23.097265 ^ u_dut.g_seg[3].u_bank.g_inv[55].u_inv._cell/A (sg13g2_inv_1)
     1    0.003050    0.026651    0.040238   23.137503 v u_dut.g_seg[3].u_bank.g_inv[55].u_inv._cell/Y (sg13g2_inv_1)
                                                         u_dut.g_seg[3].u_bank.node[56] (net)
                      0.026651    0.000121   23.137625 v u_dut.g_seg[3].u_bank.g_inv[56].u_inv._cell/A (sg13g2_inv_1)
     1    0.003169    0.031903    0.040826   23.178450 ^ u_dut.g_seg[3].u_bank.g_inv[56].u_inv._cell/Y (sg13g2_inv_1)
                                                         u_dut.g_seg[3].u_bank.node[57] (net)
                      0.031903    0.000124   23.178574 ^ u_dut.g_seg[3].u_bank.g_inv[57].u_inv._cell/A (sg13g2_inv_1)
     1    0.003119    0.027016    0.040620   23.219194 v u_dut.g_seg[3].u_bank.g_inv[57].u_inv._cell/Y (sg13g2_inv_1)
                                                         u_dut.g_seg[3].u_bank.node[58] (net)
                      0.027016    0.000123   23.219316 v u_dut.g_seg[3].u_bank.g_inv[58].u_inv._cell/A (sg13g2_inv_1)
     1    0.003199    0.032152    0.041100   23.260416 ^ u_dut.g_seg[3].u_bank.g_inv[58].u_inv._cell/Y (sg13g2_inv_1)
                                                         u_dut.g_seg[3].u_bank.node[59] (net)
                      0.032152    0.000126   23.260542 ^ u_dut.g_seg[3].u_bank.g_inv[59].u_inv._cell/A (sg13g2_inv_1)
     1    0.003250    0.027633    0.041187   23.301729 v u_dut.g_seg[3].u_bank.g_inv[59].u_inv._cell/Y (sg13g2_inv_1)
                                                         u_dut.g_seg[3].u_bank.node[60] (net)
                      0.027634    0.000245   23.301975 v u_dut.g_seg[3].u_bank.g_inv[60].u_inv._cell/A (sg13g2_inv_1)
     1    0.002854    0.030312    0.039764   23.341738 ^ u_dut.g_seg[3].u_bank.g_inv[60].u_inv._cell/Y (sg13g2_inv_1)
                                                         u_dut.g_seg[3].u_bank.node[61] (net)
                      0.030312    0.000114   23.341852 ^ u_dut.g_seg[3].u_bank.g_inv[61].u_inv._cell/A (sg13g2_inv_1)
     1    0.002793    0.025245    0.038741   23.380592 v u_dut.g_seg[3].u_bank.g_inv[61].u_inv._cell/Y (sg13g2_inv_1)
                                                         u_dut.g_seg[3].u_bank.node[62] (net)
                      0.025245    0.000112   23.380705 v u_dut.g_seg[3].u_bank.g_inv[62].u_inv._cell/A (sg13g2_inv_1)
     1    0.003215    0.031880    0.040512   23.421215 ^ u_dut.g_seg[3].u_bank.g_inv[62].u_inv._cell/Y (sg13g2_inv_1)
                                                         u_dut.g_seg[3].u_bank.node[63] (net)
                      0.031880    0.000126   23.421343 ^ u_dut.g_seg[3].u_bank.g_inv[63].u_inv._cell/A (sg13g2_inv_1)
     2    0.006388    0.042417    0.053419   23.474760 v u_dut.g_seg[3].u_bank.g_inv[63].u_inv._cell/Y (sg13g2_inv_1)
                                                         u_dut.g_seg[3].u_bank.node[64] (net)
                      0.042422    0.000366   23.475126 v u_dut.g_seg[3].u_bank.g_inv[64].u_inv._cell/A (sg13g2_inv_1)
     1    0.003124    0.034854    0.046473   23.521599 ^ u_dut.g_seg[3].u_bank.g_inv[64].u_inv._cell/Y (sg13g2_inv_1)
                                                         u_dut.g_seg[3].u_bank.node[65] (net)
                      0.034854    0.000124   23.521725 ^ u_dut.g_seg[3].u_bank.g_inv[65].u_inv._cell/A (sg13g2_inv_1)
     1    0.002741    0.025948    0.040218   23.561943 v u_dut.g_seg[3].u_bank.g_inv[65].u_inv._cell/Y (sg13g2_inv_1)
                                                         u_dut.g_seg[3].u_bank.node[66] (net)
                      0.025948    0.000110   23.562052 v u_dut.g_seg[3].u_bank.g_inv[66].u_inv._cell/A (sg13g2_inv_1)
     1    0.002855    0.029969    0.039146   23.601198 ^ u_dut.g_seg[3].u_bank.g_inv[66].u_inv._cell/Y (sg13g2_inv_1)
                                                         u_dut.g_seg[3].u_bank.node[67] (net)
                      0.029969    0.000114   23.601313 ^ u_dut.g_seg[3].u_bank.g_inv[67].u_inv._cell/A (sg13g2_inv_1)
     1    0.002780    0.025116    0.038561   23.639874 v u_dut.g_seg[3].u_bank.g_inv[67].u_inv._cell/Y (sg13g2_inv_1)
                                                         u_dut.g_seg[3].u_bank.node[68] (net)
                      0.025116    0.000110   23.639982 v u_dut.g_seg[3].u_bank.g_inv[68].u_inv._cell/A (sg13g2_inv_1)
     1    0.003133    0.031390    0.040098   23.680080 ^ u_dut.g_seg[3].u_bank.g_inv[68].u_inv._cell/Y (sg13g2_inv_1)
                                                         u_dut.g_seg[3].u_bank.node[69] (net)
                      0.031390    0.000124   23.680204 ^ u_dut.g_seg[3].u_bank.g_inv[69].u_inv._cell/A (sg13g2_inv_1)
     1    0.002966    0.026220    0.039783   23.719988 v u_dut.g_seg[3].u_bank.g_inv[69].u_inv._cell/Y (sg13g2_inv_1)
                                                         u_dut.g_seg[3].u_bank.node[70] (net)
                      0.026221    0.000224   23.720213 v u_dut.g_seg[3].u_bank.g_inv[70].u_inv._cell/A (sg13g2_inv_1)
     1    0.002884    0.030191    0.039378   23.759590 ^ u_dut.g_seg[3].u_bank.g_inv[70].u_inv._cell/Y (sg13g2_inv_1)
                                                         u_dut.g_seg[3].u_bank.node[71] (net)
                      0.030191    0.000114   23.759705 ^ u_dut.g_seg[3].u_bank.g_inv[71].u_inv._cell/A (sg13g2_inv_1)
     1    0.003420    0.028008    0.041108   23.800812 v u_dut.g_seg[3].u_bank.g_inv[71].u_inv._cell/Y (sg13g2_inv_1)
                                                         u_dut.g_seg[3].u_bank.node[72] (net)
                      0.028011    0.000265   23.801077 v u_dut.g_seg[3].u_bank.g_inv[72].u_inv._cell/A (sg13g2_inv_1)
     1    0.002854    0.030390    0.039902   23.840981 ^ u_dut.g_seg[3].u_bank.g_inv[72].u_inv._cell/Y (sg13g2_inv_1)
                                                         u_dut.g_seg[3].u_bank.node[73] (net)
                      0.030390    0.000114   23.841093 ^ u_dut.g_seg[3].u_bank.g_inv[73].u_inv._cell/A (sg13g2_inv_1)
     1    0.003243    0.027246    0.040494   23.881588 v u_dut.g_seg[3].u_bank.g_inv[73].u_inv._cell/Y (sg13g2_inv_1)
                                                         u_dut.g_seg[3].u_bank.node[74] (net)
                      0.027249    0.000247   23.881834 v u_dut.g_seg[3].u_bank.g_inv[74].u_inv._cell/A (sg13g2_inv_1)
     1    0.002990    0.031009    0.040240   23.922073 ^ u_dut.g_seg[3].u_bank.g_inv[74].u_inv._cell/Y (sg13g2_inv_1)
                                                         u_dut.g_seg[3].u_bank.node[75] (net)
                      0.031009    0.000119   23.922194 ^ u_dut.g_seg[3].u_bank.g_inv[75].u_inv._cell/A (sg13g2_inv_1)
     1    0.002741    0.025156    0.038792   23.960985 v u_dut.g_seg[3].u_bank.g_inv[75].u_inv._cell/Y (sg13g2_inv_1)
                                                         u_dut.g_seg[3].u_bank.node[76] (net)
                      0.025156    0.000110   23.961096 v u_dut.g_seg[3].u_bank.g_inv[76].u_inv._cell/A (sg13g2_inv_1)
     1    0.003162    0.031558    0.040238   24.001333 ^ u_dut.g_seg[3].u_bank.g_inv[76].u_inv._cell/Y (sg13g2_inv_1)
                                                         u_dut.g_seg[3].u_bank.node[77] (net)
                      0.031558    0.000124   24.001457 ^ u_dut.g_seg[3].u_bank.g_inv[77].u_inv._cell/A (sg13g2_inv_1)
     1    0.002872    0.025849    0.039513   24.040970 v u_dut.g_seg[3].u_bank.g_inv[77].u_inv._cell/Y (sg13g2_inv_1)
                                                         u_dut.g_seg[3].u_bank.node[78] (net)
                      0.025849    0.000114   24.041084 v u_dut.g_seg[3].u_bank.g_inv[78].u_inv._cell/A (sg13g2_inv_1)
     1    0.003154    0.031645    0.040423   24.081507 ^ u_dut.g_seg[3].u_bank.g_inv[78].u_inv._cell/Y (sg13g2_inv_1)
                                                         u_dut.g_seg[3].u_bank.node[79] (net)
                      0.031645    0.000234   24.081741 ^ u_dut.g_seg[3].u_bank.g_inv[79].u_inv._cell/A (sg13g2_inv_1)
     1    0.002781    0.025463    0.039186   24.120928 v u_dut.g_seg[3].u_bank.g_inv[79].u_inv._cell/Y (sg13g2_inv_1)
                                                         u_dut.g_seg[3].u_bank.node[80] (net)
                      0.025463    0.000110   24.121038 v u_dut.g_seg[3].u_bank.g_inv[80].u_inv._cell/A (sg13g2_inv_1)
     1    0.002934    0.030320    0.039325   24.160364 ^ u_dut.g_seg[3].u_bank.g_inv[80].u_inv._cell/Y (sg13g2_inv_1)
                                                         u_dut.g_seg[3].u_bank.node[81] (net)
                      0.030320    0.000117   24.160480 ^ u_dut.g_seg[3].u_bank.g_inv[81].u_inv._cell/A (sg13g2_inv_1)
     1    0.002741    0.025015    0.038538   24.199018 v u_dut.g_seg[3].u_bank.g_inv[81].u_inv._cell/Y (sg13g2_inv_1)
                                                         u_dut.g_seg[3].u_bank.node[82] (net)
                      0.025015    0.000110   24.199129 v u_dut.g_seg[3].u_bank.g_inv[82].u_inv._cell/A (sg13g2_inv_1)
     1    0.002986    0.030518    0.039357   24.238485 ^ u_dut.g_seg[3].u_bank.g_inv[82].u_inv._cell/Y (sg13g2_inv_1)
                                                         u_dut.g_seg[3].u_bank.node[83] (net)
                      0.030518    0.000229   24.238714 ^ u_dut.g_seg[3].u_bank.g_inv[83].u_inv._cell/A (sg13g2_inv_1)
     1    0.003605    0.028912    0.041959   24.280674 v u_dut.g_seg[3].u_bank.g_inv[83].u_inv._cell/Y (sg13g2_inv_1)
                                                         u_dut.g_seg[3].u_bank.node[84] (net)
                      0.028914    0.000268   24.280943 v u_dut.g_seg[3].u_bank.g_inv[84].u_inv._cell/A (sg13g2_inv_1)
     1    0.003468    0.034051    0.042983   24.323925 ^ u_dut.g_seg[3].u_bank.g_inv[84].u_inv._cell/Y (sg13g2_inv_1)
                                                         u_dut.g_seg[3].u_bank.node[85] (net)
                      0.034051    0.000256   24.324181 ^ u_dut.g_seg[3].u_bank.g_inv[85].u_inv._cell/A (sg13g2_inv_1)
     1    0.003245    0.027995    0.041885   24.366066 v u_dut.g_seg[3].u_bank.g_inv[85].u_inv._cell/Y (sg13g2_inv_1)
                                                         u_dut.g_seg[3].u_bank.node[86] (net)
                      0.027995    0.000238   24.366302 v u_dut.g_seg[3].u_bank.g_inv[86].u_inv._cell/A (sg13g2_inv_1)
     1    0.003454    0.033787    0.042577   24.408880 ^ u_dut.g_seg[3].u_bank.g_inv[86].u_inv._cell/Y (sg13g2_inv_1)
                                                         u_dut.g_seg[3].u_bank.node[87] (net)
                      0.033787    0.000250   24.409132 ^ u_dut.g_seg[3].u_bank.g_inv[87].u_inv._cell/A (sg13g2_inv_1)
     1    0.003016    0.026934    0.040883   24.450014 v u_dut.g_seg[3].u_bank.g_inv[87].u_inv._cell/Y (sg13g2_inv_1)
                                                         u_dut.g_seg[3].u_bank.node[88] (net)
                      0.026935    0.000224   24.450237 v u_dut.g_seg[3].u_bank.g_inv[88].u_inv._cell/A (sg13g2_inv_1)
     1    0.003000    0.031002    0.040169   24.490406 ^ u_dut.g_seg[3].u_bank.g_inv[88].u_inv._cell/Y (sg13g2_inv_1)
                                                         u_dut.g_seg[3].u_bank.node[89] (net)
                      0.031002    0.000119   24.490526 ^ u_dut.g_seg[3].u_bank.g_inv[89].u_inv._cell/A (sg13g2_inv_1)
     1    0.002992    0.026270    0.039782   24.530308 v u_dut.g_seg[3].u_bank.g_inv[89].u_inv._cell/Y (sg13g2_inv_1)
                                                         u_dut.g_seg[3].u_bank.node[90] (net)
                      0.026270    0.000117   24.530424 v u_dut.g_seg[3].u_bank.g_inv[90].u_inv._cell/A (sg13g2_inv_1)
     1    0.002858    0.030057    0.039282   24.569708 ^ u_dut.g_seg[3].u_bank.g_inv[90].u_inv._cell/Y (sg13g2_inv_1)
                                                         u_dut.g_seg[3].u_bank.node[91] (net)
                      0.030057    0.000114   24.569820 ^ u_dut.g_seg[3].u_bank.g_inv[91].u_inv._cell/A (sg13g2_inv_1)
     1    0.002745    0.024980    0.038458   24.608278 v u_dut.g_seg[3].u_bank.g_inv[91].u_inv._cell/Y (sg13g2_inv_1)
                                                         u_dut.g_seg[3].u_bank.node[92] (net)
                      0.024980    0.000110   24.608389 v u_dut.g_seg[3].u_bank.g_inv[92].u_inv._cell/A (sg13g2_inv_1)
     1    0.003197    0.031716    0.040295   24.648684 ^ u_dut.g_seg[3].u_bank.g_inv[92].u_inv._cell/Y (sg13g2_inv_1)
                                                         u_dut.g_seg[3].u_bank.node[93] (net)
                      0.031716    0.000236   24.648920 ^ u_dut.g_seg[3].u_bank.g_inv[93].u_inv._cell/A (sg13g2_inv_1)
     1    0.003569    0.028989    0.042292   24.691212 v u_dut.g_seg[3].u_bank.g_inv[93].u_inv._cell/Y (sg13g2_inv_1)
                                                         u_dut.g_seg[3].u_bank.node[94] (net)
                      0.028991    0.000249   24.691460 v u_dut.g_seg[3].u_bank.g_inv[94].u_inv._cell/A (sg13g2_inv_1)
     1    0.003036    0.031625    0.041091   24.732552 ^ u_dut.g_seg[3].u_bank.g_inv[94].u_inv._cell/Y (sg13g2_inv_1)
                                                         u_dut.g_seg[3].u_bank.node[95] (net)
                      0.031625    0.000121   24.732672 ^ u_dut.g_seg[3].u_bank.g_inv[95].u_inv._cell/A (sg13g2_inv_1)
     1    0.003249    0.027536    0.041027   24.773699 v u_dut.g_seg[3].u_bank.g_inv[95].u_inv._cell/Y (sg13g2_inv_1)
                                                         u_dut.g_seg[3].u_bank.node[96] (net)
                      0.027537    0.000130   24.773829 v u_dut.g_seg[3].u_bank.u_mux.u_m1/A1 (sg13g2_mux2_1)
     1    0.003323    0.057244    0.166461   24.940289 v u_dut.g_seg[3].u_bank.u_mux.u_m1/X (sg13g2_mux2_1)
                                                         u_dut.g_seg[3].u_bank.u_mux.w1 (net)
                      0.057244    0.000133   24.940422 v u_dut.g_seg[3].u_bank.u_mux.u_m2/A1 (sg13g2_mux2_1)
     1    0.005131    0.064760    0.188397   25.128819 v u_dut.g_seg[3].u_bank.u_mux.u_m2/X (sg13g2_mux2_1)
                                                         rca_cout (net)
                      0.064760    0.000208   25.129026 v _0650_/B (sg13g2_xnor2_1)
     1    0.004417    0.088773    0.153918   25.282944 v _0650_/Y (sg13g2_xnor2_1)
                                                         _0224_ (net)
                      0.088773    0.000314   25.283258 v _0651_/A2 (sg13g2_a21oi_1)
     1    0.003392    0.087921    0.134293   25.417551 ^ _0651_/Y (sg13g2_a21oi_1)
                                                         _0152_ (net)
                      0.087921    0.000231   25.417782 ^ _1304_/D (sg13g2_dfrbpq_1)
                                             25.417782   data arrival time

                                 50.000000   50.000000   clock clk' (rise edge)
                                  0.000000   50.000000   clock source latency
     1    0.033467    0.062752    0.039186   50.039185 v clk (in)
                                                         clk (net)
                      0.063031    0.000000   50.039185 v clkbuf_0_clk/A (sg13g2_buf_16)
    16    0.171897    0.078579    0.157069   50.196255 v clkbuf_0_clk/X (sg13g2_buf_16)
                                                         clknet_0_clk (net)
                      0.080784    0.010310   50.206562 v clkbuf_4_10_0_clk/A (sg13g2_buf_8)
     2    0.036065    0.045572    0.145000   50.351562 v clkbuf_4_10_0_clk/X (sg13g2_buf_8)
                                                         clknet_4_10_0_clk (net)
                      0.045706    0.002547   50.354111 v clkbuf_5_20__f_clk/A (sg13g2_buf_16)
     4    0.024967    0.032513    0.113690   50.467800 v clkbuf_5_20__f_clk/X (sg13g2_buf_16)
                                                         clknet_5_20__leaf_clk (net)
                      0.032521    0.000977   50.468781 v _1212__93/A (sg13g2_inv_1)
     1    0.003322    0.033963    0.043705   50.512486 ^ _1212__93/Y (sg13g2_inv_1)
                                                         net92 (net)
                      0.033963    0.000131   50.512615 ^ _1304_/CLK (sg13g2_dfrbpq_1)
                                 -0.250000   50.262615   clock uncertainty
                                  0.000000   50.262615   clock reconvergence pessimism
                                 -0.216243   50.046371   library setup time
                                             50.046371   data required time
---------------------------------------------------------------------------------------------
                                             50.046371   data required time
                                            -25.417782   data arrival time
---------------------------------------------------------------------------------------------
                                             24.628590   slack (MET)




===========================================================================
report_checks --slack_max -0.01
============================================================================
======================= nom_slow_1p08V_125C Corner ===================================

No paths found.


===========================================================================
 report_check_types -max_slew -max_cap -max_fanout -violators
============================================================================
======================= nom_slow_1p08V_125C Corner ===================================

max fanout

Pin                                   Limit Fanout  Slack
---------------------------------------------------------
clkbuf_0_clk/X                            8     16     -8 (VIOLATED)



===========================================================================
report_parasitic_annotation -report_unannotated
============================================================================
Found 10 unannotated drivers.
 ena
 clkload0/Y
 clkload1/Y
 clkload2/Y
 clkload3/Y
 clkload4/Y
 clkload5/Y
 clkload6/Y
 clkload7/Y
 clkload8/Y
Found 0 partially unannotated drivers.

===========================================================================
max slew violation count 0
max fanout violation count 1
max cap violation count 0
============================================================================

===========================================================================
check_setup -verbose -unconstrained_endpoints -multiple_clock -no_clock -no_input_delay -loops -generated_clocks
===========================================================================
Warning: There are 32 unclocked register/latch pins.
  _1335_/CLK
  _1336_/CLK
  _1337_/CLK
  _1338_/CLK
  _1339_/CLK
  _1340_/CLK
  _1341_/CLK
  _1342_/CLK
  _1343_/CLK
  _1344_/CLK
  _1345_/CLK
  _1346_/CLK
  _1347_/CLK
  _1348_/CLK
  _1349_/CLK
  _1350_/CLK
  _1351_/CLK
  _1352_/CLK
  _1353_/CLK
  _1354_/CLK
  _1355_/CLK
  _1356_/CLK
  _1357_/CLK
  _1358_/CLK
  _1359_/CLK
  _1360_/CLK
  _1361_/CLK
  _1362_/CLK
  _1363_/CLK
  _1364_/CLK
  _1365_/CLK
  _1366_/CLK
Warning: There are 32 unconstrained endpoints.
  _1335_/D
  _1336_/D
  _1337_/D
  _1338_/D
  _1339_/D
  _1340_/D
  _1341_/D
  _1342_/D
  _1343_/D
  _1344_/D
  _1345_/D
  _1346_/D
  _1347_/D
  _1348_/D
  _1349_/D
  _1350_/D
  _1351_/D
  _1352_/D
  _1353_/D
  _1354_/D
  _1355_/D
  _1356_/D
  _1357_/D
  _1358_/D
  _1359_/D
  _1360_/D
  _1361_/D
  _1362_/D
  _1363_/D
  _1364_/D
  _1365_/D
  _1366_/D
