
===========================================================================
report_checks -unconstrained
===========================================================================
======================= nom_fast_1p32V_m40C Corner ===================================

Startpoint: rst_n (input port clocked by clk)
Endpoint: _1318_ (recovery check against rising-edge clock clk)
Path Group: asynchronous
Path Type: max

Fanout         Cap        Slew       Delay        Time   Description
---------------------------------------------------------------------------------------------
                                  0.000000    0.000000   clock clk (rise edge)
                                  0.000000    0.000000   clock network delay (propagated)
                                  4.000000    4.000000 ^ input external delay
     1    0.005325    0.015081    0.003073    4.003073 ^ rst_n (in)
                                                         rst_n (net)
                      0.015082    0.000000    4.003073 ^ input1/A (sg13g2_buf_1)
     3    0.036314    0.098911    0.097754    4.100827 ^ input1/X (sg13g2_buf_1)
                                                         net1 (net)
                      0.099094    0.003483    4.104310 ^ fanout71/A (sg13g2_buf_1)
     4    0.032763    0.090381    0.117851    4.222160 ^ fanout71/X (sg13g2_buf_1)
                                                         net71 (net)
                      0.090964    0.005850    4.228011 ^ fanout58/A (sg13g2_buf_1)
     8    0.051150    0.137484    0.147829    4.375839 ^ fanout58/X (sg13g2_buf_1)
                                                         net58 (net)
                      0.137496    0.001094    4.376934 ^ fanout57/A (sg13g2_buf_1)
     8    0.055040    0.147620    0.166140    4.543073 ^ fanout57/X (sg13g2_buf_1)
                                                         net57 (net)
                      0.147774    0.003918    4.546991 ^ fanout56/A (sg13g2_buf_1)
     8    0.057149    0.152947    0.172873    4.719864 ^ fanout56/X (sg13g2_buf_1)
                                                         net56 (net)
                      0.153021    0.002782    4.722646 ^ _1318_/RESET_B (sg13g2_dfrbpq_1)
                                              4.722646   data arrival time

                                 20.000000   20.000000   clock clk (rise edge)
                                  0.000000   20.000000   clock source latency
     1    0.036403    0.033702    0.022244   20.022243 ^ clk (in)
                                                         clk (net)
                      0.034761    0.000000   20.022243 ^ clkbuf_0_clk/A (sg13g2_buf_16)
    16    0.199049    0.040904    0.062125   20.084368 ^ clkbuf_0_clk/X (sg13g2_buf_16)
                                                         clknet_0_clk (net)
                      0.048550    0.012598   20.096966 ^ clkbuf_4_0_0_clk/A (sg13g2_buf_8)
     2    0.043351    0.023769    0.062196   20.159163 ^ clkbuf_4_0_0_clk/X (sg13g2_buf_8)
                                                         clknet_4_0_0_clk (net)
                      0.023990    0.001652   20.160814 ^ clkbuf_5_0__f_clk/A (sg13g2_buf_16)
     6    0.028305    0.014801    0.046303   20.207117 ^ clkbuf_5_0__f_clk/X (sg13g2_buf_16)
                                                         clknet_5_0__leaf_clk (net)
                      0.014842    0.001405   20.208521 ^ _1318_/CLK (sg13g2_dfrbpq_1)
                                 -0.250000   19.958523   clock uncertainty
                                  0.000000   19.958523   clock reconvergence pessimism
                                 -0.112517   19.846004   library recovery time
                                             19.846004   data required time
---------------------------------------------------------------------------------------------
                                             19.846004   data required time
                                             -4.722646   data arrival time
---------------------------------------------------------------------------------------------
                                             15.123359   slack (MET)


Startpoint: _1439_ (rising edge-triggered flip-flop clocked by clk)
Endpoint: _1422_ (rising edge-triggered flip-flop clocked by clk)
Path Group: clk
Path Type: max

Fanout         Cap        Slew       Delay        Time   Description
---------------------------------------------------------------------------------------------
                                  0.000000    0.000000   clock clk (rise edge)
                                  0.000000    0.000000   clock source latency
     1    0.036403    0.033702    0.022243    0.022243 ^ clk (in)
                                                         clk (net)
                      0.034761    0.000000    0.022243 ^ clkbuf_0_clk/A (sg13g2_buf_16)
    16    0.199049    0.040904    0.062125    0.084368 ^ clkbuf_0_clk/X (sg13g2_buf_16)
                                                         clknet_0_clk (net)
                      0.051138    0.014853    0.099221 ^ clkbuf_4_11_0_clk/A (sg13g2_buf_8)
     2    0.041103    0.023189    0.062548    0.161769 ^ clkbuf_4_11_0_clk/X (sg13g2_buf_8)
                                                         clknet_4_11_0_clk (net)
                      0.023402    0.001537    0.163306 ^ clkbuf_5_22__f_clk/A (sg13g2_buf_16)
     5    0.021912    0.013815    0.045490    0.208796 ^ clkbuf_5_22__f_clk/X (sg13g2_buf_16)
                                                         clknet_5_22__leaf_clk (net)
                      0.013832    0.000907    0.209703 ^ _1439_/CLK (sg13g2_dfrbpq_1)
     1    0.003805    0.017964    0.109267    0.318970 ^ _1439_/Q (sg13g2_dfrbpq_1)
                                                         cfg[8] (net)
                      0.017964    0.000251    0.319221 ^ fanout54/A (sg13g2_buf_1)
     4    0.025865    0.071910    0.080294    0.399515 ^ fanout54/X (sg13g2_buf_1)
                                                         net54 (net)
                      0.072232    0.003881    0.403396 ^ fanout53/A (sg13g2_buf_1)
     8    0.036431    0.099575    0.116401    0.519797 ^ fanout53/X (sg13g2_buf_1)
                                                         net53 (net)
                      0.099717    0.003095    0.522892 ^ _0762_/B_N (sg13g2_nor2b_1)
     6    0.028350    0.159237    0.175723    0.698615 ^ _0762_/Y (sg13g2_nor2b_1)
                                                         _0326_ (net)
                      0.159272    0.001947    0.700562 ^ _0765_/A (sg13g2_nand2_1)
     4    0.022699    0.124607    0.143894    0.844457 v _0765_/Y (sg13g2_nand2_1)
                                                         _0329_ (net)
                      0.124620    0.001226    0.845683 v fanout36/A (sg13g2_buf_1)
     8    0.044880    0.099268    0.134495    0.980178 v fanout36/X (sg13g2_buf_1)
                                                         net36 (net)
                      0.099648    0.005023    0.985200 v _0766_/B (sg13g2_nand2_1)
     2    0.010510    0.050938    0.063131    1.048331 ^ _0766_/Y (sg13g2_nand2_1)
                                                         u_dut.g_seg[0].g_fa[0].u_fa.a (net)
                      0.050953    0.000678    1.049010 ^ u_dut.g_seg[0].g_fa[0].u_fa.u_x1/A (sg13g2_xor2_1)
     2    0.011184    0.072039    0.072503    1.121513 v u_dut.g_seg[0].g_fa[0].u_fa.u_x1/X (sg13g2_xor2_1)
                                                         u_dut.g_seg[0].g_fa[0].u_fa.t (net)
                      0.072074    0.000617    1.122130 v u_dut.g_seg[0].g_fa[0].u_fa.u_a2/B (sg13g2_and2_1)
     1    0.002768    0.015516    0.064847    1.186977 v u_dut.g_seg[0].g_fa[0].u_fa.u_a2/X (sg13g2_and2_1)
                                                         u_dut.g_seg[0].g_fa[0].u_fa.v (net)
                      0.015517    0.000207    1.187184 v u_dut.g_seg[0].g_fa[0].u_fa.u_o1/B (sg13g2_or2_1)
     2    0.010055    0.031683    0.073604    1.260787 v u_dut.g_seg[0].g_fa[0].u_fa.u_o1/X (sg13g2_or2_1)
                                                         u_dut.g_seg[0].g_fa[0].u_fa.co (net)
                      0.031693    0.000538    1.261325 v u_dut.g_seg[0].g_fa[1].u_fa.u_a2/A (sg13g2_and2_1)
     1    0.004139    0.018190    0.048917    1.310242 v u_dut.g_seg[0].g_fa[1].u_fa.u_a2/X (sg13g2_and2_1)
                                                         u_dut.g_seg[0].g_fa[1].u_fa.v (net)
                      0.018190    0.000270    1.310511 v u_dut.g_seg[0].g_fa[1].u_fa.u_o1/B (sg13g2_or2_1)
     2    0.011637    0.035040    0.077439    1.387950 v u_dut.g_seg[0].g_fa[1].u_fa.u_o1/X (sg13g2_or2_1)
                                                         u_dut.g_seg[0].g_fa[1].u_fa.co (net)
                      0.035059    0.000762    1.388713 v u_dut.g_seg[0].g_fa[2].u_fa.u_a2/A (sg13g2_and2_1)
     1    0.004718    0.018634    0.050908    1.439620 v u_dut.g_seg[0].g_fa[2].u_fa.u_a2/X (sg13g2_and2_1)
                                                         u_dut.g_seg[0].g_fa[2].u_fa.v (net)
                      0.018642    0.000451    1.440071 v u_dut.g_seg[0].g_fa[2].u_fa.u_o1/B (sg13g2_or2_1)
     2    0.009111    0.029812    0.072879    1.512950 v u_dut.g_seg[0].g_fa[2].u_fa.u_o1/X (sg13g2_or2_1)
                                                         u_dut.g_seg[0].g_fa[2].u_fa.co (net)
                      0.029821    0.000485    1.513435 v u_dut.g_seg[0].g_fa[3].u_fa.u_a2/A (sg13g2_and2_1)
     1    0.003188    0.016569    0.046757    1.560192 v u_dut.g_seg[0].g_fa[3].u_fa.u_a2/X (sg13g2_and2_1)
                                                         u_dut.g_seg[0].g_fa[3].u_fa.v (net)
                      0.016569    0.000125    1.560317 v u_dut.g_seg[0].g_fa[3].u_fa.u_o1/B (sg13g2_or2_1)
     2    0.020666    0.054924    0.093527    1.653844 v u_dut.g_seg[0].g_fa[3].u_fa.u_o1/X (sg13g2_or2_1)
                                                         u_dut.g_seg[0].u_bank.node[0] (net)
                      0.055010    0.001912    1.655756 v u_dut.g_seg[0].u_bank.g_inv[0].u_inv._cell/A (sg13g2_inv_1)
     1    0.004362    0.023830    0.028633    1.684389 ^ u_dut.g_seg[0].u_bank.g_inv[0].u_inv._cell/Y (sg13g2_inv_1)
                                                         u_dut.g_seg[0].u_bank.node[1] (net)
                      0.023831    0.000294    1.684683 ^ u_dut.g_seg[0].u_bank.g_inv[1].u_inv._cell/A (sg13g2_inv_1)
     1    0.003533    0.013792    0.020028    1.704711 v u_dut.g_seg[0].u_bank.g_inv[1].u_inv._cell/Y (sg13g2_inv_1)
                                                         u_dut.g_seg[0].u_bank.node[2] (net)
                      0.013794    0.000265    1.704976 v u_dut.g_seg[0].u_bank.g_inv[2].u_inv._cell/A (sg13g2_inv_1)
     1    0.003713    0.015198    0.019225    1.724201 ^ u_dut.g_seg[0].u_bank.g_inv[2].u_inv._cell/Y (sg13g2_inv_1)
                                                         u_dut.g_seg[0].u_bank.node[3] (net)
                      0.015198    0.000148    1.724349 ^ u_dut.g_seg[0].u_bank.g_inv[3].u_inv._cell/A (sg13g2_inv_1)
     1    0.004567    0.014213    0.019873    1.744222 v u_dut.g_seg[0].u_bank.g_inv[3].u_inv._cell/Y (sg13g2_inv_1)
                                                         u_dut.g_seg[0].u_bank.node[4] (net)
                      0.014226    0.000324    1.744546 v u_dut.g_seg[0].u_bank.g_inv[4].u_inv._cell/A (sg13g2_inv_1)
     1    0.004596    0.017285    0.020865    1.765410 ^ u_dut.g_seg[0].u_bank.g_inv[4].u_inv._cell/Y (sg13g2_inv_1)
                                                         u_dut.g_seg[0].u_bank.node[5] (net)
                      0.017305    0.000311    1.765722 ^ u_dut.g_seg[0].u_bank.g_inv[5].u_inv._cell/A (sg13g2_inv_1)
     1    0.005832    0.016965    0.022341    1.788063 v u_dut.g_seg[0].u_bank.g_inv[5].u_inv._cell/Y (sg13g2_inv_1)
                                                         u_dut.g_seg[0].u_bank.node[6] (net)
                      0.016981    0.000400    1.788463 v u_dut.g_seg[0].u_bank.g_inv[6].u_inv._cell/A (sg13g2_inv_1)
     1    0.003557    0.015387    0.019501    1.807964 ^ u_dut.g_seg[0].u_bank.g_inv[6].u_inv._cell/Y (sg13g2_inv_1)
                                                         u_dut.g_seg[0].u_bank.node[7] (net)
                      0.015388    0.000273    1.808237 ^ u_dut.g_seg[0].u_bank.g_inv[7].u_inv._cell/A (sg13g2_inv_1)
     1    0.003110    0.011614    0.017676    1.825913 v u_dut.g_seg[0].u_bank.g_inv[7].u_inv._cell/Y (sg13g2_inv_1)
                                                         u_dut.g_seg[0].u_bank.node[8] (net)
                      0.011614    0.000124    1.826038 v u_dut.g_seg[0].u_bank.g_inv[8].u_inv._cell/A (sg13g2_inv_1)
     1    0.003200    0.013653    0.017898    1.843936 ^ u_dut.g_seg[0].u_bank.g_inv[8].u_inv._cell/Y (sg13g2_inv_1)
                                                         u_dut.g_seg[0].u_bank.node[9] (net)
                      0.013653    0.000128    1.844064 ^ u_dut.g_seg[0].u_bank.g_inv[9].u_inv._cell/A (sg13g2_inv_1)
     1    0.003816    0.012557    0.018386    1.862450 v u_dut.g_seg[0].u_bank.g_inv[9].u_inv._cell/Y (sg13g2_inv_1)
                                                         u_dut.g_seg[0].u_bank.node[10] (net)
                      0.012579    0.000272    1.862722 v u_dut.g_seg[0].u_bank.g_inv[10].u_inv._cell/A (sg13g2_inv_1)
     1    0.003344    0.014147    0.018332    1.881055 ^ u_dut.g_seg[0].u_bank.g_inv[10].u_inv._cell/Y (sg13g2_inv_1)
                                                         u_dut.g_seg[0].u_bank.node[11] (net)
                      0.014147    0.000133    1.881188 ^ u_dut.g_seg[0].u_bank.g_inv[11].u_inv._cell/A (sg13g2_inv_1)
     1    0.003110    0.011404    0.017430    1.898618 v u_dut.g_seg[0].u_bank.g_inv[11].u_inv._cell/Y (sg13g2_inv_1)
                                                         u_dut.g_seg[0].u_bank.node[12] (net)
                      0.011405    0.000124    1.898742 v u_dut.g_seg[0].u_bank.g_inv[12].u_inv._cell/A (sg13g2_inv_1)
     1    0.003201    0.013617    0.017861    1.916603 ^ u_dut.g_seg[0].u_bank.g_inv[12].u_inv._cell/Y (sg13g2_inv_1)
                                                         u_dut.g_seg[0].u_bank.node[13] (net)
                      0.013618    0.000128    1.916731 ^ u_dut.g_seg[0].u_bank.g_inv[13].u_inv._cell/A (sg13g2_inv_1)
     1    0.003119    0.011330    0.017339    1.934070 v u_dut.g_seg[0].u_bank.g_inv[13].u_inv._cell/Y (sg13g2_inv_1)
                                                         u_dut.g_seg[0].u_bank.node[14] (net)
                      0.011330    0.000124    1.934194 v u_dut.g_seg[0].u_bank.g_inv[14].u_inv._cell/A (sg13g2_inv_1)
     1    0.003200    0.013602    0.017845    1.952039 ^ u_dut.g_seg[0].u_bank.g_inv[14].u_inv._cell/Y (sg13g2_inv_1)
                                                         u_dut.g_seg[0].u_bank.node[15] (net)
                      0.013602    0.000128    1.952167 ^ u_dut.g_seg[0].u_bank.g_inv[15].u_inv._cell/A (sg13g2_inv_1)
     1    0.003114    0.011318    0.017327    1.969494 v u_dut.g_seg[0].u_bank.g_inv[15].u_inv._cell/Y (sg13g2_inv_1)
                                                         u_dut.g_seg[0].u_bank.node[16] (net)
                      0.011318    0.000124    1.969619 v u_dut.g_seg[0].u_bank.g_inv[16].u_inv._cell/A (sg13g2_inv_1)
     1    0.003195    0.013590    0.017835    1.987454 ^ u_dut.g_seg[0].u_bank.g_inv[16].u_inv._cell/Y (sg13g2_inv_1)
                                                         u_dut.g_seg[0].u_bank.node[17] (net)
                      0.013590    0.000128    1.987581 ^ u_dut.g_seg[0].u_bank.g_inv[17].u_inv._cell/A (sg13g2_inv_1)
     1    0.003127    0.011339    0.017346    2.004927 v u_dut.g_seg[0].u_bank.g_inv[17].u_inv._cell/Y (sg13g2_inv_1)
                                                         u_dut.g_seg[0].u_bank.node[18] (net)
                      0.011340    0.000125    2.005052 v u_dut.g_seg[0].u_bank.g_inv[18].u_inv._cell/A (sg13g2_inv_1)
     1    0.003225    0.013662    0.017892    2.022943 ^ u_dut.g_seg[0].u_bank.g_inv[18].u_inv._cell/Y (sg13g2_inv_1)
                                                         u_dut.g_seg[0].u_bank.node[19] (net)
                      0.013662    0.000128    2.023072 ^ u_dut.g_seg[0].u_bank.g_inv[19].u_inv._cell/A (sg13g2_inv_1)
     1    0.003555    0.012109    0.018025    2.041096 v u_dut.g_seg[0].u_bank.g_inv[19].u_inv._cell/Y (sg13g2_inv_1)
                                                         u_dut.g_seg[0].u_bank.node[20] (net)
                      0.012110    0.000140    2.041237 v u_dut.g_seg[0].u_bank.g_inv[20].u_inv._cell/A (sg13g2_inv_1)
     1    0.003715    0.014895    0.018857    2.060094 ^ u_dut.g_seg[0].u_bank.g_inv[20].u_inv._cell/Y (sg13g2_inv_1)
                                                         u_dut.g_seg[0].u_bank.node[21] (net)
                      0.014896    0.000283    2.060377 ^ u_dut.g_seg[0].u_bank.g_inv[21].u_inv._cell/A (sg13g2_inv_1)
     1    0.003559    0.012311    0.018231    2.078608 v u_dut.g_seg[0].u_bank.g_inv[21].u_inv._cell/Y (sg13g2_inv_1)
                                                         u_dut.g_seg[0].u_bank.node[22] (net)
                      0.012315    0.000275    2.078883 v u_dut.g_seg[0].u_bank.g_inv[22].u_inv._cell/A (sg13g2_inv_1)
     1    0.003558    0.014587    0.018664    2.097546 ^ u_dut.g_seg[0].u_bank.g_inv[22].u_inv._cell/Y (sg13g2_inv_1)
                                                         u_dut.g_seg[0].u_bank.node[23] (net)
                      0.014587    0.000142    2.097688 ^ u_dut.g_seg[0].u_bank.g_inv[23].u_inv._cell/A (sg13g2_inv_1)
     1    0.003477    0.012128    0.018090    2.115779 v u_dut.g_seg[0].u_bank.g_inv[23].u_inv._cell/Y (sg13g2_inv_1)
                                                         u_dut.g_seg[0].u_bank.node[24] (net)
                      0.012129    0.000139    2.115917 v u_dut.g_seg[0].u_bank.g_inv[24].u_inv._cell/A (sg13g2_inv_1)
     1    0.003213    0.013771    0.018016    2.133933 ^ u_dut.g_seg[0].u_bank.g_inv[24].u_inv._cell/Y (sg13g2_inv_1)
                                                         u_dut.g_seg[0].u_bank.node[25] (net)
                      0.013771    0.000128    2.134061 ^ u_dut.g_seg[0].u_bank.g_inv[25].u_inv._cell/A (sg13g2_inv_1)
     1    0.003140    0.011392    0.017401    2.151462 v u_dut.g_seg[0].u_bank.g_inv[25].u_inv._cell/Y (sg13g2_inv_1)
                                                         u_dut.g_seg[0].u_bank.node[26] (net)
                      0.011392    0.000125    2.151587 v u_dut.g_seg[0].u_bank.g_inv[26].u_inv._cell/A (sg13g2_inv_1)
     1    0.003630    0.014591    0.018618    2.170205 ^ u_dut.g_seg[0].u_bank.g_inv[26].u_inv._cell/Y (sg13g2_inv_1)
                                                         u_dut.g_seg[0].u_bank.node[27] (net)
                      0.014592    0.000144    2.170349 ^ u_dut.g_seg[0].u_bank.g_inv[27].u_inv._cell/A (sg13g2_inv_1)
     1    0.003238    0.011705    0.017718    2.188067 v u_dut.g_seg[0].u_bank.g_inv[27].u_inv._cell/Y (sg13g2_inv_1)
                                                         u_dut.g_seg[0].u_bank.node[28] (net)
                      0.011705    0.000129    2.188196 v u_dut.g_seg[0].u_bank.g_inv[28].u_inv._cell/A (sg13g2_inv_1)
     1    0.003196    0.013659    0.017908    2.206104 ^ u_dut.g_seg[0].u_bank.g_inv[28].u_inv._cell/Y (sg13g2_inv_1)
                                                         u_dut.g_seg[0].u_bank.node[29] (net)
                      0.013659    0.000128    2.206231 ^ u_dut.g_seg[0].u_bank.g_inv[29].u_inv._cell/A (sg13g2_inv_1)
     1    0.003110    0.011320    0.017332    2.223563 v u_dut.g_seg[0].u_bank.g_inv[29].u_inv._cell/Y (sg13g2_inv_1)
                                                         u_dut.g_seg[0].u_bank.node[30] (net)
                      0.011320    0.000124    2.223687 v u_dut.g_seg[0].u_bank.g_inv[30].u_inv._cell/A (sg13g2_inv_1)
     1    0.003631    0.014581    0.018605    2.242292 ^ u_dut.g_seg[0].u_bank.g_inv[30].u_inv._cell/Y (sg13g2_inv_1)
                                                         u_dut.g_seg[0].u_bank.node[31] (net)
                      0.014581    0.000146    2.242438 ^ u_dut.g_seg[0].u_bank.g_inv[31].u_inv._cell/A (sg13g2_inv_1)
     2    0.007581    0.019866    0.024520    2.266958 v u_dut.g_seg[0].u_bank.g_inv[31].u_inv._cell/Y (sg13g2_inv_1)
                                                         u_dut.g_seg[0].u_bank.node[32] (net)
                      0.019868    0.000141    2.267099 v u_dut.g_seg[0].u_bank.g_inv[32].u_inv._cell/A (sg13g2_inv_1)
     1    0.003220    0.015134    0.019458    2.286557 ^ u_dut.g_seg[0].u_bank.g_inv[32].u_inv._cell/Y (sg13g2_inv_1)
                                                         u_dut.g_seg[0].u_bank.node[33] (net)
                      0.015135    0.000128    2.286685 ^ u_dut.g_seg[0].u_bank.g_inv[33].u_inv._cell/A (sg13g2_inv_1)
     1    0.003404    0.012093    0.018090    2.304775 v u_dut.g_seg[0].u_bank.g_inv[33].u_inv._cell/Y (sg13g2_inv_1)
                                                         u_dut.g_seg[0].u_bank.node[34] (net)
                      0.012094    0.000135    2.304910 v u_dut.g_seg[0].u_bank.g_inv[34].u_inv._cell/A (sg13g2_inv_1)
     1    0.003195    0.013725    0.017978    2.322888 ^ u_dut.g_seg[0].u_bank.g_inv[34].u_inv._cell/Y (sg13g2_inv_1)
                                                         u_dut.g_seg[0].u_bank.node[35] (net)
                      0.013725    0.000128    2.323016 ^ u_dut.g_seg[0].u_bank.g_inv[35].u_inv._cell/A (sg13g2_inv_1)
     1    0.003304    0.011663    0.017603    2.340619 v u_dut.g_seg[0].u_bank.g_inv[35].u_inv._cell/Y (sg13g2_inv_1)
                                                         u_dut.g_seg[0].u_bank.node[36] (net)
                      0.011665    0.000252    2.340871 v u_dut.g_seg[0].u_bank.g_inv[36].u_inv._cell/A (sg13g2_inv_1)
     1    0.004195    0.015909    0.019623    2.360495 ^ u_dut.g_seg[0].u_bank.g_inv[36].u_inv._cell/Y (sg13g2_inv_1)
                                                         u_dut.g_seg[0].u_bank.node[37] (net)
                      0.015928    0.000306    2.360801 ^ u_dut.g_seg[0].u_bank.g_inv[37].u_inv._cell/A (sg13g2_inv_1)
     1    0.003140    0.011758    0.017831    2.378632 v u_dut.g_seg[0].u_bank.g_inv[37].u_inv._cell/Y (sg13g2_inv_1)
                                                         u_dut.g_seg[0].u_bank.node[38] (net)
                      0.011758    0.000125    2.378756 v u_dut.g_seg[0].u_bank.g_inv[38].u_inv._cell/A (sg13g2_inv_1)
     1    0.003225    0.013735    0.017969    2.396726 ^ u_dut.g_seg[0].u_bank.g_inv[38].u_inv._cell/Y (sg13g2_inv_1)
                                                         u_dut.g_seg[0].u_bank.node[39] (net)
                      0.013735    0.000128    2.396854 ^ u_dut.g_seg[0].u_bank.g_inv[39].u_inv._cell/A (sg13g2_inv_1)
     1    0.003602    0.012206    0.018113    2.414967 v u_dut.g_seg[0].u_bank.g_inv[39].u_inv._cell/Y (sg13g2_inv_1)
                                                         u_dut.g_seg[0].u_bank.node[40] (net)
                      0.012206    0.000142    2.415109 v u_dut.g_seg[0].u_bank.g_inv[40].u_inv._cell/A (sg13g2_inv_1)
     1    0.003285    0.013936    0.018115    2.433224 ^ u_dut.g_seg[0].u_bank.g_inv[40].u_inv._cell/Y (sg13g2_inv_1)
                                                         u_dut.g_seg[0].u_bank.node[41] (net)
                      0.013937    0.000255    2.433479 ^ u_dut.g_seg[0].u_bank.g_inv[41].u_inv._cell/A (sg13g2_inv_1)
     1    0.003110    0.011368    0.017389    2.450868 v u_dut.g_seg[0].u_bank.g_inv[41].u_inv._cell/Y (sg13g2_inv_1)
                                                         u_dut.g_seg[0].u_bank.node[42] (net)
                      0.011369    0.000124    2.450992 v u_dut.g_seg[0].u_bank.g_inv[42].u_inv._cell/A (sg13g2_inv_1)
     1    0.003195    0.013598    0.017844    2.468836 ^ u_dut.g_seg[0].u_bank.g_inv[42].u_inv._cell/Y (sg13g2_inv_1)
                                                         u_dut.g_seg[0].u_bank.node[43] (net)
                      0.013599    0.000128    2.468964 ^ u_dut.g_seg[0].u_bank.g_inv[43].u_inv._cell/A (sg13g2_inv_1)
     1    0.003117    0.011323    0.017332    2.486296 v u_dut.g_seg[0].u_bank.g_inv[43].u_inv._cell/Y (sg13g2_inv_1)
                                                         u_dut.g_seg[0].u_bank.node[44] (net)
                      0.011324    0.000124    2.486420 v u_dut.g_seg[0].u_bank.g_inv[44].u_inv._cell/A (sg13g2_inv_1)
     1    0.003612    0.014539    0.018573    2.504993 ^ u_dut.g_seg[0].u_bank.g_inv[44].u_inv._cell/Y (sg13g2_inv_1)
                                                         u_dut.g_seg[0].u_bank.node[45] (net)
                      0.014539    0.000143    2.505136 ^ u_dut.g_seg[0].u_bank.g_inv[45].u_inv._cell/A (sg13g2_inv_1)
     1    0.003844    0.012754    0.018605    2.523741 v u_dut.g_seg[0].u_bank.g_inv[45].u_inv._cell/Y (sg13g2_inv_1)
                                                         u_dut.g_seg[0].u_bank.node[46] (net)
                      0.012778    0.000284    2.524025 v u_dut.g_seg[0].u_bank.g_inv[46].u_inv._cell/A (sg13g2_inv_1)
     1    0.003816    0.015241    0.019165    2.543190 ^ u_dut.g_seg[0].u_bank.g_inv[46].u_inv._cell/Y (sg13g2_inv_1)
                                                         u_dut.g_seg[0].u_bank.node[47] (net)
                      0.015246    0.000288    2.543479 ^ u_dut.g_seg[0].u_bank.g_inv[47].u_inv._cell/A (sg13g2_inv_1)
     1    0.003341    0.011989    0.017970    2.561449 v u_dut.g_seg[0].u_bank.g_inv[47].u_inv._cell/Y (sg13g2_inv_1)
                                                         u_dut.g_seg[0].u_bank.node[48] (net)
                      0.011990    0.000252    2.561701 v u_dut.g_seg[0].u_bank.g_inv[48].u_inv._cell/A (sg13g2_inv_1)
     1    0.003195    0.013707    0.017959    2.579660 ^ u_dut.g_seg[0].u_bank.g_inv[48].u_inv._cell/Y (sg13g2_inv_1)
                                                         u_dut.g_seg[0].u_bank.node[49] (net)
                      0.013707    0.000128    2.579788 ^ u_dut.g_seg[0].u_bank.g_inv[49].u_inv._cell/A (sg13g2_inv_1)
     1    0.003511    0.012039    0.017965    2.597753 v u_dut.g_seg[0].u_bank.g_inv[49].u_inv._cell/Y (sg13g2_inv_1)
                                                         u_dut.g_seg[0].u_bank.node[50] (net)
                      0.012039    0.000139    2.597892 v u_dut.g_seg[0].u_bank.g_inv[50].u_inv._cell/A (sg13g2_inv_1)
     1    0.003401    0.014182    0.018332    2.616225 ^ u_dut.g_seg[0].u_bank.g_inv[50].u_inv._cell/Y (sg13g2_inv_1)
                                                         u_dut.g_seg[0].u_bank.node[51] (net)
                      0.014182    0.000136    2.616361 ^ u_dut.g_seg[0].u_bank.g_inv[51].u_inv._cell/A (sg13g2_inv_1)
     1    0.003454    0.012019    0.017973    2.634334 v u_dut.g_seg[0].u_bank.g_inv[51].u_inv._cell/Y (sg13g2_inv_1)
                                                         u_dut.g_seg[0].u_bank.node[52] (net)
                      0.012019    0.000138    2.634472 v u_dut.g_seg[0].u_bank.g_inv[52].u_inv._cell/A (sg13g2_inv_1)
     1    0.004320    0.016257    0.019920    2.654392 ^ u_dut.g_seg[0].u_bank.g_inv[52].u_inv._cell/Y (sg13g2_inv_1)
                                                         u_dut.g_seg[0].u_bank.node[53] (net)
                      0.016281    0.000302    2.654694 ^ u_dut.g_seg[0].u_bank.g_inv[53].u_inv._cell/A (sg13g2_inv_1)
     1    0.004156    0.013629    0.019466    2.674160 v u_dut.g_seg[0].u_bank.g_inv[53].u_inv._cell/Y (sg13g2_inv_1)
                                                         u_dut.g_seg[0].u_bank.node[54] (net)
                      0.013647    0.000294    2.674454 v u_dut.g_seg[0].u_bank.g_inv[54].u_inv._cell/A (sg13g2_inv_1)
     1    0.003615    0.014937    0.018976    2.693430 ^ u_dut.g_seg[0].u_bank.g_inv[54].u_inv._cell/Y (sg13g2_inv_1)
                                                         u_dut.g_seg[0].u_bank.node[55] (net)
                      0.014938    0.000269    2.693700 ^ u_dut.g_seg[0].u_bank.g_inv[55].u_inv._cell/A (sg13g2_inv_1)
     1    0.003504    0.012236    0.018206    2.711906 v u_dut.g_seg[0].u_bank.g_inv[55].u_inv._cell/Y (sg13g2_inv_1)
                                                         u_dut.g_seg[0].u_bank.node[56] (net)
                      0.012237    0.000139    2.712045 v u_dut.g_seg[0].u_bank.g_inv[56].u_inv._cell/A (sg13g2_inv_1)
     1    0.003805    0.015122    0.019041    2.731086 ^ u_dut.g_seg[0].u_bank.g_inv[56].u_inv._cell/Y (sg13g2_inv_1)
                                                         u_dut.g_seg[0].u_bank.node[57] (net)
                      0.015127    0.000288    2.731375 ^ u_dut.g_seg[0].u_bank.g_inv[57].u_inv._cell/A (sg13g2_inv_1)
     1    0.003509    0.012277    0.018252    2.749627 v u_dut.g_seg[0].u_bank.g_inv[57].u_inv._cell/Y (sg13g2_inv_1)
                                                         u_dut.g_seg[0].u_bank.node[58] (net)
                      0.012277    0.000139    2.749766 v u_dut.g_seg[0].u_bank.g_inv[58].u_inv._cell/A (sg13g2_inv_1)
     1    0.003356    0.014123    0.018299    2.768065 ^ u_dut.g_seg[0].u_bank.g_inv[58].u_inv._cell/Y (sg13g2_inv_1)
                                                         u_dut.g_seg[0].u_bank.node[59] (net)
                      0.014123    0.000133    2.768198 ^ u_dut.g_seg[0].u_bank.g_inv[59].u_inv._cell/A (sg13g2_inv_1)
     1    0.003990    0.012956    0.018742    2.786940 v u_dut.g_seg[0].u_bank.g_inv[59].u_inv._cell/Y (sg13g2_inv_1)
                                                         u_dut.g_seg[0].u_bank.node[60] (net)
                      0.012976    0.000297    2.787238 v u_dut.g_seg[0].u_bank.g_inv[60].u_inv._cell/A (sg13g2_inv_1)
     1    0.004125    0.015992    0.019803    2.807040 ^ u_dut.g_seg[0].u_bank.g_inv[60].u_inv._cell/Y (sg13g2_inv_1)
                                                         u_dut.g_seg[0].u_bank.node[61] (net)
                      0.015993    0.000167    2.807207 ^ u_dut.g_seg[0].u_bank.g_inv[61].u_inv._cell/A (sg13g2_inv_1)
     1    0.003635    0.012647    0.018628    2.825835 v u_dut.g_seg[0].u_bank.g_inv[61].u_inv._cell/Y (sg13g2_inv_1)
                                                         u_dut.g_seg[0].u_bank.node[62] (net)
                      0.012648    0.000145    2.825979 v u_dut.g_seg[0].u_bank.g_inv[62].u_inv._cell/A (sg13g2_inv_1)
     1    0.003403    0.014294    0.018452    2.844431 ^ u_dut.g_seg[0].u_bank.g_inv[62].u_inv._cell/Y (sg13g2_inv_1)
                                                         u_dut.g_seg[0].u_bank.node[63] (net)
                      0.014294    0.000135    2.844566 ^ u_dut.g_seg[0].u_bank.g_inv[63].u_inv._cell/A (sg13g2_inv_1)
     2    0.007277    0.019235    0.023842    2.868409 v u_dut.g_seg[0].u_bank.g_inv[63].u_inv._cell/Y (sg13g2_inv_1)
                                                         u_dut.g_seg[0].u_bank.node[64] (net)
                      0.019250    0.000424    2.868833 v u_dut.g_seg[0].u_bank.g_inv[64].u_inv._cell/A (sg13g2_inv_1)
     1    0.003552    0.015773    0.019926    2.888758 ^ u_dut.g_seg[0].u_bank.g_inv[64].u_inv._cell/Y (sg13g2_inv_1)
                                                         u_dut.g_seg[0].u_bank.node[65] (net)
                      0.015775    0.000267    2.889025 ^ u_dut.g_seg[0].u_bank.g_inv[65].u_inv._cell/A (sg13g2_inv_1)
     1    0.003341    0.012090    0.018119    2.907145 v u_dut.g_seg[0].u_bank.g_inv[65].u_inv._cell/Y (sg13g2_inv_1)
                                                         u_dut.g_seg[0].u_bank.node[66] (net)
                      0.012090    0.000133    2.907278 v u_dut.g_seg[0].u_bank.g_inv[66].u_inv._cell/A (sg13g2_inv_1)
     1    0.003233    0.013810    0.018044    2.925322 ^ u_dut.g_seg[0].u_bank.g_inv[66].u_inv._cell/Y (sg13g2_inv_1)
                                                         u_dut.g_seg[0].u_bank.node[67] (net)
                      0.013810    0.000129    2.925451 ^ u_dut.g_seg[0].u_bank.g_inv[67].u_inv._cell/A (sg13g2_inv_1)
     1    0.003426    0.011907    0.017855    2.943306 v u_dut.g_seg[0].u_bank.g_inv[67].u_inv._cell/Y (sg13g2_inv_1)
                                                         u_dut.g_seg[0].u_bank.node[68] (net)
                      0.011908    0.000136    2.943442 v u_dut.g_seg[0].u_bank.g_inv[68].u_inv._cell/A (sg13g2_inv_1)
     1    0.003327    0.013979    0.018133    2.961575 ^ u_dut.g_seg[0].u_bank.g_inv[68].u_inv._cell/Y (sg13g2_inv_1)
                                                         u_dut.g_seg[0].u_bank.node[69] (net)
                      0.013981    0.000259    2.961833 ^ u_dut.g_seg[0].u_bank.g_inv[69].u_inv._cell/A (sg13g2_inv_1)
     1    0.003139    0.011426    0.017441    2.979275 v u_dut.g_seg[0].u_bank.g_inv[69].u_inv._cell/Y (sg13g2_inv_1)
                                                         u_dut.g_seg[0].u_bank.node[70] (net)
                      0.011426    0.000125    2.979399 v u_dut.g_seg[0].u_bank.g_inv[70].u_inv._cell/A (sg13g2_inv_1)
     1    0.003620    0.014573    0.018605    2.998004 ^ u_dut.g_seg[0].u_bank.g_inv[70].u_inv._cell/Y (sg13g2_inv_1)
                                                         u_dut.g_seg[0].u_bank.node[71] (net)
                      0.014574    0.000144    2.998148 ^ u_dut.g_seg[0].u_bank.g_inv[71].u_inv._cell/A (sg13g2_inv_1)
     1    0.003776    0.012643    0.018514    3.016663 v u_dut.g_seg[0].u_bank.g_inv[71].u_inv._cell/Y (sg13g2_inv_1)
                                                         u_dut.g_seg[0].u_bank.node[72] (net)
                      0.012661    0.000272    3.016935 v u_dut.g_seg[0].u_bank.g_inv[72].u_inv._cell/A (sg13g2_inv_1)
     1    0.003554    0.014638    0.018722    3.035657 ^ u_dut.g_seg[0].u_bank.g_inv[72].u_inv._cell/Y (sg13g2_inv_1)
                                                         u_dut.g_seg[0].u_bank.node[73] (net)
                      0.014639    0.000142    3.035799 ^ u_dut.g_seg[0].u_bank.g_inv[73].u_inv._cell/A (sg13g2_inv_1)
     1    0.003800    0.012711    0.018608    3.054407 v u_dut.g_seg[0].u_bank.g_inv[73].u_inv._cell/Y (sg13g2_inv_1)
                                                         u_dut.g_seg[0].u_bank.node[74] (net)
                      0.012715    0.000151    3.054558 v u_dut.g_seg[0].u_bank.g_inv[74].u_inv._cell/A (sg13g2_inv_1)
     1    0.003498    0.014521    0.018634    3.073192 ^ u_dut.g_seg[0].u_bank.g_inv[74].u_inv._cell/Y (sg13g2_inv_1)
                                                         u_dut.g_seg[0].u_bank.node[75] (net)
                      0.014522    0.000139    3.073331 ^ u_dut.g_seg[0].u_bank.g_inv[75].u_inv._cell/A (sg13g2_inv_1)
     1    0.003296    0.011797    0.017796    3.091127 v u_dut.g_seg[0].u_bank.g_inv[75].u_inv._cell/Y (sg13g2_inv_1)
                                                         u_dut.g_seg[0].u_bank.node[76] (net)
                      0.011798    0.000131    3.091258 v u_dut.g_seg[0].u_bank.g_inv[76].u_inv._cell/A (sg13g2_inv_1)
     1    0.003800    0.015033    0.018946    3.110204 ^ u_dut.g_seg[0].u_bank.g_inv[76].u_inv._cell/Y (sg13g2_inv_1)
                                                         u_dut.g_seg[0].u_bank.node[77] (net)
                      0.015039    0.000291    3.110494 ^ u_dut.g_seg[0].u_bank.g_inv[77].u_inv._cell/A (sg13g2_inv_1)
     1    0.003774    0.012732    0.018652    3.129146 v u_dut.g_seg[0].u_bank.g_inv[77].u_inv._cell/Y (sg13g2_inv_1)
                                                         u_dut.g_seg[0].u_bank.node[78] (net)
                      0.012735    0.000148    3.129294 v u_dut.g_seg[0].u_bank.g_inv[78].u_inv._cell/A (sg13g2_inv_1)
     1    0.003679    0.014938    0.018962    3.148256 ^ u_dut.g_seg[0].u_bank.g_inv[78].u_inv._cell/Y (sg13g2_inv_1)
                                                         u_dut.g_seg[0].u_bank.node[79] (net)
                      0.014938    0.000146    3.148402 ^ u_dut.g_seg[0].u_bank.g_inv[79].u_inv._cell/A (sg13g2_inv_1)
     1    0.003952    0.013021    0.018862    3.167264 v u_dut.g_seg[0].u_bank.g_inv[79].u_inv._cell/Y (sg13g2_inv_1)
                                                         u_dut.g_seg[0].u_bank.node[80] (net)
                      0.013044    0.000284    3.167548 v u_dut.g_seg[0].u_bank.g_inv[80].u_inv._cell/A (sg13g2_inv_1)
     1    0.003853    0.015373    0.019288    3.186836 ^ u_dut.g_seg[0].u_bank.g_inv[80].u_inv._cell/Y (sg13g2_inv_1)
                                                         u_dut.g_seg[0].u_bank.node[81] (net)
                      0.015374    0.000280    3.187116 ^ u_dut.g_seg[0].u_bank.g_inv[81].u_inv._cell/A (sg13g2_inv_1)
     1    0.003943    0.013076    0.018947    3.206064 v u_dut.g_seg[0].u_bank.g_inv[81].u_inv._cell/Y (sg13g2_inv_1)
                                                         u_dut.g_seg[0].u_bank.node[82] (net)
                      0.013102    0.000276    3.206340 v u_dut.g_seg[0].u_bank.g_inv[82].u_inv._cell/A (sg13g2_inv_1)
     1    0.003847    0.015383    0.019332    3.225672 ^ u_dut.g_seg[0].u_bank.g_inv[82].u_inv._cell/Y (sg13g2_inv_1)
                                                         u_dut.g_seg[0].u_bank.node[83] (net)
                      0.015383    0.000153    3.225825 ^ u_dut.g_seg[0].u_bank.g_inv[83].u_inv._cell/A (sg13g2_inv_1)
     1    0.003787    0.012813    0.018740    3.244565 v u_dut.g_seg[0].u_bank.g_inv[83].u_inv._cell/Y (sg13g2_inv_1)
                                                         u_dut.g_seg[0].u_bank.node[84] (net)
                      0.012816    0.000151    3.244716 v u_dut.g_seg[0].u_bank.g_inv[84].u_inv._cell/A (sg13g2_inv_1)
     1    0.004187    0.016106    0.019884    3.264601 ^ u_dut.g_seg[0].u_bank.g_inv[84].u_inv._cell/Y (sg13g2_inv_1)
                                                         u_dut.g_seg[0].u_bank.node[85] (net)
                      0.016108    0.000168    3.264768 ^ u_dut.g_seg[0].u_bank.g_inv[85].u_inv._cell/A (sg13g2_inv_1)
     1    0.003421    0.012287    0.018312    3.283081 v u_dut.g_seg[0].u_bank.g_inv[85].u_inv._cell/Y (sg13g2_inv_1)
                                                         u_dut.g_seg[0].u_bank.node[86] (net)
                      0.012288    0.000135    3.283216 v u_dut.g_seg[0].u_bank.g_inv[86].u_inv._cell/A (sg13g2_inv_1)
     1    0.003215    0.013803    0.018048    3.301264 ^ u_dut.g_seg[0].u_bank.g_inv[86].u_inv._cell/Y (sg13g2_inv_1)
                                                         u_dut.g_seg[0].u_bank.node[87] (net)
                      0.013803    0.000128    3.301392 ^ u_dut.g_seg[0].u_bank.g_inv[87].u_inv._cell/A (sg13g2_inv_1)
     1    0.003352    0.011762    0.017695    3.319087 v u_dut.g_seg[0].u_bank.g_inv[87].u_inv._cell/Y (sg13g2_inv_1)
                                                         u_dut.g_seg[0].u_bank.node[88] (net)
                      0.011764    0.000253    3.319340 v u_dut.g_seg[0].u_bank.g_inv[88].u_inv._cell/A (sg13g2_inv_1)
     1    0.003198    0.013672    0.017921    3.337261 ^ u_dut.g_seg[0].u_bank.g_inv[88].u_inv._cell/Y (sg13g2_inv_1)
                                                         u_dut.g_seg[0].u_bank.node[89] (net)
                      0.013673    0.000128    3.337389 ^ u_dut.g_seg[0].u_bank.g_inv[89].u_inv._cell/A (sg13g2_inv_1)
     1    0.003112    0.011326    0.017338    3.354727 v u_dut.g_seg[0].u_bank.g_inv[89].u_inv._cell/Y (sg13g2_inv_1)
                                                         u_dut.g_seg[0].u_bank.node[90] (net)
                      0.011327    0.000124    3.354851 v u_dut.g_seg[0].u_bank.g_inv[90].u_inv._cell/A (sg13g2_inv_1)
     1    0.004125    0.015706    0.019482    3.374333 ^ u_dut.g_seg[0].u_bank.g_inv[90].u_inv._cell/Y (sg13g2_inv_1)
                                                         u_dut.g_seg[0].u_bank.node[91] (net)
                      0.015707    0.000160    3.374493 ^ u_dut.g_seg[0].u_bank.g_inv[91].u_inv._cell/A (sg13g2_inv_1)
     1    0.003799    0.012878    0.018787    3.393281 v u_dut.g_seg[0].u_bank.g_inv[91].u_inv._cell/Y (sg13g2_inv_1)
                                                         u_dut.g_seg[0].u_bank.node[92] (net)
                      0.012896    0.000272    3.393552 v u_dut.g_seg[0].u_bank.g_inv[92].u_inv._cell/A (sg13g2_inv_1)
     1    0.004061    0.015818    0.019626    3.413178 ^ u_dut.g_seg[0].u_bank.g_inv[92].u_inv._cell/Y (sg13g2_inv_1)
                                                         u_dut.g_seg[0].u_bank.node[93] (net)
                      0.015830    0.000299    3.413477 ^ u_dut.g_seg[0].u_bank.g_inv[93].u_inv._cell/A (sg13g2_inv_1)
     1    0.003722    0.012759    0.018681    3.432158 v u_dut.g_seg[0].u_bank.g_inv[93].u_inv._cell/Y (sg13g2_inv_1)
                                                         u_dut.g_seg[0].u_bank.node[94] (net)
                      0.012774    0.000282    3.432440 v u_dut.g_seg[0].u_bank.g_inv[94].u_inv._cell/A (sg13g2_inv_1)
     1    0.004118    0.015924    0.019696    3.452137 ^ u_dut.g_seg[0].u_bank.g_inv[94].u_inv._cell/Y (sg13g2_inv_1)
                                                         u_dut.g_seg[0].u_bank.node[95] (net)
                      0.015941    0.000313    3.452449 ^ u_dut.g_seg[0].u_bank.g_inv[95].u_inv._cell/A (sg13g2_inv_1)
     1    0.003454    0.012317    0.018330    3.470779 v u_dut.g_seg[0].u_bank.g_inv[95].u_inv._cell/Y (sg13g2_inv_1)
                                                         u_dut.g_seg[0].u_bank.node[96] (net)
                      0.012318    0.000138    3.470917 v u_dut.g_seg[0].u_bank.u_mux.u_m1/A1 (sg13g2_mux2_1)
     1    0.003497    0.023485    0.067640    3.538557 v u_dut.g_seg[0].u_bank.u_mux.u_m1/X (sg13g2_mux2_1)
                                                         u_dut.g_seg[0].u_bank.u_mux.w1 (net)
                      0.023485    0.000139    3.538695 v u_dut.g_seg[0].u_bank.u_mux.u_m2/A1 (sg13g2_mux2_1)
     2    0.018046    0.054027    0.102717    3.641412 v u_dut.g_seg[0].u_bank.u_mux.u_m2/X (sg13g2_mux2_1)
                                                         u_dut.g_seg[0].bank_dout (net)
                      0.054066    0.001301    3.642713 v u_dut.g_seg[1].g_fa[0].u_fa.u_a2/A (sg13g2_and2_1)
     1    0.002872    0.015462    0.053949    3.696662 v u_dut.g_seg[1].g_fa[0].u_fa.u_a2/X (sg13g2_and2_1)
                                                         u_dut.g_seg[1].g_fa[0].u_fa.v (net)
                      0.015462    0.000114    3.696776 v u_dut.g_seg[1].g_fa[0].u_fa.u_o1/B (sg13g2_or2_1)
     2    0.013098    0.038165    0.079199    3.775974 v u_dut.g_seg[1].g_fa[0].u_fa.u_o1/X (sg13g2_or2_1)
                                                         u_dut.g_seg[1].g_fa[0].u_fa.co (net)
                      0.038197    0.000997    3.776971 v u_dut.g_seg[1].g_fa[1].u_fa.u_a2/A (sg13g2_and2_1)
     1    0.004882    0.019130    0.052178    3.829149 v u_dut.g_seg[1].g_fa[1].u_fa.u_a2/X (sg13g2_and2_1)
                                                         u_dut.g_seg[1].g_fa[1].u_fa.v (net)
                      0.019138    0.000481    3.829631 v u_dut.g_seg[1].g_fa[1].u_fa.u_o1/B (sg13g2_or2_1)
     2    0.009659    0.030938    0.074240    3.903870 v u_dut.g_seg[1].g_fa[1].u_fa.u_o1/X (sg13g2_or2_1)
                                                         u_dut.g_seg[1].g_fa[1].u_fa.co (net)
                      0.030940    0.000292    3.904162 v u_dut.g_seg[1].g_fa[2].u_fa.u_a2/A (sg13g2_and2_1)
     1    0.004588    0.018694    0.049420    3.953583 v u_dut.g_seg[1].g_fa[2].u_fa.u_a2/X (sg13g2_and2_1)
                                                         u_dut.g_seg[1].g_fa[2].u_fa.v (net)
                      0.018699    0.000298    3.953881 v u_dut.g_seg[1].g_fa[2].u_fa.u_o1/B (sg13g2_or2_1)
     2    0.010163    0.031970    0.074833    4.028714 v u_dut.g_seg[1].g_fa[2].u_fa.u_o1/X (sg13g2_or2_1)
                                                         u_dut.g_seg[1].g_fa[2].u_fa.co (net)
                      0.031987    0.000695    4.029408 v u_dut.g_seg[1].g_fa[3].u_fa.u_a2/A (sg13g2_and2_1)
     1    0.003017    0.015911    0.047133    4.076541 v u_dut.g_seg[1].g_fa[3].u_fa.u_a2/X (sg13g2_and2_1)
                                                         u_dut.g_seg[1].g_fa[3].u_fa.v (net)
                      0.015911    0.000223    4.076765 v u_dut.g_seg[1].g_fa[3].u_fa.u_o1/B (sg13g2_or2_1)
     2    0.011192    0.034109    0.075805    4.152569 v u_dut.g_seg[1].g_fa[3].u_fa.u_o1/X (sg13g2_or2_1)
                                                         u_dut.g_seg[1].u_bank.node[0] (net)
                      0.034135    0.000852    4.153422 v u_dut.g_seg[1].u_bank.g_inv[0].u_inv._cell/A (sg13g2_inv_1)
     1    0.003197    0.017564    0.022045    4.175467 ^ u_dut.g_seg[1].u_bank.g_inv[0].u_inv._cell/Y (sg13g2_inv_1)
                                                         u_dut.g_seg[1].u_bank.node[1] (net)
                      0.017564    0.000128    4.175594 ^ u_dut.g_seg[1].u_bank.g_inv[1].u_inv._cell/A (sg13g2_inv_1)
     1    0.003130    0.012009    0.018098    4.193692 v u_dut.g_seg[1].u_bank.g_inv[1].u_inv._cell/Y (sg13g2_inv_1)
                                                         u_dut.g_seg[1].u_bank.node[2] (net)
                      0.012011    0.000245    4.193937 v u_dut.g_seg[1].u_bank.g_inv[2].u_inv._cell/A (sg13g2_inv_1)
     1    0.003195    0.013710    0.017963    4.211899 ^ u_dut.g_seg[1].u_bank.g_inv[2].u_inv._cell/Y (sg13g2_inv_1)
                                                         u_dut.g_seg[1].u_bank.node[3] (net)
                      0.013711    0.000128    4.212027 ^ u_dut.g_seg[1].u_bank.g_inv[3].u_inv._cell/A (sg13g2_inv_1)
     1    0.003113    0.011335    0.017348    4.229376 v u_dut.g_seg[1].u_bank.g_inv[3].u_inv._cell/Y (sg13g2_inv_1)
                                                         u_dut.g_seg[1].u_bank.node[4] (net)
                      0.011336    0.000124    4.229500 v u_dut.g_seg[1].u_bank.g_inv[4].u_inv._cell/A (sg13g2_inv_1)
     1    0.003195    0.013593    0.017838    4.247338 ^ u_dut.g_seg[1].u_bank.g_inv[4].u_inv._cell/Y (sg13g2_inv_1)
                                                         u_dut.g_seg[1].u_bank.node[5] (net)
                      0.013593    0.000128    4.247466 ^ u_dut.g_seg[1].u_bank.g_inv[5].u_inv._cell/A (sg13g2_inv_1)
     1    0.003132    0.011336    0.017308    4.264774 v u_dut.g_seg[1].u_bank.g_inv[5].u_inv._cell/Y (sg13g2_inv_1)
                                                         u_dut.g_seg[1].u_bank.node[6] (net)
                      0.011338    0.000245    4.265019 v u_dut.g_seg[1].u_bank.g_inv[6].u_inv._cell/A (sg13g2_inv_1)
     1    0.004237    0.015949    0.019638    4.284657 ^ u_dut.g_seg[1].u_bank.g_inv[6].u_inv._cell/Y (sg13g2_inv_1)
                                                         u_dut.g_seg[1].u_bank.node[7] (net)
                      0.015970    0.000295    4.284953 ^ u_dut.g_seg[1].u_bank.g_inv[7].u_inv._cell/A (sg13g2_inv_1)
     1    0.003267    0.011992    0.018042    4.302994 v u_dut.g_seg[1].u_bank.g_inv[7].u_inv._cell/Y (sg13g2_inv_1)
                                                         u_dut.g_seg[1].u_bank.node[8] (net)
                      0.011992    0.000130    4.303124 v u_dut.g_seg[1].u_bank.g_inv[8].u_inv._cell/A (sg13g2_inv_1)
     1    0.003407    0.014176    0.018291    4.321415 ^ u_dut.g_seg[1].u_bank.g_inv[8].u_inv._cell/Y (sg13g2_inv_1)
                                                         u_dut.g_seg[1].u_bank.node[9] (net)
                      0.014177    0.000261    4.321676 ^ u_dut.g_seg[1].u_bank.g_inv[9].u_inv._cell/A (sg13g2_inv_1)
     1    0.003626    0.012309    0.018196    4.339872 v u_dut.g_seg[1].u_bank.g_inv[9].u_inv._cell/Y (sg13g2_inv_1)
                                                         u_dut.g_seg[1].u_bank.node[10] (net)
                      0.012322    0.000267    4.340139 v u_dut.g_seg[1].u_bank.g_inv[10].u_inv._cell/A (sg13g2_inv_1)
     1    0.005535    0.019174    0.022137    4.362276 ^ u_dut.g_seg[1].u_bank.g_inv[10].u_inv._cell/Y (sg13g2_inv_1)
                                                         u_dut.g_seg[1].u_bank.node[11] (net)
                      0.019185    0.000365    4.362641 ^ u_dut.g_seg[1].u_bank.g_inv[11].u_inv._cell/A (sg13g2_inv_1)
     1    0.003881    0.013617    0.019646    4.382287 v u_dut.g_seg[1].u_bank.g_inv[11].u_inv._cell/Y (sg13g2_inv_1)
                                                         u_dut.g_seg[1].u_bank.node[12] (net)
                      0.013633    0.000275    4.382562 v u_dut.g_seg[1].u_bank.g_inv[12].u_inv._cell/A (sg13g2_inv_1)
     1    0.003354    0.014354    0.018548    4.401110 ^ u_dut.g_seg[1].u_bank.g_inv[12].u_inv._cell/Y (sg13g2_inv_1)
                                                         u_dut.g_seg[1].u_bank.node[13] (net)
                      0.014354    0.000134    4.401244 ^ u_dut.g_seg[1].u_bank.g_inv[13].u_inv._cell/A (sg13g2_inv_1)
     1    0.004043    0.013094    0.018885    4.420128 v u_dut.g_seg[1].u_bank.g_inv[13].u_inv._cell/Y (sg13g2_inv_1)
                                                         u_dut.g_seg[1].u_bank.node[14] (net)
                      0.013113    0.000283    4.420411 v u_dut.g_seg[1].u_bank.g_inv[14].u_inv._cell/A (sg13g2_inv_1)
     1    0.004251    0.016290    0.020014    4.440425 ^ u_dut.g_seg[1].u_bank.g_inv[14].u_inv._cell/Y (sg13g2_inv_1)
                                                         u_dut.g_seg[1].u_bank.node[15] (net)
                      0.016309    0.000302    4.440727 ^ u_dut.g_seg[1].u_bank.g_inv[15].u_inv._cell/A (sg13g2_inv_1)
     1    0.003910    0.013172    0.019073    4.459801 v u_dut.g_seg[1].u_bank.g_inv[15].u_inv._cell/Y (sg13g2_inv_1)
                                                         u_dut.g_seg[1].u_bank.node[16] (net)
                      0.013199    0.000297    4.460097 v u_dut.g_seg[1].u_bank.g_inv[16].u_inv._cell/A (sg13g2_inv_1)
     1    0.003197    0.013921    0.018185    4.478282 ^ u_dut.g_seg[1].u_bank.g_inv[16].u_inv._cell/Y (sg13g2_inv_1)
                                                         u_dut.g_seg[1].u_bank.node[17] (net)
                      0.013922    0.000128    4.478410 ^ u_dut.g_seg[1].u_bank.g_inv[17].u_inv._cell/A (sg13g2_inv_1)
     1    0.005074    0.014947    0.020393    4.498803 v u_dut.g_seg[1].u_bank.g_inv[17].u_inv._cell/Y (sg13g2_inv_1)
                                                         u_dut.g_seg[1].u_bank.node[18] (net)
                      0.014959    0.000337    4.499140 v u_dut.g_seg[1].u_bank.g_inv[18].u_inv._cell/A (sg13g2_inv_1)
     1    0.004118    0.016307    0.020131    4.519271 ^ u_dut.g_seg[1].u_bank.g_inv[18].u_inv._cell/Y (sg13g2_inv_1)
                                                         u_dut.g_seg[1].u_bank.node[19] (net)
                      0.016319    0.000307    4.519578 ^ u_dut.g_seg[1].u_bank.g_inv[19].u_inv._cell/A (sg13g2_inv_1)
     1    0.004712    0.014673    0.020361    4.539939 v u_dut.g_seg[1].u_bank.g_inv[19].u_inv._cell/Y (sg13g2_inv_1)
                                                         u_dut.g_seg[1].u_bank.node[20] (net)
                      0.014685    0.000318    4.540257 v u_dut.g_seg[1].u_bank.g_inv[20].u_inv._cell/A (sg13g2_inv_1)
     1    0.005797    0.020205    0.023121    4.563378 ^ u_dut.g_seg[1].u_bank.g_inv[20].u_inv._cell/Y (sg13g2_inv_1)
                                                         u_dut.g_seg[1].u_bank.node[21] (net)
                      0.020217    0.000378    4.563756 ^ u_dut.g_seg[1].u_bank.g_inv[21].u_inv._cell/A (sg13g2_inv_1)
     1    0.004442    0.014822    0.020770    4.584525 v u_dut.g_seg[1].u_bank.g_inv[21].u_inv._cell/Y (sg13g2_inv_1)
                                                         u_dut.g_seg[1].u_bank.node[22] (net)
                      0.014841    0.000317    4.584842 v u_dut.g_seg[1].u_bank.g_inv[22].u_inv._cell/A (sg13g2_inv_1)
     1    0.003948    0.015901    0.019805    4.604647 ^ u_dut.g_seg[1].u_bank.g_inv[22].u_inv._cell/Y (sg13g2_inv_1)
                                                         u_dut.g_seg[1].u_bank.node[23] (net)
                      0.015907    0.000290    4.604937 ^ u_dut.g_seg[1].u_bank.g_inv[23].u_inv._cell/A (sg13g2_inv_1)
     1    0.003411    0.012224    0.018211    4.623147 v u_dut.g_seg[1].u_bank.g_inv[23].u_inv._cell/Y (sg13g2_inv_1)
                                                         u_dut.g_seg[1].u_bank.node[24] (net)
                      0.012225    0.000258    4.623405 v u_dut.g_seg[1].u_bank.g_inv[24].u_inv._cell/A (sg13g2_inv_1)
     1    0.003207    0.013775    0.018023    4.641428 ^ u_dut.g_seg[1].u_bank.g_inv[24].u_inv._cell/Y (sg13g2_inv_1)
                                                         u_dut.g_seg[1].u_bank.node[25] (net)
                      0.013775    0.000128    4.641557 ^ u_dut.g_seg[1].u_bank.g_inv[25].u_inv._cell/A (sg13g2_inv_1)
     1    0.005854    0.016447    0.021502    4.663058 v u_dut.g_seg[1].u_bank.g_inv[25].u_inv._cell/Y (sg13g2_inv_1)
                                                         u_dut.g_seg[1].u_bank.node[26] (net)
                      0.016467    0.000452    4.663511 v u_dut.g_seg[1].u_bank.g_inv[26].u_inv._cell/A (sg13g2_inv_1)
     1    0.005300    0.019321    0.022462    4.685972 ^ u_dut.g_seg[1].u_bank.g_inv[26].u_inv._cell/Y (sg13g2_inv_1)
                                                         u_dut.g_seg[1].u_bank.node[27] (net)
                      0.019366    0.000709    4.686681 ^ u_dut.g_seg[1].u_bank.g_inv[27].u_inv._cell/A (sg13g2_inv_1)
     1    0.003328    0.012677    0.018823    4.705504 v u_dut.g_seg[1].u_bank.g_inv[27].u_inv._cell/Y (sg13g2_inv_1)
                                                         u_dut.g_seg[1].u_bank.node[28] (net)
                      0.012677    0.000133    4.705637 v u_dut.g_seg[1].u_bank.g_inv[28].u_inv._cell/A (sg13g2_inv_1)
     1    0.004599    0.017036    0.020591    4.726228 ^ u_dut.g_seg[1].u_bank.g_inv[28].u_inv._cell/Y (sg13g2_inv_1)
                                                         u_dut.g_seg[1].u_bank.node[29] (net)
                      0.017039    0.000187    4.726415 ^ u_dut.g_seg[1].u_bank.g_inv[29].u_inv._cell/A (sg13g2_inv_1)
     1    0.003505    0.012596    0.018638    4.745053 v u_dut.g_seg[1].u_bank.g_inv[29].u_inv._cell/Y (sg13g2_inv_1)
                                                         u_dut.g_seg[1].u_bank.node[30] (net)
                      0.012597    0.000139    4.745192 v u_dut.g_seg[1].u_bank.g_inv[30].u_inv._cell/A (sg13g2_inv_1)
     1    0.003335    0.014129    0.018320    4.763511 ^ u_dut.g_seg[1].u_bank.g_inv[30].u_inv._cell/Y (sg13g2_inv_1)
                                                         u_dut.g_seg[1].u_bank.node[31] (net)
                      0.014130    0.000133    4.763644 ^ u_dut.g_seg[1].u_bank.g_inv[31].u_inv._cell/A (sg13g2_inv_1)
     2    0.007392    0.019430    0.023969    4.787613 v u_dut.g_seg[1].u_bank.g_inv[31].u_inv._cell/Y (sg13g2_inv_1)
                                                         u_dut.g_seg[1].u_bank.node[32] (net)
                      0.019444    0.000420    4.788033 v u_dut.g_seg[1].u_bank.g_inv[32].u_inv._cell/A (sg13g2_inv_1)
     1    0.004192    0.017270    0.021210    4.809243 ^ u_dut.g_seg[1].u_bank.g_inv[32].u_inv._cell/Y (sg13g2_inv_1)
                                                         u_dut.g_seg[1].u_bank.node[33] (net)
                      0.017271    0.000167    4.809410 ^ u_dut.g_seg[1].u_bank.g_inv[33].u_inv._cell/A (sg13g2_inv_1)
     1    0.005984    0.017251    0.022584    4.831994 v u_dut.g_seg[1].u_bank.g_inv[33].u_inv._cell/Y (sg13g2_inv_1)
                                                         u_dut.g_seg[1].u_bank.node[34] (net)
                      0.017266    0.000405    4.832399 v u_dut.g_seg[1].u_bank.g_inv[34].u_inv._cell/A (sg13g2_inv_1)
     1    0.003521    0.015366    0.019536    4.851935 ^ u_dut.g_seg[1].u_bank.g_inv[34].u_inv._cell/Y (sg13g2_inv_1)
                                                         u_dut.g_seg[1].u_bank.node[35] (net)
                      0.015366    0.000137    4.852072 ^ u_dut.g_seg[1].u_bank.g_inv[35].u_inv._cell/A (sg13g2_inv_1)
     1    0.003114    0.011617    0.017678    4.869750 v u_dut.g_seg[1].u_bank.g_inv[35].u_inv._cell/Y (sg13g2_inv_1)
                                                         u_dut.g_seg[1].u_bank.node[36] (net)
                      0.011618    0.000124    4.869874 v u_dut.g_seg[1].u_bank.g_inv[36].u_inv._cell/A (sg13g2_inv_1)
     1    0.003200    0.013652    0.017898    4.887773 ^ u_dut.g_seg[1].u_bank.g_inv[36].u_inv._cell/Y (sg13g2_inv_1)
                                                         u_dut.g_seg[1].u_bank.node[37] (net)
                      0.013652    0.000128    4.887900 ^ u_dut.g_seg[1].u_bank.g_inv[37].u_inv._cell/A (sg13g2_inv_1)
     1    0.003803    0.012531    0.018360    4.906260 v u_dut.g_seg[1].u_bank.g_inv[37].u_inv._cell/Y (sg13g2_inv_1)
                                                         u_dut.g_seg[1].u_bank.node[38] (net)
                      0.012554    0.000275    4.906536 v u_dut.g_seg[1].u_bank.g_inv[38].u_inv._cell/A (sg13g2_inv_1)
     1    0.004130    0.015917    0.019685    4.926221 ^ u_dut.g_seg[1].u_bank.g_inv[38].u_inv._cell/Y (sg13g2_inv_1)
                                                         u_dut.g_seg[1].u_bank.node[39] (net)
                      0.015932    0.000297    4.926517 ^ u_dut.g_seg[1].u_bank.g_inv[39].u_inv._cell/A (sg13g2_inv_1)
     1    0.003989    0.013255    0.019135    4.945652 v u_dut.g_seg[1].u_bank.g_inv[39].u_inv._cell/Y (sg13g2_inv_1)
                                                         u_dut.g_seg[1].u_bank.node[40] (net)
                      0.013279    0.000279    4.945932 v u_dut.g_seg[1].u_bank.g_inv[40].u_inv._cell/A (sg13g2_inv_1)
     1    0.003399    0.014393    0.018562    4.964493 ^ u_dut.g_seg[1].u_bank.g_inv[40].u_inv._cell/Y (sg13g2_inv_1)
                                                         u_dut.g_seg[1].u_bank.node[41] (net)
                      0.014394    0.000135    4.964628 ^ u_dut.g_seg[1].u_bank.g_inv[41].u_inv._cell/A (sg13g2_inv_1)
     1    0.003550    0.012226    0.018168    4.982796 v u_dut.g_seg[1].u_bank.g_inv[41].u_inv._cell/Y (sg13g2_inv_1)
                                                         u_dut.g_seg[1].u_bank.node[42] (net)
                      0.012226    0.000140    4.982936 v u_dut.g_seg[1].u_bank.g_inv[42].u_inv._cell/A (sg13g2_inv_1)
     1    0.003281    0.013930    0.018111    5.001047 ^ u_dut.g_seg[1].u_bank.g_inv[42].u_inv._cell/Y (sg13g2_inv_1)
                                                         u_dut.g_seg[1].u_bank.node[43] (net)
                      0.013931    0.000254    5.001302 ^ u_dut.g_seg[1].u_bank.g_inv[43].u_inv._cell/A (sg13g2_inv_1)
     1    0.003369    0.011826    0.017790    5.019092 v u_dut.g_seg[1].u_bank.g_inv[43].u_inv._cell/Y (sg13g2_inv_1)
                                                         u_dut.g_seg[1].u_bank.node[44] (net)
                      0.011826    0.000135    5.019227 v u_dut.g_seg[1].u_bank.g_inv[44].u_inv._cell/A (sg13g2_inv_1)
     1    0.003206    0.013702    0.017947    5.037173 ^ u_dut.g_seg[1].u_bank.g_inv[44].u_inv._cell/Y (sg13g2_inv_1)
                                                         u_dut.g_seg[1].u_bank.node[45] (net)
                      0.013702    0.000128    5.037302 ^ u_dut.g_seg[1].u_bank.g_inv[45].u_inv._cell/A (sg13g2_inv_1)
     1    0.003420    0.011877    0.017823    5.055124 v u_dut.g_seg[1].u_bank.g_inv[45].u_inv._cell/Y (sg13g2_inv_1)
                                                         u_dut.g_seg[1].u_bank.node[46] (net)
                      0.011878    0.000135    5.055260 v u_dut.g_seg[1].u_bank.g_inv[46].u_inv._cell/A (sg13g2_inv_1)
     1    0.003429    0.014218    0.018353    5.073613 ^ u_dut.g_seg[1].u_bank.g_inv[46].u_inv._cell/Y (sg13g2_inv_1)
                                                         u_dut.g_seg[1].u_bank.node[47] (net)
                      0.014219    0.000136    5.073750 ^ u_dut.g_seg[1].u_bank.g_inv[47].u_inv._cell/A (sg13g2_inv_1)
     1    0.004004    0.012998    0.018784    5.092533 v u_dut.g_seg[1].u_bank.g_inv[47].u_inv._cell/Y (sg13g2_inv_1)
                                                         u_dut.g_seg[1].u_bank.node[48] (net)
                      0.013017    0.000297    5.092830 v u_dut.g_seg[1].u_bank.g_inv[48].u_inv._cell/A (sg13g2_inv_1)
     1    0.003749    0.015133    0.019099    5.111928 ^ u_dut.g_seg[1].u_bank.g_inv[48].u_inv._cell/Y (sg13g2_inv_1)
                                                         u_dut.g_seg[1].u_bank.node[49] (net)
                      0.015134    0.000274    5.112202 ^ u_dut.g_seg[1].u_bank.g_inv[49].u_inv._cell/A (sg13g2_inv_1)
     1    0.003289    0.011888    0.017908    5.130110 v u_dut.g_seg[1].u_bank.g_inv[49].u_inv._cell/Y (sg13g2_inv_1)
                                                         u_dut.g_seg[1].u_bank.node[50] (net)
                      0.011889    0.000131    5.130241 v u_dut.g_seg[1].u_bank.g_inv[50].u_inv._cell/A (sg13g2_inv_1)
     1    0.004563    0.016811    0.020317    5.150558 ^ u_dut.g_seg[1].u_bank.g_inv[50].u_inv._cell/Y (sg13g2_inv_1)
                                                         u_dut.g_seg[1].u_bank.node[51] (net)
                      0.016822    0.000325    5.150882 ^ u_dut.g_seg[1].u_bank.g_inv[51].u_inv._cell/A (sg13g2_inv_1)
     1    0.003448    0.012445    0.018455    5.169337 v u_dut.g_seg[1].u_bank.g_inv[51].u_inv._cell/Y (sg13g2_inv_1)
                                                         u_dut.g_seg[1].u_bank.node[52] (net)
                      0.012447    0.000260    5.169597 v u_dut.g_seg[1].u_bank.g_inv[52].u_inv._cell/A (sg13g2_inv_1)
     1    0.003814    0.015179    0.019101    5.188698 ^ u_dut.g_seg[1].u_bank.g_inv[52].u_inv._cell/Y (sg13g2_inv_1)
                                                         u_dut.g_seg[1].u_bank.node[53] (net)
                      0.015181    0.000280    5.188978 ^ u_dut.g_seg[1].u_bank.g_inv[53].u_inv._cell/A (sg13g2_inv_1)
     1    0.004555    0.014181    0.019853    5.208831 v u_dut.g_seg[1].u_bank.g_inv[53].u_inv._cell/Y (sg13g2_inv_1)
                                                         u_dut.g_seg[1].u_bank.node[54] (net)
                      0.014200    0.000316    5.209147 v u_dut.g_seg[1].u_bank.g_inv[54].u_inv._cell/A (sg13g2_inv_1)
     1    0.005188    0.018678    0.021924    5.231071 ^ u_dut.g_seg[1].u_bank.g_inv[54].u_inv._cell/Y (sg13g2_inv_1)
                                                         u_dut.g_seg[1].u_bank.node[55] (net)
                      0.018688    0.000340    5.231411 ^ u_dut.g_seg[1].u_bank.g_inv[55].u_inv._cell/A (sg13g2_inv_1)
     1    0.003457    0.012790    0.018896    5.250307 v u_dut.g_seg[1].u_bank.g_inv[55].u_inv._cell/Y (sg13g2_inv_1)
                                                         u_dut.g_seg[1].u_bank.node[56] (net)
                      0.012791    0.000137    5.250443 v u_dut.g_seg[1].u_bank.g_inv[56].u_inv._cell/A (sg13g2_inv_1)
     1    0.003526    0.014586    0.018654    5.269097 ^ u_dut.g_seg[1].u_bank.g_inv[56].u_inv._cell/Y (sg13g2_inv_1)
                                                         u_dut.g_seg[1].u_bank.node[57] (net)
                      0.014587    0.000267    5.269364 ^ u_dut.g_seg[1].u_bank.g_inv[57].u_inv._cell/A (sg13g2_inv_1)
     1    0.003407    0.011991    0.017935    5.287300 v u_dut.g_seg[1].u_bank.g_inv[57].u_inv._cell/Y (sg13g2_inv_1)
                                                         u_dut.g_seg[1].u_bank.node[58] (net)
                      0.011992    0.000258    5.287558 v u_dut.g_seg[1].u_bank.g_inv[58].u_inv._cell/A (sg13g2_inv_1)
     1    0.004102    0.015770    0.019571    5.307128 ^ u_dut.g_seg[1].u_bank.g_inv[58].u_inv._cell/Y (sg13g2_inv_1)
                                                         u_dut.g_seg[1].u_bank.node[59] (net)
                      0.015771    0.000164    5.307292 ^ u_dut.g_seg[1].u_bank.g_inv[59].u_inv._cell/A (sg13g2_inv_1)
     1    0.003117    0.011691    0.017764    5.325056 v u_dut.g_seg[1].u_bank.g_inv[59].u_inv._cell/Y (sg13g2_inv_1)
                                                         u_dut.g_seg[1].u_bank.node[60] (net)
                      0.011691    0.000124    5.325181 v u_dut.g_seg[1].u_bank.g_inv[60].u_inv._cell/A (sg13g2_inv_1)
     1    0.003200    0.013666    0.017912    5.343093 ^ u_dut.g_seg[1].u_bank.g_inv[60].u_inv._cell/Y (sg13g2_inv_1)
                                                         u_dut.g_seg[1].u_bank.node[61] (net)
                      0.013666    0.000128    5.343221 ^ u_dut.g_seg[1].u_bank.g_inv[61].u_inv._cell/A (sg13g2_inv_1)
     1    0.003114    0.011330    0.017341    5.360561 v u_dut.g_seg[1].u_bank.g_inv[61].u_inv._cell/Y (sg13g2_inv_1)
                                                         u_dut.g_seg[1].u_bank.node[62] (net)
                      0.011330    0.000124    5.360686 v u_dut.g_seg[1].u_bank.g_inv[62].u_inv._cell/A (sg13g2_inv_1)
     1    0.004236    0.015947    0.019639    5.380324 ^ u_dut.g_seg[1].u_bank.g_inv[62].u_inv._cell/Y (sg13g2_inv_1)
                                                         u_dut.g_seg[1].u_bank.node[63] (net)
                      0.015967    0.000294    5.380619 ^ u_dut.g_seg[1].u_bank.g_inv[63].u_inv._cell/A (sg13g2_inv_1)
     2    0.006967    0.018928    0.023794    5.404413 v u_dut.g_seg[1].u_bank.g_inv[63].u_inv._cell/Y (sg13g2_inv_1)
                                                         u_dut.g_seg[1].u_bank.node[64] (net)
                      0.018942    0.000420    5.404833 v u_dut.g_seg[1].u_bank.g_inv[64].u_inv._cell/A (sg13g2_inv_1)
     1    0.003475    0.015552    0.019765    5.424598 ^ u_dut.g_seg[1].u_bank.g_inv[64].u_inv._cell/Y (sg13g2_inv_1)
                                                         u_dut.g_seg[1].u_bank.node[65] (net)
                      0.015552    0.000138    5.424736 ^ u_dut.g_seg[1].u_bank.g_inv[65].u_inv._cell/A (sg13g2_inv_1)
     1    0.003806    0.012859    0.018751    5.443487 v u_dut.g_seg[1].u_bank.g_inv[65].u_inv._cell/Y (sg13g2_inv_1)
                                                         u_dut.g_seg[1].u_bank.node[66] (net)
                      0.012880    0.000291    5.443778 v u_dut.g_seg[1].u_bank.g_inv[66].u_inv._cell/A (sg13g2_inv_1)
     1    0.003195    0.013862    0.018123    5.461900 ^ u_dut.g_seg[1].u_bank.g_inv[66].u_inv._cell/Y (sg13g2_inv_1)
                                                         u_dut.g_seg[1].u_bank.node[67] (net)
                      0.013862    0.000128    5.462029 ^ u_dut.g_seg[1].u_bank.g_inv[67].u_inv._cell/A (sg13g2_inv_1)
     1    0.003302    0.011682    0.017628    5.479656 v u_dut.g_seg[1].u_bank.g_inv[67].u_inv._cell/Y (sg13g2_inv_1)
                                                         u_dut.g_seg[1].u_bank.node[68] (net)
                      0.011684    0.000251    5.479908 v u_dut.g_seg[1].u_bank.g_inv[68].u_inv._cell/A (sg13g2_inv_1)
     1    0.003225    0.013720    0.017955    5.497862 ^ u_dut.g_seg[1].u_bank.g_inv[68].u_inv._cell/Y (sg13g2_inv_1)
                                                         u_dut.g_seg[1].u_bank.node[69] (net)
                      0.013721    0.000128    5.497991 ^ u_dut.g_seg[1].u_bank.g_inv[69].u_inv._cell/A (sg13g2_inv_1)
     1    0.003495    0.012014    0.017944    5.515935 v u_dut.g_seg[1].u_bank.g_inv[69].u_inv._cell/Y (sg13g2_inv_1)
                                                         u_dut.g_seg[1].u_bank.node[70] (net)
                      0.012015    0.000138    5.516073 v u_dut.g_seg[1].u_bank.g_inv[70].u_inv._cell/A (sg13g2_inv_1)
     1    0.003195    0.013711    0.017963    5.534037 ^ u_dut.g_seg[1].u_bank.g_inv[70].u_inv._cell/Y (sg13g2_inv_1)
                                                         u_dut.g_seg[1].u_bank.node[71] (net)
                      0.013711    0.000128    5.534164 ^ u_dut.g_seg[1].u_bank.g_inv[71].u_inv._cell/A (sg13g2_inv_1)
     1    0.003396    0.011823    0.017744    5.551908 v u_dut.g_seg[1].u_bank.g_inv[71].u_inv._cell/Y (sg13g2_inv_1)
                                                         u_dut.g_seg[1].u_bank.node[72] (net)
                      0.011824    0.000255    5.552163 v u_dut.g_seg[1].u_bank.g_inv[72].u_inv._cell/A (sg13g2_inv_1)
     1    0.003447    0.014250    0.018375    5.570539 ^ u_dut.g_seg[1].u_bank.g_inv[72].u_inv._cell/Y (sg13g2_inv_1)
                                                         u_dut.g_seg[1].u_bank.node[73] (net)
                      0.014250    0.000136    5.570675 ^ u_dut.g_seg[1].u_bank.g_inv[73].u_inv._cell/A (sg13g2_inv_1)
     1    0.003421    0.011973    0.017937    5.588612 v u_dut.g_seg[1].u_bank.g_inv[73].u_inv._cell/Y (sg13g2_inv_1)
                                                         u_dut.g_seg[1].u_bank.node[74] (net)
                      0.011973    0.000135    5.588747 v u_dut.g_seg[1].u_bank.g_inv[74].u_inv._cell/A (sg13g2_inv_1)
     1    0.003659    0.014758    0.018780    5.607527 ^ u_dut.g_seg[1].u_bank.g_inv[74].u_inv._cell/Y (sg13g2_inv_1)
                                                         u_dut.g_seg[1].u_bank.node[75] (net)
                      0.014759    0.000146    5.607673 ^ u_dut.g_seg[1].u_bank.g_inv[75].u_inv._cell/A (sg13g2_inv_1)
     1    0.003426    0.012054    0.018002    5.625674 v u_dut.g_seg[1].u_bank.g_inv[75].u_inv._cell/Y (sg13g2_inv_1)
                                                         u_dut.g_seg[1].u_bank.node[76] (net)
                      0.012056    0.000258    5.625932 v u_dut.g_seg[1].u_bank.g_inv[76].u_inv._cell/A (sg13g2_inv_1)
     1    0.003558    0.014530    0.018572    5.644505 ^ u_dut.g_seg[1].u_bank.g_inv[76].u_inv._cell/Y (sg13g2_inv_1)
                                                         u_dut.g_seg[1].u_bank.node[77] (net)
                      0.014532    0.000268    5.644773 ^ u_dut.g_seg[1].u_bank.g_inv[77].u_inv._cell/A (sg13g2_inv_1)
     1    0.003409    0.011985    0.017928    5.662700 v u_dut.g_seg[1].u_bank.g_inv[77].u_inv._cell/Y (sg13g2_inv_1)
                                                         u_dut.g_seg[1].u_bank.node[78] (net)
                      0.011987    0.000258    5.662958 v u_dut.g_seg[1].u_bank.g_inv[78].u_inv._cell/A (sg13g2_inv_1)
     1    0.003426    0.014231    0.018368    5.681327 ^ u_dut.g_seg[1].u_bank.g_inv[78].u_inv._cell/Y (sg13g2_inv_1)
                                                         u_dut.g_seg[1].u_bank.node[79] (net)
                      0.014231    0.000137    5.681463 ^ u_dut.g_seg[1].u_bank.g_inv[79].u_inv._cell/A (sg13g2_inv_1)
     1    0.003917    0.012836    0.018660    5.700123 v u_dut.g_seg[1].u_bank.g_inv[79].u_inv._cell/Y (sg13g2_inv_1)
                                                         u_dut.g_seg[1].u_bank.node[80] (net)
                      0.012861    0.000281    5.700404 v u_dut.g_seg[1].u_bank.g_inv[80].u_inv._cell/A (sg13g2_inv_1)
     1    0.003774    0.015176    0.019156    5.719560 ^ u_dut.g_seg[1].u_bank.g_inv[80].u_inv._cell/Y (sg13g2_inv_1)
                                                         u_dut.g_seg[1].u_bank.node[81] (net)
                      0.015176    0.000150    5.719710 ^ u_dut.g_seg[1].u_bank.g_inv[81].u_inv._cell/A (sg13g2_inv_1)
     1    0.003771    0.012737    0.018633    5.738342 v u_dut.g_seg[1].u_bank.g_inv[81].u_inv._cell/Y (sg13g2_inv_1)
                                                         u_dut.g_seg[1].u_bank.node[82] (net)
                      0.012754    0.000270    5.738613 v u_dut.g_seg[1].u_bank.g_inv[82].u_inv._cell/A (sg13g2_inv_1)
     1    0.003671    0.014921    0.018950    5.757563 ^ u_dut.g_seg[1].u_bank.g_inv[82].u_inv._cell/Y (sg13g2_inv_1)
                                                         u_dut.g_seg[1].u_bank.node[83] (net)
                      0.014921    0.000146    5.757708 ^ u_dut.g_seg[1].u_bank.g_inv[83].u_inv._cell/A (sg13g2_inv_1)
     1    0.003304    0.011878    0.017887    5.775596 v u_dut.g_seg[1].u_bank.g_inv[83].u_inv._cell/Y (sg13g2_inv_1)
                                                         u_dut.g_seg[1].u_bank.node[84] (net)
                      0.011879    0.000132    5.775728 v u_dut.g_seg[1].u_bank.g_inv[84].u_inv._cell/A (sg13g2_inv_1)
     1    0.003212    0.013724    0.017967    5.793695 ^ u_dut.g_seg[1].u_bank.g_inv[84].u_inv._cell/Y (sg13g2_inv_1)
                                                         u_dut.g_seg[1].u_bank.node[85] (net)
                      0.013724    0.000128    5.793823 ^ u_dut.g_seg[1].u_bank.g_inv[85].u_inv._cell/A (sg13g2_inv_1)
     1    0.003663    0.012312    0.018205    5.812028 v u_dut.g_seg[1].u_bank.g_inv[85].u_inv._cell/Y (sg13g2_inv_1)
                                                         u_dut.g_seg[1].u_bank.node[86] (net)
                      0.012314    0.000145    5.812173 v u_dut.g_seg[1].u_bank.g_inv[86].u_inv._cell/A (sg13g2_inv_1)
     1    0.004363    0.016405    0.020054    5.832227 ^ u_dut.g_seg[1].u_bank.g_inv[86].u_inv._cell/Y (sg13g2_inv_1)
                                                         u_dut.g_seg[1].u_bank.node[87] (net)
                      0.016431    0.000310    5.832538 ^ u_dut.g_seg[1].u_bank.g_inv[87].u_inv._cell/A (sg13g2_inv_1)
     1    0.004203    0.013740    0.019576    5.852114 v u_dut.g_seg[1].u_bank.g_inv[87].u_inv._cell/Y (sg13g2_inv_1)
                                                         u_dut.g_seg[1].u_bank.node[88] (net)
                      0.013758    0.000298    5.852412 v u_dut.g_seg[1].u_bank.g_inv[88].u_inv._cell/A (sg13g2_inv_1)
     1    0.003263    0.014158    0.018364    5.870776 ^ u_dut.g_seg[1].u_bank.g_inv[88].u_inv._cell/Y (sg13g2_inv_1)
                                                         u_dut.g_seg[1].u_bank.node[89] (net)
                      0.014159    0.000254    5.871029 ^ u_dut.g_seg[1].u_bank.g_inv[89].u_inv._cell/A (sg13g2_inv_1)
     1    0.003679    0.012415    0.018320    5.889350 v u_dut.g_seg[1].u_bank.g_inv[89].u_inv._cell/Y (sg13g2_inv_1)
                                                         u_dut.g_seg[1].u_bank.node[90] (net)
                      0.012416    0.000147    5.889497 v u_dut.g_seg[1].u_bank.g_inv[90].u_inv._cell/A (sg13g2_inv_1)
     1    0.003252    0.013910    0.018139    5.907635 ^ u_dut.g_seg[1].u_bank.g_inv[90].u_inv._cell/Y (sg13g2_inv_1)
                                                         u_dut.g_seg[1].u_bank.node[91] (net)
                      0.013910    0.000130    5.907765 ^ u_dut.g_seg[1].u_bank.g_inv[91].u_inv._cell/A (sg13g2_inv_1)
     1    0.003425    0.011922    0.017874    5.925639 v u_dut.g_seg[1].u_bank.g_inv[91].u_inv._cell/Y (sg13g2_inv_1)
                                                         u_dut.g_seg[1].u_bank.node[92] (net)
                      0.011923    0.000135    5.925774 v u_dut.g_seg[1].u_bank.g_inv[92].u_inv._cell/A (sg13g2_inv_1)
     1    0.004191    0.015941    0.019656    5.945431 ^ u_dut.g_seg[1].u_bank.g_inv[92].u_inv._cell/Y (sg13g2_inv_1)
                                                         u_dut.g_seg[1].u_bank.node[93] (net)
                      0.015962    0.000318    5.945748 ^ u_dut.g_seg[1].u_bank.g_inv[93].u_inv._cell/A (sg13g2_inv_1)
     1    0.003497    0.012398    0.018403    5.964151 v u_dut.g_seg[1].u_bank.g_inv[93].u_inv._cell/Y (sg13g2_inv_1)
                                                         u_dut.g_seg[1].u_bank.node[94] (net)
                      0.012398    0.000139    5.964291 v u_dut.g_seg[1].u_bank.g_inv[94].u_inv._cell/A (sg13g2_inv_1)
     1    0.003592    0.014680    0.018741    5.983032 ^ u_dut.g_seg[1].u_bank.g_inv[94].u_inv._cell/Y (sg13g2_inv_1)
                                                         u_dut.g_seg[1].u_bank.node[95] (net)
                      0.014680    0.000144    5.983175 ^ u_dut.g_seg[1].u_bank.g_inv[95].u_inv._cell/A (sg13g2_inv_1)
     1    0.003463    0.012120    0.018090    6.001265 v u_dut.g_seg[1].u_bank.g_inv[95].u_inv._cell/Y (sg13g2_inv_1)
                                                         u_dut.g_seg[1].u_bank.node[96] (net)
                      0.012121    0.000137    6.001402 v u_dut.g_seg[1].u_bank.u_mux.u_m1/A1 (sg13g2_mux2_1)
     1    0.008146    0.031900    0.077630    6.079032 v u_dut.g_seg[1].u_bank.u_mux.u_m1/X (sg13g2_mux2_1)
                                                         u_dut.g_seg[1].u_bank.u_mux.w1 (net)
                      0.031910    0.000549    6.079581 v u_dut.g_seg[1].u_bank.u_mux.u_m2/A1 (sg13g2_mux2_1)
     2    0.013889    0.044871    0.096682    6.176264 v u_dut.g_seg[1].u_bank.u_mux.u_m2/X (sg13g2_mux2_1)
                                                         u_dut.g_seg[1].bank_dout (net)
                      0.044913    0.001227    6.177491 v u_dut.g_seg[2].g_fa[0].u_fa.u_a2/A (sg13g2_and2_1)
     1    0.004429    0.018092    0.053614    6.231105 v u_dut.g_seg[2].g_fa[0].u_fa.u_a2/X (sg13g2_and2_1)
                                                         u_dut.g_seg[2].g_fa[0].u_fa.v (net)
                      0.018097    0.000320    6.231425 v u_dut.g_seg[2].g_fa[0].u_fa.u_o1/B (sg13g2_or2_1)
     2    0.009716    0.031041    0.073770    6.305196 v u_dut.g_seg[2].g_fa[0].u_fa.u_o1/X (sg13g2_or2_1)
                                                         u_dut.g_seg[2].g_fa[0].u_fa.co (net)
                      0.031064    0.000770    6.305966 v u_dut.g_seg[2].g_fa[1].u_fa.u_a2/A (sg13g2_and2_1)
     1    0.003365    0.016223    0.047428    6.353394 v u_dut.g_seg[2].g_fa[1].u_fa.u_a2/X (sg13g2_and2_1)
                                                         u_dut.g_seg[2].g_fa[1].u_fa.v (net)
                      0.016223    0.000225    6.353619 v u_dut.g_seg[2].g_fa[1].u_fa.u_o1/B (sg13g2_or2_1)
     2    0.009170    0.029881    0.072101    6.425719 v u_dut.g_seg[2].g_fa[1].u_fa.u_o1/X (sg13g2_or2_1)
                                                         u_dut.g_seg[2].g_fa[1].u_fa.co (net)
                      0.029903    0.000731    6.426451 v u_dut.g_seg[2].g_fa[2].u_fa.u_a2/A (sg13g2_and2_1)
     1    0.002540    0.014707    0.045697    6.472147 v u_dut.g_seg[2].g_fa[2].u_fa.u_a2/X (sg13g2_and2_1)
                                                         u_dut.g_seg[2].g_fa[2].u_fa.v (net)
                      0.014707    0.000101    6.472248 v u_dut.g_seg[2].g_fa[2].u_fa.u_o1/B (sg13g2_or2_1)
     2    0.009035    0.029599    0.071531    6.543779 v u_dut.g_seg[2].g_fa[2].u_fa.u_o1/X (sg13g2_or2_1)
                                                         u_dut.g_seg[2].g_fa[2].u_fa.co (net)
                      0.029603    0.000377    6.544156 v u_dut.g_seg[2].g_fa[3].u_fa.u_a2/A (sg13g2_and2_1)
     1    0.002535    0.014635    0.045594    6.589749 v u_dut.g_seg[2].g_fa[3].u_fa.u_a2/X (sg13g2_and2_1)
                                                         u_dut.g_seg[2].g_fa[3].u_fa.v (net)
                      0.014635    0.000101    6.589850 v u_dut.g_seg[2].g_fa[3].u_fa.u_o1/B (sg13g2_or2_1)
     2    0.009011    0.029535    0.071375    6.661225 v u_dut.g_seg[2].g_fa[3].u_fa.u_o1/X (sg13g2_or2_1)
                                                         u_dut.g_seg[2].u_bank.node[0] (net)
                      0.029545    0.000530    6.661755 v u_dut.g_seg[2].u_bank.g_inv[0].u_inv._cell/A (sg13g2_inv_1)
     1    0.003195    0.016763    0.021195    6.682950 ^ u_dut.g_seg[2].u_bank.g_inv[0].u_inv._cell/Y (sg13g2_inv_1)
                                                         u_dut.g_seg[2].u_bank.node[1] (net)
                      0.016763    0.000128    6.683078 ^ u_dut.g_seg[2].u_bank.g_inv[1].u_inv._cell/A (sg13g2_inv_1)
     1    0.003582    0.012672    0.018658    6.701736 v u_dut.g_seg[2].u_bank.g_inv[1].u_inv._cell/Y (sg13g2_inv_1)
                                                         u_dut.g_seg[2].u_bank.node[2] (net)
                      0.012674    0.000265    6.702001 v u_dut.g_seg[2].u_bank.g_inv[2].u_inv._cell/A (sg13g2_inv_1)
     1    0.003834    0.015264    0.019178    6.721179 ^ u_dut.g_seg[2].u_bank.g_inv[2].u_inv._cell/Y (sg13g2_inv_1)
                                                         u_dut.g_seg[2].u_bank.node[3] (net)
                      0.015269    0.000289    6.721467 ^ u_dut.g_seg[2].u_bank.g_inv[3].u_inv._cell/A (sg13g2_inv_1)
     1    0.003465    0.012211    0.018167    6.739634 v u_dut.g_seg[2].u_bank.g_inv[3].u_inv._cell/Y (sg13g2_inv_1)
                                                         u_dut.g_seg[2].u_bank.node[4] (net)
                      0.012213    0.000260    6.739894 v u_dut.g_seg[2].u_bank.g_inv[4].u_inv._cell/A (sg13g2_inv_1)
     1    0.003920    0.015380    0.019244    6.759138 ^ u_dut.g_seg[2].u_bank.g_inv[4].u_inv._cell/Y (sg13g2_inv_1)
                                                         u_dut.g_seg[2].u_bank.node[5] (net)
                      0.015388    0.000286    6.759424 ^ u_dut.g_seg[2].u_bank.g_inv[5].u_inv._cell/A (sg13g2_inv_1)
     1    0.003110    0.011613    0.017676    6.777100 v u_dut.g_seg[2].u_bank.g_inv[5].u_inv._cell/Y (sg13g2_inv_1)
                                                         u_dut.g_seg[2].u_bank.node[6] (net)
                      0.011614    0.000124    6.777225 v u_dut.g_seg[2].u_bank.g_inv[6].u_inv._cell/A (sg13g2_inv_1)
     1    0.003195    0.013641    0.017889    6.795114 ^ u_dut.g_seg[2].u_bank.g_inv[6].u_inv._cell/Y (sg13g2_inv_1)
                                                         u_dut.g_seg[2].u_bank.node[7] (net)
                      0.013641    0.000128    6.795241 ^ u_dut.g_seg[2].u_bank.g_inv[7].u_inv._cell/A (sg13g2_inv_1)
     1    0.003912    0.012728    0.018522    6.813764 v u_dut.g_seg[2].u_bank.g_inv[7].u_inv._cell/Y (sg13g2_inv_1)
                                                         u_dut.g_seg[2].u_bank.node[8] (net)
                      0.012751    0.000289    6.814053 v u_dut.g_seg[2].u_bank.g_inv[8].u_inv._cell/A (sg13g2_inv_1)
     1    0.003239    0.013927    0.018134    6.832187 ^ u_dut.g_seg[2].u_bank.g_inv[8].u_inv._cell/Y (sg13g2_inv_1)
                                                         u_dut.g_seg[2].u_bank.node[9] (net)
                      0.013928    0.000253    6.832440 ^ u_dut.g_seg[2].u_bank.g_inv[9].u_inv._cell/A (sg13g2_inv_1)
     1    0.003110    0.011365    0.017386    6.849825 v u_dut.g_seg[2].u_bank.g_inv[9].u_inv._cell/Y (sg13g2_inv_1)
                                                         u_dut.g_seg[2].u_bank.node[10] (net)
                      0.011366    0.000124    6.849950 v u_dut.g_seg[2].u_bank.g_inv[10].u_inv._cell/A (sg13g2_inv_1)
     1    0.003195    0.013598    0.017844    6.867793 ^ u_dut.g_seg[2].u_bank.g_inv[10].u_inv._cell/Y (sg13g2_inv_1)
                                                         u_dut.g_seg[2].u_bank.node[11] (net)
                      0.013598    0.000128    6.867921 ^ u_dut.g_seg[2].u_bank.g_inv[11].u_inv._cell/A (sg13g2_inv_1)
     1    0.003372    0.011775    0.017728    6.885649 v u_dut.g_seg[2].u_bank.g_inv[11].u_inv._cell/Y (sg13g2_inv_1)
                                                         u_dut.g_seg[2].u_bank.node[12] (net)
                      0.011776    0.000134    6.885783 v u_dut.g_seg[2].u_bank.g_inv[12].u_inv._cell/A (sg13g2_inv_1)
     1    0.003196    0.013671    0.017921    6.903704 ^ u_dut.g_seg[2].u_bank.g_inv[12].u_inv._cell/Y (sg13g2_inv_1)
                                                         u_dut.g_seg[2].u_bank.node[13] (net)
                      0.013672    0.000128    6.903832 ^ u_dut.g_seg[2].u_bank.g_inv[13].u_inv._cell/A (sg13g2_inv_1)
     1    0.003110    0.011323    0.017335    6.921167 v u_dut.g_seg[2].u_bank.g_inv[13].u_inv._cell/Y (sg13g2_inv_1)
                                                         u_dut.g_seg[2].u_bank.node[14] (net)
                      0.011323    0.000124    6.921292 v u_dut.g_seg[2].u_bank.g_inv[14].u_inv._cell/A (sg13g2_inv_1)
     1    0.003483    0.014232    0.018302    6.939594 ^ u_dut.g_seg[2].u_bank.g_inv[14].u_inv._cell/Y (sg13g2_inv_1)
                                                         u_dut.g_seg[2].u_bank.node[15] (net)
                      0.014234    0.000263    6.939857 ^ u_dut.g_seg[2].u_bank.g_inv[15].u_inv._cell/A (sg13g2_inv_1)
     1    0.003356    0.011855    0.017832    6.957689 v u_dut.g_seg[2].u_bank.g_inv[15].u_inv._cell/Y (sg13g2_inv_1)
                                                         u_dut.g_seg[2].u_bank.node[16] (net)
                      0.011855    0.000133    6.957822 v u_dut.g_seg[2].u_bank.g_inv[16].u_inv._cell/A (sg13g2_inv_1)
     1    0.003323    0.013974    0.018161    6.975984 ^ u_dut.g_seg[2].u_bank.g_inv[16].u_inv._cell/Y (sg13g2_inv_1)
                                                         u_dut.g_seg[2].u_bank.node[17] (net)
                      0.013975    0.000133    6.976116 ^ u_dut.g_seg[2].u_bank.g_inv[17].u_inv._cell/A (sg13g2_inv_1)
     1    0.004396    0.013689    0.019353    6.995469 v u_dut.g_seg[2].u_bank.g_inv[17].u_inv._cell/Y (sg13g2_inv_1)
                                                         u_dut.g_seg[2].u_bank.node[18] (net)
                      0.013701    0.000306    6.995774 v u_dut.g_seg[2].u_bank.g_inv[18].u_inv._cell/A (sg13g2_inv_1)
     1    0.003198    0.014010    0.018278    7.014053 ^ u_dut.g_seg[2].u_bank.g_inv[18].u_inv._cell/Y (sg13g2_inv_1)
                                                         u_dut.g_seg[2].u_bank.node[19] (net)
                      0.014010    0.000128    7.014181 ^ u_dut.g_seg[2].u_bank.g_inv[19].u_inv._cell/A (sg13g2_inv_1)
     1    0.004608    0.014088    0.019691    7.033872 v u_dut.g_seg[2].u_bank.g_inv[19].u_inv._cell/Y (sg13g2_inv_1)
                                                         u_dut.g_seg[2].u_bank.node[20] (net)
                      0.014100    0.000308    7.034180 v u_dut.g_seg[2].u_bank.g_inv[20].u_inv._cell/A (sg13g2_inv_1)
     1    0.003321    0.014359    0.018574    7.052754 ^ u_dut.g_seg[2].u_bank.g_inv[20].u_inv._cell/Y (sg13g2_inv_1)
                                                         u_dut.g_seg[2].u_bank.node[21] (net)
                      0.014359    0.000133    7.052886 ^ u_dut.g_seg[2].u_bank.g_inv[21].u_inv._cell/A (sg13g2_inv_1)
     1    0.003762    0.012581    0.018449    7.071336 v u_dut.g_seg[2].u_bank.g_inv[21].u_inv._cell/Y (sg13g2_inv_1)
                                                         u_dut.g_seg[2].u_bank.node[22] (net)
                      0.012599    0.000270    7.071605 v u_dut.g_seg[2].u_bank.g_inv[22].u_inv._cell/A (sg13g2_inv_1)
     1    0.003343    0.014148    0.018335    7.089940 ^ u_dut.g_seg[2].u_bank.g_inv[22].u_inv._cell/Y (sg13g2_inv_1)
                                                         u_dut.g_seg[2].u_bank.node[23] (net)
                      0.014148    0.000133    7.090073 ^ u_dut.g_seg[2].u_bank.g_inv[23].u_inv._cell/A (sg13g2_inv_1)
     1    0.003115    0.011412    0.017438    7.107511 v u_dut.g_seg[2].u_bank.g_inv[23].u_inv._cell/Y (sg13g2_inv_1)
                                                         u_dut.g_seg[2].u_bank.node[24] (net)
                      0.011413    0.000124    7.107635 v u_dut.g_seg[2].u_bank.g_inv[24].u_inv._cell/A (sg13g2_inv_1)
     1    0.003445    0.014174    0.018294    7.125929 ^ u_dut.g_seg[2].u_bank.g_inv[24].u_inv._cell/Y (sg13g2_inv_1)
                                                         u_dut.g_seg[2].u_bank.node[25] (net)
                      0.014174    0.000137    7.126067 ^ u_dut.g_seg[2].u_bank.g_inv[25].u_inv._cell/A (sg13g2_inv_1)
     1    0.003113    0.011413    0.017439    7.143506 v u_dut.g_seg[2].u_bank.g_inv[25].u_inv._cell/Y (sg13g2_inv_1)
                                                         u_dut.g_seg[2].u_bank.node[26] (net)
                      0.011413    0.000124    7.143631 v u_dut.g_seg[2].u_bank.g_inv[26].u_inv._cell/A (sg13g2_inv_1)
     1    0.003193    0.013601    0.017848    7.161478 ^ u_dut.g_seg[2].u_bank.g_inv[26].u_inv._cell/Y (sg13g2_inv_1)
                                                         u_dut.g_seg[2].u_bank.node[27] (net)
                      0.013601    0.000127    7.161606 ^ u_dut.g_seg[2].u_bank.g_inv[27].u_inv._cell/A (sg13g2_inv_1)
     1    0.003597    0.012161    0.018035    7.179641 v u_dut.g_seg[2].u_bank.g_inv[27].u_inv._cell/Y (sg13g2_inv_1)
                                                         u_dut.g_seg[2].u_bank.node[28] (net)
                      0.012173    0.000263    7.179904 v u_dut.g_seg[2].u_bank.g_inv[28].u_inv._cell/A (sg13g2_inv_1)
     1    0.003615    0.014693    0.018740    7.198644 ^ u_dut.g_seg[2].u_bank.g_inv[28].u_inv._cell/Y (sg13g2_inv_1)
                                                         u_dut.g_seg[2].u_bank.node[29] (net)
                      0.014693    0.000143    7.198787 ^ u_dut.g_seg[2].u_bank.g_inv[29].u_inv._cell/A (sg13g2_inv_1)
     1    0.003179    0.011607    0.017603    7.216390 v u_dut.g_seg[2].u_bank.g_inv[29].u_inv._cell/Y (sg13g2_inv_1)
                                                         u_dut.g_seg[2].u_bank.node[30] (net)
                      0.011609    0.000247    7.216637 v u_dut.g_seg[2].u_bank.g_inv[30].u_inv._cell/A (sg13g2_inv_1)
     1    0.003484    0.014296    0.018400    7.235037 ^ u_dut.g_seg[2].u_bank.g_inv[30].u_inv._cell/Y (sg13g2_inv_1)
                                                         u_dut.g_seg[2].u_bank.node[31] (net)
                      0.014297    0.000138    7.235175 ^ u_dut.g_seg[2].u_bank.g_inv[31].u_inv._cell/A (sg13g2_inv_1)
     2    0.006780    0.018273    0.023069    7.258244 v u_dut.g_seg[2].u_bank.g_inv[31].u_inv._cell/Y (sg13g2_inv_1)
                                                         u_dut.g_seg[2].u_bank.node[32] (net)
                      0.018287    0.000402    7.258646 v u_dut.g_seg[2].u_bank.g_inv[32].u_inv._cell/A (sg13g2_inv_1)
     1    0.003551    0.015612    0.019785    7.278431 ^ u_dut.g_seg[2].u_bank.g_inv[32].u_inv._cell/Y (sg13g2_inv_1)
                                                         u_dut.g_seg[2].u_bank.node[33] (net)
                      0.015613    0.000141    7.278573 ^ u_dut.g_seg[2].u_bank.g_inv[33].u_inv._cell/A (sg13g2_inv_1)
     1    0.003114    0.011660    0.017728    7.296301 v u_dut.g_seg[2].u_bank.g_inv[33].u_inv._cell/Y (sg13g2_inv_1)
                                                         u_dut.g_seg[2].u_bank.node[34] (net)
                      0.011660    0.000124    7.296425 v u_dut.g_seg[2].u_bank.g_inv[34].u_inv._cell/A (sg13g2_inv_1)
     1    0.003200    0.013659    0.017906    7.314331 ^ u_dut.g_seg[2].u_bank.g_inv[34].u_inv._cell/Y (sg13g2_inv_1)
                                                         u_dut.g_seg[2].u_bank.node[35] (net)
                      0.013660    0.000128    7.314458 ^ u_dut.g_seg[2].u_bank.g_inv[35].u_inv._cell/A (sg13g2_inv_1)
     1    0.003569    0.012121    0.018004    7.332462 v u_dut.g_seg[2].u_bank.g_inv[35].u_inv._cell/Y (sg13g2_inv_1)
                                                         u_dut.g_seg[2].u_bank.node[36] (net)
                      0.012132    0.000262    7.332724 v u_dut.g_seg[2].u_bank.g_inv[36].u_inv._cell/A (sg13g2_inv_1)
     1    0.003341    0.014063    0.018245    7.350968 ^ u_dut.g_seg[2].u_bank.g_inv[36].u_inv._cell/Y (sg13g2_inv_1)
                                                         u_dut.g_seg[2].u_bank.node[37] (net)
                      0.014063    0.000133    7.351102 ^ u_dut.g_seg[2].u_bank.g_inv[37].u_inv._cell/A (sg13g2_inv_1)
     1    0.003114    0.011396    0.017419    7.368521 v u_dut.g_seg[2].u_bank.g_inv[37].u_inv._cell/Y (sg13g2_inv_1)
                                                         u_dut.g_seg[2].u_bank.node[38] (net)
                      0.011397    0.000124    7.368646 v u_dut.g_seg[2].u_bank.g_inv[38].u_inv._cell/A (sg13g2_inv_1)
     1    0.003610    0.014548    0.018584    7.387230 ^ u_dut.g_seg[2].u_bank.g_inv[38].u_inv._cell/Y (sg13g2_inv_1)
                                                         u_dut.g_seg[2].u_bank.node[39] (net)
                      0.014548    0.000144    7.387374 ^ u_dut.g_seg[2].u_bank.g_inv[39].u_inv._cell/A (sg13g2_inv_1)
     1    0.003114    0.011479    0.017516    7.404890 v u_dut.g_seg[2].u_bank.g_inv[39].u_inv._cell/Y (sg13g2_inv_1)
                                                         u_dut.g_seg[2].u_bank.node[40] (net)
                      0.011479    0.000124    7.405014 v u_dut.g_seg[2].u_bank.g_inv[40].u_inv._cell/A (sg13g2_inv_1)
     1    0.003200    0.013628    0.017872    7.422886 ^ u_dut.g_seg[2].u_bank.g_inv[40].u_inv._cell/Y (sg13g2_inv_1)
                                                         u_dut.g_seg[2].u_bank.node[41] (net)
                      0.013628    0.000128    7.423015 ^ u_dut.g_seg[2].u_bank.g_inv[41].u_inv._cell/A (sg13g2_inv_1)
     1    0.003119    0.011331    0.017340    7.440355 v u_dut.g_seg[2].u_bank.g_inv[41].u_inv._cell/Y (sg13g2_inv_1)
                                                         u_dut.g_seg[2].u_bank.node[42] (net)
                      0.011331    0.000124    7.440479 v u_dut.g_seg[2].u_bank.g_inv[42].u_inv._cell/A (sg13g2_inv_1)
     1    0.004133    0.015708    0.019442    7.459921 ^ u_dut.g_seg[2].u_bank.g_inv[42].u_inv._cell/Y (sg13g2_inv_1)
                                                         u_dut.g_seg[2].u_bank.node[43] (net)
                      0.015726    0.000309    7.460230 ^ u_dut.g_seg[2].u_bank.g_inv[43].u_inv._cell/A (sg13g2_inv_1)
     1    0.003254    0.011927    0.017971    7.478201 v u_dut.g_seg[2].u_bank.g_inv[43].u_inv._cell/Y (sg13g2_inv_1)
                                                         u_dut.g_seg[2].u_bank.node[44] (net)
                      0.011927    0.000130    7.478331 v u_dut.g_seg[2].u_bank.g_inv[44].u_inv._cell/A (sg13g2_inv_1)
     1    0.003936    0.015366    0.019218    7.497550 ^ u_dut.g_seg[2].u_bank.g_inv[44].u_inv._cell/Y (sg13g2_inv_1)
                                                         u_dut.g_seg[2].u_bank.node[45] (net)
                      0.015375    0.000284    7.497834 ^ u_dut.g_seg[2].u_bank.g_inv[45].u_inv._cell/A (sg13g2_inv_1)
     1    0.003656    0.012567    0.018490    7.516324 v u_dut.g_seg[2].u_bank.g_inv[45].u_inv._cell/Y (sg13g2_inv_1)
                                                         u_dut.g_seg[2].u_bank.node[46] (net)
                      0.012572    0.000267    7.516591 v u_dut.g_seg[2].u_bank.g_inv[46].u_inv._cell/A (sg13g2_inv_1)
     1    0.003753    0.015064    0.019019    7.535610 ^ u_dut.g_seg[2].u_bank.g_inv[46].u_inv._cell/Y (sg13g2_inv_1)
                                                         u_dut.g_seg[2].u_bank.node[47] (net)
                      0.015065    0.000277    7.535887 ^ u_dut.g_seg[2].u_bank.g_inv[47].u_inv._cell/A (sg13g2_inv_1)
     1    0.003854    0.012861    0.018730    7.554617 v u_dut.g_seg[2].u_bank.g_inv[47].u_inv._cell/Y (sg13g2_inv_1)
                                                         u_dut.g_seg[2].u_bank.node[48] (net)
                      0.012885    0.000287    7.554904 v u_dut.g_seg[2].u_bank.g_inv[48].u_inv._cell/A (sg13g2_inv_1)
     1    0.004036    0.015760    0.019581    7.574484 ^ u_dut.g_seg[2].u_bank.g_inv[48].u_inv._cell/Y (sg13g2_inv_1)
                                                         u_dut.g_seg[2].u_bank.node[49] (net)
                      0.015771    0.000298    7.574782 ^ u_dut.g_seg[2].u_bank.g_inv[49].u_inv._cell/A (sg13g2_inv_1)
     1    0.003257    0.011939    0.017985    7.592767 v u_dut.g_seg[2].u_bank.g_inv[49].u_inv._cell/Y (sg13g2_inv_1)
                                                         u_dut.g_seg[2].u_bank.node[50] (net)
                      0.011940    0.000130    7.592896 v u_dut.g_seg[2].u_bank.g_inv[50].u_inv._cell/A (sg13g2_inv_1)
     1    0.003763    0.014973    0.018905    7.611801 ^ u_dut.g_seg[2].u_bank.g_inv[50].u_inv._cell/Y (sg13g2_inv_1)
                                                         u_dut.g_seg[2].u_bank.node[51] (net)
                      0.014978    0.000291    7.612092 ^ u_dut.g_seg[2].u_bank.g_inv[51].u_inv._cell/A (sg13g2_inv_1)
     1    0.003466    0.012176    0.018153    7.630246 v u_dut.g_seg[2].u_bank.g_inv[51].u_inv._cell/Y (sg13g2_inv_1)
                                                         u_dut.g_seg[2].u_bank.node[52] (net)
                      0.012176    0.000138    7.630383 v u_dut.g_seg[2].u_bank.g_inv[52].u_inv._cell/A (sg13g2_inv_1)
     1    0.004073    0.015721    0.019510    7.649893 ^ u_dut.g_seg[2].u_bank.g_inv[52].u_inv._cell/Y (sg13g2_inv_1)
                                                         u_dut.g_seg[2].u_bank.node[53] (net)
                      0.015734    0.000298    7.650191 ^ u_dut.g_seg[2].u_bank.g_inv[53].u_inv._cell/A (sg13g2_inv_1)
     1    0.003300    0.012009    0.018045    7.668236 v u_dut.g_seg[2].u_bank.g_inv[53].u_inv._cell/Y (sg13g2_inv_1)
                                                         u_dut.g_seg[2].u_bank.node[54] (net)
                      0.012010    0.000132    7.668368 v u_dut.g_seg[2].u_bank.g_inv[54].u_inv._cell/A (sg13g2_inv_1)
     1    0.003196    0.013710    0.017963    7.686331 ^ u_dut.g_seg[2].u_bank.g_inv[54].u_inv._cell/Y (sg13g2_inv_1)
                                                         u_dut.g_seg[2].u_bank.node[55] (net)
                      0.013711    0.000128    7.686459 ^ u_dut.g_seg[2].u_bank.g_inv[55].u_inv._cell/A (sg13g2_inv_1)
     1    0.003110    0.011330    0.017343    7.703802 v u_dut.g_seg[2].u_bank.g_inv[55].u_inv._cell/Y (sg13g2_inv_1)
                                                         u_dut.g_seg[2].u_bank.node[56] (net)
                      0.011330    0.000124    7.703927 v u_dut.g_seg[2].u_bank.g_inv[56].u_inv._cell/A (sg13g2_inv_1)
     1    0.003621    0.014559    0.018590    7.722516 ^ u_dut.g_seg[2].u_bank.g_inv[56].u_inv._cell/Y (sg13g2_inv_1)
                                                         u_dut.g_seg[2].u_bank.node[57] (net)
                      0.014559    0.000145    7.722661 ^ u_dut.g_seg[2].u_bank.g_inv[57].u_inv._cell/A (sg13g2_inv_1)
     1    0.003663    0.012439    0.018330    7.740991 v u_dut.g_seg[2].u_bank.g_inv[57].u_inv._cell/Y (sg13g2_inv_1)
                                                         u_dut.g_seg[2].u_bank.node[58] (net)
                      0.012454    0.000271    7.741262 v u_dut.g_seg[2].u_bank.g_inv[58].u_inv._cell/A (sg13g2_inv_1)
     1    0.003609    0.014716    0.018740    7.760002 ^ u_dut.g_seg[2].u_bank.g_inv[58].u_inv._cell/Y (sg13g2_inv_1)
                                                         u_dut.g_seg[2].u_bank.node[59] (net)
                      0.014718    0.000269    7.760271 ^ u_dut.g_seg[2].u_bank.g_inv[59].u_inv._cell/A (sg13g2_inv_1)
     1    0.003279    0.011801    0.017809    7.778080 v u_dut.g_seg[2].u_bank.g_inv[59].u_inv._cell/Y (sg13g2_inv_1)
                                                         u_dut.g_seg[2].u_bank.node[60] (net)
                      0.011801    0.000131    7.778210 v u_dut.g_seg[2].u_bank.g_inv[60].u_inv._cell/A (sg13g2_inv_1)
     1    0.003603    0.014589    0.018607    7.796818 ^ u_dut.g_seg[2].u_bank.g_inv[60].u_inv._cell/Y (sg13g2_inv_1)
                                                         u_dut.g_seg[2].u_bank.node[61] (net)
                      0.014591    0.000266    7.797084 ^ u_dut.g_seg[2].u_bank.g_inv[61].u_inv._cell/A (sg13g2_inv_1)
     1    0.003265    0.011754    0.017761    7.814845 v u_dut.g_seg[2].u_bank.g_inv[61].u_inv._cell/Y (sg13g2_inv_1)
                                                         u_dut.g_seg[2].u_bank.node[62] (net)
                      0.011754    0.000130    7.814975 v u_dut.g_seg[2].u_bank.g_inv[62].u_inv._cell/A (sg13g2_inv_1)
     1    0.003793    0.015010    0.018926    7.833901 ^ u_dut.g_seg[2].u_bank.g_inv[62].u_inv._cell/Y (sg13g2_inv_1)
                                                         u_dut.g_seg[2].u_bank.node[63] (net)
                      0.015016    0.000288    7.834188 ^ u_dut.g_seg[2].u_bank.g_inv[63].u_inv._cell/A (sg13g2_inv_1)
     2    0.006694    0.018227    0.023198    7.857387 v u_dut.g_seg[2].u_bank.g_inv[63].u_inv._cell/Y (sg13g2_inv_1)
                                                         u_dut.g_seg[2].u_bank.node[64] (net)
                      0.018231    0.000197    7.857584 v u_dut.g_seg[2].u_bank.g_inv[64].u_inv._cell/A (sg13g2_inv_1)
     1    0.003593    0.015698    0.019853    7.877437 ^ u_dut.g_seg[2].u_bank.g_inv[64].u_inv._cell/Y (sg13g2_inv_1)
                                                         u_dut.g_seg[2].u_bank.node[65] (net)
                      0.015698    0.000142    7.877579 ^ u_dut.g_seg[2].u_bank.g_inv[65].u_inv._cell/A (sg13g2_inv_1)
     1    0.003605    0.012530    0.018473    7.896052 v u_dut.g_seg[2].u_bank.g_inv[65].u_inv._cell/Y (sg13g2_inv_1)
                                                         u_dut.g_seg[2].u_bank.node[66] (net)
                      0.012534    0.000268    7.896320 v u_dut.g_seg[2].u_bank.g_inv[66].u_inv._cell/A (sg13g2_inv_1)
     1    0.003656    0.014849    0.018883    7.915203 ^ u_dut.g_seg[2].u_bank.g_inv[66].u_inv._cell/Y (sg13g2_inv_1)
                                                         u_dut.g_seg[2].u_bank.node[67] (net)
                      0.014850    0.000145    7.915348 ^ u_dut.g_seg[2].u_bank.g_inv[67].u_inv._cell/A (sg13g2_inv_1)
     1    0.003110    0.011522    0.017569    7.932917 v u_dut.g_seg[2].u_bank.g_inv[67].u_inv._cell/Y (sg13g2_inv_1)
                                                         u_dut.g_seg[2].u_bank.node[68] (net)
                      0.011522    0.000124    7.933041 v u_dut.g_seg[2].u_bank.g_inv[68].u_inv._cell/A (sg13g2_inv_1)
     1    0.003195    0.013625    0.017873    7.950914 ^ u_dut.g_seg[2].u_bank.g_inv[68].u_inv._cell/Y (sg13g2_inv_1)
                                                         u_dut.g_seg[2].u_bank.node[69] (net)
                      0.013625    0.000128    7.951042 ^ u_dut.g_seg[2].u_bank.g_inv[69].u_inv._cell/A (sg13g2_inv_1)
     1    0.003110    0.011314    0.017326    7.968368 v u_dut.g_seg[2].u_bank.g_inv[69].u_inv._cell/Y (sg13g2_inv_1)
                                                         u_dut.g_seg[2].u_bank.node[70] (net)
                      0.011314    0.000124    7.968492 v u_dut.g_seg[2].u_bank.g_inv[70].u_inv._cell/A (sg13g2_inv_1)
     1    0.003354    0.013949    0.018114    7.986606 ^ u_dut.g_seg[2].u_bank.g_inv[70].u_inv._cell/Y (sg13g2_inv_1)
                                                         u_dut.g_seg[2].u_bank.node[71] (net)
                      0.013949    0.000133    7.986740 ^ u_dut.g_seg[2].u_bank.g_inv[71].u_inv._cell/A (sg13g2_inv_1)
     1    0.003110    0.011369    0.017390    8.004129 v u_dut.g_seg[2].u_bank.g_inv[71].u_inv._cell/Y (sg13g2_inv_1)
                                                         u_dut.g_seg[2].u_bank.node[72] (net)
                      0.011369    0.000124    8.004253 v u_dut.g_seg[2].u_bank.g_inv[72].u_inv._cell/A (sg13g2_inv_1)
     1    0.003195    0.013599    0.017844    8.022098 ^ u_dut.g_seg[2].u_bank.g_inv[72].u_inv._cell/Y (sg13g2_inv_1)
                                                         u_dut.g_seg[2].u_bank.node[73] (net)
                      0.013599    0.000128    8.022225 ^ u_dut.g_seg[2].u_bank.g_inv[73].u_inv._cell/A (sg13g2_inv_1)
     1    0.003110    0.011310    0.017320    8.039546 v u_dut.g_seg[2].u_bank.g_inv[73].u_inv._cell/Y (sg13g2_inv_1)
                                                         u_dut.g_seg[2].u_bank.node[74] (net)
                      0.011310    0.000124    8.039671 v u_dut.g_seg[2].u_bank.g_inv[74].u_inv._cell/A (sg13g2_inv_1)
     1    0.003195    0.013588    0.017833    8.057504 ^ u_dut.g_seg[2].u_bank.g_inv[74].u_inv._cell/Y (sg13g2_inv_1)
                                                         u_dut.g_seg[2].u_bank.node[75] (net)
                      0.013589    0.000128    8.057631 ^ u_dut.g_seg[2].u_bank.g_inv[75].u_inv._cell/A (sg13g2_inv_1)
     1    0.003150    0.011367    0.017335    8.074966 v u_dut.g_seg[2].u_bank.g_inv[75].u_inv._cell/Y (sg13g2_inv_1)
                                                         u_dut.g_seg[2].u_bank.node[76] (net)
                      0.011368    0.000245    8.075212 v u_dut.g_seg[2].u_bank.g_inv[76].u_inv._cell/A (sg13g2_inv_1)
     1    0.003258    0.013742    0.017955    8.093167 ^ u_dut.g_seg[2].u_bank.g_inv[76].u_inv._cell/Y (sg13g2_inv_1)
                                                         u_dut.g_seg[2].u_bank.node[77] (net)
                      0.013742    0.000130    8.093297 ^ u_dut.g_seg[2].u_bank.g_inv[77].u_inv._cell/A (sg13g2_inv_1)
     1    0.003868    0.012657    0.018469    8.111766 v u_dut.g_seg[2].u_bank.g_inv[77].u_inv._cell/Y (sg13g2_inv_1)
                                                         u_dut.g_seg[2].u_bank.node[78] (net)
                      0.012687    0.000293    8.112059 v u_dut.g_seg[2].u_bank.g_inv[78].u_inv._cell/A (sg13g2_inv_1)
     1    0.003378    0.014232    0.018372    8.130431 ^ u_dut.g_seg[2].u_bank.g_inv[78].u_inv._cell/Y (sg13g2_inv_1)
                                                         u_dut.g_seg[2].u_bank.node[79] (net)
                      0.014234    0.000258    8.130690 ^ u_dut.g_seg[2].u_bank.g_inv[79].u_inv._cell/A (sg13g2_inv_1)
     1    0.003249    0.011665    0.017664    8.148354 v u_dut.g_seg[2].u_bank.g_inv[79].u_inv._cell/Y (sg13g2_inv_1)
                                                         u_dut.g_seg[2].u_bank.node[80] (net)
                      0.011665    0.000130    8.148483 v u_dut.g_seg[2].u_bank.g_inv[80].u_inv._cell/A (sg13g2_inv_1)
     1    0.004118    0.015750    0.019535    8.168018 ^ u_dut.g_seg[2].u_bank.g_inv[80].u_inv._cell/Y (sg13g2_inv_1)
                                                         u_dut.g_seg[2].u_bank.node[81] (net)
                      0.015751    0.000164    8.168182 ^ u_dut.g_seg[2].u_bank.g_inv[81].u_inv._cell/A (sg13g2_inv_1)
     1    0.004177    0.013577    0.019385    8.187569 v u_dut.g_seg[2].u_bank.g_inv[81].u_inv._cell/Y (sg13g2_inv_1)
                                                         u_dut.g_seg[2].u_bank.node[82] (net)
                      0.013595    0.000301    8.187869 v u_dut.g_seg[2].u_bank.g_inv[82].u_inv._cell/A (sg13g2_inv_1)
     1    0.003195    0.013986    0.018255    8.206124 ^ u_dut.g_seg[2].u_bank.g_inv[82].u_inv._cell/Y (sg13g2_inv_1)
                                                         u_dut.g_seg[2].u_bank.node[83] (net)
                      0.013987    0.000128    8.206252 ^ u_dut.g_seg[2].u_bank.g_inv[83].u_inv._cell/A (sg13g2_inv_1)
     1    0.003110    0.011375    0.017397    8.223649 v u_dut.g_seg[2].u_bank.g_inv[83].u_inv._cell/Y (sg13g2_inv_1)
                                                         u_dut.g_seg[2].u_bank.node[84] (net)
                      0.011376    0.000124    8.223773 v u_dut.g_seg[2].u_bank.g_inv[84].u_inv._cell/A (sg13g2_inv_1)
     1    0.003195    0.013600    0.017845    8.241618 ^ u_dut.g_seg[2].u_bank.g_inv[84].u_inv._cell/Y (sg13g2_inv_1)
                                                         u_dut.g_seg[2].u_bank.node[85] (net)
                      0.013600    0.000128    8.241746 ^ u_dut.g_seg[2].u_bank.g_inv[85].u_inv._cell/A (sg13g2_inv_1)
     1    0.003110    0.011310    0.017320    8.259067 v u_dut.g_seg[2].u_bank.g_inv[85].u_inv._cell/Y (sg13g2_inv_1)
                                                         u_dut.g_seg[2].u_bank.node[86] (net)
                      0.011310    0.000124    8.259191 v u_dut.g_seg[2].u_bank.g_inv[86].u_inv._cell/A (sg13g2_inv_1)
     1    0.003443    0.014152    0.018272    8.277463 ^ u_dut.g_seg[2].u_bank.g_inv[86].u_inv._cell/Y (sg13g2_inv_1)
                                                         u_dut.g_seg[2].u_bank.node[87] (net)
                      0.014153    0.000138    8.277601 ^ u_dut.g_seg[2].u_bank.g_inv[87].u_inv._cell/A (sg13g2_inv_1)
     1    0.003110    0.011404    0.017431    8.295032 v u_dut.g_seg[2].u_bank.g_inv[87].u_inv._cell/Y (sg13g2_inv_1)
                                                         u_dut.g_seg[2].u_bank.node[88] (net)
                      0.011404    0.000124    8.295156 v u_dut.g_seg[2].u_bank.g_inv[88].u_inv._cell/A (sg13g2_inv_1)
     1    0.003197    0.013607    0.017852    8.313008 ^ u_dut.g_seg[2].u_bank.g_inv[88].u_inv._cell/Y (sg13g2_inv_1)
                                                         u_dut.g_seg[2].u_bank.node[89] (net)
                      0.013608    0.000128    8.313136 ^ u_dut.g_seg[2].u_bank.g_inv[89].u_inv._cell/A (sg13g2_inv_1)
     1    0.003116    0.011323    0.017332    8.330468 v u_dut.g_seg[2].u_bank.g_inv[89].u_inv._cell/Y (sg13g2_inv_1)
                                                         u_dut.g_seg[2].u_bank.node[90] (net)
                      0.011323    0.000124    8.330592 v u_dut.g_seg[2].u_bank.g_inv[90].u_inv._cell/A (sg13g2_inv_1)
     1    0.003199    0.013600    0.017843    8.348435 ^ u_dut.g_seg[2].u_bank.g_inv[90].u_inv._cell/Y (sg13g2_inv_1)
                                                         u_dut.g_seg[2].u_bank.node[91] (net)
                      0.013600    0.000128    8.348563 ^ u_dut.g_seg[2].u_bank.g_inv[91].u_inv._cell/A (sg13g2_inv_1)
     1    0.003632    0.012220    0.018085    8.366648 v u_dut.g_seg[2].u_bank.g_inv[91].u_inv._cell/Y (sg13g2_inv_1)
                                                         u_dut.g_seg[2].u_bank.node[92] (net)
                      0.012235    0.000268    8.366917 v u_dut.g_seg[2].u_bank.g_inv[92].u_inv._cell/A (sg13g2_inv_1)
     1    0.003489    0.014404    0.018483    8.385399 ^ u_dut.g_seg[2].u_bank.g_inv[92].u_inv._cell/Y (sg13g2_inv_1)
                                                         u_dut.g_seg[2].u_bank.node[93] (net)
                      0.014406    0.000265    8.385664 ^ u_dut.g_seg[2].u_bank.g_inv[93].u_inv._cell/A (sg13g2_inv_1)
     1    0.003442    0.012023    0.017956    8.403621 v u_dut.g_seg[2].u_bank.g_inv[93].u_inv._cell/Y (sg13g2_inv_1)
                                                         u_dut.g_seg[2].u_bank.node[94] (net)
                      0.012025    0.000258    8.403879 v u_dut.g_seg[2].u_bank.g_inv[94].u_inv._cell/A (sg13g2_inv_1)
     1    0.003565    0.014553    0.018623    8.422503 ^ u_dut.g_seg[2].u_bank.g_inv[94].u_inv._cell/Y (sg13g2_inv_1)
                                                         u_dut.g_seg[2].u_bank.node[95] (net)
                      0.014554    0.000140    8.422643 ^ u_dut.g_seg[2].u_bank.g_inv[95].u_inv._cell/A (sg13g2_inv_1)
     1    0.003409    0.012002    0.017979    8.440620 v u_dut.g_seg[2].u_bank.g_inv[95].u_inv._cell/Y (sg13g2_inv_1)
                                                         u_dut.g_seg[2].u_bank.node[96] (net)
                      0.012003    0.000136    8.440757 v u_dut.g_seg[2].u_bank.u_mux.u_m1/A1 (sg13g2_mux2_1)
     1    0.004167    0.024611    0.068971    8.509727 v u_dut.g_seg[2].u_bank.u_mux.u_m1/X (sg13g2_mux2_1)
                                                         u_dut.g_seg[2].u_bank.u_mux.w1 (net)
                      0.024611    0.000289    8.510016 v u_dut.g_seg[2].u_bank.u_mux.u_m2/A1 (sg13g2_mux2_1)
     2    0.022288    0.064542    0.111159    8.621175 v u_dut.g_seg[2].u_bank.u_mux.u_m2/X (sg13g2_mux2_1)
                                                         u_dut.g_seg[2].bank_dout (net)
                      0.064698    0.002748    8.623923 v u_dut.g_seg[3].g_fa[0].u_fa.u_a2/A (sg13g2_and2_1)
     1    0.003774    0.017106    0.058852    8.682775 v u_dut.g_seg[3].g_fa[0].u_fa.u_a2/X (sg13g2_and2_1)
                                                         u_dut.g_seg[3].g_fa[0].u_fa.v (net)
                      0.017106    0.000247    8.683022 v u_dut.g_seg[3].g_fa[0].u_fa.u_o1/B (sg13g2_or2_1)
     2    0.012131    0.036054    0.078026    8.761048 v u_dut.g_seg[3].g_fa[0].u_fa.u_o1/X (sg13g2_or2_1)
                                                         u_dut.g_seg[3].g_fa[0].u_fa.co (net)
                      0.036082    0.000914    8.761962 v u_dut.g_seg[3].g_fa[1].u_fa.u_a2/A (sg13g2_and2_1)
     1    0.004049    0.017197    0.050158    8.812120 v u_dut.g_seg[3].g_fa[1].u_fa.u_a2/X (sg13g2_and2_1)
                                                         u_dut.g_seg[3].g_fa[1].u_fa.v (net)
                      0.017201    0.000287    8.812407 v u_dut.g_seg[3].g_fa[1].u_fa.u_o1/B (sg13g2_or2_1)
     2    0.010110    0.031800    0.074295    8.886703 v u_dut.g_seg[3].g_fa[1].u_fa.u_o1/X (sg13g2_or2_1)
                                                         u_dut.g_seg[3].g_fa[1].u_fa.co (net)
                      0.031810    0.000548    8.887250 v u_dut.g_seg[3].g_fa[2].u_fa.u_a2/A (sg13g2_and2_1)
     1    0.003338    0.015909    0.047644    8.934894 v u_dut.g_seg[3].g_fa[2].u_fa.u_a2/X (sg13g2_and2_1)
                                                         u_dut.g_seg[3].g_fa[2].u_fa.v (net)
                      0.015909    0.000130    8.935023 v u_dut.g_seg[3].g_fa[2].u_fa.u_o1/B (sg13g2_or2_1)
     2    0.009840    0.031227    0.073294    9.008318 v u_dut.g_seg[3].g_fa[2].u_fa.u_o1/X (sg13g2_or2_1)
                                                         u_dut.g_seg[3].g_fa[2].u_fa.co (net)
                      0.031243    0.000660    9.008978 v u_dut.g_seg[3].g_fa[3].u_fa.u_a2/A (sg13g2_and2_1)
     1    0.002629    0.015284    0.046249    9.055227 v u_dut.g_seg[3].g_fa[3].u_fa.u_a2/X (sg13g2_and2_1)
                                                         u_dut.g_seg[3].g_fa[3].u_fa.v (net)
                      0.015284    0.000198    9.055425 v u_dut.g_seg[3].g_fa[3].u_fa.u_o1/B (sg13g2_or2_1)
     2    0.009315    0.030184    0.072176    9.127602 v u_dut.g_seg[3].g_fa[3].u_fa.u_o1/X (sg13g2_or2_1)
                                                         u_dut.g_seg[3].u_bank.node[0] (net)
                      0.030195    0.000539    9.128140 v u_dut.g_seg[3].u_bank.g_inv[0].u_inv._cell/A (sg13g2_inv_1)
     1    0.003239    0.016975    0.021404    9.149545 ^ u_dut.g_seg[3].u_bank.g_inv[0].u_inv._cell/Y (sg13g2_inv_1)
                                                         u_dut.g_seg[3].u_bank.node[1] (net)
                      0.016975    0.000130    9.149674 ^ u_dut.g_seg[3].u_bank.g_inv[1].u_inv._cell/A (sg13g2_inv_1)
     1    0.003149    0.011953    0.018055    9.167729 v u_dut.g_seg[3].u_bank.g_inv[1].u_inv._cell/Y (sg13g2_inv_1)
                                                         u_dut.g_seg[3].u_bank.node[2] (net)
                      0.011953    0.000126    9.167855 v u_dut.g_seg[3].u_bank.g_inv[2].u_inv._cell/A (sg13g2_inv_1)
     1    0.003285    0.013904    0.018111    9.185966 ^ u_dut.g_seg[3].u_bank.g_inv[2].u_inv._cell/Y (sg13g2_inv_1)
                                                         u_dut.g_seg[3].u_bank.node[3] (net)
                      0.013904    0.000131    9.186097 ^ u_dut.g_seg[3].u_bank.g_inv[3].u_inv._cell/A (sg13g2_inv_1)
     1    0.003605    0.012224    0.018106    9.204203 v u_dut.g_seg[3].u_bank.g_inv[3].u_inv._cell/Y (sg13g2_inv_1)
                                                         u_dut.g_seg[3].u_bank.node[4] (net)
                      0.012237    0.000267    9.204471 v u_dut.g_seg[3].u_bank.g_inv[4].u_inv._cell/A (sg13g2_inv_1)
     1    0.003678    0.014835    0.018821    9.223290 ^ u_dut.g_seg[3].u_bank.g_inv[4].u_inv._cell/Y (sg13g2_inv_1)
                                                         u_dut.g_seg[3].u_bank.node[5] (net)
                      0.014836    0.000273    9.223563 ^ u_dut.g_seg[3].u_bank.g_inv[5].u_inv._cell/A (sg13g2_inv_1)
     1    0.003424    0.012077    0.018059    9.241623 v u_dut.g_seg[3].u_bank.g_inv[5].u_inv._cell/Y (sg13g2_inv_1)
                                                         u_dut.g_seg[3].u_bank.node[6] (net)
                      0.012078    0.000136    9.241758 v u_dut.g_seg[3].u_bank.g_inv[6].u_inv._cell/A (sg13g2_inv_1)
     1    0.003773    0.015035    0.019001    9.260759 ^ u_dut.g_seg[3].u_bank.g_inv[6].u_inv._cell/Y (sg13g2_inv_1)
                                                         u_dut.g_seg[3].u_bank.node[7] (net)
                      0.015035    0.000152    9.260911 ^ u_dut.g_seg[3].u_bank.g_inv[7].u_inv._cell/A (sg13g2_inv_1)
     1    0.003151    0.011615    0.017626    9.278538 v u_dut.g_seg[3].u_bank.g_inv[7].u_inv._cell/Y (sg13g2_inv_1)
                                                         u_dut.g_seg[3].u_bank.node[8] (net)
                      0.011617    0.000245    9.278783 v u_dut.g_seg[3].u_bank.g_inv[8].u_inv._cell/A (sg13g2_inv_1)
     1    0.003195    0.013642    0.017890    9.296672 ^ u_dut.g_seg[3].u_bank.g_inv[8].u_inv._cell/Y (sg13g2_inv_1)
                                                         u_dut.g_seg[3].u_bank.node[9] (net)
                      0.013642    0.000128    9.296800 ^ u_dut.g_seg[3].u_bank.g_inv[9].u_inv._cell/A (sg13g2_inv_1)
     1    0.003436    0.011882    0.017792    9.314592 v u_dut.g_seg[3].u_bank.g_inv[9].u_inv._cell/Y (sg13g2_inv_1)
                                                         u_dut.g_seg[3].u_bank.node[10] (net)
                      0.011883    0.000255    9.314847 v u_dut.g_seg[3].u_bank.g_inv[10].u_inv._cell/A (sg13g2_inv_1)
     1    0.003908    0.015296    0.019162    9.334009 ^ u_dut.g_seg[3].u_bank.g_inv[10].u_inv._cell/Y (sg13g2_inv_1)
                                                         u_dut.g_seg[3].u_bank.node[11] (net)
                      0.015304    0.000282    9.334291 ^ u_dut.g_seg[3].u_bank.g_inv[11].u_inv._cell/A (sg13g2_inv_1)
     1    0.003316    0.011964    0.017983    9.352274 v u_dut.g_seg[3].u_bank.g_inv[11].u_inv._cell/Y (sg13g2_inv_1)
                                                         u_dut.g_seg[3].u_bank.node[12] (net)
                      0.011964    0.000132    9.352407 v u_dut.g_seg[3].u_bank.g_inv[12].u_inv._cell/A (sg13g2_inv_1)
     1    0.005181    0.018275    0.021437    9.373843 ^ u_dut.g_seg[3].u_bank.g_inv[12].u_inv._cell/Y (sg13g2_inv_1)
                                                         u_dut.g_seg[3].u_bank.node[13] (net)
                      0.018287    0.000346    9.374188 ^ u_dut.g_seg[3].u_bank.g_inv[13].u_inv._cell/A (sg13g2_inv_1)
     1    0.004502    0.014614    0.020504    9.394693 v u_dut.g_seg[3].u_bank.g_inv[13].u_inv._cell/Y (sg13g2_inv_1)
                                                         u_dut.g_seg[3].u_bank.node[14] (net)
                      0.014617    0.000178    9.394871 v u_dut.g_seg[3].u_bank.g_inv[14].u_inv._cell/A (sg13g2_inv_1)
     1    0.003422    0.014679    0.018854    9.413725 ^ u_dut.g_seg[3].u_bank.g_inv[14].u_inv._cell/Y (sg13g2_inv_1)
                                                         u_dut.g_seg[3].u_bank.node[15] (net)
                      0.014679    0.000135    9.413860 ^ u_dut.g_seg[3].u_bank.g_inv[15].u_inv._cell/A (sg13g2_inv_1)
     1    0.003500    0.012185    0.018146    9.432007 v u_dut.g_seg[3].u_bank.g_inv[15].u_inv._cell/Y (sg13g2_inv_1)
                                                         u_dut.g_seg[3].u_bank.node[16] (net)
                      0.012186    0.000139    9.432145 v u_dut.g_seg[3].u_bank.g_inv[16].u_inv._cell/A (sg13g2_inv_1)
     1    0.004049    0.015667    0.019465    9.451611 ^ u_dut.g_seg[3].u_bank.g_inv[16].u_inv._cell/Y (sg13g2_inv_1)
                                                         u_dut.g_seg[3].u_bank.node[17] (net)
                      0.015680    0.000299    9.451910 ^ u_dut.g_seg[3].u_bank.g_inv[17].u_inv._cell/A (sg13g2_inv_1)
     1    0.003954    0.013145    0.019022    9.470932 v u_dut.g_seg[3].u_bank.g_inv[17].u_inv._cell/Y (sg13g2_inv_1)
                                                         u_dut.g_seg[3].u_bank.node[18] (net)
                      0.013173    0.000281    9.471212 v u_dut.g_seg[3].u_bank.g_inv[18].u_inv._cell/A (sg13g2_inv_1)
     1    0.003489    0.014568    0.018661    9.489873 ^ u_dut.g_seg[3].u_bank.g_inv[18].u_inv._cell/Y (sg13g2_inv_1)
                                                         u_dut.g_seg[3].u_bank.node[19] (net)
                      0.014569    0.000264    9.490137 ^ u_dut.g_seg[3].u_bank.g_inv[19].u_inv._cell/A (sg13g2_inv_1)
     1    0.003135    0.011519    0.017552    9.507689 v u_dut.g_seg[3].u_bank.g_inv[19].u_inv._cell/Y (sg13g2_inv_1)
                                                         u_dut.g_seg[3].u_bank.node[20] (net)
                      0.011519    0.000124    9.507813 v u_dut.g_seg[3].u_bank.g_inv[20].u_inv._cell/A (sg13g2_inv_1)
     1    0.003908    0.015247    0.019134    9.526948 ^ u_dut.g_seg[3].u_bank.g_inv[20].u_inv._cell/Y (sg13g2_inv_1)
                                                         u_dut.g_seg[3].u_bank.node[21] (net)
                      0.015247    0.000156    9.527103 ^ u_dut.g_seg[3].u_bank.g_inv[21].u_inv._cell/A (sg13g2_inv_1)
     1    0.003252    0.011843    0.017873    9.544976 v u_dut.g_seg[3].u_bank.g_inv[21].u_inv._cell/Y (sg13g2_inv_1)
                                                         u_dut.g_seg[3].u_bank.node[22] (net)
                      0.011843    0.000130    9.545106 v u_dut.g_seg[3].u_bank.g_inv[22].u_inv._cell/A (sg13g2_inv_1)
     1    0.003954    0.015391    0.019228    9.564335 ^ u_dut.g_seg[3].u_bank.g_inv[22].u_inv._cell/Y (sg13g2_inv_1)
                                                         u_dut.g_seg[3].u_bank.node[23] (net)
                      0.015401    0.000296    9.564631 ^ u_dut.g_seg[3].u_bank.g_inv[23].u_inv._cell/A (sg13g2_inv_1)
     1    0.003597    0.012464    0.018391    9.583021 v u_dut.g_seg[3].u_bank.g_inv[23].u_inv._cell/Y (sg13g2_inv_1)
                                                         u_dut.g_seg[3].u_bank.node[24] (net)
                      0.012468    0.000282    9.583302 v u_dut.g_seg[3].u_bank.g_inv[24].u_inv._cell/A (sg13g2_inv_1)
     1    0.003195    0.013790    0.018047    9.601349 ^ u_dut.g_seg[3].u_bank.g_inv[24].u_inv._cell/Y (sg13g2_inv_1)
                                                         u_dut.g_seg[3].u_bank.node[25] (net)
                      0.013790    0.000128    9.601478 ^ u_dut.g_seg[3].u_bank.g_inv[25].u_inv._cell/A (sg13g2_inv_1)
     1    0.003110    0.011342    0.017358    9.618834 v u_dut.g_seg[3].u_bank.g_inv[25].u_inv._cell/Y (sg13g2_inv_1)
                                                         u_dut.g_seg[3].u_bank.node[26] (net)
                      0.011342    0.000124    9.618959 v u_dut.g_seg[3].u_bank.g_inv[26].u_inv._cell/A (sg13g2_inv_1)
     1    0.003655    0.014624    0.018602    9.637561 ^ u_dut.g_seg[3].u_bank.g_inv[26].u_inv._cell/Y (sg13g2_inv_1)
                                                         u_dut.g_seg[3].u_bank.node[27] (net)
                      0.014626    0.000282    9.637844 ^ u_dut.g_seg[3].u_bank.g_inv[27].u_inv._cell/A (sg13g2_inv_1)
     1    0.003110    0.011484    0.017524    9.655368 v u_dut.g_seg[3].u_bank.g_inv[27].u_inv._cell/Y (sg13g2_inv_1)
                                                         u_dut.g_seg[3].u_bank.node[28] (net)
                      0.011484    0.000124    9.655492 v u_dut.g_seg[3].u_bank.g_inv[28].u_inv._cell/A (sg13g2_inv_1)
     1    0.003195    0.013619    0.017866    9.673358 ^ u_dut.g_seg[3].u_bank.g_inv[28].u_inv._cell/Y (sg13g2_inv_1)
                                                         u_dut.g_seg[3].u_bank.node[29] (net)
                      0.013619    0.000128    9.673486 ^ u_dut.g_seg[3].u_bank.g_inv[29].u_inv._cell/A (sg13g2_inv_1)
     1    0.003115    0.011322    0.017332    9.690817 v u_dut.g_seg[3].u_bank.g_inv[29].u_inv._cell/Y (sg13g2_inv_1)
                                                         u_dut.g_seg[3].u_bank.node[30] (net)
                      0.011322    0.000124    9.690942 v u_dut.g_seg[3].u_bank.g_inv[30].u_inv._cell/A (sg13g2_inv_1)
     1    0.003735    0.014818    0.018789    9.709730 ^ u_dut.g_seg[3].u_bank.g_inv[30].u_inv._cell/Y (sg13g2_inv_1)
                                                         u_dut.g_seg[3].u_bank.node[31] (net)
                      0.014818    0.000149    9.709879 ^ u_dut.g_seg[3].u_bank.g_inv[31].u_inv._cell/A (sg13g2_inv_1)
     2    0.007421    0.019607    0.024199    9.734078 v u_dut.g_seg[3].u_bank.g_inv[31].u_inv._cell/Y (sg13g2_inv_1)
                                                         u_dut.g_seg[3].u_bank.node[32] (net)
                      0.019622    0.000429    9.734508 v u_dut.g_seg[3].u_bank.g_inv[32].u_inv._cell/A (sg13g2_inv_1)
     1    0.004087    0.017062    0.021047    9.755555 ^ u_dut.g_seg[3].u_bank.g_inv[32].u_inv._cell/Y (sg13g2_inv_1)
                                                         u_dut.g_seg[3].u_bank.node[33] (net)
                      0.017063    0.000163    9.755717 ^ u_dut.g_seg[3].u_bank.g_inv[33].u_inv._cell/A (sg13g2_inv_1)
     1    0.003288    0.012215    0.018296    9.774013 v u_dut.g_seg[3].u_bank.g_inv[33].u_inv._cell/Y (sg13g2_inv_1)
                                                         u_dut.g_seg[3].u_bank.node[34] (net)
                      0.012215    0.000131    9.774143 v u_dut.g_seg[3].u_bank.g_inv[34].u_inv._cell/A (sg13g2_inv_1)
     1    0.003905    0.015347    0.019222    9.793365 ^ u_dut.g_seg[3].u_bank.g_inv[34].u_inv._cell/Y (sg13g2_inv_1)
                                                         u_dut.g_seg[3].u_bank.node[35] (net)
                      0.015354    0.000282    9.793647 ^ u_dut.g_seg[3].u_bank.g_inv[35].u_inv._cell/A (sg13g2_inv_1)
     1    0.003958    0.013102    0.018953    9.812600 v u_dut.g_seg[3].u_bank.g_inv[35].u_inv._cell/Y (sg13g2_inv_1)
                                                         u_dut.g_seg[3].u_bank.node[36] (net)
                      0.013126    0.000292    9.812892 v u_dut.g_seg[3].u_bank.g_inv[36].u_inv._cell/A (sg13g2_inv_1)
     1    0.003468    0.014525    0.018658    9.831550 ^ u_dut.g_seg[3].u_bank.g_inv[36].u_inv._cell/Y (sg13g2_inv_1)
                                                         u_dut.g_seg[3].u_bank.node[37] (net)
                      0.014525    0.000138    9.831688 ^ u_dut.g_seg[3].u_bank.g_inv[37].u_inv._cell/A (sg13g2_inv_1)
     1    0.003110    0.011467    0.017504    9.849192 v u_dut.g_seg[3].u_bank.g_inv[37].u_inv._cell/Y (sg13g2_inv_1)
                                                         u_dut.g_seg[3].u_bank.node[38] (net)
                      0.011467    0.000124    9.849317 v u_dut.g_seg[3].u_bank.g_inv[38].u_inv._cell/A (sg13g2_inv_1)
     1    0.003486    0.014277    0.018376    9.867693 ^ u_dut.g_seg[3].u_bank.g_inv[38].u_inv._cell/Y (sg13g2_inv_1)
                                                         u_dut.g_seg[3].u_bank.node[39] (net)
                      0.014277    0.000139    9.867832 ^ u_dut.g_seg[3].u_bank.g_inv[39].u_inv._cell/A (sg13g2_inv_1)
     1    0.003827    0.012681    0.018530    9.886362 v u_dut.g_seg[3].u_bank.g_inv[39].u_inv._cell/Y (sg13g2_inv_1)
                                                         u_dut.g_seg[3].u_bank.node[40] (net)
                      0.012704    0.000274    9.886636 v u_dut.g_seg[3].u_bank.g_inv[40].u_inv._cell/A (sg13g2_inv_1)
     1    0.003403    0.014304    0.018463    9.905098 ^ u_dut.g_seg[3].u_bank.g_inv[40].u_inv._cell/Y (sg13g2_inv_1)
                                                         u_dut.g_seg[3].u_bank.node[41] (net)
                      0.014305    0.000134    9.905232 ^ u_dut.g_seg[3].u_bank.g_inv[41].u_inv._cell/A (sg13g2_inv_1)
     1    0.003581    0.012266    0.018197    9.923429 v u_dut.g_seg[3].u_bank.g_inv[41].u_inv._cell/Y (sg13g2_inv_1)
                                                         u_dut.g_seg[3].u_bank.node[42] (net)
                      0.012266    0.000143    9.923573 v u_dut.g_seg[3].u_bank.g_inv[42].u_inv._cell/A (sg13g2_inv_1)
     1    0.004260    0.016162    0.019861    9.943434 ^ u_dut.g_seg[3].u_bank.g_inv[42].u_inv._cell/Y (sg13g2_inv_1)
                                                         u_dut.g_seg[3].u_bank.node[43] (net)
                      0.016183    0.000300    9.943734 ^ u_dut.g_seg[3].u_bank.g_inv[43].u_inv._cell/A (sg13g2_inv_1)
     1    0.003442    0.012339    0.018364    9.962098 v u_dut.g_seg[3].u_bank.g_inv[43].u_inv._cell/Y (sg13g2_inv_1)
                                                         u_dut.g_seg[3].u_bank.node[44] (net)
                      0.012339    0.000133    9.962232 v u_dut.g_seg[3].u_bank.g_inv[44].u_inv._cell/A (sg13g2_inv_1)
     1    0.003348    0.014114    0.018296    9.980527 ^ u_dut.g_seg[3].u_bank.g_inv[44].u_inv._cell/Y (sg13g2_inv_1)
                                                         u_dut.g_seg[3].u_bank.node[45] (net)
                      0.014115    0.000133    9.980660 ^ u_dut.g_seg[3].u_bank.g_inv[45].u_inv._cell/A (sg13g2_inv_1)
     1    0.003542    0.012149    0.018050    9.998710 v u_dut.g_seg[3].u_bank.g_inv[45].u_inv._cell/Y (sg13g2_inv_1)
                                                         u_dut.g_seg[3].u_bank.node[46] (net)
                      0.012152    0.000264    9.998974 v u_dut.g_seg[3].u_bank.g_inv[46].u_inv._cell/A (sg13g2_inv_1)
     1    0.003967    0.015478    0.019319   10.018292 ^ u_dut.g_seg[3].u_bank.g_inv[46].u_inv._cell/Y (sg13g2_inv_1)
                                                         u_dut.g_seg[3].u_bank.node[47] (net)
                      0.015487    0.000288   10.018580 ^ u_dut.g_seg[3].u_bank.g_inv[47].u_inv._cell/A (sg13g2_inv_1)
     1    0.003456    0.012233    0.018199   10.036778 v u_dut.g_seg[3].u_bank.g_inv[47].u_inv._cell/Y (sg13g2_inv_1)
                                                         u_dut.g_seg[3].u_bank.node[48] (net)
                      0.012234    0.000258   10.037036 v u_dut.g_seg[3].u_bank.g_inv[48].u_inv._cell/A (sg13g2_inv_1)
     1    0.003209    0.013779    0.018027   10.055064 ^ u_dut.g_seg[3].u_bank.g_inv[48].u_inv._cell/Y (sg13g2_inv_1)
                                                         u_dut.g_seg[3].u_bank.node[49] (net)
                      0.013779    0.000128   10.055192 ^ u_dut.g_seg[3].u_bank.g_inv[49].u_inv._cell/A (sg13g2_inv_1)
     1    0.003598    0.012205    0.018114   10.073306 v u_dut.g_seg[3].u_bank.g_inv[49].u_inv._cell/Y (sg13g2_inv_1)
                                                         u_dut.g_seg[3].u_bank.node[50] (net)
                      0.012206    0.000143   10.073449 v u_dut.g_seg[3].u_bank.g_inv[50].u_inv._cell/A (sg13g2_inv_1)
     1    0.003743    0.014978    0.018932   10.092381 ^ u_dut.g_seg[3].u_bank.g_inv[50].u_inv._cell/Y (sg13g2_inv_1)
                                                         u_dut.g_seg[3].u_bank.node[51] (net)
                      0.014979    0.000273   10.092654 ^ u_dut.g_seg[3].u_bank.g_inv[51].u_inv._cell/A (sg13g2_inv_1)
     1    0.004010    0.013138    0.018948   10.111603 v u_dut.g_seg[3].u_bank.g_inv[51].u_inv._cell/Y (sg13g2_inv_1)
                                                         u_dut.g_seg[3].u_bank.node[52] (net)
                      0.013156    0.000301   10.111903 v u_dut.g_seg[3].u_bank.g_inv[52].u_inv._cell/A (sg13g2_inv_1)
     1    0.003342    0.014243    0.018437   10.130341 ^ u_dut.g_seg[3].u_bank.g_inv[52].u_inv._cell/Y (sg13g2_inv_1)
                                                         u_dut.g_seg[3].u_bank.node[53] (net)
                      0.014244    0.000133   10.130474 ^ u_dut.g_seg[3].u_bank.g_inv[53].u_inv._cell/A (sg13g2_inv_1)
     1    0.003443    0.011997    0.017923   10.148397 v u_dut.g_seg[3].u_bank.g_inv[53].u_inv._cell/Y (sg13g2_inv_1)
                                                         u_dut.g_seg[3].u_bank.node[54] (net)
                      0.011999    0.000259   10.148657 v u_dut.g_seg[3].u_bank.g_inv[54].u_inv._cell/A (sg13g2_inv_1)
     1    0.003502    0.014407    0.018507   10.167164 ^ u_dut.g_seg[3].u_bank.g_inv[54].u_inv._cell/Y (sg13g2_inv_1)
                                                         u_dut.g_seg[3].u_bank.node[55] (net)
                      0.014407    0.000139   10.167302 ^ u_dut.g_seg[3].u_bank.g_inv[55].u_inv._cell/A (sg13g2_inv_1)
     1    0.003117    0.011460    0.017493   10.184794 v u_dut.g_seg[3].u_bank.g_inv[55].u_inv._cell/Y (sg13g2_inv_1)
                                                         u_dut.g_seg[3].u_bank.node[56] (net)
                      0.011461    0.000124   10.184919 v u_dut.g_seg[3].u_bank.g_inv[56].u_inv._cell/A (sg13g2_inv_1)
     1    0.003586    0.014502    0.018552   10.203471 ^ u_dut.g_seg[3].u_bank.g_inv[56].u_inv._cell/Y (sg13g2_inv_1)
                                                         u_dut.g_seg[3].u_bank.node[57] (net)
                      0.014502    0.000142   10.203613 ^ u_dut.g_seg[3].u_bank.g_inv[57].u_inv._cell/A (sg13g2_inv_1)
     1    0.003336    0.011850    0.017805   10.221418 v u_dut.g_seg[3].u_bank.g_inv[57].u_inv._cell/Y (sg13g2_inv_1)
                                                         u_dut.g_seg[3].u_bank.node[58] (net)
                      0.011852    0.000258   10.221677 v u_dut.g_seg[3].u_bank.g_inv[58].u_inv._cell/A (sg13g2_inv_1)
     1    0.003213    0.013722    0.017964   10.239641 ^ u_dut.g_seg[3].u_bank.g_inv[58].u_inv._cell/Y (sg13g2_inv_1)
                                                         u_dut.g_seg[3].u_bank.node[59] (net)
                      0.013723    0.000128   10.239769 ^ u_dut.g_seg[3].u_bank.g_inv[59].u_inv._cell/A (sg13g2_inv_1)
     1    0.003554    0.012118    0.018036   10.257806 v u_dut.g_seg[3].u_bank.g_inv[59].u_inv._cell/Y (sg13g2_inv_1)
                                                         u_dut.g_seg[3].u_bank.node[60] (net)
                      0.012119    0.000139   10.257945 v u_dut.g_seg[3].u_bank.g_inv[60].u_inv._cell/A (sg13g2_inv_1)
     1    0.003335    0.014047    0.018232   10.276176 ^ u_dut.g_seg[3].u_bank.g_inv[60].u_inv._cell/Y (sg13g2_inv_1)
                                                         u_dut.g_seg[3].u_bank.node[61] (net)
                      0.014048    0.000133   10.276310 ^ u_dut.g_seg[3].u_bank.g_inv[61].u_inv._cell/A (sg13g2_inv_1)
     1    0.003114    0.011394    0.017416   10.293726 v u_dut.g_seg[3].u_bank.g_inv[61].u_inv._cell/Y (sg13g2_inv_1)
                                                         u_dut.g_seg[3].u_bank.node[62] (net)
                      0.011394    0.000124   10.293851 v u_dut.g_seg[3].u_bank.g_inv[62].u_inv._cell/A (sg13g2_inv_1)
     1    0.003200    0.013612    0.017856   10.311707 ^ u_dut.g_seg[3].u_bank.g_inv[62].u_inv._cell/Y (sg13g2_inv_1)
                                                         u_dut.g_seg[3].u_bank.node[63] (net)
                      0.013612    0.000128   10.311834 ^ u_dut.g_seg[3].u_bank.g_inv[63].u_inv._cell/A (sg13g2_inv_1)
     2    0.007192    0.018944    0.023617   10.335451 v u_dut.g_seg[3].u_bank.g_inv[63].u_inv._cell/Y (sg13g2_inv_1)
                                                         u_dut.g_seg[3].u_bank.node[64] (net)
                      0.018948    0.000209   10.335660 v u_dut.g_seg[3].u_bank.g_inv[64].u_inv._cell/A (sg13g2_inv_1)
     1    0.003797    0.016277    0.020332   10.355992 ^ u_dut.g_seg[3].u_bank.g_inv[64].u_inv._cell/Y (sg13g2_inv_1)
                                                         u_dut.g_seg[3].u_bank.node[65] (net)
                      0.016279    0.000274   10.356265 ^ u_dut.g_seg[3].u_bank.g_inv[65].u_inv._cell/A (sg13g2_inv_1)
     1    0.004460    0.014189    0.019936   10.376202 v u_dut.g_seg[3].u_bank.g_inv[65].u_inv._cell/Y (sg13g2_inv_1)
                                                         u_dut.g_seg[3].u_bank.node[66] (net)
                      0.014209    0.000323   10.376525 v u_dut.g_seg[3].u_bank.g_inv[66].u_inv._cell/A (sg13g2_inv_1)
     1    0.004121    0.016183    0.019991   10.396516 ^ u_dut.g_seg[3].u_bank.g_inv[66].u_inv._cell/Y (sg13g2_inv_1)
                                                         u_dut.g_seg[3].u_bank.node[67] (net)
                      0.016197    0.000304   10.396820 ^ u_dut.g_seg[3].u_bank.g_inv[67].u_inv._cell/A (sg13g2_inv_1)
     1    0.003442    0.012340    0.018365   10.415185 v u_dut.g_seg[3].u_bank.g_inv[67].u_inv._cell/Y (sg13g2_inv_1)
                                                         u_dut.g_seg[3].u_bank.node[68] (net)
                      0.012341    0.000135   10.415319 v u_dut.g_seg[3].u_bank.g_inv[68].u_inv._cell/A (sg13g2_inv_1)
     1    0.003229    0.013843    0.018082   10.433402 ^ u_dut.g_seg[3].u_bank.g_inv[68].u_inv._cell/Y (sg13g2_inv_1)
                                                         u_dut.g_seg[3].u_bank.node[69] (net)
                      0.013843    0.000129   10.433531 ^ u_dut.g_seg[3].u_bank.g_inv[69].u_inv._cell/A (sg13g2_inv_1)
     1    0.003421    0.011904    0.017854   10.451385 v u_dut.g_seg[3].u_bank.g_inv[69].u_inv._cell/Y (sg13g2_inv_1)
                                                         u_dut.g_seg[3].u_bank.node[70] (net)
                      0.011904    0.000135   10.451520 v u_dut.g_seg[3].u_bank.g_inv[70].u_inv._cell/A (sg13g2_inv_1)
     1    0.003196    0.013693    0.017944   10.469463 ^ u_dut.g_seg[3].u_bank.g_inv[70].u_inv._cell/Y (sg13g2_inv_1)
                                                         u_dut.g_seg[3].u_bank.node[71] (net)
                      0.013693    0.000128   10.469592 ^ u_dut.g_seg[3].u_bank.g_inv[71].u_inv._cell/A (sg13g2_inv_1)
     1    0.003600    0.012181    0.018058   10.487650 v u_dut.g_seg[3].u_bank.g_inv[71].u_inv._cell/Y (sg13g2_inv_1)
                                                         u_dut.g_seg[3].u_bank.node[72] (net)
                      0.012193    0.000263   10.487913 v u_dut.g_seg[3].u_bank.g_inv[72].u_inv._cell/A (sg13g2_inv_1)
     1    0.003352    0.014098    0.018275   10.506188 ^ u_dut.g_seg[3].u_bank.g_inv[72].u_inv._cell/Y (sg13g2_inv_1)
                                                         u_dut.g_seg[3].u_bank.node[73] (net)
                      0.014098    0.000133   10.506322 ^ u_dut.g_seg[3].u_bank.g_inv[73].u_inv._cell/A (sg13g2_inv_1)
     1    0.003110    0.011395    0.017420   10.523742 v u_dut.g_seg[3].u_bank.g_inv[73].u_inv._cell/Y (sg13g2_inv_1)
                                                         u_dut.g_seg[3].u_bank.node[74] (net)
                      0.011395    0.000124   10.523866 v u_dut.g_seg[3].u_bank.g_inv[74].u_inv._cell/A (sg13g2_inv_1)
     1    0.003205    0.013624    0.017865   10.541731 ^ u_dut.g_seg[3].u_bank.g_inv[74].u_inv._cell/Y (sg13g2_inv_1)
                                                         u_dut.g_seg[3].u_bank.node[75] (net)
                      0.013624    0.000128   10.541859 ^ u_dut.g_seg[3].u_bank.g_inv[75].u_inv._cell/A (sg13g2_inv_1)
     1    0.003114    0.011323    0.017333   10.559191 v u_dut.g_seg[3].u_bank.g_inv[75].u_inv._cell/Y (sg13g2_inv_1)
                                                         u_dut.g_seg[3].u_bank.node[76] (net)
                      0.011323    0.000124   10.559316 v u_dut.g_seg[3].u_bank.g_inv[76].u_inv._cell/A (sg13g2_inv_1)
     1    0.003203    0.013607    0.017849   10.577165 ^ u_dut.g_seg[3].u_bank.g_inv[76].u_inv._cell/Y (sg13g2_inv_1)
                                                         u_dut.g_seg[3].u_bank.node[77] (net)
                      0.013608    0.000128   10.577292 ^ u_dut.g_seg[3].u_bank.g_inv[77].u_inv._cell/A (sg13g2_inv_1)
     1    0.003741    0.012429    0.018299   10.595592 v u_dut.g_seg[3].u_bank.g_inv[77].u_inv._cell/Y (sg13g2_inv_1)
                                                         u_dut.g_seg[3].u_bank.node[78] (net)
                      0.012433    0.000150   10.595741 v u_dut.g_seg[3].u_bank.g_inv[78].u_inv._cell/A (sg13g2_inv_1)
     1    0.003882    0.015333    0.019223   10.614964 ^ u_dut.g_seg[3].u_bank.g_inv[78].u_inv._cell/Y (sg13g2_inv_1)
                                                         u_dut.g_seg[3].u_bank.node[79] (net)
                      0.015340    0.000280   10.615244 ^ u_dut.g_seg[3].u_bank.g_inv[79].u_inv._cell/A (sg13g2_inv_1)
     1    0.003530    0.012337    0.018283   10.633527 v u_dut.g_seg[3].u_bank.g_inv[79].u_inv._cell/Y (sg13g2_inv_1)
                                                         u_dut.g_seg[3].u_bank.node[80] (net)
                      0.012339    0.000263   10.633790 v u_dut.g_seg[3].u_bank.g_inv[80].u_inv._cell/A (sg13g2_inv_1)
     1    0.003370    0.014166    0.018336   10.652125 ^ u_dut.g_seg[3].u_bank.g_inv[80].u_inv._cell/Y (sg13g2_inv_1)
                                                         u_dut.g_seg[3].u_bank.node[81] (net)
                      0.014166    0.000134   10.652260 ^ u_dut.g_seg[3].u_bank.g_inv[81].u_inv._cell/A (sg13g2_inv_1)
     1    0.003447    0.011991    0.017915   10.670176 v u_dut.g_seg[3].u_bank.g_inv[81].u_inv._cell/Y (sg13g2_inv_1)
                                                         u_dut.g_seg[3].u_bank.node[82] (net)
                      0.011992    0.000258   10.670433 v u_dut.g_seg[3].u_bank.g_inv[82].u_inv._cell/A (sg13g2_inv_1)
     1    0.003612    0.014655    0.018700   10.689133 ^ u_dut.g_seg[3].u_bank.g_inv[82].u_inv._cell/Y (sg13g2_inv_1)
                                                         u_dut.g_seg[3].u_bank.node[83] (net)
                      0.014655    0.000143   10.689276 ^ u_dut.g_seg[3].u_bank.g_inv[83].u_inv._cell/A (sg13g2_inv_1)
     1    0.003922    0.012935    0.018803   10.708078 v u_dut.g_seg[3].u_bank.g_inv[83].u_inv._cell/Y (sg13g2_inv_1)
                                                         u_dut.g_seg[3].u_bank.node[84] (net)
                      0.012939    0.000155   10.708234 v u_dut.g_seg[3].u_bank.g_inv[84].u_inv._cell/A (sg13g2_inv_1)
     1    0.004138    0.016017    0.019822   10.728056 ^ u_dut.g_seg[3].u_bank.g_inv[84].u_inv._cell/Y (sg13g2_inv_1)
                                                         u_dut.g_seg[3].u_bank.node[85] (net)
                      0.016018    0.000163   10.728219 ^ u_dut.g_seg[3].u_bank.g_inv[85].u_inv._cell/A (sg13g2_inv_1)
     1    0.003386    0.012210    0.018240   10.746459 v u_dut.g_seg[3].u_bank.g_inv[85].u_inv._cell/Y (sg13g2_inv_1)
                                                         u_dut.g_seg[3].u_bank.node[86] (net)
                      0.012211    0.000134   10.746593 v u_dut.g_seg[3].u_bank.g_inv[86].u_inv._cell/A (sg13g2_inv_1)
     1    0.004291    0.016222    0.019902   10.766496 ^ u_dut.g_seg[3].u_bank.g_inv[86].u_inv._cell/Y (sg13g2_inv_1)
                                                         u_dut.g_seg[3].u_bank.node[87] (net)
                      0.016245    0.000301   10.766797 ^ u_dut.g_seg[3].u_bank.g_inv[87].u_inv._cell/A (sg13g2_inv_1)
     1    0.004565    0.014381    0.020106   10.786902 v u_dut.g_seg[3].u_bank.g_inv[87].u_inv._cell/Y (sg13g2_inv_1)
                                                         u_dut.g_seg[3].u_bank.node[88] (net)
                      0.014399    0.000313   10.787215 v u_dut.g_seg[3].u_bank.g_inv[88].u_inv._cell/A (sg13g2_inv_1)
     1    0.003345    0.014456    0.018632   10.805847 ^ u_dut.g_seg[3].u_bank.g_inv[88].u_inv._cell/Y (sg13g2_inv_1)
                                                         u_dut.g_seg[3].u_bank.node[89] (net)
                      0.014458    0.000258   10.806105 ^ u_dut.g_seg[3].u_bank.g_inv[89].u_inv._cell/A (sg13g2_inv_1)
     1    0.004262    0.013516    0.019248   10.825353 v u_dut.g_seg[3].u_bank.g_inv[89].u_inv._cell/Y (sg13g2_inv_1)
                                                         u_dut.g_seg[3].u_bank.node[90] (net)
                      0.013533    0.000291   10.825644 v u_dut.g_seg[3].u_bank.g_inv[90].u_inv._cell/A (sg13g2_inv_1)
     1    0.003348    0.014323    0.018519   10.844162 ^ u_dut.g_seg[3].u_bank.g_inv[90].u_inv._cell/Y (sg13g2_inv_1)
                                                         u_dut.g_seg[3].u_bank.node[91] (net)
                      0.014323    0.000133   10.844296 ^ u_dut.g_seg[3].u_bank.g_inv[91].u_inv._cell/A (sg13g2_inv_1)
     1    0.003420    0.011984    0.017950   10.862246 v u_dut.g_seg[3].u_bank.g_inv[91].u_inv._cell/Y (sg13g2_inv_1)
                                                         u_dut.g_seg[3].u_bank.node[92] (net)
                      0.011984    0.000136   10.862382 v u_dut.g_seg[3].u_bank.g_inv[92].u_inv._cell/A (sg13g2_inv_1)
     1    0.003195    0.013706    0.017957   10.880339 ^ u_dut.g_seg[3].u_bank.g_inv[92].u_inv._cell/Y (sg13g2_inv_1)
                                                         u_dut.g_seg[3].u_bank.node[93] (net)
                      0.013706    0.000128   10.880466 ^ u_dut.g_seg[3].u_bank.g_inv[93].u_inv._cell/A (sg13g2_inv_1)
     1    0.004819    0.014431    0.019945   10.900412 v u_dut.g_seg[3].u_bank.g_inv[93].u_inv._cell/Y (sg13g2_inv_1)
                                                         u_dut.g_seg[3].u_bank.node[94] (net)
                      0.014443    0.000324   10.900736 v u_dut.g_seg[3].u_bank.g_inv[94].u_inv._cell/A (sg13g2_inv_1)
     1    0.004131    0.016261    0.020105   10.920840 ^ u_dut.g_seg[3].u_bank.g_inv[94].u_inv._cell/Y (sg13g2_inv_1)
                                                         u_dut.g_seg[3].u_bank.node[95] (net)
                      0.016262    0.000167   10.921007 ^ u_dut.g_seg[3].u_bank.g_inv[95].u_inv._cell/A (sg13g2_inv_1)
     1    0.003503    0.012459    0.018475   10.939483 v u_dut.g_seg[3].u_bank.g_inv[95].u_inv._cell/Y (sg13g2_inv_1)
                                                         u_dut.g_seg[3].u_bank.node[96] (net)
                      0.012460    0.000139   10.939621 v u_dut.g_seg[3].u_bank.u_mux.u_m1/A1 (sg13g2_mux2_1)
     1    0.003790    0.023981    0.068330   11.007952 v u_dut.g_seg[3].u_bank.u_mux.u_m1/X (sg13g2_mux2_1)
                                                         u_dut.g_seg[3].u_bank.u_mux.w1 (net)
                      0.023981    0.000151   11.008102 v u_dut.g_seg[3].u_bank.u_mux.u_m2/A1 (sg13g2_mux2_1)
     1    0.005966    0.028014    0.076961   11.085063 v u_dut.g_seg[3].u_bank.u_mux.u_m2/X (sg13g2_mux2_1)
                                                         rca_cout (net)
                      0.028030    0.000457   11.085521 v _1228_/B (sg13g2_xor2_1)
     1    0.017430    0.117392    0.098245   11.183765 ^ _1228_/X (sg13g2_xor2_1)
                                                         _0217_ (net)
                      0.117419    0.001482   11.185247 ^ _1229_/B (sg13g2_nand2_1)
     1    0.006108    0.045559    0.062990   11.248238 v _1229_/Y (sg13g2_nand2_1)
                                                         _0218_ (net)
                      0.045563    0.000440   11.248677 v _1230_/B1 (sg13g2_o21ai_1)
     1    0.003371    0.056554    0.031272   11.279949 ^ _1230_/Y (sg13g2_o21ai_1)
                                                         _0149_ (net)
                      0.056554    0.000193   11.280142 ^ _1422_/D (sg13g2_dfrbpq_1)
                                             11.280142   data arrival time

                                 20.000000   20.000000   clock clk (rise edge)
                                  0.000000   20.000000   clock source latency
     1    0.036403    0.033702    0.022244   20.022243 ^ clk (in)
                                                         clk (net)
                      0.034761    0.000000   20.022243 ^ clkbuf_0_clk/A (sg13g2_buf_16)
    16    0.199049    0.040904    0.062125   20.084368 ^ clkbuf_0_clk/X (sg13g2_buf_16)
                                                         clknet_0_clk (net)
                      0.048550    0.012598   20.096966 ^ clkbuf_4_0_0_clk/A (sg13g2_buf_8)
     2    0.043351    0.023769    0.062196   20.159163 ^ clkbuf_4_0_0_clk/X (sg13g2_buf_8)
                                                         clknet_4_0_0_clk (net)
                      0.023990    0.001652   20.160814 ^ clkbuf_5_0__f_clk/A (sg13g2_buf_16)
     6    0.028305    0.014801    0.046303   20.207117 ^ clkbuf_5_0__f_clk/X (sg13g2_buf_16)
                                                         clknet_5_0__leaf_clk (net)
                      0.014913    0.002082   20.209198 ^ _1422_/CLK (sg13g2_dfrbpq_1)
                                 -0.250000   19.959200   clock uncertainty
                                  0.000000   19.959200   clock reconvergence pessimism
                                 -0.085455   19.873745   library setup time
                                             19.873745   data required time
---------------------------------------------------------------------------------------------
                                             19.873745   data required time
                                            -11.280142   data arrival time
---------------------------------------------------------------------------------------------
                                              8.593602   slack (MET)




===========================================================================
report_checks --slack_max -0.01
============================================================================
======================= nom_fast_1p32V_m40C Corner ===================================

No paths found.


===========================================================================
 report_check_types -max_slew -max_cap -max_fanout -violators
============================================================================
======================= nom_fast_1p32V_m40C Corner ===================================

max fanout

Pin                                   Limit Fanout  Slack
---------------------------------------------------------
clkbuf_0_clk/X                            8     16     -8 (VIOLATED)
_1429_/Q                                  8     10     -2 (VIOLATED)



===========================================================================
report_parasitic_annotation -report_unannotated
============================================================================
Found 4 unannotated drivers.
 ena
 clkload0/Y
 clkload1/Y
 clkload2/Y
Found 0 partially unannotated drivers.

===========================================================================
max slew violation count 0
max fanout violation count 2
max cap violation count 0
============================================================================

===========================================================================
check_setup -verbose -unconstrained_endpoints -multiple_clock -no_clock -no_input_delay -loops -generated_clocks
===========================================================================
Warning: There are 20 unclocked register/latch pins.
  _1286_/CLK
  _1287_/CLK
  _1288_/CLK
  _1289_/CLK
  _1290_/CLK
  _1291_/CLK
  _1292_/CLK
  _1293_/CLK
  _1294_/CLK
  _1295_/CLK
  _1296_/CLK
  _1297_/CLK
  _1298_/CLK
  _1299_/CLK
  _1300_/CLK
  _1301_/CLK
  _1302_/CLK
  _1303_/CLK
  _1304_/CLK
  _1305_/CLK
Warning: There are 20 unconstrained endpoints.
  _1286_/D
  _1287_/D
  _1288_/D
  _1289_/D
  _1290_/D
  _1291_/D
  _1292_/D
  _1293_/D
  _1294_/D
  _1295_/D
  _1296_/D
  _1297_/D
  _1298_/D
  _1299_/D
  _1300_/D
  _1301_/D
  _1302_/D
  _1303_/D
  _1304_/D
  _1305_/D
