OpenSTA 2.7.0 GITDIR-NOT Copyright (c) 2025, Parallax Software, Inc.
License GPLv3: GNU GPL version 3 <http://gnu.org/licenses/gpl.html>

This is free software, and you are free to change and redistribute it
under certain conditions; type `show_copying' for details. 
This program comes with ABSOLUTELY NO WARRANTY; for details type `show_warranty'.
ES endpoints (17): 17 pins
ES startpoints (10): 10 pins
==CASE seg3333-pat1
ES-R2R
Startpoint: _1387_ (rising edge-triggered flip-flop clocked by clk)
Endpoint: _1309_ (rising edge-triggered flip-flop clocked by clk')
Path Group: clk
Path Type: max

Fanout     Cap    Slew   Delay    Time   Description
-----------------------------------------------------------------------------
                          0.00    0.00   clock clk (rise edge)
                          0.00    0.00   clock source latency
     1    0.03    0.05    0.03    0.03 ^ clk (in)
                                         clk (net)
                  0.05    0.00    0.03 ^ clkbuf_0_clk/A (sg13g2_buf_16)
    16    0.19    0.06    0.09    0.13 ^ clkbuf_0_clk/X (sg13g2_buf_16)
                                         clknet_0_clk (net)
                  0.07    0.02    0.15 ^ clkbuf_4_2_0_clk/A (sg13g2_buf_8)
     2    0.04    0.03    0.10    0.24 ^ clkbuf_4_2_0_clk/X (sg13g2_buf_8)
                                         clknet_4_2_0_clk (net)
                  0.04    0.00    0.25 ^ clkbuf_5_5__f_clk/A (sg13g2_buf_16)
     4    0.02    0.02    0.07    0.31 ^ clkbuf_5_5__f_clk/X (sg13g2_buf_16)
                                         clknet_5_5__leaf_clk (net)
                  0.02    0.00    0.31 ^ _1387_/CLK (sg13g2_dfrbpq_1)
     8    0.04    0.15    0.25    0.57 ^ _1387_/Q (sg13g2_dfrbpq_1)
                                         u_pat.idx[0] (net)
                  0.15    0.00    0.57 ^ _0718_/A (sg13g2_nand2_1)
     4    0.01    0.11    0.14    0.71 v _0718_/Y (sg13g2_nand2_1)
                                         _0277_ (net)
                  0.11    0.00    0.71 v _0725_/B2 (sg13g2_a221oi_1)
     4    0.02    0.36    0.36    1.07 ^ _0725_/Y (sg13g2_a221oi_1)
                                         _0284_ (net)
                  0.36    0.00    1.07 ^ _0726_/A (sg13g2_inv_1)
     6    0.04    0.19    0.26    1.33 v _0726_/Y (sg13g2_inv_1)
                                         u_dut.g_seg[0].g_fa[0].u_fa.b (net)
                  0.19    0.00    1.33 v u_dut.g_seg[0].g_fa[0].u_fa.u_x1/B (sg13g2_xor2_1)
     2    0.01    0.10    0.16    1.49 v u_dut.g_seg[0].g_fa[0].u_fa.u_x1/X (sg13g2_xor2_1)
                                         u_dut.g_seg[0].g_fa[0].u_fa.t (net)
                  0.10    0.00    1.49 v u_dut.g_seg[0].g_fa[0].u_fa.u_a2/B (sg13g2_and2_1)
     1    0.00    0.03    0.11    1.60 v u_dut.g_seg[0].g_fa[0].u_fa.u_a2/X (sg13g2_and2_1)
                                         u_dut.g_seg[0].g_fa[0].u_fa.v (net)
                  0.03    0.00    1.60 v u_dut.g_seg[0].g_fa[0].u_fa.u_o1/B (sg13g2_or2_1)
     2    0.01    0.05    0.12    1.71 v u_dut.g_seg[0].g_fa[0].u_fa.u_o1/X (sg13g2_or2_1)
                                         u_dut.g_seg[0].g_fa[0].u_fa.co (net)
                  0.05    0.00    1.71 v u_dut.g_seg[0].g_fa[1].u_fa.u_a2/A (sg13g2_and2_1)
     1    0.00    0.02    0.08    1.79 v u_dut.g_seg[0].g_fa[1].u_fa.u_a2/X (sg13g2_and2_1)
                                         u_dut.g_seg[0].g_fa[1].u_fa.v (net)
                  0.02    0.00    1.79 v u_dut.g_seg[0].g_fa[1].u_fa.u_o1/B (sg13g2_or2_1)
     2    0.01    0.04    0.11    1.90 v u_dut.g_seg[0].g_fa[1].u_fa.u_o1/X (sg13g2_or2_1)
                                         u_dut.g_seg[0].g_fa[1].u_fa.co (net)
                  0.04    0.00    1.90 v u_dut.g_seg[0].g_fa[2].u_fa.u_a2/A (sg13g2_and2_1)
     1    0.01    0.03    0.08    1.98 v u_dut.g_seg[0].g_fa[2].u_fa.u_a2/X (sg13g2_and2_1)
                                         u_dut.g_seg[0].g_fa[2].u_fa.v (net)
                  0.03    0.00    1.98 v u_dut.g_seg[0].g_fa[2].u_fa.u_o1/B (sg13g2_or2_1)
     2    0.01    0.04    0.11    2.09 v u_dut.g_seg[0].g_fa[2].u_fa.u_o1/X (sg13g2_or2_1)
                                         u_dut.g_seg[0].g_fa[2].u_fa.co (net)
                  0.04    0.00    2.09 v u_dut.g_seg[0].g_fa[3].u_fa.u_a2/A (sg13g2_and2_1)
     1    0.00    0.02    0.07    2.17 v u_dut.g_seg[0].g_fa[3].u_fa.u_a2/X (sg13g2_and2_1)
                                         u_dut.g_seg[0].g_fa[3].u_fa.v (net)
                  0.02    0.00    2.17 v u_dut.g_seg[0].g_fa[3].u_fa.u_o1/B (sg13g2_or2_1)
     2    0.02    0.09    0.15    2.31 v u_dut.g_seg[0].g_fa[3].u_fa.u_o1/X (sg13g2_or2_1)
                                         u_dut.g_seg[0].u_bank.node[0] (net)
                  0.09    0.00    2.32 v u_dut.g_seg[0].u_bank.g_inv[0].u_inv._cell/A (sg13g2_inv_1)
     1    0.00    0.03    0.04    2.36 ^ u_dut.g_seg[0].u_bank.g_inv[0].u_inv._cell/Y (sg13g2_inv_1)
                                         u_dut.g_seg[0].u_bank.node[1] (net)
                  0.03    0.00    2.36 ^ u_dut.g_seg[0].u_bank.g_inv[1].u_inv._cell/A (sg13g2_inv_1)
     1    0.00    0.02    0.03    2.39 v u_dut.g_seg[0].u_bank.g_inv[1].u_inv._cell/Y (sg13g2_inv_1)
                                         u_dut.g_seg[0].u_bank.node[2] (net)
                  0.02    0.00    2.39 v u_dut.g_seg[0].u_bank.g_inv[2].u_inv._cell/A (sg13g2_inv_1)
     1    0.00    0.02    0.03    2.42 ^ u_dut.g_seg[0].u_bank.g_inv[2].u_inv._cell/Y (sg13g2_inv_1)
                                         u_dut.g_seg[0].u_bank.node[3] (net)
                  0.02    0.00    2.42 ^ u_dut.g_seg[0].u_bank.g_inv[3].u_inv._cell/A (sg13g2_inv_1)
     1    0.00    0.02    0.02    2.44 v u_dut.g_seg[0].u_bank.g_inv[3].u_inv._cell/Y (sg13g2_inv_1)
                                         u_dut.g_seg[0].u_bank.node[4] (net)
                  0.02    0.00    2.44 v u_dut.g_seg[0].u_bank.g_inv[4].u_inv._cell/A (sg13g2_inv_1)
     1    0.00    0.02    0.03    2.47 ^ u_dut.g_seg[0].u_bank.g_inv[4].u_inv._cell/Y (sg13g2_inv_1)
                                         u_dut.g_seg[0].u_bank.node[5] (net)
                  0.02    0.00    2.47 ^ u_dut.g_seg[0].u_bank.g_inv[5].u_inv._cell/A (sg13g2_inv_1)
     1    0.00    0.02    0.03    2.49 v u_dut.g_seg[0].u_bank.g_inv[5].u_inv._cell/Y (sg13g2_inv_1)
                                         u_dut.g_seg[0].u_bank.node[6] (net)
                  0.02    0.00    2.49 v u_dut.g_seg[0].u_bank.g_inv[6].u_inv._cell/A (sg13g2_inv_1)
     1    0.00    0.02    0.03    2.52 ^ u_dut.g_seg[0].u_bank.g_inv[6].u_inv._cell/Y (sg13g2_inv_1)
                                         u_dut.g_seg[0].u_bank.node[7] (net)
                  0.02    0.00    2.52 ^ u_dut.g_seg[0].u_bank.g_inv[7].u_inv._cell/A (sg13g2_inv_1)
     1    0.00    0.02    0.03    2.55 v u_dut.g_seg[0].u_bank.g_inv[7].u_inv._cell/Y (sg13g2_inv_1)
                                         u_dut.g_seg[0].u_bank.node[8] (net)
                  0.02    0.00    2.55 v u_dut.g_seg[0].u_bank.g_inv[8].u_inv._cell/A (sg13g2_inv_1)
     1    0.00    0.02    0.03    2.57 ^ u_dut.g_seg[0].u_bank.g_inv[8].u_inv._cell/Y (sg13g2_inv_1)
                                         u_dut.g_seg[0].u_bank.node[9] (net)
                  0.02    0.00    2.57 ^ u_dut.g_seg[0].u_bank.g_inv[9].u_inv._cell/A (sg13g2_inv_1)
     1    0.00    0.02    0.03    2.60 v u_dut.g_seg[0].u_bank.g_inv[9].u_inv._cell/Y (sg13g2_inv_1)
                                         u_dut.g_seg[0].u_bank.node[10] (net)
                  0.02    0.00    2.60 v u_dut.g_seg[0].u_bank.g_inv[10].u_inv._cell/A (sg13g2_inv_1)
     1    0.00    0.02    0.03    2.63 ^ u_dut.g_seg[0].u_bank.g_inv[10].u_inv._cell/Y (sg13g2_inv_1)
                                         u_dut.g_seg[0].u_bank.node[11] (net)
                  0.02    0.00    2.63 ^ u_dut.g_seg[0].u_bank.g_inv[11].u_inv._cell/A (sg13g2_inv_1)
     1    0.00    0.02    0.03    2.65 v u_dut.g_seg[0].u_bank.g_inv[11].u_inv._cell/Y (sg13g2_inv_1)
                                         u_dut.g_seg[0].u_bank.node[12] (net)
                  0.02    0.00    2.65 v u_dut.g_seg[0].u_bank.g_inv[12].u_inv._cell/A (sg13g2_inv_1)
     1    0.00    0.02    0.03    2.68 ^ u_dut.g_seg[0].u_bank.g_inv[12].u_inv._cell/Y (sg13g2_inv_1)
                                         u_dut.g_seg[0].u_bank.node[13] (net)
                  0.02    0.00    2.68 ^ u_dut.g_seg[0].u_bank.g_inv[13].u_inv._cell/A (sg13g2_inv_1)
     1    0.00    0.02    0.03    2.71 v u_dut.g_seg[0].u_bank.g_inv[13].u_inv._cell/Y (sg13g2_inv_1)
                                         u_dut.g_seg[0].u_bank.node[14] (net)
                  0.02    0.00    2.71 v u_dut.g_seg[0].u_bank.g_inv[14].u_inv._cell/A (sg13g2_inv_1)
     1    0.00    0.02    0.03    2.74 ^ u_dut.g_seg[0].u_bank.g_inv[14].u_inv._cell/Y (sg13g2_inv_1)
                                         u_dut.g_seg[0].u_bank.node[15] (net)
                  0.02    0.00    2.74 ^ u_dut.g_seg[0].u_bank.g_inv[15].u_inv._cell/A (sg13g2_inv_1)
     1    0.00    0.02    0.03    2.76 v u_dut.g_seg[0].u_bank.g_inv[15].u_inv._cell/Y (sg13g2_inv_1)
                                         u_dut.g_seg[0].u_bank.node[16] (net)
                  0.02    0.00    2.77 v u_dut.g_seg[0].u_bank.g_inv[16].u_inv._cell/A (sg13g2_inv_1)
     1    0.00    0.02    0.03    2.79 ^ u_dut.g_seg[0].u_bank.g_inv[16].u_inv._cell/Y (sg13g2_inv_1)
                                         u_dut.g_seg[0].u_bank.node[17] (net)
                  0.02    0.00    2.79 ^ u_dut.g_seg[0].u_bank.g_inv[17].u_inv._cell/A (sg13g2_inv_1)
     1    0.00    0.02    0.03    2.82 v u_dut.g_seg[0].u_bank.g_inv[17].u_inv._cell/Y (sg13g2_inv_1)
                                         u_dut.g_seg[0].u_bank.node[18] (net)
                  0.02    0.00    2.82 v u_dut.g_seg[0].u_bank.g_inv[18].u_inv._cell/A (sg13g2_inv_1)
     1    0.00    0.02    0.03    2.85 ^ u_dut.g_seg[0].u_bank.g_inv[18].u_inv._cell/Y (sg13g2_inv_1)
                                         u_dut.g_seg[0].u_bank.node[19] (net)
                  0.02    0.00    2.85 ^ u_dut.g_seg[0].u_bank.g_inv[19].u_inv._cell/A (sg13g2_inv_1)
     1    0.00    0.02    0.03    2.88 v u_dut.g_seg[0].u_bank.g_inv[19].u_inv._cell/Y (sg13g2_inv_1)
                                         u_dut.g_seg[0].u_bank.node[20] (net)
                  0.02    0.00    2.88 v u_dut.g_seg[0].u_bank.g_inv[20].u_inv._cell/A (sg13g2_inv_1)
     1    0.00    0.02    0.03    2.90 ^ u_dut.g_seg[0].u_bank.g_inv[20].u_inv._cell/Y (sg13g2_inv_1)
                                         u_dut.g_seg[0].u_bank.node[21] (net)
                  0.02    0.00    2.90 ^ u_dut.g_seg[0].u_bank.g_inv[21].u_inv._cell/A (sg13g2_inv_1)
     1    0.00    0.02    0.03    2.93 v u_dut.g_seg[0].u_bank.g_inv[21].u_inv._cell/Y (sg13g2_inv_1)
                                         u_dut.g_seg[0].u_bank.node[22] (net)
                  0.02    0.00    2.93 v u_dut.g_seg[0].u_bank.g_inv[22].u_inv._cell/A (sg13g2_inv_1)
     1    0.00    0.02    0.03    2.96 ^ u_dut.g_seg[0].u_bank.g_inv[22].u_inv._cell/Y (sg13g2_inv_1)
                                         u_dut.g_seg[0].u_bank.node[23] (net)
                  0.02    0.00    2.96 ^ u_dut.g_seg[0].u_bank.g_inv[23].u_inv._cell/A (sg13g2_inv_1)
     1    0.00    0.02    0.02    2.98 v u_dut.g_seg[0].u_bank.g_inv[23].u_inv._cell/Y (sg13g2_inv_1)
                                         u_dut.g_seg[0].u_bank.node[24] (net)
                  0.02    0.00    2.98 v u_dut.g_seg[0].u_bank.g_inv[24].u_inv._cell/A (sg13g2_inv_1)
     1    0.00    0.02    0.03    3.01 ^ u_dut.g_seg[0].u_bank.g_inv[24].u_inv._cell/Y (sg13g2_inv_1)
                                         u_dut.g_seg[0].u_bank.node[25] (net)
                  0.02    0.00    3.01 ^ u_dut.g_seg[0].u_bank.g_inv[25].u_inv._cell/A (sg13g2_inv_1)
     1    0.00    0.02    0.03    3.04 v u_dut.g_seg[0].u_bank.g_inv[25].u_inv._cell/Y (sg13g2_inv_1)
                                         u_dut.g_seg[0].u_bank.node[26] (net)
                  0.02    0.00    3.04 v u_dut.g_seg[0].u_bank.g_inv[26].u_inv._cell/A (sg13g2_inv_1)
     1    0.00    0.02    0.03    3.06 ^ u_dut.g_seg[0].u_bank.g_inv[26].u_inv._cell/Y (sg13g2_inv_1)
                                         u_dut.g_seg[0].u_bank.node[27] (net)
                  0.02    0.00    3.06 ^ u_dut.g_seg[0].u_bank.g_inv[27].u_inv._cell/A (sg13g2_inv_1)
     1    0.00    0.02    0.03    3.09 v u_dut.g_seg[0].u_bank.g_inv[27].u_inv._cell/Y (sg13g2_inv_1)
                                         u_dut.g_seg[0].u_bank.node[28] (net)
                  0.02    0.00    3.09 v u_dut.g_seg[0].u_bank.g_inv[28].u_inv._cell/A (sg13g2_inv_1)
     1    0.00    0.02    0.03    3.11 ^ u_dut.g_seg[0].u_bank.g_inv[28].u_inv._cell/Y (sg13g2_inv_1)
                                         u_dut.g_seg[0].u_bank.node[29] (net)
                  0.02    0.00    3.11 ^ u_dut.g_seg[0].u_bank.g_inv[29].u_inv._cell/A (sg13g2_inv_1)
     1    0.00    0.02    0.02    3.14 v u_dut.g_seg[0].u_bank.g_inv[29].u_inv._cell/Y (sg13g2_inv_1)
                                         u_dut.g_seg[0].u_bank.node[30] (net)
                  0.02    0.00    3.14 v u_dut.g_seg[0].u_bank.g_inv[30].u_inv._cell/A (sg13g2_inv_1)
     1    0.00    0.02    0.03    3.16 ^ u_dut.g_seg[0].u_bank.g_inv[30].u_inv._cell/Y (sg13g2_inv_1)
                                         u_dut.g_seg[0].u_bank.node[31] (net)
                  0.02    0.00    3.16 ^ u_dut.g_seg[0].u_bank.g_inv[31].u_inv._cell/A (sg13g2_inv_1)
     2    0.01    0.03    0.03    3.20 v u_dut.g_seg[0].u_bank.g_inv[31].u_inv._cell/Y (sg13g2_inv_1)
                                         u_dut.g_seg[0].u_bank.node[32] (net)
                  0.03    0.00    3.20 v u_dut.g_seg[0].u_bank.g_inv[32].u_inv._cell/A (sg13g2_inv_1)
     1    0.00    0.02    0.03    3.23 ^ u_dut.g_seg[0].u_bank.g_inv[32].u_inv._cell/Y (sg13g2_inv_1)
                                         u_dut.g_seg[0].u_bank.node[33] (net)
                  0.02    0.00    3.23 ^ u_dut.g_seg[0].u_bank.g_inv[33].u_inv._cell/A (sg13g2_inv_1)
     1    0.00    0.02    0.03    3.25 v u_dut.g_seg[0].u_bank.g_inv[33].u_inv._cell/Y (sg13g2_inv_1)
                                         u_dut.g_seg[0].u_bank.node[34] (net)
                  0.02    0.00    3.25 v u_dut.g_seg[0].u_bank.g_inv[34].u_inv._cell/A (sg13g2_inv_1)
     1    0.00    0.02    0.03    3.28 ^ u_dut.g_seg[0].u_bank.g_inv[34].u_inv._cell/Y (sg13g2_inv_1)
                                         u_dut.g_seg[0].u_bank.node[35] (net)
                  0.02    0.00    3.28 ^ u_dut.g_seg[0].u_bank.g_inv[35].u_inv._cell/A (sg13g2_inv_1)
     1    0.00    0.02    0.02    3.30 v u_dut.g_seg[0].u_bank.g_inv[35].u_inv._cell/Y (sg13g2_inv_1)
                                         u_dut.g_seg[0].u_bank.node[36] (net)
                  0.02    0.00    3.30 v u_dut.g_seg[0].u_bank.g_inv[36].u_inv._cell/A (sg13g2_inv_1)
     1    0.00    0.02    0.03    3.33 ^ u_dut.g_seg[0].u_bank.g_inv[36].u_inv._cell/Y (sg13g2_inv_1)
                                         u_dut.g_seg[0].u_bank.node[37] (net)
                  0.02    0.00    3.33 ^ u_dut.g_seg[0].u_bank.g_inv[37].u_inv._cell/A (sg13g2_inv_1)
     1    0.00    0.02    0.03    3.35 v u_dut.g_seg[0].u_bank.g_inv[37].u_inv._cell/Y (sg13g2_inv_1)
                                         u_dut.g_seg[0].u_bank.node[38] (net)
                  0.02    0.00    3.35 v u_dut.g_seg[0].u_bank.g_inv[38].u_inv._cell/A (sg13g2_inv_1)
     1    0.00    0.02    0.03    3.38 ^ u_dut.g_seg[0].u_bank.g_inv[38].u_inv._cell/Y (sg13g2_inv_1)
                                         u_dut.g_seg[0].u_bank.node[39] (net)
                  0.02    0.00    3.38 ^ u_dut.g_seg[0].u_bank.g_inv[39].u_inv._cell/A (sg13g2_inv_1)
     1    0.00    0.02    0.03    3.41 v u_dut.g_seg[0].u_bank.g_inv[39].u_inv._cell/Y (sg13g2_inv_1)
                                         u_dut.g_seg[0].u_bank.node[40] (net)
                  0.02    0.00    3.41 v u_dut.g_seg[0].u_bank.g_inv[40].u_inv._cell/A (sg13g2_inv_1)
     1    0.00    0.02    0.03    3.43 ^ u_dut.g_seg[0].u_bank.g_inv[40].u_inv._cell/Y (sg13g2_inv_1)
                                         u_dut.g_seg[0].u_bank.node[41] (net)
                  0.02    0.00    3.43 ^ u_dut.g_seg[0].u_bank.g_inv[41].u_inv._cell/A (sg13g2_inv_1)
     1    0.00    0.02    0.03    3.46 v u_dut.g_seg[0].u_bank.g_inv[41].u_inv._cell/Y (sg13g2_inv_1)
                                         u_dut.g_seg[0].u_bank.node[42] (net)
                  0.02    0.00    3.46 v u_dut.g_seg[0].u_bank.g_inv[42].u_inv._cell/A (sg13g2_inv_1)
     1    0.00    0.02    0.03    3.49 ^ u_dut.g_seg[0].u_bank.g_inv[42].u_inv._cell/Y (sg13g2_inv_1)
                                         u_dut.g_seg[0].u_bank.node[43] (net)
                  0.02    0.00    3.49 ^ u_dut.g_seg[0].u_bank.g_inv[43].u_inv._cell/A (sg13g2_inv_1)
     1    0.00    0.02    0.03    3.51 v u_dut.g_seg[0].u_bank.g_inv[43].u_inv._cell/Y (sg13g2_inv_1)
                                         u_dut.g_seg[0].u_bank.node[44] (net)
                  0.02    0.00    3.51 v u_dut.g_seg[0].u_bank.g_inv[44].u_inv._cell/A (sg13g2_inv_1)
     1    0.00    0.02    0.03    3.54 ^ u_dut.g_seg[0].u_bank.g_inv[44].u_inv._cell/Y (sg13g2_inv_1)
                                         u_dut.g_seg[0].u_bank.node[45] (net)
                  0.02    0.00    3.54 ^ u_dut.g_seg[0].u_bank.g_inv[45].u_inv._cell/A (sg13g2_inv_1)
     1    0.00    0.02    0.03    3.57 v u_dut.g_seg[0].u_bank.g_inv[45].u_inv._cell/Y (sg13g2_inv_1)
                                         u_dut.g_seg[0].u_bank.node[46] (net)
                  0.02    0.00    3.57 v u_dut.g_seg[0].u_bank.g_inv[46].u_inv._cell/A (sg13g2_inv_1)
     1    0.00    0.02    0.03    3.59 ^ u_dut.g_seg[0].u_bank.g_inv[46].u_inv._cell/Y (sg13g2_inv_1)
                                         u_dut.g_seg[0].u_bank.node[47] (net)
                  0.02    0.00    3.59 ^ u_dut.g_seg[0].u_bank.g_inv[47].u_inv._cell/A (sg13g2_inv_1)
     1    0.00    0.02    0.03    3.62 v u_dut.g_seg[0].u_bank.g_inv[47].u_inv._cell/Y (sg13g2_inv_1)
                                         u_dut.g_seg[0].u_bank.node[48] (net)
                  0.02    0.00    3.62 v u_dut.g_seg[0].u_bank.g_inv[48].u_inv._cell/A (sg13g2_inv_1)
     1    0.00    0.02    0.03    3.65 ^ u_dut.g_seg[0].u_bank.g_inv[48].u_inv._cell/Y (sg13g2_inv_1)
                                         u_dut.g_seg[0].u_bank.node[49] (net)
                  0.02    0.00    3.65 ^ u_dut.g_seg[0].u_bank.g_inv[49].u_inv._cell/A (sg13g2_inv_1)
     1    0.00    0.02    0.03    3.68 v u_dut.g_seg[0].u_bank.g_inv[49].u_inv._cell/Y (sg13g2_inv_1)
                                         u_dut.g_seg[0].u_bank.node[50] (net)
                  0.02    0.00    3.68 v u_dut.g_seg[0].u_bank.g_inv[50].u_inv._cell/A (sg13g2_inv_1)
     1    0.00    0.02    0.03    3.71 ^ u_dut.g_seg[0].u_bank.g_inv[50].u_inv._cell/Y (sg13g2_inv_1)
                                         u_dut.g_seg[0].u_bank.node[51] (net)
                  0.02    0.00    3.71 ^ u_dut.g_seg[0].u_bank.g_inv[51].u_inv._cell/A (sg13g2_inv_1)
     1    0.00    0.02    0.03    3.74 v u_dut.g_seg[0].u_bank.g_inv[51].u_inv._cell/Y (sg13g2_inv_1)
                                         u_dut.g_seg[0].u_bank.node[52] (net)
                  0.02    0.00    3.74 v u_dut.g_seg[0].u_bank.g_inv[52].u_inv._cell/A (sg13g2_inv_1)
     1    0.00    0.02    0.03    3.76 ^ u_dut.g_seg[0].u_bank.g_inv[52].u_inv._cell/Y (sg13g2_inv_1)
                                         u_dut.g_seg[0].u_bank.node[53] (net)
                  0.02    0.00    3.76 ^ u_dut.g_seg[0].u_bank.g_inv[53].u_inv._cell/A (sg13g2_inv_1)
     1    0.00    0.02    0.03    3.79 v u_dut.g_seg[0].u_bank.g_inv[53].u_inv._cell/Y (sg13g2_inv_1)
                                         u_dut.g_seg[0].u_bank.node[54] (net)
                  0.02    0.00    3.79 v u_dut.g_seg[0].u_bank.g_inv[54].u_inv._cell/A (sg13g2_inv_1)
     1    0.00    0.02    0.03    3.82 ^ u_dut.g_seg[0].u_bank.g_inv[54].u_inv._cell/Y (sg13g2_inv_1)
                                         u_dut.g_seg[0].u_bank.node[55] (net)
                  0.02    0.00    3.82 ^ u_dut.g_seg[0].u_bank.g_inv[55].u_inv._cell/A (sg13g2_inv_1)
     1    0.00    0.02    0.02    3.84 v u_dut.g_seg[0].u_bank.g_inv[55].u_inv._cell/Y (sg13g2_inv_1)
                                         u_dut.g_seg[0].u_bank.node[56] (net)
                  0.02    0.00    3.84 v u_dut.g_seg[0].u_bank.g_inv[56].u_inv._cell/A (sg13g2_inv_1)
     1    0.00    0.02    0.03    3.87 ^ u_dut.g_seg[0].u_bank.g_inv[56].u_inv._cell/Y (sg13g2_inv_1)
                                         u_dut.g_seg[0].u_bank.node[57] (net)
                  0.02    0.00    3.87 ^ u_dut.g_seg[0].u_bank.g_inv[57].u_inv._cell/A (sg13g2_inv_1)
     1    0.00    0.02    0.02    3.89 v u_dut.g_seg[0].u_bank.g_inv[57].u_inv._cell/Y (sg13g2_inv_1)
                                         u_dut.g_seg[0].u_bank.node[58] (net)
                  0.02    0.00    3.89 v u_dut.g_seg[0].u_bank.g_inv[58].u_inv._cell/A (sg13g2_inv_1)
     1    0.00    0.02    0.03    3.92 ^ u_dut.g_seg[0].u_bank.g_inv[58].u_inv._cell/Y (sg13g2_inv_1)
                                         u_dut.g_seg[0].u_bank.node[59] (net)
                  0.02    0.00    3.92 ^ u_dut.g_seg[0].u_bank.g_inv[59].u_inv._cell/A (sg13g2_inv_1)
     1    0.00    0.02    0.02    3.94 v u_dut.g_seg[0].u_bank.g_inv[59].u_inv._cell/Y (sg13g2_inv_1)
                                         u_dut.g_seg[0].u_bank.node[60] (net)
                  0.02    0.00    3.94 v u_dut.g_seg[0].u_bank.g_inv[60].u_inv._cell/A (sg13g2_inv_1)
     1    0.00    0.02    0.03    3.97 ^ u_dut.g_seg[0].u_bank.g_inv[60].u_inv._cell/Y (sg13g2_inv_1)
                                         u_dut.g_seg[0].u_bank.node[61] (net)
                  0.02    0.00    3.97 ^ u_dut.g_seg[0].u_bank.g_inv[61].u_inv._cell/A (sg13g2_inv_1)
     1    0.00    0.02    0.02    3.99 v u_dut.g_seg[0].u_bank.g_inv[61].u_inv._cell/Y (sg13g2_inv_1)
                                         u_dut.g_seg[0].u_bank.node[62] (net)
                  0.02    0.00    3.99 v u_dut.g_seg[0].u_bank.g_inv[62].u_inv._cell/A (sg13g2_inv_1)
     1    0.00    0.02    0.03    4.02 ^ u_dut.g_seg[0].u_bank.g_inv[62].u_inv._cell/Y (sg13g2_inv_1)
                                         u_dut.g_seg[0].u_bank.node[63] (net)
                  0.02    0.00    4.02 ^ u_dut.g_seg[0].u_bank.g_inv[63].u_inv._cell/A (sg13g2_inv_1)
     2    0.01    0.03    0.03    4.05 v u_dut.g_seg[0].u_bank.g_inv[63].u_inv._cell/Y (sg13g2_inv_1)
                                         u_dut.g_seg[0].u_bank.node[64] (net)
                  0.03    0.00    4.05 v u_dut.g_seg[0].u_bank.g_inv[64].u_inv._cell/A (sg13g2_inv_1)
     1    0.00    0.02    0.03    4.08 ^ u_dut.g_seg[0].u_bank.g_inv[64].u_inv._cell/Y (sg13g2_inv_1)
                                         u_dut.g_seg[0].u_bank.node[65] (net)
                  0.02    0.00    4.08 ^ u_dut.g_seg[0].u_bank.g_inv[65].u_inv._cell/A (sg13g2_inv_1)
     1    0.00    0.02    0.03    4.11 v u_dut.g_seg[0].u_bank.g_inv[65].u_inv._cell/Y (sg13g2_inv_1)
                                         u_dut.g_seg[0].u_bank.node[66] (net)
                  0.02    0.00    4.11 v u_dut.g_seg[0].u_bank.g_inv[66].u_inv._cell/A (sg13g2_inv_1)
     1    0.00    0.02    0.03    4.13 ^ u_dut.g_seg[0].u_bank.g_inv[66].u_inv._cell/Y (sg13g2_inv_1)
                                         u_dut.g_seg[0].u_bank.node[67] (net)
                  0.02    0.00    4.13 ^ u_dut.g_seg[0].u_bank.g_inv[67].u_inv._cell/A (sg13g2_inv_1)
     1    0.00    0.02    0.03    4.16 v u_dut.g_seg[0].u_bank.g_inv[67].u_inv._cell/Y (sg13g2_inv_1)
                                         u_dut.g_seg[0].u_bank.node[68] (net)
                  0.02    0.00    4.16 v u_dut.g_seg[0].u_bank.g_inv[68].u_inv._cell/A (sg13g2_inv_1)
     1    0.00    0.02    0.03    4.18 ^ u_dut.g_seg[0].u_bank.g_inv[68].u_inv._cell/Y (sg13g2_inv_1)
                                         u_dut.g_seg[0].u_bank.node[69] (net)
                  0.02    0.00    4.18 ^ u_dut.g_seg[0].u_bank.g_inv[69].u_inv._cell/A (sg13g2_inv_1)
     1    0.00    0.02    0.03    4.21 v u_dut.g_seg[0].u_bank.g_inv[69].u_inv._cell/Y (sg13g2_inv_1)
                                         u_dut.g_seg[0].u_bank.node[70] (net)
                  0.02    0.00    4.21 v u_dut.g_seg[0].u_bank.g_inv[70].u_inv._cell/A (sg13g2_inv_1)
     1    0.00    0.02    0.03    4.24 ^ u_dut.g_seg[0].u_bank.g_inv[70].u_inv._cell/Y (sg13g2_inv_1)
                                         u_dut.g_seg[0].u_bank.node[71] (net)
                  0.02    0.00    4.24 ^ u_dut.g_seg[0].u_bank.g_inv[71].u_inv._cell/A (sg13g2_inv_1)
     1    0.00    0.02    0.03    4.27 v u_dut.g_seg[0].u_bank.g_inv[71].u_inv._cell/Y (sg13g2_inv_1)
                                         u_dut.g_seg[0].u_bank.node[72] (net)
                  0.02    0.00    4.27 v u_dut.g_seg[0].u_bank.g_inv[72].u_inv._cell/A (sg13g2_inv_1)
     1    0.00    0.02    0.03    4.30 ^ u_dut.g_seg[0].u_bank.g_inv[72].u_inv._cell/Y (sg13g2_inv_1)
                                         u_dut.g_seg[0].u_bank.node[73] (net)
                  0.02    0.00    4.30 ^ u_dut.g_seg[0].u_bank.g_inv[73].u_inv._cell/A (sg13g2_inv_1)
     1    0.00    0.02    0.03    4.32 v u_dut.g_seg[0].u_bank.g_inv[73].u_inv._cell/Y (sg13g2_inv_1)
                                         u_dut.g_seg[0].u_bank.node[74] (net)
                  0.02    0.00    4.32 v u_dut.g_seg[0].u_bank.g_inv[74].u_inv._cell/A (sg13g2_inv_1)
     1    0.00    0.02    0.03    4.35 ^ u_dut.g_seg[0].u_bank.g_inv[74].u_inv._cell/Y (sg13g2_inv_1)
                                         u_dut.g_seg[0].u_bank.node[75] (net)
                  0.02    0.00    4.35 ^ u_dut.g_seg[0].u_bank.g_inv[75].u_inv._cell/A (sg13g2_inv_1)
     1    0.00    0.02    0.02    4.37 v u_dut.g_seg[0].u_bank.g_inv[75].u_inv._cell/Y (sg13g2_inv_1)
                                         u_dut.g_seg[0].u_bank.node[76] (net)
                  0.02    0.00    4.37 v u_dut.g_seg[0].u_bank.g_inv[76].u_inv._cell/A (sg13g2_inv_1)
     1    0.00    0.02    0.03    4.40 ^ u_dut.g_seg[0].u_bank.g_inv[76].u_inv._cell/Y (sg13g2_inv_1)
                                         u_dut.g_seg[0].u_bank.node[77] (net)
                  0.02    0.00    4.40 ^ u_dut.g_seg[0].u_bank.g_inv[77].u_inv._cell/A (sg13g2_inv_1)
     1    0.00    0.02    0.03    4.42 v u_dut.g_seg[0].u_bank.g_inv[77].u_inv._cell/Y (sg13g2_inv_1)
                                         u_dut.g_seg[0].u_bank.node[78] (net)
                  0.02    0.00    4.42 v u_dut.g_seg[0].u_bank.g_inv[78].u_inv._cell/A (sg13g2_inv_1)
     1    0.00    0.02    0.03    4.45 ^ u_dut.g_seg[0].u_bank.g_inv[78].u_inv._cell/Y (sg13g2_inv_1)
                                         u_dut.g_seg[0].u_bank.node[79] (net)
                  0.02    0.00    4.45 ^ u_dut.g_seg[0].u_bank.g_inv[79].u_inv._cell/A (sg13g2_inv_1)
     1    0.00    0.02    0.02    4.47 v u_dut.g_seg[0].u_bank.g_inv[79].u_inv._cell/Y (sg13g2_inv_1)
                                         u_dut.g_seg[0].u_bank.node[80] (net)
                  0.02    0.00    4.47 v u_dut.g_seg[0].u_bank.g_inv[80].u_inv._cell/A (sg13g2_inv_1)
     1    0.00    0.02    0.03    4.50 ^ u_dut.g_seg[0].u_bank.g_inv[80].u_inv._cell/Y (sg13g2_inv_1)
                                         u_dut.g_seg[0].u_bank.node[81] (net)
                  0.02    0.00    4.50 ^ u_dut.g_seg[0].u_bank.g_inv[81].u_inv._cell/A (sg13g2_inv_1)
     1    0.00    0.02    0.03    4.52 v u_dut.g_seg[0].u_bank.g_inv[81].u_inv._cell/Y (sg13g2_inv_1)
                                         u_dut.g_seg[0].u_bank.node[82] (net)
                  0.02    0.00    4.52 v u_dut.g_seg[0].u_bank.g_inv[82].u_inv._cell/A (sg13g2_inv_1)
     1    0.00    0.02    0.03    4.55 ^ u_dut.g_seg[0].u_bank.g_inv[82].u_inv._cell/Y (sg13g2_inv_1)
                                         u_dut.g_seg[0].u_bank.node[83] (net)
                  0.02    0.00    4.55 ^ u_dut.g_seg[0].u_bank.g_inv[83].u_inv._cell/A (sg13g2_inv_1)
     1    0.00    0.02    0.03    4.58 v u_dut.g_seg[0].u_bank.g_inv[83].u_inv._cell/Y (sg13g2_inv_1)
                                         u_dut.g_seg[0].u_bank.node[84] (net)
                  0.02    0.00    4.58 v u_dut.g_seg[0].u_bank.g_inv[84].u_inv._cell/A (sg13g2_inv_1)
     1    0.00    0.02    0.03    4.61 ^ u_dut.g_seg[0].u_bank.g_inv[84].u_inv._cell/Y (sg13g2_inv_1)
                                         u_dut.g_seg[0].u_bank.node[85] (net)
                  0.02    0.00    4.61 ^ u_dut.g_seg[0].u_bank.g_inv[85].u_inv._cell/A (sg13g2_inv_1)
     1    0.00    0.02    0.03    4.63 v u_dut.g_seg[0].u_bank.g_inv[85].u_inv._cell/Y (sg13g2_inv_1)
                                         u_dut.g_seg[0].u_bank.node[86] (net)
                  0.02    0.00    4.63 v u_dut.g_seg[0].u_bank.g_inv[86].u_inv._cell/A (sg13g2_inv_1)
     1    0.00    0.02    0.03    4.66 ^ u_dut.g_seg[0].u_bank.g_inv[86].u_inv._cell/Y (sg13g2_inv_1)
                                         u_dut.g_seg[0].u_bank.node[87] (net)
                  0.02    0.00    4.66 ^ u_dut.g_seg[0].u_bank.g_inv[87].u_inv._cell/A (sg13g2_inv_1)
     1    0.00    0.02    0.03    4.69 v u_dut.g_seg[0].u_bank.g_inv[87].u_inv._cell/Y (sg13g2_inv_1)
                                         u_dut.g_seg[0].u_bank.node[88] (net)
                  0.02    0.00    4.69 v u_dut.g_seg[0].u_bank.g_inv[88].u_inv._cell/A (sg13g2_inv_1)
     1    0.00    0.02    0.03    4.72 ^ u_dut.g_seg[0].u_bank.g_inv[88].u_inv._cell/Y (sg13g2_inv_1)
                                         u_dut.g_seg[0].u_bank.node[89] (net)
                  0.02    0.00    4.72 ^ u_dut.g_seg[0].u_bank.g_inv[89].u_inv._cell/A (sg13g2_inv_1)
     1    0.00    0.02    0.03    4.74 v u_dut.g_seg[0].u_bank.g_inv[89].u_inv._cell/Y (sg13g2_inv_1)
                                         u_dut.g_seg[0].u_bank.node[90] (net)
                  0.02    0.00    4.75 v u_dut.g_seg[0].u_bank.g_inv[90].u_inv._cell/A (sg13g2_inv_1)
     1    0.00    0.02    0.03    4.77 ^ u_dut.g_seg[0].u_bank.g_inv[90].u_inv._cell/Y (sg13g2_inv_1)
                                         u_dut.g_seg[0].u_bank.node[91] (net)
                  0.02    0.00    4.77 ^ u_dut.g_seg[0].u_bank.g_inv[91].u_inv._cell/A (sg13g2_inv_1)
     1    0.00    0.02    0.02    4.80 v u_dut.g_seg[0].u_bank.g_inv[91].u_inv._cell/Y (sg13g2_inv_1)
                                         u_dut.g_seg[0].u_bank.node[92] (net)
                  0.02    0.00    4.80 v u_dut.g_seg[0].u_bank.g_inv[92].u_inv._cell/A (sg13g2_inv_1)
     1    0.00    0.02    0.03    4.82 ^ u_dut.g_seg[0].u_bank.g_inv[92].u_inv._cell/Y (sg13g2_inv_1)
                                         u_dut.g_seg[0].u_bank.node[93] (net)
                  0.02    0.00    4.82 ^ u_dut.g_seg[0].u_bank.g_inv[93].u_inv._cell/A (sg13g2_inv_1)
     1    0.00    0.02    0.03    4.85 v u_dut.g_seg[0].u_bank.g_inv[93].u_inv._cell/Y (sg13g2_inv_1)
                                         u_dut.g_seg[0].u_bank.node[94] (net)
                  0.02    0.00    4.85 v u_dut.g_seg[0].u_bank.g_inv[94].u_inv._cell/A (sg13g2_inv_1)
     1    0.00    0.03    0.03    4.88 ^ u_dut.g_seg[0].u_bank.g_inv[94].u_inv._cell/Y (sg13g2_inv_1)
                                         u_dut.g_seg[0].u_bank.node[95] (net)
                  0.03    0.00    4.88 ^ u_dut.g_seg[0].u_bank.g_inv[95].u_inv._cell/A (sg13g2_inv_1)
     1    0.00    0.02    0.03    4.91 v u_dut.g_seg[0].u_bank.g_inv[95].u_inv._cell/Y (sg13g2_inv_1)
                                         u_dut.g_seg[0].u_bank.node[96] (net)
                  0.02    0.00    4.91 v u_dut.g_seg[0].u_bank.u_mux.u_m1/A1 (sg13g2_mux2_1)
     1    0.00    0.04    0.10    5.01 v u_dut.g_seg[0].u_bank.u_mux.u_m1/X (sg13g2_mux2_1)
                                         u_dut.g_seg[0].u_bank.u_mux.w1 (net)
                  0.04    0.00    5.01 v u_dut.g_seg[0].u_bank.u_mux.u_m2/A1 (sg13g2_mux2_1)
     2    0.03    0.10    0.19    5.20 v u_dut.g_seg[0].u_bank.u_mux.u_m2/X (sg13g2_mux2_1)
                                         u_dut.g_seg[0].bank_dout (net)
                  0.10    0.00    5.20 v u_dut.g_seg[1].g_fa[0].u_fa.u_a2/A (sg13g2_and2_1)
     1    0.00    0.02    0.10    5.29 v u_dut.g_seg[1].g_fa[0].u_fa.u_a2/X (sg13g2_and2_1)
                                         u_dut.g_seg[1].g_fa[0].u_fa.v (net)
                  0.02    0.00    5.29 v u_dut.g_seg[1].g_fa[0].u_fa.u_o1/B (sg13g2_or2_1)
     2    0.01    0.04    0.11    5.41 v u_dut.g_seg[1].g_fa[0].u_fa.u_o1/X (sg13g2_or2_1)
                                         u_dut.g_seg[1].g_fa[0].u_fa.co (net)
                  0.04    0.00    5.41 v u_dut.g_seg[1].g_fa[1].u_fa.u_a2/A (sg13g2_and2_1)
     1    0.00    0.02    0.07    5.48 v u_dut.g_seg[1].g_fa[1].u_fa.u_a2/X (sg13g2_and2_1)
                                         u_dut.g_seg[1].g_fa[1].u_fa.v (net)
                  0.02    0.00    5.48 v u_dut.g_seg[1].g_fa[1].u_fa.u_o1/B (sg13g2_or2_1)
     2    0.01    0.05    0.12    5.60 v u_dut.g_seg[1].g_fa[1].u_fa.u_o1/X (sg13g2_or2_1)
                                         u_dut.g_seg[1].g_fa[1].u_fa.co (net)
                  0.05    0.00    5.60 v u_dut.g_seg[1].g_fa[2].u_fa.u_a2/A (sg13g2_and2_1)
     1    0.00    0.02    0.08    5.68 v u_dut.g_seg[1].g_fa[2].u_fa.u_a2/X (sg13g2_and2_1)
                                         u_dut.g_seg[1].g_fa[2].u_fa.v (net)
                  0.02    0.00    5.68 v u_dut.g_seg[1].g_fa[2].u_fa.u_o1/B (sg13g2_or2_1)
     2    0.01    0.04    0.11    5.79 v u_dut.g_seg[1].g_fa[2].u_fa.u_o1/X (sg13g2_or2_1)
                                         u_dut.g_seg[1].g_fa[2].u_fa.co (net)
                  0.04    0.00    5.79 v u_dut.g_seg[1].g_fa[3].u_fa.u_a2/A (sg13g2_and2_1)
     1    0.00    0.02    0.07    5.86 v u_dut.g_seg[1].g_fa[3].u_fa.u_a2/X (sg13g2_and2_1)
                                         u_dut.g_seg[1].g_fa[3].u_fa.v (net)
                  0.02    0.00    5.86 v u_dut.g_seg[1].g_fa[3].u_fa.u_o1/B (sg13g2_or2_1)
     2    0.01    0.05    0.12    5.98 v u_dut.g_seg[1].g_fa[3].u_fa.u_o1/X (sg13g2_or2_1)
                                         u_dut.g_seg[1].u_bank.node[0] (net)
                  0.05    0.00    5.98 v u_dut.g_seg[1].u_bank.g_inv[0].u_inv._cell/A (sg13g2_inv_1)
     1    0.00    0.03    0.04    6.02 ^ u_dut.g_seg[1].u_bank.g_inv[0].u_inv._cell/Y (sg13g2_inv_1)
                                         u_dut.g_seg[1].u_bank.node[1] (net)
                  0.03    0.00    6.02 ^ u_dut.g_seg[1].u_bank.g_inv[1].u_inv._cell/A (sg13g2_inv_1)
     1    0.00    0.02    0.03    6.04 v u_dut.g_seg[1].u_bank.g_inv[1].u_inv._cell/Y (sg13g2_inv_1)
                                         u_dut.g_seg[1].u_bank.node[2] (net)
                  0.02    0.00    6.04 v u_dut.g_seg[1].u_bank.g_inv[2].u_inv._cell/A (sg13g2_inv_1)
     1    0.00    0.02    0.03    6.07 ^ u_dut.g_seg[1].u_bank.g_inv[2].u_inv._cell/Y (sg13g2_inv_1)
                                         u_dut.g_seg[1].u_bank.node[3] (net)
                  0.02    0.00    6.07 ^ u_dut.g_seg[1].u_bank.g_inv[3].u_inv._cell/A (sg13g2_inv_1)
     1    0.00    0.02    0.03    6.10 v u_dut.g_seg[1].u_bank.g_inv[3].u_inv._cell/Y (sg13g2_inv_1)
                                         u_dut.g_seg[1].u_bank.node[4] (net)
                  0.02    0.00    6.10 v u_dut.g_seg[1].u_bank.g_inv[4].u_inv._cell/A (sg13g2_inv_1)
     1    0.00    0.02    0.03    6.13 ^ u_dut.g_seg[1].u_bank.g_inv[4].u_inv._cell/Y (sg13g2_inv_1)
                                         u_dut.g_seg[1].u_bank.node[5] (net)
                  0.02    0.00    6.13 ^ u_dut.g_seg[1].u_bank.g_inv[5].u_inv._cell/A (sg13g2_inv_1)
     1    0.00    0.02    0.03    6.16 v u_dut.g_seg[1].u_bank.g_inv[5].u_inv._cell/Y (sg13g2_inv_1)
                                         u_dut.g_seg[1].u_bank.node[6] (net)
                  0.02    0.00    6.16 v u_dut.g_seg[1].u_bank.g_inv[6].u_inv._cell/A (sg13g2_inv_1)
     1    0.00    0.02    0.03    6.19 ^ u_dut.g_seg[1].u_bank.g_inv[6].u_inv._cell/Y (sg13g2_inv_1)
                                         u_dut.g_seg[1].u_bank.node[7] (net)
                  0.02    0.00    6.19 ^ u_dut.g_seg[1].u_bank.g_inv[7].u_inv._cell/A (sg13g2_inv_1)
     1    0.00    0.02    0.03    6.21 v u_dut.g_seg[1].u_bank.g_inv[7].u_inv._cell/Y (sg13g2_inv_1)
                                         u_dut.g_seg[1].u_bank.node[8] (net)
                  0.02    0.00    6.21 v u_dut.g_seg[1].u_bank.g_inv[8].u_inv._cell/A (sg13g2_inv_1)
     1    0.00    0.02    0.03    6.24 ^ u_dut.g_seg[1].u_bank.g_inv[8].u_inv._cell/Y (sg13g2_inv_1)
                                         u_dut.g_seg[1].u_bank.node[9] (net)
                  0.02    0.00    6.24 ^ u_dut.g_seg[1].u_bank.g_inv[9].u_inv._cell/A (sg13g2_inv_1)
     1    0.00    0.02    0.03    6.26 v u_dut.g_seg[1].u_bank.g_inv[9].u_inv._cell/Y (sg13g2_inv_1)
                                         u_dut.g_seg[1].u_bank.node[10] (net)
                  0.02    0.00    6.26 v u_dut.g_seg[1].u_bank.g_inv[10].u_inv._cell/A (sg13g2_inv_1)
     1    0.00    0.02    0.03    6.29 ^ u_dut.g_seg[1].u_bank.g_inv[10].u_inv._cell/Y (sg13g2_inv_1)
                                         u_dut.g_seg[1].u_bank.node[11] (net)
                  0.02    0.00    6.29 ^ u_dut.g_seg[1].u_bank.g_inv[11].u_inv._cell/A (sg13g2_inv_1)
     1    0.00    0.02    0.02    6.31 v u_dut.g_seg[1].u_bank.g_inv[11].u_inv._cell/Y (sg13g2_inv_1)
                                         u_dut.g_seg[1].u_bank.node[12] (net)
                  0.02    0.00    6.32 v u_dut.g_seg[1].u_bank.g_inv[12].u_inv._cell/A (sg13g2_inv_1)
     1    0.00    0.02    0.03    6.34 ^ u_dut.g_seg[1].u_bank.g_inv[12].u_inv._cell/Y (sg13g2_inv_1)
                                         u_dut.g_seg[1].u_bank.node[13] (net)
                  0.02    0.00    6.34 ^ u_dut.g_seg[1].u_bank.g_inv[13].u_inv._cell/A (sg13g2_inv_1)
     1    0.00    0.02    0.03    6.37 v u_dut.g_seg[1].u_bank.g_inv[13].u_inv._cell/Y (sg13g2_inv_1)
                                         u_dut.g_seg[1].u_bank.node[14] (net)
                  0.02    0.00    6.37 v u_dut.g_seg[1].u_bank.g_inv[14].u_inv._cell/A (sg13g2_inv_1)
     1    0.00    0.02    0.03    6.39 ^ u_dut.g_seg[1].u_bank.g_inv[14].u_inv._cell/Y (sg13g2_inv_1)
                                         u_dut.g_seg[1].u_bank.node[15] (net)
                  0.02    0.00    6.39 ^ u_dut.g_seg[1].u_bank.g_inv[15].u_inv._cell/A (sg13g2_inv_1)
     1    0.00    0.02    0.03    6.42 v u_dut.g_seg[1].u_bank.g_inv[15].u_inv._cell/Y (sg13g2_inv_1)
                                         u_dut.g_seg[1].u_bank.node[16] (net)
                  0.02    0.00    6.42 v u_dut.g_seg[1].u_bank.g_inv[16].u_inv._cell/A (sg13g2_inv_1)
     1    0.00    0.02    0.03    6.45 ^ u_dut.g_seg[1].u_bank.g_inv[16].u_inv._cell/Y (sg13g2_inv_1)
                                         u_dut.g_seg[1].u_bank.node[17] (net)
                  0.02    0.00    6.45 ^ u_dut.g_seg[1].u_bank.g_inv[17].u_inv._cell/A (sg13g2_inv_1)
     1    0.00    0.02    0.03    6.47 v u_dut.g_seg[1].u_bank.g_inv[17].u_inv._cell/Y (sg13g2_inv_1)
                                         u_dut.g_seg[1].u_bank.node[18] (net)
                  0.02    0.00    6.47 v u_dut.g_seg[1].u_bank.g_inv[18].u_inv._cell/A (sg13g2_inv_1)
     1    0.00    0.02    0.03    6.50 ^ u_dut.g_seg[1].u_bank.g_inv[18].u_inv._cell/Y (sg13g2_inv_1)
                                         u_dut.g_seg[1].u_bank.node[19] (net)
                  0.02    0.00    6.50 ^ u_dut.g_seg[1].u_bank.g_inv[19].u_inv._cell/A (sg13g2_inv_1)
     1    0.00    0.02    0.03    6.53 v u_dut.g_seg[1].u_bank.g_inv[19].u_inv._cell/Y (sg13g2_inv_1)
                                         u_dut.g_seg[1].u_bank.node[20] (net)
                  0.02    0.00    6.53 v u_dut.g_seg[1].u_bank.g_inv[20].u_inv._cell/A (sg13g2_inv_1)
     1    0.00    0.02    0.03    6.56 ^ u_dut.g_seg[1].u_bank.g_inv[20].u_inv._cell/Y (sg13g2_inv_1)
                                         u_dut.g_seg[1].u_bank.node[21] (net)
                  0.02    0.00    6.56 ^ u_dut.g_seg[1].u_bank.g_inv[21].u_inv._cell/A (sg13g2_inv_1)
     1    0.00    0.02    0.03    6.58 v u_dut.g_seg[1].u_bank.g_inv[21].u_inv._cell/Y (sg13g2_inv_1)
                                         u_dut.g_seg[1].u_bank.node[22] (net)
                  0.02    0.00    6.58 v u_dut.g_seg[1].u_bank.g_inv[22].u_inv._cell/A (sg13g2_inv_1)
     1    0.00    0.02    0.03    6.61 ^ u_dut.g_seg[1].u_bank.g_inv[22].u_inv._cell/Y (sg13g2_inv_1)
                                         u_dut.g_seg[1].u_bank.node[23] (net)
                  0.02    0.00    6.61 ^ u_dut.g_seg[1].u_bank.g_inv[23].u_inv._cell/A (sg13g2_inv_1)
     1    0.00    0.02    0.03    6.64 v u_dut.g_seg[1].u_bank.g_inv[23].u_inv._cell/Y (sg13g2_inv_1)
                                         u_dut.g_seg[1].u_bank.node[24] (net)
                  0.02    0.00    6.64 v u_dut.g_seg[1].u_bank.g_inv[24].u_inv._cell/A (sg13g2_inv_1)
     1    0.00    0.02    0.03    6.67 ^ u_dut.g_seg[1].u_bank.g_inv[24].u_inv._cell/Y (sg13g2_inv_1)
                                         u_dut.g_seg[1].u_bank.node[25] (net)
                  0.02    0.00    6.67 ^ u_dut.g_seg[1].u_bank.g_inv[25].u_inv._cell/A (sg13g2_inv_1)
     1    0.00    0.02    0.03    6.69 v u_dut.g_seg[1].u_bank.g_inv[25].u_inv._cell/Y (sg13g2_inv_1)
                                         u_dut.g_seg[1].u_bank.node[26] (net)
                  0.02    0.00    6.69 v u_dut.g_seg[1].u_bank.g_inv[26].u_inv._cell/A (sg13g2_inv_1)
     1    0.00    0.02    0.03    6.72 ^ u_dut.g_seg[1].u_bank.g_inv[26].u_inv._cell/Y (sg13g2_inv_1)
                                         u_dut.g_seg[1].u_bank.node[27] (net)
                  0.02    0.00    6.72 ^ u_dut.g_seg[1].u_bank.g_inv[27].u_inv._cell/A (sg13g2_inv_1)
     1    0.00    0.02    0.03    6.75 v u_dut.g_seg[1].u_bank.g_inv[27].u_inv._cell/Y (sg13g2_inv_1)
                                         u_dut.g_seg[1].u_bank.node[28] (net)
                  0.02    0.00    6.75 v u_dut.g_seg[1].u_bank.g_inv[28].u_inv._cell/A (sg13g2_inv_1)
     1    0.00    0.02    0.03    6.78 ^ u_dut.g_seg[1].u_bank.g_inv[28].u_inv._cell/Y (sg13g2_inv_1)
                                         u_dut.g_seg[1].u_bank.node[29] (net)
                  0.02    0.00    6.78 ^ u_dut.g_seg[1].u_bank.g_inv[29].u_inv._cell/A (sg13g2_inv_1)
     1    0.00    0.02    0.03    6.81 v u_dut.g_seg[1].u_bank.g_inv[29].u_inv._cell/Y (sg13g2_inv_1)
                                         u_dut.g_seg[1].u_bank.node[30] (net)
                  0.02    0.00    6.81 v u_dut.g_seg[1].u_bank.g_inv[30].u_inv._cell/A (sg13g2_inv_1)
     1    0.00    0.02    0.03    6.84 ^ u_dut.g_seg[1].u_bank.g_inv[30].u_inv._cell/Y (sg13g2_inv_1)
                                         u_dut.g_seg[1].u_bank.node[31] (net)
                  0.02    0.00    6.84 ^ u_dut.g_seg[1].u_bank.g_inv[31].u_inv._cell/A (sg13g2_inv_1)
     2    0.01    0.03    0.04    6.87 v u_dut.g_seg[1].u_bank.g_inv[31].u_inv._cell/Y (sg13g2_inv_1)
                                         u_dut.g_seg[1].u_bank.node[32] (net)
                  0.03    0.00    6.87 v u_dut.g_seg[1].u_bank.g_inv[32].u_inv._cell/A (sg13g2_inv_1)
     1    0.00    0.02    0.03    6.90 ^ u_dut.g_seg[1].u_bank.g_inv[32].u_inv._cell/Y (sg13g2_inv_1)
                                         u_dut.g_seg[1].u_bank.node[33] (net)
                  0.02    0.00    6.90 ^ u_dut.g_seg[1].u_bank.g_inv[33].u_inv._cell/A (sg13g2_inv_1)
     1    0.00    0.02    0.03    6.93 v u_dut.g_seg[1].u_bank.g_inv[33].u_inv._cell/Y (sg13g2_inv_1)
                                         u_dut.g_seg[1].u_bank.node[34] (net)
                  0.02    0.00    6.93 v u_dut.g_seg[1].u_bank.g_inv[34].u_inv._cell/A (sg13g2_inv_1)
     1    0.00    0.02    0.03    6.95 ^ u_dut.g_seg[1].u_bank.g_inv[34].u_inv._cell/Y (sg13g2_inv_1)
                                         u_dut.g_seg[1].u_bank.node[35] (net)
                  0.02    0.00    6.95 ^ u_dut.g_seg[1].u_bank.g_inv[35].u_inv._cell/A (sg13g2_inv_1)
     1    0.00    0.02    0.03    6.98 v u_dut.g_seg[1].u_bank.g_inv[35].u_inv._cell/Y (sg13g2_inv_1)
                                         u_dut.g_seg[1].u_bank.node[36] (net)
                  0.02    0.00    6.98 v u_dut.g_seg[1].u_bank.g_inv[36].u_inv._cell/A (sg13g2_inv_1)
     1    0.00    0.02    0.03    7.01 ^ u_dut.g_seg[1].u_bank.g_inv[36].u_inv._cell/Y (sg13g2_inv_1)
                                         u_dut.g_seg[1].u_bank.node[37] (net)
                  0.02    0.00    7.01 ^ u_dut.g_seg[1].u_bank.g_inv[37].u_inv._cell/A (sg13g2_inv_1)
     1    0.00    0.02    0.02    7.03 v u_dut.g_seg[1].u_bank.g_inv[37].u_inv._cell/Y (sg13g2_inv_1)
                                         u_dut.g_seg[1].u_bank.node[38] (net)
                  0.02    0.00    7.03 v u_dut.g_seg[1].u_bank.g_inv[38].u_inv._cell/A (sg13g2_inv_1)
     1    0.00    0.02    0.03    7.06 ^ u_dut.g_seg[1].u_bank.g_inv[38].u_inv._cell/Y (sg13g2_inv_1)
                                         u_dut.g_seg[1].u_bank.node[39] (net)
                  0.02    0.00    7.06 ^ u_dut.g_seg[1].u_bank.g_inv[39].u_inv._cell/A (sg13g2_inv_1)
     1    0.00    0.02    0.03    7.08 v u_dut.g_seg[1].u_bank.g_inv[39].u_inv._cell/Y (sg13g2_inv_1)
                                         u_dut.g_seg[1].u_bank.node[40] (net)
                  0.02    0.00    7.08 v u_dut.g_seg[1].u_bank.g_inv[40].u_inv._cell/A (sg13g2_inv_1)
     1    0.00    0.02    0.03    7.11 ^ u_dut.g_seg[1].u_bank.g_inv[40].u_inv._cell/Y (sg13g2_inv_1)
                                         u_dut.g_seg[1].u_bank.node[41] (net)
                  0.02    0.00    7.11 ^ u_dut.g_seg[1].u_bank.g_inv[41].u_inv._cell/A (sg13g2_inv_1)
     1    0.00    0.02    0.02    7.13 v u_dut.g_seg[1].u_bank.g_inv[41].u_inv._cell/Y (sg13g2_inv_1)
                                         u_dut.g_seg[1].u_bank.node[42] (net)
                  0.02    0.00    7.13 v u_dut.g_seg[1].u_bank.g_inv[42].u_inv._cell/A (sg13g2_inv_1)
     1    0.00    0.02    0.03    7.16 ^ u_dut.g_seg[1].u_bank.g_inv[42].u_inv._cell/Y (sg13g2_inv_1)
                                         u_dut.g_seg[1].u_bank.node[43] (net)
                  0.02    0.00    7.16 ^ u_dut.g_seg[1].u_bank.g_inv[43].u_inv._cell/A (sg13g2_inv_1)
     1    0.00    0.02    0.03    7.18 v u_dut.g_seg[1].u_bank.g_inv[43].u_inv._cell/Y (sg13g2_inv_1)
                                         u_dut.g_seg[1].u_bank.node[44] (net)
                  0.02    0.00    7.18 v u_dut.g_seg[1].u_bank.g_inv[44].u_inv._cell/A (sg13g2_inv_1)
     1    0.00    0.02    0.03    7.21 ^ u_dut.g_seg[1].u_bank.g_inv[44].u_inv._cell/Y (sg13g2_inv_1)
                                         u_dut.g_seg[1].u_bank.node[45] (net)
                  0.02    0.00    7.21 ^ u_dut.g_seg[1].u_bank.g_inv[45].u_inv._cell/A (sg13g2_inv_1)
     1    0.00    0.02    0.02    7.24 v u_dut.g_seg[1].u_bank.g_inv[45].u_inv._cell/Y (sg13g2_inv_1)
                                         u_dut.g_seg[1].u_bank.node[46] (net)
                  0.02    0.00    7.24 v u_dut.g_seg[1].u_bank.g_inv[46].u_inv._cell/A (sg13g2_inv_1)
     1    0.00    0.02    0.03    7.26 ^ u_dut.g_seg[1].u_bank.g_inv[46].u_inv._cell/Y (sg13g2_inv_1)
                                         u_dut.g_seg[1].u_bank.node[47] (net)
                  0.02    0.00    7.26 ^ u_dut.g_seg[1].u_bank.g_inv[47].u_inv._cell/A (sg13g2_inv_1)
     1    0.00    0.02    0.03    7.29 v u_dut.g_seg[1].u_bank.g_inv[47].u_inv._cell/Y (sg13g2_inv_1)
                                         u_dut.g_seg[1].u_bank.node[48] (net)
                  0.02    0.00    7.29 v u_dut.g_seg[1].u_bank.g_inv[48].u_inv._cell/A (sg13g2_inv_1)
     1    0.00    0.02    0.03    7.31 ^ u_dut.g_seg[1].u_bank.g_inv[48].u_inv._cell/Y (sg13g2_inv_1)
                                         u_dut.g_seg[1].u_bank.node[49] (net)
                  0.02    0.00    7.31 ^ u_dut.g_seg[1].u_bank.g_inv[49].u_inv._cell/A (sg13g2_inv_1)
     1    0.00    0.02    0.03    7.34 v u_dut.g_seg[1].u_bank.g_inv[49].u_inv._cell/Y (sg13g2_inv_1)
                                         u_dut.g_seg[1].u_bank.node[50] (net)
                  0.02    0.00    7.34 v u_dut.g_seg[1].u_bank.g_inv[50].u_inv._cell/A (sg13g2_inv_1)
     1    0.00    0.02    0.03    7.37 ^ u_dut.g_seg[1].u_bank.g_inv[50].u_inv._cell/Y (sg13g2_inv_1)
                                         u_dut.g_seg[1].u_bank.node[51] (net)
                  0.02    0.00    7.37 ^ u_dut.g_seg[1].u_bank.g_inv[51].u_inv._cell/A (sg13g2_inv_1)
     1    0.00    0.02    0.03    7.39 v u_dut.g_seg[1].u_bank.g_inv[51].u_inv._cell/Y (sg13g2_inv_1)
                                         u_dut.g_seg[1].u_bank.node[52] (net)
                  0.02    0.00    7.39 v u_dut.g_seg[1].u_bank.g_inv[52].u_inv._cell/A (sg13g2_inv_1)
     1    0.00    0.02    0.03    7.42 ^ u_dut.g_seg[1].u_bank.g_inv[52].u_inv._cell/Y (sg13g2_inv_1)
                                         u_dut.g_seg[1].u_bank.node[53] (net)
                  0.02    0.00    7.42 ^ u_dut.g_seg[1].u_bank.g_inv[53].u_inv._cell/A (sg13g2_inv_1)
     1    0.00    0.02    0.03    7.45 v u_dut.g_seg[1].u_bank.g_inv[53].u_inv._cell/Y (sg13g2_inv_1)
                                         u_dut.g_seg[1].u_bank.node[54] (net)
                  0.02    0.00    7.45 v u_dut.g_seg[1].u_bank.g_inv[54].u_inv._cell/A (sg13g2_inv_1)
     1    0.00    0.02    0.03    7.47 ^ u_dut.g_seg[1].u_bank.g_inv[54].u_inv._cell/Y (sg13g2_inv_1)
                                         u_dut.g_seg[1].u_bank.node[55] (net)
                  0.02    0.00    7.47 ^ u_dut.g_seg[1].u_bank.g_inv[55].u_inv._cell/A (sg13g2_inv_1)
     1    0.00    0.02    0.03    7.50 v u_dut.g_seg[1].u_bank.g_inv[55].u_inv._cell/Y (sg13g2_inv_1)
                                         u_dut.g_seg[1].u_bank.node[56] (net)
                  0.02    0.00    7.50 v u_dut.g_seg[1].u_bank.g_inv[56].u_inv._cell/A (sg13g2_inv_1)
     1    0.00    0.02    0.03    7.53 ^ u_dut.g_seg[1].u_bank.g_inv[56].u_inv._cell/Y (sg13g2_inv_1)
                                         u_dut.g_seg[1].u_bank.node[57] (net)
                  0.02    0.00    7.53 ^ u_dut.g_seg[1].u_bank.g_inv[57].u_inv._cell/A (sg13g2_inv_1)
     1    0.00    0.02    0.02    7.55 v u_dut.g_seg[1].u_bank.g_inv[57].u_inv._cell/Y (sg13g2_inv_1)
                                         u_dut.g_seg[1].u_bank.node[58] (net)
                  0.02    0.00    7.55 v u_dut.g_seg[1].u_bank.g_inv[58].u_inv._cell/A (sg13g2_inv_1)
     1    0.00    0.02    0.03    7.58 ^ u_dut.g_seg[1].u_bank.g_inv[58].u_inv._cell/Y (sg13g2_inv_1)
                                         u_dut.g_seg[1].u_bank.node[59] (net)
                  0.02    0.00    7.58 ^ u_dut.g_seg[1].u_bank.g_inv[59].u_inv._cell/A (sg13g2_inv_1)
     1    0.00    0.02    0.02    7.60 v u_dut.g_seg[1].u_bank.g_inv[59].u_inv._cell/Y (sg13g2_inv_1)
                                         u_dut.g_seg[1].u_bank.node[60] (net)
                  0.02    0.00    7.60 v u_dut.g_seg[1].u_bank.g_inv[60].u_inv._cell/A (sg13g2_inv_1)
     1    0.00    0.02    0.03    7.63 ^ u_dut.g_seg[1].u_bank.g_inv[60].u_inv._cell/Y (sg13g2_inv_1)
                                         u_dut.g_seg[1].u_bank.node[61] (net)
                  0.02    0.00    7.63 ^ u_dut.g_seg[1].u_bank.g_inv[61].u_inv._cell/A (sg13g2_inv_1)
     1    0.00    0.02    0.03    7.65 v u_dut.g_seg[1].u_bank.g_inv[61].u_inv._cell/Y (sg13g2_inv_1)
                                         u_dut.g_seg[1].u_bank.node[62] (net)
                  0.02    0.00    7.65 v u_dut.g_seg[1].u_bank.g_inv[62].u_inv._cell/A (sg13g2_inv_1)
     1    0.00    0.02    0.03    7.68 ^ u_dut.g_seg[1].u_bank.g_inv[62].u_inv._cell/Y (sg13g2_inv_1)
                                         u_dut.g_seg[1].u_bank.node[63] (net)
                  0.02    0.00    7.68 ^ u_dut.g_seg[1].u_bank.g_inv[63].u_inv._cell/A (sg13g2_inv_1)
     2    0.01    0.03    0.03    7.71 v u_dut.g_seg[1].u_bank.g_inv[63].u_inv._cell/Y (sg13g2_inv_1)
                                         u_dut.g_seg[1].u_bank.node[64] (net)
                  0.03    0.00    7.71 v u_dut.g_seg[1].u_bank.g_inv[64].u_inv._cell/A (sg13g2_inv_1)
     1    0.00    0.02    0.03    7.74 ^ u_dut.g_seg[1].u_bank.g_inv[64].u_inv._cell/Y (sg13g2_inv_1)
                                         u_dut.g_seg[1].u_bank.node[65] (net)
                  0.02    0.00    7.74 ^ u_dut.g_seg[1].u_bank.g_inv[65].u_inv._cell/A (sg13g2_inv_1)
     1    0.00    0.02    0.03    7.77 v u_dut.g_seg[1].u_bank.g_inv[65].u_inv._cell/Y (sg13g2_inv_1)
                                         u_dut.g_seg[1].u_bank.node[66] (net)
                  0.02    0.00    7.77 v u_dut.g_seg[1].u_bank.g_inv[66].u_inv._cell/A (sg13g2_inv_1)
     1    0.00    0.02    0.03    7.80 ^ u_dut.g_seg[1].u_bank.g_inv[66].u_inv._cell/Y (sg13g2_inv_1)
                                         u_dut.g_seg[1].u_bank.node[67] (net)
                  0.02    0.00    7.80 ^ u_dut.g_seg[1].u_bank.g_inv[67].u_inv._cell/A (sg13g2_inv_1)
     1    0.00    0.02    0.03    7.82 v u_dut.g_seg[1].u_bank.g_inv[67].u_inv._cell/Y (sg13g2_inv_1)
                                         u_dut.g_seg[1].u_bank.node[68] (net)
                  0.02    0.00    7.82 v u_dut.g_seg[1].u_bank.g_inv[68].u_inv._cell/A (sg13g2_inv_1)
     1    0.00    0.02    0.03    7.85 ^ u_dut.g_seg[1].u_bank.g_inv[68].u_inv._cell/Y (sg13g2_inv_1)
                                         u_dut.g_seg[1].u_bank.node[69] (net)
                  0.02    0.00    7.85 ^ u_dut.g_seg[1].u_bank.g_inv[69].u_inv._cell/A (sg13g2_inv_1)
     1    0.00    0.02    0.03    7.87 v u_dut.g_seg[1].u_bank.g_inv[69].u_inv._cell/Y (sg13g2_inv_1)
                                         u_dut.g_seg[1].u_bank.node[70] (net)
                  0.02    0.00    7.87 v u_dut.g_seg[1].u_bank.g_inv[70].u_inv._cell/A (sg13g2_inv_1)
     1    0.00    0.02    0.03    7.90 ^ u_dut.g_seg[1].u_bank.g_inv[70].u_inv._cell/Y (sg13g2_inv_1)
                                         u_dut.g_seg[1].u_bank.node[71] (net)
                  0.02    0.00    7.90 ^ u_dut.g_seg[1].u_bank.g_inv[71].u_inv._cell/A (sg13g2_inv_1)
     1    0.00    0.02    0.03    7.92 v u_dut.g_seg[1].u_bank.g_inv[71].u_inv._cell/Y (sg13g2_inv_1)
                                         u_dut.g_seg[1].u_bank.node[72] (net)
                  0.02    0.00    7.92 v u_dut.g_seg[1].u_bank.g_inv[72].u_inv._cell/A (sg13g2_inv_1)
     1    0.00    0.02    0.03    7.95 ^ u_dut.g_seg[1].u_bank.g_inv[72].u_inv._cell/Y (sg13g2_inv_1)
                                         u_dut.g_seg[1].u_bank.node[73] (net)
                  0.02    0.00    7.95 ^ u_dut.g_seg[1].u_bank.g_inv[73].u_inv._cell/A (sg13g2_inv_1)
     1    0.00    0.02    0.03    7.98 v u_dut.g_seg[1].u_bank.g_inv[73].u_inv._cell/Y (sg13g2_inv_1)
                                         u_dut.g_seg[1].u_bank.node[74] (net)
                  0.02    0.00    7.98 v u_dut.g_seg[1].u_bank.g_inv[74].u_inv._cell/A (sg13g2_inv_1)
     1    0.00    0.02    0.03    8.00 ^ u_dut.g_seg[1].u_bank.g_inv[74].u_inv._cell/Y (sg13g2_inv_1)
                                         u_dut.g_seg[1].u_bank.node[75] (net)
                  0.02    0.00    8.00 ^ u_dut.g_seg[1].u_bank.g_inv[75].u_inv._cell/A (sg13g2_inv_1)
     1    0.00    0.02    0.02    8.03 v u_dut.g_seg[1].u_bank.g_inv[75].u_inv._cell/Y (sg13g2_inv_1)
                                         u_dut.g_seg[1].u_bank.node[76] (net)
                  0.02    0.00    8.03 v u_dut.g_seg[1].u_bank.g_inv[76].u_inv._cell/A (sg13g2_inv_1)
     1    0.00    0.02    0.03    8.06 ^ u_dut.g_seg[1].u_bank.g_inv[76].u_inv._cell/Y (sg13g2_inv_1)
                                         u_dut.g_seg[1].u_bank.node[77] (net)
                  0.02    0.00    8.06 ^ u_dut.g_seg[1].u_bank.g_inv[77].u_inv._cell/A (sg13g2_inv_1)
     1    0.00    0.02    0.03    8.08 v u_dut.g_seg[1].u_bank.g_inv[77].u_inv._cell/Y (sg13g2_inv_1)
                                         u_dut.g_seg[1].u_bank.node[78] (net)
                  0.02    0.00    8.08 v u_dut.g_seg[1].u_bank.g_inv[78].u_inv._cell/A (sg13g2_inv_1)
     1    0.00    0.02    0.03    8.11 ^ u_dut.g_seg[1].u_bank.g_inv[78].u_inv._cell/Y (sg13g2_inv_1)
                                         u_dut.g_seg[1].u_bank.node[79] (net)
                  0.02    0.00    8.11 ^ u_dut.g_seg[1].u_bank.g_inv[79].u_inv._cell/A (sg13g2_inv_1)
     1    0.00    0.02    0.03    8.14 v u_dut.g_seg[1].u_bank.g_inv[79].u_inv._cell/Y (sg13g2_inv_1)
                                         u_dut.g_seg[1].u_bank.node[80] (net)
                  0.02    0.00    8.14 v u_dut.g_seg[1].u_bank.g_inv[80].u_inv._cell/A (sg13g2_inv_1)
     1    0.00    0.02    0.03    8.16 ^ u_dut.g_seg[1].u_bank.g_inv[80].u_inv._cell/Y (sg13g2_inv_1)
                                         u_dut.g_seg[1].u_bank.node[81] (net)
                  0.02    0.00    8.16 ^ u_dut.g_seg[1].u_bank.g_inv[81].u_inv._cell/A (sg13g2_inv_1)
     1    0.00    0.02    0.03    8.19 v u_dut.g_seg[1].u_bank.g_inv[81].u_inv._cell/Y (sg13g2_inv_1)
                                         u_dut.g_seg[1].u_bank.node[82] (net)
                  0.02    0.00    8.19 v u_dut.g_seg[1].u_bank.g_inv[82].u_inv._cell/A (sg13g2_inv_1)
     1    0.00    0.02    0.03    8.21 ^ u_dut.g_seg[1].u_bank.g_inv[82].u_inv._cell/Y (sg13g2_inv_1)
                                         u_dut.g_seg[1].u_bank.node[83] (net)
                  0.02    0.00    8.21 ^ u_dut.g_seg[1].u_bank.g_inv[83].u_inv._cell/A (sg13g2_inv_1)
     1    0.00    0.02    0.02    8.24 v u_dut.g_seg[1].u_bank.g_inv[83].u_inv._cell/Y (sg13g2_inv_1)
                                         u_dut.g_seg[1].u_bank.node[84] (net)
                  0.02    0.00    8.24 v u_dut.g_seg[1].u_bank.g_inv[84].u_inv._cell/A (sg13g2_inv_1)
     1    0.00    0.02    0.03    8.27 ^ u_dut.g_seg[1].u_bank.g_inv[84].u_inv._cell/Y (sg13g2_inv_1)
                                         u_dut.g_seg[1].u_bank.node[85] (net)
                  0.02    0.00    8.27 ^ u_dut.g_seg[1].u_bank.g_inv[85].u_inv._cell/A (sg13g2_inv_1)
     1    0.00    0.02    0.03    8.29 v u_dut.g_seg[1].u_bank.g_inv[85].u_inv._cell/Y (sg13g2_inv_1)
                                         u_dut.g_seg[1].u_bank.node[86] (net)
                  0.02    0.00    8.29 v u_dut.g_seg[1].u_bank.g_inv[86].u_inv._cell/A (sg13g2_inv_1)
     1    0.00    0.02    0.03    8.32 ^ u_dut.g_seg[1].u_bank.g_inv[86].u_inv._cell/Y (sg13g2_inv_1)
                                         u_dut.g_seg[1].u_bank.node[87] (net)
                  0.02    0.00    8.32 ^ u_dut.g_seg[1].u_bank.g_inv[87].u_inv._cell/A (sg13g2_inv_1)
     1    0.00    0.02    0.03    8.35 v u_dut.g_seg[1].u_bank.g_inv[87].u_inv._cell/Y (sg13g2_inv_1)
                                         u_dut.g_seg[1].u_bank.node[88] (net)
                  0.02    0.00    8.35 v u_dut.g_seg[1].u_bank.g_inv[88].u_inv._cell/A (sg13g2_inv_1)
     1    0.00    0.02    0.03    8.37 ^ u_dut.g_seg[1].u_bank.g_inv[88].u_inv._cell/Y (sg13g2_inv_1)
                                         u_dut.g_seg[1].u_bank.node[89] (net)
                  0.02    0.00    8.37 ^ u_dut.g_seg[1].u_bank.g_inv[89].u_inv._cell/A (sg13g2_inv_1)
     1    0.00    0.02    0.02    8.40 v u_dut.g_seg[1].u_bank.g_inv[89].u_inv._cell/Y (sg13g2_inv_1)
                                         u_dut.g_seg[1].u_bank.node[90] (net)
                  0.02    0.00    8.40 v u_dut.g_seg[1].u_bank.g_inv[90].u_inv._cell/A (sg13g2_inv_1)
     1    0.00    0.02    0.03    8.42 ^ u_dut.g_seg[1].u_bank.g_inv[90].u_inv._cell/Y (sg13g2_inv_1)
                                         u_dut.g_seg[1].u_bank.node[91] (net)
                  0.02    0.00    8.42 ^ u_dut.g_seg[1].u_bank.g_inv[91].u_inv._cell/A (sg13g2_inv_1)
     1    0.00    0.02    0.02    8.45 v u_dut.g_seg[1].u_bank.g_inv[91].u_inv._cell/Y (sg13g2_inv_1)
                                         u_dut.g_seg[1].u_bank.node[92] (net)
                  0.02    0.00    8.45 v u_dut.g_seg[1].u_bank.g_inv[92].u_inv._cell/A (sg13g2_inv_1)
     1    0.00    0.02    0.03    8.47 ^ u_dut.g_seg[1].u_bank.g_inv[92].u_inv._cell/Y (sg13g2_inv_1)
                                         u_dut.g_seg[1].u_bank.node[93] (net)
                  0.02    0.00    8.47 ^ u_dut.g_seg[1].u_bank.g_inv[93].u_inv._cell/A (sg13g2_inv_1)
     1    0.00    0.02    0.02    8.50 v u_dut.g_seg[1].u_bank.g_inv[93].u_inv._cell/Y (sg13g2_inv_1)
                                         u_dut.g_seg[1].u_bank.node[94] (net)
                  0.02    0.00    8.50 v u_dut.g_seg[1].u_bank.g_inv[94].u_inv._cell/A (sg13g2_inv_1)
     1    0.00    0.02    0.03    8.52 ^ u_dut.g_seg[1].u_bank.g_inv[94].u_inv._cell/Y (sg13g2_inv_1)
                                         u_dut.g_seg[1].u_bank.node[95] (net)
                  0.02    0.00    8.52 ^ u_dut.g_seg[1].u_bank.g_inv[95].u_inv._cell/A (sg13g2_inv_1)
     1    0.00    0.02    0.03    8.55 v u_dut.g_seg[1].u_bank.g_inv[95].u_inv._cell/Y (sg13g2_inv_1)
                                         u_dut.g_seg[1].u_bank.node[96] (net)
                  0.02    0.00    8.55 v u_dut.g_seg[1].u_bank.u_mux.u_m1/A1 (sg13g2_mux2_1)
     1    0.00    0.04    0.11    8.66 v u_dut.g_seg[1].u_bank.u_mux.u_m1/X (sg13g2_mux2_1)
                                         u_dut.g_seg[1].u_bank.u_mux.w1 (net)
                  0.04    0.00    8.66 v u_dut.g_seg[1].u_bank.u_mux.u_m2/A1 (sg13g2_mux2_1)
     2    0.02    0.08    0.16    8.81 v u_dut.g_seg[1].u_bank.u_mux.u_m2/X (sg13g2_mux2_1)
                                         u_dut.g_seg[1].bank_dout (net)
                  0.08    0.00    8.82 v u_dut.g_seg[2].g_fa[0].u_fa.u_a2/A (sg13g2_and2_1)
     1    0.01    0.04    0.10    8.92 v u_dut.g_seg[2].g_fa[0].u_fa.u_a2/X (sg13g2_and2_1)
                                         u_dut.g_seg[2].g_fa[0].u_fa.v (net)
                  0.04    0.00    8.92 v u_dut.g_seg[2].g_fa[0].u_fa.u_o1/B (sg13g2_or2_1)
     2    0.01    0.05    0.12    9.04 v u_dut.g_seg[2].g_fa[0].u_fa.u_o1/X (sg13g2_or2_1)
                                         u_dut.g_seg[2].g_fa[0].u_fa.co (net)
                  0.05    0.00    9.04 v u_dut.g_seg[2].g_fa[1].u_fa.u_a2/A (sg13g2_and2_1)
     1    0.00    0.02    0.08    9.11 v u_dut.g_seg[2].g_fa[1].u_fa.u_a2/X (sg13g2_and2_1)
                                         u_dut.g_seg[2].g_fa[1].u_fa.v (net)
                  0.02    0.00    9.11 v u_dut.g_seg[2].g_fa[1].u_fa.u_o1/B (sg13g2_or2_1)
     2    0.01    0.05    0.11    9.23 v u_dut.g_seg[2].g_fa[1].u_fa.u_o1/X (sg13g2_or2_1)
                                         u_dut.g_seg[2].g_fa[1].u_fa.co (net)
                  0.05    0.00    9.23 v u_dut.g_seg[2].g_fa[2].u_fa.u_a2/A (sg13g2_and2_1)
     1    0.00    0.02    0.07    9.30 v u_dut.g_seg[2].g_fa[2].u_fa.u_a2/X (sg13g2_and2_1)
                                         u_dut.g_seg[2].g_fa[2].u_fa.v (net)
                  0.02    0.00    9.30 v u_dut.g_seg[2].g_fa[2].u_fa.u_o1/B (sg13g2_or2_1)
     2    0.01    0.05    0.12    9.42 v u_dut.g_seg[2].g_fa[2].u_fa.u_o1/X (sg13g2_or2_1)
                                         u_dut.g_seg[2].g_fa[2].u_fa.co (net)
                  0.05    0.00    9.42 v u_dut.g_seg[2].g_fa[3].u_fa.u_a2/A (sg13g2_and2_1)
     1    0.00    0.02    0.08    9.50 v u_dut.g_seg[2].g_fa[3].u_fa.u_a2/X (sg13g2_and2_1)
                                         u_dut.g_seg[2].g_fa[3].u_fa.v (net)
                  0.02    0.00    9.50 v u_dut.g_seg[2].g_fa[3].u_fa.u_o1/B (sg13g2_or2_1)
     2    0.01    0.05    0.11    9.61 v u_dut.g_seg[2].g_fa[3].u_fa.u_o1/X (sg13g2_or2_1)
                                         u_dut.g_seg[2].u_bank.node[0] (net)
                  0.05    0.00    9.61 v u_dut.g_seg[2].u_bank.g_inv[0].u_inv._cell/A (sg13g2_inv_1)
     1    0.00    0.03    0.04    9.65 ^ u_dut.g_seg[2].u_bank.g_inv[0].u_inv._cell/Y (sg13g2_inv_1)
                                         u_dut.g_seg[2].u_bank.node[1] (net)
                  0.03    0.00    9.65 ^ u_dut.g_seg[2].u_bank.g_inv[1].u_inv._cell/A (sg13g2_inv_1)
     1    0.00    0.02    0.03    9.68 v u_dut.g_seg[2].u_bank.g_inv[1].u_inv._cell/Y (sg13g2_inv_1)
                                         u_dut.g_seg[2].u_bank.node[2] (net)
                  0.02    0.00    9.68 v u_dut.g_seg[2].u_bank.g_inv[2].u_inv._cell/A (sg13g2_inv_1)
     1    0.00    0.02    0.03    9.70 ^ u_dut.g_seg[2].u_bank.g_inv[2].u_inv._cell/Y (sg13g2_inv_1)
                                         u_dut.g_seg[2].u_bank.node[3] (net)
                  0.02    0.00    9.70 ^ u_dut.g_seg[2].u_bank.g_inv[3].u_inv._cell/A (sg13g2_inv_1)
     1    0.00    0.02    0.03    9.73 v u_dut.g_seg[2].u_bank.g_inv[3].u_inv._cell/Y (sg13g2_inv_1)
                                         u_dut.g_seg[2].u_bank.node[4] (net)
                  0.02    0.00    9.73 v u_dut.g_seg[2].u_bank.g_inv[4].u_inv._cell/A (sg13g2_inv_1)
     1    0.00    0.02    0.03    9.76 ^ u_dut.g_seg[2].u_bank.g_inv[4].u_inv._cell/Y (sg13g2_inv_1)
                                         u_dut.g_seg[2].u_bank.node[5] (net)
                  0.02    0.00    9.76 ^ u_dut.g_seg[2].u_bank.g_inv[5].u_inv._cell/A (sg13g2_inv_1)
     1    0.00    0.02    0.03    9.79 v u_dut.g_seg[2].u_bank.g_inv[5].u_inv._cell/Y (sg13g2_inv_1)
                                         u_dut.g_seg[2].u_bank.node[6] (net)
                  0.02    0.00    9.79 v u_dut.g_seg[2].u_bank.g_inv[6].u_inv._cell/A (sg13g2_inv_1)
     1    0.00    0.02    0.03    9.82 ^ u_dut.g_seg[2].u_bank.g_inv[6].u_inv._cell/Y (sg13g2_inv_1)
                                         u_dut.g_seg[2].u_bank.node[7] (net)
                  0.02    0.00    9.82 ^ u_dut.g_seg[2].u_bank.g_inv[7].u_inv._cell/A (sg13g2_inv_1)
     1    0.00    0.02    0.02    9.84 v u_dut.g_seg[2].u_bank.g_inv[7].u_inv._cell/Y (sg13g2_inv_1)
                                         u_dut.g_seg[2].u_bank.node[8] (net)
                  0.02    0.00    9.84 v u_dut.g_seg[2].u_bank.g_inv[8].u_inv._cell/A (sg13g2_inv_1)
     1    0.00    0.02    0.03    9.87 ^ u_dut.g_seg[2].u_bank.g_inv[8].u_inv._cell/Y (sg13g2_inv_1)
                                         u_dut.g_seg[2].u_bank.node[9] (net)
                  0.02    0.00    9.87 ^ u_dut.g_seg[2].u_bank.g_inv[9].u_inv._cell/A (sg13g2_inv_1)
     1    0.00    0.02    0.03    9.89 v u_dut.g_seg[2].u_bank.g_inv[9].u_inv._cell/Y (sg13g2_inv_1)
                                         u_dut.g_seg[2].u_bank.node[10] (net)
                  0.02    0.00    9.89 v u_dut.g_seg[2].u_bank.g_inv[10].u_inv._cell/A (sg13g2_inv_1)
     1    0.00    0.02    0.03    9.92 ^ u_dut.g_seg[2].u_bank.g_inv[10].u_inv._cell/Y (sg13g2_inv_1)
                                         u_dut.g_seg[2].u_bank.node[11] (net)
                  0.02    0.00    9.92 ^ u_dut.g_seg[2].u_bank.g_inv[11].u_inv._cell/A (sg13g2_inv_1)
     1    0.00    0.02    0.02    9.94 v u_dut.g_seg[2].u_bank.g_inv[11].u_inv._cell/Y (sg13g2_inv_1)
                                         u_dut.g_seg[2].u_bank.node[12] (net)
                  0.02    0.00    9.94 v u_dut.g_seg[2].u_bank.g_inv[12].u_inv._cell/A (sg13g2_inv_1)
     1    0.00    0.02    0.03    9.97 ^ u_dut.g_seg[2].u_bank.g_inv[12].u_inv._cell/Y (sg13g2_inv_1)
                                         u_dut.g_seg[2].u_bank.node[13] (net)
                  0.02    0.00    9.97 ^ u_dut.g_seg[2].u_bank.g_inv[13].u_inv._cell/A (sg13g2_inv_1)
     1    0.00    0.02    0.02    9.99 v u_dut.g_seg[2].u_bank.g_inv[13].u_inv._cell/Y (sg13g2_inv_1)
                                         u_dut.g_seg[2].u_bank.node[14] (net)
                  0.02    0.00    9.99 v u_dut.g_seg[2].u_bank.g_inv[14].u_inv._cell/A (sg13g2_inv_1)
     1    0.00    0.02    0.03   10.02 ^ u_dut.g_seg[2].u_bank.g_inv[14].u_inv._cell/Y (sg13g2_inv_1)
                                         u_dut.g_seg[2].u_bank.node[15] (net)
                  0.02    0.00   10.02 ^ u_dut.g_seg[2].u_bank.g_inv[15].u_inv._cell/A (sg13g2_inv_1)
     1    0.00    0.02    0.02   10.04 v u_dut.g_seg[2].u_bank.g_inv[15].u_inv._cell/Y (sg13g2_inv_1)
                                         u_dut.g_seg[2].u_bank.node[16] (net)
                  0.02    0.00   10.04 v u_dut.g_seg[2].u_bank.g_inv[16].u_inv._cell/A (sg13g2_inv_1)
     1    0.00    0.02    0.03   10.07 ^ u_dut.g_seg[2].u_bank.g_inv[16].u_inv._cell/Y (sg13g2_inv_1)
                                         u_dut.g_seg[2].u_bank.node[17] (net)
                  0.02    0.00   10.07 ^ u_dut.g_seg[2].u_bank.g_inv[17].u_inv._cell/A (sg13g2_inv_1)
     1    0.00    0.02    0.02   10.09 v u_dut.g_seg[2].u_bank.g_inv[17].u_inv._cell/Y (sg13g2_inv_1)
                                         u_dut.g_seg[2].u_bank.node[18] (net)
                  0.02    0.00   10.09 v u_dut.g_seg[2].u_bank.g_inv[18].u_inv._cell/A (sg13g2_inv_1)
     1    0.00    0.02    0.03   10.12 ^ u_dut.g_seg[2].u_bank.g_inv[18].u_inv._cell/Y (sg13g2_inv_1)
                                         u_dut.g_seg[2].u_bank.node[19] (net)
                  0.02    0.00   10.12 ^ u_dut.g_seg[2].u_bank.g_inv[19].u_inv._cell/A (sg13g2_inv_1)
     1    0.00    0.02    0.03   10.15 v u_dut.g_seg[2].u_bank.g_inv[19].u_inv._cell/Y (sg13g2_inv_1)
                                         u_dut.g_seg[2].u_bank.node[20] (net)
                  0.02    0.00   10.15 v u_dut.g_seg[2].u_bank.g_inv[20].u_inv._cell/A (sg13g2_inv_1)
     1    0.00    0.02    0.03   10.17 ^ u_dut.g_seg[2].u_bank.g_inv[20].u_inv._cell/Y (sg13g2_inv_1)
                                         u_dut.g_seg[2].u_bank.node[21] (net)
                  0.02    0.00   10.17 ^ u_dut.g_seg[2].u_bank.g_inv[21].u_inv._cell/A (sg13g2_inv_1)
     1    0.00    0.02    0.03   10.20 v u_dut.g_seg[2].u_bank.g_inv[21].u_inv._cell/Y (sg13g2_inv_1)
                                         u_dut.g_seg[2].u_bank.node[22] (net)
                  0.02    0.00   10.20 v u_dut.g_seg[2].u_bank.g_inv[22].u_inv._cell/A (sg13g2_inv_1)
     1    0.00    0.02    0.03   10.23 ^ u_dut.g_seg[2].u_bank.g_inv[22].u_inv._cell/Y (sg13g2_inv_1)
                                         u_dut.g_seg[2].u_bank.node[23] (net)
                  0.02    0.00   10.23 ^ u_dut.g_seg[2].u_bank.g_inv[23].u_inv._cell/A (sg13g2_inv_1)
     1    0.00    0.02    0.03   10.25 v u_dut.g_seg[2].u_bank.g_inv[23].u_inv._cell/Y (sg13g2_inv_1)
                                         u_dut.g_seg[2].u_bank.node[24] (net)
                  0.02    0.00   10.25 v u_dut.g_seg[2].u_bank.g_inv[24].u_inv._cell/A (sg13g2_inv_1)
     1    0.00    0.02    0.03   10.28 ^ u_dut.g_seg[2].u_bank.g_inv[24].u_inv._cell/Y (sg13g2_inv_1)
                                         u_dut.g_seg[2].u_bank.node[25] (net)
                  0.02    0.00   10.28 ^ u_dut.g_seg[2].u_bank.g_inv[25].u_inv._cell/A (sg13g2_inv_1)
     1    0.00    0.02    0.03   10.31 v u_dut.g_seg[2].u_bank.g_inv[25].u_inv._cell/Y (sg13g2_inv_1)
                                         u_dut.g_seg[2].u_bank.node[26] (net)
                  0.02    0.00   10.31 v u_dut.g_seg[2].u_bank.g_inv[26].u_inv._cell/A (sg13g2_inv_1)
     1    0.00    0.02    0.03   10.34 ^ u_dut.g_seg[2].u_bank.g_inv[26].u_inv._cell/Y (sg13g2_inv_1)
                                         u_dut.g_seg[2].u_bank.node[27] (net)
                  0.02    0.00   10.34 ^ u_dut.g_seg[2].u_bank.g_inv[27].u_inv._cell/A (sg13g2_inv_1)
     1    0.00    0.02    0.03   10.36 v u_dut.g_seg[2].u_bank.g_inv[27].u_inv._cell/Y (sg13g2_inv_1)
                                         u_dut.g_seg[2].u_bank.node[28] (net)
                  0.02    0.00   10.36 v u_dut.g_seg[2].u_bank.g_inv[28].u_inv._cell/A (sg13g2_inv_1)
     1    0.00    0.02    0.03   10.39 ^ u_dut.g_seg[2].u_bank.g_inv[28].u_inv._cell/Y (sg13g2_inv_1)
                                         u_dut.g_seg[2].u_bank.node[29] (net)
                  0.02    0.00   10.39 ^ u_dut.g_seg[2].u_bank.g_inv[29].u_inv._cell/A (sg13g2_inv_1)
     1    0.00    0.02    0.03   10.42 v u_dut.g_seg[2].u_bank.g_inv[29].u_inv._cell/Y (sg13g2_inv_1)
                                         u_dut.g_seg[2].u_bank.node[30] (net)
                  0.02    0.00   10.42 v u_dut.g_seg[2].u_bank.g_inv[30].u_inv._cell/A (sg13g2_inv_1)
     1    0.00    0.02    0.03   10.45 ^ u_dut.g_seg[2].u_bank.g_inv[30].u_inv._cell/Y (sg13g2_inv_1)
                                         u_dut.g_seg[2].u_bank.node[31] (net)
                  0.02    0.00   10.45 ^ u_dut.g_seg[2].u_bank.g_inv[31].u_inv._cell/A (sg13g2_inv_1)
     2    0.01    0.02    0.03   10.48 v u_dut.g_seg[2].u_bank.g_inv[31].u_inv._cell/Y (sg13g2_inv_1)
                                         u_dut.g_seg[2].u_bank.node[32] (net)
                  0.02    0.00   10.48 v u_dut.g_seg[2].u_bank.g_inv[32].u_inv._cell/A (sg13g2_inv_1)
     1    0.00    0.02    0.03   10.51 ^ u_dut.g_seg[2].u_bank.g_inv[32].u_inv._cell/Y (sg13g2_inv_1)
                                         u_dut.g_seg[2].u_bank.node[33] (net)
                  0.02    0.00   10.51 ^ u_dut.g_seg[2].u_bank.g_inv[33].u_inv._cell/A (sg13g2_inv_1)
     1    0.00    0.02    0.03   10.53 v u_dut.g_seg[2].u_bank.g_inv[33].u_inv._cell/Y (sg13g2_inv_1)
                                         u_dut.g_seg[2].u_bank.node[34] (net)
                  0.02    0.00   10.53 v u_dut.g_seg[2].u_bank.g_inv[34].u_inv._cell/A (sg13g2_inv_1)
     1    0.00    0.02    0.03   10.56 ^ u_dut.g_seg[2].u_bank.g_inv[34].u_inv._cell/Y (sg13g2_inv_1)
                                         u_dut.g_seg[2].u_bank.node[35] (net)
                  0.02    0.00   10.56 ^ u_dut.g_seg[2].u_bank.g_inv[35].u_inv._cell/A (sg13g2_inv_1)
     1    0.00    0.02    0.02   10.58 v u_dut.g_seg[2].u_bank.g_inv[35].u_inv._cell/Y (sg13g2_inv_1)
                                         u_dut.g_seg[2].u_bank.node[36] (net)
                  0.02    0.00   10.58 v u_dut.g_seg[2].u_bank.g_inv[36].u_inv._cell/A (sg13g2_inv_1)
     1    0.00    0.02    0.03   10.61 ^ u_dut.g_seg[2].u_bank.g_inv[36].u_inv._cell/Y (sg13g2_inv_1)
                                         u_dut.g_seg[2].u_bank.node[37] (net)
                  0.02    0.00   10.61 ^ u_dut.g_seg[2].u_bank.g_inv[37].u_inv._cell/A (sg13g2_inv_1)
     1    0.00    0.02    0.02   10.64 v u_dut.g_seg[2].u_bank.g_inv[37].u_inv._cell/Y (sg13g2_inv_1)
                                         u_dut.g_seg[2].u_bank.node[38] (net)
                  0.02    0.00   10.64 v u_dut.g_seg[2].u_bank.g_inv[38].u_inv._cell/A (sg13g2_inv_1)
     1    0.00    0.02    0.03   10.66 ^ u_dut.g_seg[2].u_bank.g_inv[38].u_inv._cell/Y (sg13g2_inv_1)
                                         u_dut.g_seg[2].u_bank.node[39] (net)
                  0.02    0.00   10.66 ^ u_dut.g_seg[2].u_bank.g_inv[39].u_inv._cell/A (sg13g2_inv_1)
     1    0.00    0.02    0.03   10.69 v u_dut.g_seg[2].u_bank.g_inv[39].u_inv._cell/Y (sg13g2_inv_1)
                                         u_dut.g_seg[2].u_bank.node[40] (net)
                  0.02    0.00   10.69 v u_dut.g_seg[2].u_bank.g_inv[40].u_inv._cell/A (sg13g2_inv_1)
     1    0.00    0.02    0.03   10.71 ^ u_dut.g_seg[2].u_bank.g_inv[40].u_inv._cell/Y (sg13g2_inv_1)
                                         u_dut.g_seg[2].u_bank.node[41] (net)
                  0.02    0.00   10.71 ^ u_dut.g_seg[2].u_bank.g_inv[41].u_inv._cell/A (sg13g2_inv_1)
     1    0.00    0.02    0.03   10.74 v u_dut.g_seg[2].u_bank.g_inv[41].u_inv._cell/Y (sg13g2_inv_1)
                                         u_dut.g_seg[2].u_bank.node[42] (net)
                  0.02    0.00   10.74 v u_dut.g_seg[2].u_bank.g_inv[42].u_inv._cell/A (sg13g2_inv_1)
     1    0.00    0.02    0.03   10.76 ^ u_dut.g_seg[2].u_bank.g_inv[42].u_inv._cell/Y (sg13g2_inv_1)
                                         u_dut.g_seg[2].u_bank.node[43] (net)
                  0.02    0.00   10.76 ^ u_dut.g_seg[2].u_bank.g_inv[43].u_inv._cell/A (sg13g2_inv_1)
     1    0.00    0.02    0.03   10.79 v u_dut.g_seg[2].u_bank.g_inv[43].u_inv._cell/Y (sg13g2_inv_1)
                                         u_dut.g_seg[2].u_bank.node[44] (net)
                  0.02    0.00   10.79 v u_dut.g_seg[2].u_bank.g_inv[44].u_inv._cell/A (sg13g2_inv_1)
     1    0.00    0.02    0.03   10.82 ^ u_dut.g_seg[2].u_bank.g_inv[44].u_inv._cell/Y (sg13g2_inv_1)
                                         u_dut.g_seg[2].u_bank.node[45] (net)
                  0.02    0.00   10.82 ^ u_dut.g_seg[2].u_bank.g_inv[45].u_inv._cell/A (sg13g2_inv_1)
     1    0.00    0.02    0.02   10.84 v u_dut.g_seg[2].u_bank.g_inv[45].u_inv._cell/Y (sg13g2_inv_1)
                                         u_dut.g_seg[2].u_bank.node[46] (net)
                  0.02    0.00   10.84 v u_dut.g_seg[2].u_bank.g_inv[46].u_inv._cell/A (sg13g2_inv_1)
     1    0.00    0.02    0.03   10.87 ^ u_dut.g_seg[2].u_bank.g_inv[46].u_inv._cell/Y (sg13g2_inv_1)
                                         u_dut.g_seg[2].u_bank.node[47] (net)
                  0.02    0.00   10.87 ^ u_dut.g_seg[2].u_bank.g_inv[47].u_inv._cell/A (sg13g2_inv_1)
     1    0.00    0.02    0.03   10.89 v u_dut.g_seg[2].u_bank.g_inv[47].u_inv._cell/Y (sg13g2_inv_1)
                                         u_dut.g_seg[2].u_bank.node[48] (net)
                  0.02    0.00   10.89 v u_dut.g_seg[2].u_bank.g_inv[48].u_inv._cell/A (sg13g2_inv_1)
     1    0.00    0.02    0.03   10.92 ^ u_dut.g_seg[2].u_bank.g_inv[48].u_inv._cell/Y (sg13g2_inv_1)
                                         u_dut.g_seg[2].u_bank.node[49] (net)
                  0.02    0.00   10.92 ^ u_dut.g_seg[2].u_bank.g_inv[49].u_inv._cell/A (sg13g2_inv_1)
     1    0.00    0.02    0.03   10.95 v u_dut.g_seg[2].u_bank.g_inv[49].u_inv._cell/Y (sg13g2_inv_1)
                                         u_dut.g_seg[2].u_bank.node[50] (net)
                  0.02    0.00   10.95 v u_dut.g_seg[2].u_bank.g_inv[50].u_inv._cell/A (sg13g2_inv_1)
     1    0.00    0.02    0.03   10.97 ^ u_dut.g_seg[2].u_bank.g_inv[50].u_inv._cell/Y (sg13g2_inv_1)
                                         u_dut.g_seg[2].u_bank.node[51] (net)
                  0.02    0.00   10.97 ^ u_dut.g_seg[2].u_bank.g_inv[51].u_inv._cell/A (sg13g2_inv_1)
     1    0.00    0.02    0.03   11.00 v u_dut.g_seg[2].u_bank.g_inv[51].u_inv._cell/Y (sg13g2_inv_1)
                                         u_dut.g_seg[2].u_bank.node[52] (net)
                  0.02    0.00   11.00 v u_dut.g_seg[2].u_bank.g_inv[52].u_inv._cell/A (sg13g2_inv_1)
     1    0.00    0.02    0.03   11.03 ^ u_dut.g_seg[2].u_bank.g_inv[52].u_inv._cell/Y (sg13g2_inv_1)
                                         u_dut.g_seg[2].u_bank.node[53] (net)
                  0.02    0.00   11.03 ^ u_dut.g_seg[2].u_bank.g_inv[53].u_inv._cell/A (sg13g2_inv_1)
     1    0.00    0.02    0.02   11.05 v u_dut.g_seg[2].u_bank.g_inv[53].u_inv._cell/Y (sg13g2_inv_1)
                                         u_dut.g_seg[2].u_bank.node[54] (net)
                  0.02    0.00   11.05 v u_dut.g_seg[2].u_bank.g_inv[54].u_inv._cell/A (sg13g2_inv_1)
     1    0.00    0.02    0.03   11.08 ^ u_dut.g_seg[2].u_bank.g_inv[54].u_inv._cell/Y (sg13g2_inv_1)
                                         u_dut.g_seg[2].u_bank.node[55] (net)
                  0.02    0.00   11.08 ^ u_dut.g_seg[2].u_bank.g_inv[55].u_inv._cell/A (sg13g2_inv_1)
     1    0.00    0.02    0.03   11.10 v u_dut.g_seg[2].u_bank.g_inv[55].u_inv._cell/Y (sg13g2_inv_1)
                                         u_dut.g_seg[2].u_bank.node[56] (net)
                  0.02    0.00   11.10 v u_dut.g_seg[2].u_bank.g_inv[56].u_inv._cell/A (sg13g2_inv_1)
     1    0.00    0.02    0.03   11.13 ^ u_dut.g_seg[2].u_bank.g_inv[56].u_inv._cell/Y (sg13g2_inv_1)
                                         u_dut.g_seg[2].u_bank.node[57] (net)
                  0.02    0.00   11.13 ^ u_dut.g_seg[2].u_bank.g_inv[57].u_inv._cell/A (sg13g2_inv_1)
     1    0.00    0.02    0.02   11.16 v u_dut.g_seg[2].u_bank.g_inv[57].u_inv._cell/Y (sg13g2_inv_1)
                                         u_dut.g_seg[2].u_bank.node[58] (net)
                  0.02    0.00   11.16 v u_dut.g_seg[2].u_bank.g_inv[58].u_inv._cell/A (sg13g2_inv_1)
     1    0.00    0.02    0.03   11.18 ^ u_dut.g_seg[2].u_bank.g_inv[58].u_inv._cell/Y (sg13g2_inv_1)
                                         u_dut.g_seg[2].u_bank.node[59] (net)
                  0.02    0.00   11.18 ^ u_dut.g_seg[2].u_bank.g_inv[59].u_inv._cell/A (sg13g2_inv_1)
     1    0.00    0.02    0.03   11.21 v u_dut.g_seg[2].u_bank.g_inv[59].u_inv._cell/Y (sg13g2_inv_1)
                                         u_dut.g_seg[2].u_bank.node[60] (net)
                  0.02    0.00   11.21 v u_dut.g_seg[2].u_bank.g_inv[60].u_inv._cell/A (sg13g2_inv_1)
     1    0.00    0.02    0.03   11.23 ^ u_dut.g_seg[2].u_bank.g_inv[60].u_inv._cell/Y (sg13g2_inv_1)
                                         u_dut.g_seg[2].u_bank.node[61] (net)
                  0.02    0.00   11.23 ^ u_dut.g_seg[2].u_bank.g_inv[61].u_inv._cell/A (sg13g2_inv_1)
     1    0.00    0.02    0.03   11.26 v u_dut.g_seg[2].u_bank.g_inv[61].u_inv._cell/Y (sg13g2_inv_1)
                                         u_dut.g_seg[2].u_bank.node[62] (net)
                  0.02    0.00   11.26 v u_dut.g_seg[2].u_bank.g_inv[62].u_inv._cell/A (sg13g2_inv_1)
     1    0.00    0.02    0.03   11.29 ^ u_dut.g_seg[2].u_bank.g_inv[62].u_inv._cell/Y (sg13g2_inv_1)
                                         u_dut.g_seg[2].u_bank.node[63] (net)
                  0.02    0.00   11.29 ^ u_dut.g_seg[2].u_bank.g_inv[63].u_inv._cell/A (sg13g2_inv_1)
     2    0.01    0.03    0.03   11.32 v u_dut.g_seg[2].u_bank.g_inv[63].u_inv._cell/Y (sg13g2_inv_1)
                                         u_dut.g_seg[2].u_bank.node[64] (net)
                  0.03    0.00   11.32 v u_dut.g_seg[2].u_bank.g_inv[64].u_inv._cell/A (sg13g2_inv_1)
     1    0.00    0.02    0.03   11.35 ^ u_dut.g_seg[2].u_bank.g_inv[64].u_inv._cell/Y (sg13g2_inv_1)
                                         u_dut.g_seg[2].u_bank.node[65] (net)
                  0.02    0.00   11.35 ^ u_dut.g_seg[2].u_bank.g_inv[65].u_inv._cell/A (sg13g2_inv_1)
     1    0.00    0.02    0.03   11.38 v u_dut.g_seg[2].u_bank.g_inv[65].u_inv._cell/Y (sg13g2_inv_1)
                                         u_dut.g_seg[2].u_bank.node[66] (net)
                  0.02    0.00   11.38 v u_dut.g_seg[2].u_bank.g_inv[66].u_inv._cell/A (sg13g2_inv_1)
     1    0.00    0.02    0.03   11.41 ^ u_dut.g_seg[2].u_bank.g_inv[66].u_inv._cell/Y (sg13g2_inv_1)
                                         u_dut.g_seg[2].u_bank.node[67] (net)
                  0.02    0.00   11.41 ^ u_dut.g_seg[2].u_bank.g_inv[67].u_inv._cell/A (sg13g2_inv_1)
     1    0.00    0.02    0.03   11.43 v u_dut.g_seg[2].u_bank.g_inv[67].u_inv._cell/Y (sg13g2_inv_1)
                                         u_dut.g_seg[2].u_bank.node[68] (net)
                  0.02    0.00   11.43 v u_dut.g_seg[2].u_bank.g_inv[68].u_inv._cell/A (sg13g2_inv_1)
     1    0.00    0.02    0.03   11.46 ^ u_dut.g_seg[2].u_bank.g_inv[68].u_inv._cell/Y (sg13g2_inv_1)
                                         u_dut.g_seg[2].u_bank.node[69] (net)
                  0.02    0.00   11.46 ^ u_dut.g_seg[2].u_bank.g_inv[69].u_inv._cell/A (sg13g2_inv_1)
     1    0.00    0.02    0.02   11.48 v u_dut.g_seg[2].u_bank.g_inv[69].u_inv._cell/Y (sg13g2_inv_1)
                                         u_dut.g_seg[2].u_bank.node[70] (net)
                  0.02    0.00   11.48 v u_dut.g_seg[2].u_bank.g_inv[70].u_inv._cell/A (sg13g2_inv_1)
     1    0.00    0.02    0.03   11.51 ^ u_dut.g_seg[2].u_bank.g_inv[70].u_inv._cell/Y (sg13g2_inv_1)
                                         u_dut.g_seg[2].u_bank.node[71] (net)
                  0.02    0.00   11.51 ^ u_dut.g_seg[2].u_bank.g_inv[71].u_inv._cell/A (sg13g2_inv_1)
     1    0.00    0.02    0.02   11.53 v u_dut.g_seg[2].u_bank.g_inv[71].u_inv._cell/Y (sg13g2_inv_1)
                                         u_dut.g_seg[2].u_bank.node[72] (net)
                  0.02    0.00   11.53 v u_dut.g_seg[2].u_bank.g_inv[72].u_inv._cell/A (sg13g2_inv_1)
     1    0.00    0.02    0.03   11.56 ^ u_dut.g_seg[2].u_bank.g_inv[72].u_inv._cell/Y (sg13g2_inv_1)
                                         u_dut.g_seg[2].u_bank.node[73] (net)
                  0.02    0.00   11.56 ^ u_dut.g_seg[2].u_bank.g_inv[73].u_inv._cell/A (sg13g2_inv_1)
     1    0.00    0.02    0.03   11.59 v u_dut.g_seg[2].u_bank.g_inv[73].u_inv._cell/Y (sg13g2_inv_1)
                                         u_dut.g_seg[2].u_bank.node[74] (net)
                  0.02    0.00   11.59 v u_dut.g_seg[2].u_bank.g_inv[74].u_inv._cell/A (sg13g2_inv_1)
     1    0.00    0.02    0.03   11.62 ^ u_dut.g_seg[2].u_bank.g_inv[74].u_inv._cell/Y (sg13g2_inv_1)
                                         u_dut.g_seg[2].u_bank.node[75] (net)
                  0.02    0.00   11.62 ^ u_dut.g_seg[2].u_bank.g_inv[75].u_inv._cell/A (sg13g2_inv_1)
     1    0.00    0.02    0.03   11.64 v u_dut.g_seg[2].u_bank.g_inv[75].u_inv._cell/Y (sg13g2_inv_1)
                                         u_dut.g_seg[2].u_bank.node[76] (net)
                  0.02    0.00   11.64 v u_dut.g_seg[2].u_bank.g_inv[76].u_inv._cell/A (sg13g2_inv_1)
     1    0.00    0.02    0.03   11.67 ^ u_dut.g_seg[2].u_bank.g_inv[76].u_inv._cell/Y (sg13g2_inv_1)
                                         u_dut.g_seg[2].u_bank.node[77] (net)
                  0.02    0.00   11.67 ^ u_dut.g_seg[2].u_bank.g_inv[77].u_inv._cell/A (sg13g2_inv_1)
     1    0.00    0.02    0.03   11.70 v u_dut.g_seg[2].u_bank.g_inv[77].u_inv._cell/Y (sg13g2_inv_1)
                                         u_dut.g_seg[2].u_bank.node[78] (net)
                  0.02    0.00   11.70 v u_dut.g_seg[2].u_bank.g_inv[78].u_inv._cell/A (sg13g2_inv_1)
     1    0.00    0.02    0.03   11.72 ^ u_dut.g_seg[2].u_bank.g_inv[78].u_inv._cell/Y (sg13g2_inv_1)
                                         u_dut.g_seg[2].u_bank.node[79] (net)
                  0.02    0.00   11.72 ^ u_dut.g_seg[2].u_bank.g_inv[79].u_inv._cell/A (sg13g2_inv_1)
     1    0.00    0.02    0.03   11.75 v u_dut.g_seg[2].u_bank.g_inv[79].u_inv._cell/Y (sg13g2_inv_1)
                                         u_dut.g_seg[2].u_bank.node[80] (net)
                  0.02    0.00   11.75 v u_dut.g_seg[2].u_bank.g_inv[80].u_inv._cell/A (sg13g2_inv_1)
     1    0.00    0.02    0.03   11.78 ^ u_dut.g_seg[2].u_bank.g_inv[80].u_inv._cell/Y (sg13g2_inv_1)
                                         u_dut.g_seg[2].u_bank.node[81] (net)
                  0.02    0.00   11.78 ^ u_dut.g_seg[2].u_bank.g_inv[81].u_inv._cell/A (sg13g2_inv_1)
     1    0.00    0.02    0.03   11.81 v u_dut.g_seg[2].u_bank.g_inv[81].u_inv._cell/Y (sg13g2_inv_1)
                                         u_dut.g_seg[2].u_bank.node[82] (net)
                  0.02    0.00   11.81 v u_dut.g_seg[2].u_bank.g_inv[82].u_inv._cell/A (sg13g2_inv_1)
     1    0.00    0.02    0.03   11.83 ^ u_dut.g_seg[2].u_bank.g_inv[82].u_inv._cell/Y (sg13g2_inv_1)
                                         u_dut.g_seg[2].u_bank.node[83] (net)
                  0.02    0.00   11.83 ^ u_dut.g_seg[2].u_bank.g_inv[83].u_inv._cell/A (sg13g2_inv_1)
     1    0.00    0.02    0.03   11.86 v u_dut.g_seg[2].u_bank.g_inv[83].u_inv._cell/Y (sg13g2_inv_1)
                                         u_dut.g_seg[2].u_bank.node[84] (net)
                  0.02    0.00   11.86 v u_dut.g_seg[2].u_bank.g_inv[84].u_inv._cell/A (sg13g2_inv_1)
     1    0.00    0.02    0.03   11.88 ^ u_dut.g_seg[2].u_bank.g_inv[84].u_inv._cell/Y (sg13g2_inv_1)
                                         u_dut.g_seg[2].u_bank.node[85] (net)
                  0.02    0.00   11.88 ^ u_dut.g_seg[2].u_bank.g_inv[85].u_inv._cell/A (sg13g2_inv_1)
     1    0.00    0.02    0.02   11.91 v u_dut.g_seg[2].u_bank.g_inv[85].u_inv._cell/Y (sg13g2_inv_1)
                                         u_dut.g_seg[2].u_bank.node[86] (net)
                  0.02    0.00   11.91 v u_dut.g_seg[2].u_bank.g_inv[86].u_inv._cell/A (sg13g2_inv_1)
     1    0.00    0.02    0.03   11.93 ^ u_dut.g_seg[2].u_bank.g_inv[86].u_inv._cell/Y (sg13g2_inv_1)
                                         u_dut.g_seg[2].u_bank.node[87] (net)
                  0.02    0.00   11.93 ^ u_dut.g_seg[2].u_bank.g_inv[87].u_inv._cell/A (sg13g2_inv_1)
     1    0.00    0.02    0.02   11.96 v u_dut.g_seg[2].u_bank.g_inv[87].u_inv._cell/Y (sg13g2_inv_1)
                                         u_dut.g_seg[2].u_bank.node[88] (net)
                  0.02    0.00   11.96 v u_dut.g_seg[2].u_bank.g_inv[88].u_inv._cell/A (sg13g2_inv_1)
     1    0.00    0.02    0.03   11.98 ^ u_dut.g_seg[2].u_bank.g_inv[88].u_inv._cell/Y (sg13g2_inv_1)
                                         u_dut.g_seg[2].u_bank.node[89] (net)
                  0.02    0.00   11.98 ^ u_dut.g_seg[2].u_bank.g_inv[89].u_inv._cell/A (sg13g2_inv_1)
     1    0.00    0.02    0.02   12.01 v u_dut.g_seg[2].u_bank.g_inv[89].u_inv._cell/Y (sg13g2_inv_1)
                                         u_dut.g_seg[2].u_bank.node[90] (net)
                  0.02    0.00   12.01 v u_dut.g_seg[2].u_bank.g_inv[90].u_inv._cell/A (sg13g2_inv_1)
     1    0.00    0.02    0.03   12.03 ^ u_dut.g_seg[2].u_bank.g_inv[90].u_inv._cell/Y (sg13g2_inv_1)
                                         u_dut.g_seg[2].u_bank.node[91] (net)
                  0.02    0.00   12.03 ^ u_dut.g_seg[2].u_bank.g_inv[91].u_inv._cell/A (sg13g2_inv_1)
     1    0.00    0.02    0.03   12.06 v u_dut.g_seg[2].u_bank.g_inv[91].u_inv._cell/Y (sg13g2_inv_1)
                                         u_dut.g_seg[2].u_bank.node[92] (net)
                  0.02    0.00   12.06 v u_dut.g_seg[2].u_bank.g_inv[92].u_inv._cell/A (sg13g2_inv_1)
     1    0.00    0.02    0.03   12.09 ^ u_dut.g_seg[2].u_bank.g_inv[92].u_inv._cell/Y (sg13g2_inv_1)
                                         u_dut.g_seg[2].u_bank.node[93] (net)
                  0.02    0.00   12.09 ^ u_dut.g_seg[2].u_bank.g_inv[93].u_inv._cell/A (sg13g2_inv_1)
     1    0.00    0.02    0.03   12.11 v u_dut.g_seg[2].u_bank.g_inv[93].u_inv._cell/Y (sg13g2_inv_1)
                                         u_dut.g_seg[2].u_bank.node[94] (net)
                  0.02    0.00   12.11 v u_dut.g_seg[2].u_bank.g_inv[94].u_inv._cell/A (sg13g2_inv_1)
     1    0.00    0.02    0.03   12.14 ^ u_dut.g_seg[2].u_bank.g_inv[94].u_inv._cell/Y (sg13g2_inv_1)
                                         u_dut.g_seg[2].u_bank.node[95] (net)
                  0.02    0.00   12.14 ^ u_dut.g_seg[2].u_bank.g_inv[95].u_inv._cell/A (sg13g2_inv_1)
     1    0.00    0.02    0.03   12.17 v u_dut.g_seg[2].u_bank.g_inv[95].u_inv._cell/Y (sg13g2_inv_1)
                                         u_dut.g_seg[2].u_bank.node[96] (net)
                  0.02    0.00   12.17 v u_dut.g_seg[2].u_bank.u_mux.u_m1/A1 (sg13g2_mux2_1)
     1    0.00    0.04    0.11   12.28 v u_dut.g_seg[2].u_bank.u_mux.u_m1/X (sg13g2_mux2_1)
                                         u_dut.g_seg[2].u_bank.u_mux.w1 (net)
                  0.04    0.00   12.28 v u_dut.g_seg[2].u_bank.u_mux.u_m2/A1 (sg13g2_mux2_1)
     2    0.01    0.06    0.14   12.42 v u_dut.g_seg[2].u_bank.u_mux.u_m2/X (sg13g2_mux2_1)
                                         u_dut.g_seg[2].bank_dout (net)
                  0.06    0.00   12.42 v u_dut.g_seg[3].g_fa[0].u_fa.u_a2/A (sg13g2_and2_1)
     1    0.00    0.02    0.08   12.50 v u_dut.g_seg[3].g_fa[0].u_fa.u_a2/X (sg13g2_and2_1)
                                         u_dut.g_seg[3].g_fa[0].u_fa.v (net)
                  0.02    0.00   12.50 v u_dut.g_seg[3].g_fa[0].u_fa.u_o1/B (sg13g2_or2_1)
     2    0.01    0.04    0.11   12.61 v u_dut.g_seg[3].g_fa[0].u_fa.u_o1/X (sg13g2_or2_1)
                                         u_dut.g_seg[3].g_fa[0].u_fa.co (net)
                  0.04    0.00   12.61 v u_dut.g_seg[3].g_fa[1].u_fa.u_a2/A (sg13g2_and2_1)
     1    0.00    0.02    0.07   12.68 v u_dut.g_seg[3].g_fa[1].u_fa.u_a2/X (sg13g2_and2_1)
                                         u_dut.g_seg[3].g_fa[1].u_fa.v (net)
                  0.02    0.00   12.68 v u_dut.g_seg[3].g_fa[1].u_fa.u_o1/B (sg13g2_or2_1)
     2    0.01    0.04    0.11   12.79 v u_dut.g_seg[3].g_fa[1].u_fa.u_o1/X (sg13g2_or2_1)
                                         u_dut.g_seg[3].g_fa[1].u_fa.co (net)
                  0.04    0.00   12.79 v u_dut.g_seg[3].g_fa[2].u_fa.u_a2/A (sg13g2_and2_1)
     1    0.00    0.02    0.07   12.86 v u_dut.g_seg[3].g_fa[2].u_fa.u_a2/X (sg13g2_and2_1)
                                         u_dut.g_seg[3].g_fa[2].u_fa.v (net)
                  0.02    0.00   12.86 v u_dut.g_seg[3].g_fa[2].u_fa.u_o1/B (sg13g2_or2_1)
     2    0.01    0.05    0.11   12.98 v u_dut.g_seg[3].g_fa[2].u_fa.u_o1/X (sg13g2_or2_1)
                                         u_dut.g_seg[3].g_fa[2].u_fa.co (net)
                  0.05    0.00   12.98 v u_dut.g_seg[3].g_fa[3].u_fa.u_a2/A (sg13g2_and2_1)
     1    0.00    0.02    0.07   13.05 v u_dut.g_seg[3].g_fa[3].u_fa.u_a2/X (sg13g2_and2_1)
                                         u_dut.g_seg[3].g_fa[3].u_fa.v (net)
                  0.02    0.00   13.05 v u_dut.g_seg[3].g_fa[3].u_fa.u_o1/B (sg13g2_or2_1)
     2    0.01    0.04    0.10   13.15 v u_dut.g_seg[3].g_fa[3].u_fa.u_o1/X (sg13g2_or2_1)
                                         u_dut.g_seg[3].u_bank.node[0] (net)
                  0.04    0.00   13.15 v u_dut.g_seg[3].u_bank.g_inv[0].u_inv._cell/A (sg13g2_inv_1)
     1    0.00    0.03    0.03   13.19 ^ u_dut.g_seg[3].u_bank.g_inv[0].u_inv._cell/Y (sg13g2_inv_1)
                                         u_dut.g_seg[3].u_bank.node[1] (net)
                  0.03    0.00   13.19 ^ u_dut.g_seg[3].u_bank.g_inv[1].u_inv._cell/A (sg13g2_inv_1)
     1    0.00    0.02    0.03   13.21 v u_dut.g_seg[3].u_bank.g_inv[1].u_inv._cell/Y (sg13g2_inv_1)
                                         u_dut.g_seg[3].u_bank.node[2] (net)
                  0.02    0.00   13.21 v u_dut.g_seg[3].u_bank.g_inv[2].u_inv._cell/A (sg13g2_inv_1)
     1    0.00    0.02    0.03   13.24 ^ u_dut.g_seg[3].u_bank.g_inv[2].u_inv._cell/Y (sg13g2_inv_1)
                                         u_dut.g_seg[3].u_bank.node[3] (net)
                  0.02    0.00   13.24 ^ u_dut.g_seg[3].u_bank.g_inv[3].u_inv._cell/A (sg13g2_inv_1)
     1    0.00    0.02    0.02   13.26 v u_dut.g_seg[3].u_bank.g_inv[3].u_inv._cell/Y (sg13g2_inv_1)
                                         u_dut.g_seg[3].u_bank.node[4] (net)
                  0.02    0.00   13.26 v u_dut.g_seg[3].u_bank.g_inv[4].u_inv._cell/A (sg13g2_inv_1)
     1    0.00    0.02    0.03   13.29 ^ u_dut.g_seg[3].u_bank.g_inv[4].u_inv._cell/Y (sg13g2_inv_1)
                                         u_dut.g_seg[3].u_bank.node[5] (net)
                  0.02    0.00   13.29 ^ u_dut.g_seg[3].u_bank.g_inv[5].u_inv._cell/A (sg13g2_inv_1)
     1    0.00    0.02    0.03   13.32 v u_dut.g_seg[3].u_bank.g_inv[5].u_inv._cell/Y (sg13g2_inv_1)
                                         u_dut.g_seg[3].u_bank.node[6] (net)
                  0.02    0.00   13.32 v u_dut.g_seg[3].u_bank.g_inv[6].u_inv._cell/A (sg13g2_inv_1)
     1    0.00    0.02    0.03   13.34 ^ u_dut.g_seg[3].u_bank.g_inv[6].u_inv._cell/Y (sg13g2_inv_1)
                                         u_dut.g_seg[3].u_bank.node[7] (net)
                  0.02    0.00   13.34 ^ u_dut.g_seg[3].u_bank.g_inv[7].u_inv._cell/A (sg13g2_inv_1)
     1    0.00    0.02    0.02   13.37 v u_dut.g_seg[3].u_bank.g_inv[7].u_inv._cell/Y (sg13g2_inv_1)
                                         u_dut.g_seg[3].u_bank.node[8] (net)
                  0.02    0.00   13.37 v u_dut.g_seg[3].u_bank.g_inv[8].u_inv._cell/A (sg13g2_inv_1)
     1    0.00    0.02    0.03   13.39 ^ u_dut.g_seg[3].u_bank.g_inv[8].u_inv._cell/Y (sg13g2_inv_1)
                                         u_dut.g_seg[3].u_bank.node[9] (net)
                  0.02    0.00   13.39 ^ u_dut.g_seg[3].u_bank.g_inv[9].u_inv._cell/A (sg13g2_inv_1)
     1    0.00    0.02    0.02   13.42 v u_dut.g_seg[3].u_bank.g_inv[9].u_inv._cell/Y (sg13g2_inv_1)
                                         u_dut.g_seg[3].u_bank.node[10] (net)
                  0.02    0.00   13.42 v u_dut.g_seg[3].u_bank.g_inv[10].u_inv._cell/A (sg13g2_inv_1)
     1    0.00    0.02    0.03   13.44 ^ u_dut.g_seg[3].u_bank.g_inv[10].u_inv._cell/Y (sg13g2_inv_1)
                                         u_dut.g_seg[3].u_bank.node[11] (net)
                  0.02    0.00   13.44 ^ u_dut.g_seg[3].u_bank.g_inv[11].u_inv._cell/A (sg13g2_inv_1)
     1    0.00    0.02    0.03   13.47 v u_dut.g_seg[3].u_bank.g_inv[11].u_inv._cell/Y (sg13g2_inv_1)
                                         u_dut.g_seg[3].u_bank.node[12] (net)
                  0.02    0.00   13.47 v u_dut.g_seg[3].u_bank.g_inv[12].u_inv._cell/A (sg13g2_inv_1)
     1    0.00    0.02    0.03   13.50 ^ u_dut.g_seg[3].u_bank.g_inv[12].u_inv._cell/Y (sg13g2_inv_1)
                                         u_dut.g_seg[3].u_bank.node[13] (net)
                  0.02    0.00   13.50 ^ u_dut.g_seg[3].u_bank.g_inv[13].u_inv._cell/A (sg13g2_inv_1)
     1    0.00    0.02    0.03   13.52 v u_dut.g_seg[3].u_bank.g_inv[13].u_inv._cell/Y (sg13g2_inv_1)
                                         u_dut.g_seg[3].u_bank.node[14] (net)
                  0.02    0.00   13.52 v u_dut.g_seg[3].u_bank.g_inv[14].u_inv._cell/A (sg13g2_inv_1)
     1    0.00    0.02    0.03   13.55 ^ u_dut.g_seg[3].u_bank.g_inv[14].u_inv._cell/Y (sg13g2_inv_1)
                                         u_dut.g_seg[3].u_bank.node[15] (net)
                  0.02    0.00   13.55 ^ u_dut.g_seg[3].u_bank.g_inv[15].u_inv._cell/A (sg13g2_inv_1)
     1    0.00    0.02    0.03   13.57 v u_dut.g_seg[3].u_bank.g_inv[15].u_inv._cell/Y (sg13g2_inv_1)
                                         u_dut.g_seg[3].u_bank.node[16] (net)
                  0.02    0.00   13.57 v u_dut.g_seg[3].u_bank.g_inv[16].u_inv._cell/A (sg13g2_inv_1)
     1    0.00    0.02    0.03   13.60 ^ u_dut.g_seg[3].u_bank.g_inv[16].u_inv._cell/Y (sg13g2_inv_1)
                                         u_dut.g_seg[3].u_bank.node[17] (net)
                  0.02    0.00   13.60 ^ u_dut.g_seg[3].u_bank.g_inv[17].u_inv._cell/A (sg13g2_inv_1)
     1    0.00    0.02    0.03   13.63 v u_dut.g_seg[3].u_bank.g_inv[17].u_inv._cell/Y (sg13g2_inv_1)
                                         u_dut.g_seg[3].u_bank.node[18] (net)
                  0.02    0.00   13.63 v u_dut.g_seg[3].u_bank.g_inv[18].u_inv._cell/A (sg13g2_inv_1)
     1    0.00    0.02    0.03   13.65 ^ u_dut.g_seg[3].u_bank.g_inv[18].u_inv._cell/Y (sg13g2_inv_1)
                                         u_dut.g_seg[3].u_bank.node[19] (net)
                  0.02    0.00   13.65 ^ u_dut.g_seg[3].u_bank.g_inv[19].u_inv._cell/A (sg13g2_inv_1)
     1    0.00    0.02    0.03   13.68 v u_dut.g_seg[3].u_bank.g_inv[19].u_inv._cell/Y (sg13g2_inv_1)
                                         u_dut.g_seg[3].u_bank.node[20] (net)
                  0.02    0.00   13.68 v u_dut.g_seg[3].u_bank.g_inv[20].u_inv._cell/A (sg13g2_inv_1)
     1    0.00    0.02    0.03   13.70 ^ u_dut.g_seg[3].u_bank.g_inv[20].u_inv._cell/Y (sg13g2_inv_1)
                                         u_dut.g_seg[3].u_bank.node[21] (net)
                  0.02    0.00   13.70 ^ u_dut.g_seg[3].u_bank.g_inv[21].u_inv._cell/A (sg13g2_inv_1)
     1    0.00    0.02    0.03   13.73 v u_dut.g_seg[3].u_bank.g_inv[21].u_inv._cell/Y (sg13g2_inv_1)
                                         u_dut.g_seg[3].u_bank.node[22] (net)
                  0.02    0.00   13.73 v u_dut.g_seg[3].u_bank.g_inv[22].u_inv._cell/A (sg13g2_inv_1)
     1    0.00    0.02    0.03   13.76 ^ u_dut.g_seg[3].u_bank.g_inv[22].u_inv._cell/Y (sg13g2_inv_1)
                                         u_dut.g_seg[3].u_bank.node[23] (net)
                  0.02    0.00   13.76 ^ u_dut.g_seg[3].u_bank.g_inv[23].u_inv._cell/A (sg13g2_inv_1)
     1    0.00    0.02    0.03   13.78 v u_dut.g_seg[3].u_bank.g_inv[23].u_inv._cell/Y (sg13g2_inv_1)
                                         u_dut.g_seg[3].u_bank.node[24] (net)
                  0.02    0.00   13.78 v u_dut.g_seg[3].u_bank.g_inv[24].u_inv._cell/A (sg13g2_inv_1)
     1    0.00    0.02    0.03   13.81 ^ u_dut.g_seg[3].u_bank.g_inv[24].u_inv._cell/Y (sg13g2_inv_1)
                                         u_dut.g_seg[3].u_bank.node[25] (net)
                  0.02    0.00   13.81 ^ u_dut.g_seg[3].u_bank.g_inv[25].u_inv._cell/A (sg13g2_inv_1)
     1    0.00    0.02    0.03   13.83 v u_dut.g_seg[3].u_bank.g_inv[25].u_inv._cell/Y (sg13g2_inv_1)
                                         u_dut.g_seg[3].u_bank.node[26] (net)
                  0.02    0.00   13.83 v u_dut.g_seg[3].u_bank.g_inv[26].u_inv._cell/A (sg13g2_inv_1)
     1    0.00    0.02    0.03   13.86 ^ u_dut.g_seg[3].u_bank.g_inv[26].u_inv._cell/Y (sg13g2_inv_1)
                                         u_dut.g_seg[3].u_bank.node[27] (net)
                  0.02    0.00   13.86 ^ u_dut.g_seg[3].u_bank.g_inv[27].u_inv._cell/A (sg13g2_inv_1)
     1    0.00    0.02    0.02   13.88 v u_dut.g_seg[3].u_bank.g_inv[27].u_inv._cell/Y (sg13g2_inv_1)
                                         u_dut.g_seg[3].u_bank.node[28] (net)
                  0.02    0.00   13.88 v u_dut.g_seg[3].u_bank.g_inv[28].u_inv._cell/A (sg13g2_inv_1)
     1    0.00    0.02    0.03   13.91 ^ u_dut.g_seg[3].u_bank.g_inv[28].u_inv._cell/Y (sg13g2_inv_1)
                                         u_dut.g_seg[3].u_bank.node[29] (net)
                  0.02    0.00   13.91 ^ u_dut.g_seg[3].u_bank.g_inv[29].u_inv._cell/A (sg13g2_inv_1)
     1    0.00    0.02    0.03   13.94 v u_dut.g_seg[3].u_bank.g_inv[29].u_inv._cell/Y (sg13g2_inv_1)
                                         u_dut.g_seg[3].u_bank.node[30] (net)
                  0.02    0.00   13.94 v u_dut.g_seg[3].u_bank.g_inv[30].u_inv._cell/A (sg13g2_inv_1)
     1    0.00    0.02    0.03   13.97 ^ u_dut.g_seg[3].u_bank.g_inv[30].u_inv._cell/Y (sg13g2_inv_1)
                                         u_dut.g_seg[3].u_bank.node[31] (net)
                  0.02    0.00   13.97 ^ u_dut.g_seg[3].u_bank.g_inv[31].u_inv._cell/A (sg13g2_inv_1)
     2    0.01    0.03    0.03   14.00 v u_dut.g_seg[3].u_bank.g_inv[31].u_inv._cell/Y (sg13g2_inv_1)
                                         u_dut.g_seg[3].u_bank.node[32] (net)
                  0.03    0.00   14.00 v u_dut.g_seg[3].u_bank.g_inv[32].u_inv._cell/A (sg13g2_inv_1)
     1    0.00    0.02    0.03   14.03 ^ u_dut.g_seg[3].u_bank.g_inv[32].u_inv._cell/Y (sg13g2_inv_1)
                                         u_dut.g_seg[3].u_bank.node[33] (net)
                  0.02    0.00   14.03 ^ u_dut.g_seg[3].u_bank.g_inv[33].u_inv._cell/A (sg13g2_inv_1)
     1    0.00    0.02    0.03   14.05 v u_dut.g_seg[3].u_bank.g_inv[33].u_inv._cell/Y (sg13g2_inv_1)
                                         u_dut.g_seg[3].u_bank.node[34] (net)
                  0.02    0.00   14.05 v u_dut.g_seg[3].u_bank.g_inv[34].u_inv._cell/A (sg13g2_inv_1)
     1    0.00    0.02    0.03   14.08 ^ u_dut.g_seg[3].u_bank.g_inv[34].u_inv._cell/Y (sg13g2_inv_1)
                                         u_dut.g_seg[3].u_bank.node[35] (net)
                  0.02    0.00   14.08 ^ u_dut.g_seg[3].u_bank.g_inv[35].u_inv._cell/A (sg13g2_inv_1)
     1    0.00    0.02    0.03   14.11 v u_dut.g_seg[3].u_bank.g_inv[35].u_inv._cell/Y (sg13g2_inv_1)
                                         u_dut.g_seg[3].u_bank.node[36] (net)
                  0.02    0.00   14.11 v u_dut.g_seg[3].u_bank.g_inv[36].u_inv._cell/A (sg13g2_inv_1)
     1    0.00    0.02    0.03   14.13 ^ u_dut.g_seg[3].u_bank.g_inv[36].u_inv._cell/Y (sg13g2_inv_1)
                                         u_dut.g_seg[3].u_bank.node[37] (net)
                  0.02    0.00   14.13 ^ u_dut.g_seg[3].u_bank.g_inv[37].u_inv._cell/A (sg13g2_inv_1)
     1    0.00    0.02    0.02   14.16 v u_dut.g_seg[3].u_bank.g_inv[37].u_inv._cell/Y (sg13g2_inv_1)
                                         u_dut.g_seg[3].u_bank.node[38] (net)
                  0.02    0.00   14.16 v u_dut.g_seg[3].u_bank.g_inv[38].u_inv._cell/A (sg13g2_inv_1)
     1    0.00    0.02    0.03   14.18 ^ u_dut.g_seg[3].u_bank.g_inv[38].u_inv._cell/Y (sg13g2_inv_1)
                                         u_dut.g_seg[3].u_bank.node[39] (net)
                  0.02    0.00   14.18 ^ u_dut.g_seg[3].u_bank.g_inv[39].u_inv._cell/A (sg13g2_inv_1)
     1    0.00    0.02    0.02   14.21 v u_dut.g_seg[3].u_bank.g_inv[39].u_inv._cell/Y (sg13g2_inv_1)
                                         u_dut.g_seg[3].u_bank.node[40] (net)
                  0.02    0.00   14.21 v u_dut.g_seg[3].u_bank.g_inv[40].u_inv._cell/A (sg13g2_inv_1)
     1    0.00    0.02    0.03   14.23 ^ u_dut.g_seg[3].u_bank.g_inv[40].u_inv._cell/Y (sg13g2_inv_1)
                                         u_dut.g_seg[3].u_bank.node[41] (net)
                  0.02    0.00   14.23 ^ u_dut.g_seg[3].u_bank.g_inv[41].u_inv._cell/A (sg13g2_inv_1)
     1    0.00    0.02    0.02   14.26 v u_dut.g_seg[3].u_bank.g_inv[41].u_inv._cell/Y (sg13g2_inv_1)
                                         u_dut.g_seg[3].u_bank.node[42] (net)
                  0.02    0.00   14.26 v u_dut.g_seg[3].u_bank.g_inv[42].u_inv._cell/A (sg13g2_inv_1)
     1    0.00    0.02    0.03   14.28 ^ u_dut.g_seg[3].u_bank.g_inv[42].u_inv._cell/Y (sg13g2_inv_1)
                                         u_dut.g_seg[3].u_bank.node[43] (net)
                  0.02    0.00   14.28 ^ u_dut.g_seg[3].u_bank.g_inv[43].u_inv._cell/A (sg13g2_inv_1)
     1    0.00    0.02    0.02   14.31 v u_dut.g_seg[3].u_bank.g_inv[43].u_inv._cell/Y (sg13g2_inv_1)
                                         u_dut.g_seg[3].u_bank.node[44] (net)
                  0.02    0.00   14.31 v u_dut.g_seg[3].u_bank.g_inv[44].u_inv._cell/A (sg13g2_inv_1)
     1    0.00    0.02    0.03   14.33 ^ u_dut.g_seg[3].u_bank.g_inv[44].u_inv._cell/Y (sg13g2_inv_1)
                                         u_dut.g_seg[3].u_bank.node[45] (net)
                  0.02    0.00   14.33 ^ u_dut.g_seg[3].u_bank.g_inv[45].u_inv._cell/A (sg13g2_inv_1)
     1    0.00    0.02    0.03   14.36 v u_dut.g_seg[3].u_bank.g_inv[45].u_inv._cell/Y (sg13g2_inv_1)
                                         u_dut.g_seg[3].u_bank.node[46] (net)
                  0.02    0.00   14.36 v u_dut.g_seg[3].u_bank.g_inv[46].u_inv._cell/A (sg13g2_inv_1)
     1    0.00    0.02    0.03   14.39 ^ u_dut.g_seg[3].u_bank.g_inv[46].u_inv._cell/Y (sg13g2_inv_1)
                                         u_dut.g_seg[3].u_bank.node[47] (net)
                  0.02    0.00   14.39 ^ u_dut.g_seg[3].u_bank.g_inv[47].u_inv._cell/A (sg13g2_inv_1)
     1    0.00    0.02    0.03   14.42 v u_dut.g_seg[3].u_bank.g_inv[47].u_inv._cell/Y (sg13g2_inv_1)
                                         u_dut.g_seg[3].u_bank.node[48] (net)
                  0.02    0.00   14.42 v u_dut.g_seg[3].u_bank.g_inv[48].u_inv._cell/A (sg13g2_inv_1)
     1    0.00    0.03    0.03   14.45 ^ u_dut.g_seg[3].u_bank.g_inv[48].u_inv._cell/Y (sg13g2_inv_1)
                                         u_dut.g_seg[3].u_bank.node[49] (net)
                  0.03    0.00   14.45 ^ u_dut.g_seg[3].u_bank.g_inv[49].u_inv._cell/A (sg13g2_inv_1)
     1    0.00    0.02    0.03   14.47 v u_dut.g_seg[3].u_bank.g_inv[49].u_inv._cell/Y (sg13g2_inv_1)
                                         u_dut.g_seg[3].u_bank.node[50] (net)
                  0.02    0.00   14.47 v u_dut.g_seg[3].u_bank.g_inv[50].u_inv._cell/A (sg13g2_inv_1)
     1    0.00    0.02    0.03   14.50 ^ u_dut.g_seg[3].u_bank.g_inv[50].u_inv._cell/Y (sg13g2_inv_1)
                                         u_dut.g_seg[3].u_bank.node[51] (net)
                  0.02    0.00   14.50 ^ u_dut.g_seg[3].u_bank.g_inv[51].u_inv._cell/A (sg13g2_inv_1)
     1    0.00    0.02    0.03   14.53 v u_dut.g_seg[3].u_bank.g_inv[51].u_inv._cell/Y (sg13g2_inv_1)
                                         u_dut.g_seg[3].u_bank.node[52] (net)
                  0.02    0.00   14.53 v u_dut.g_seg[3].u_bank.g_inv[52].u_inv._cell/A (sg13g2_inv_1)
     1    0.00    0.02    0.03   14.55 ^ u_dut.g_seg[3].u_bank.g_inv[52].u_inv._cell/Y (sg13g2_inv_1)
                                         u_dut.g_seg[3].u_bank.node[53] (net)
                  0.02    0.00   14.56 ^ u_dut.g_seg[3].u_bank.g_inv[53].u_inv._cell/A (sg13g2_inv_1)
     1    0.00    0.02    0.03   14.58 v u_dut.g_seg[3].u_bank.g_inv[53].u_inv._cell/Y (sg13g2_inv_1)
                                         u_dut.g_seg[3].u_bank.node[54] (net)
                  0.02    0.00   14.58 v u_dut.g_seg[3].u_bank.g_inv[54].u_inv._cell/A (sg13g2_inv_1)
     1    0.00    0.02    0.03   14.61 ^ u_dut.g_seg[3].u_bank.g_inv[54].u_inv._cell/Y (sg13g2_inv_1)
                                         u_dut.g_seg[3].u_bank.node[55] (net)
                  0.02    0.00   14.61 ^ u_dut.g_seg[3].u_bank.g_inv[55].u_inv._cell/A (sg13g2_inv_1)
     1    0.00    0.02    0.02   14.63 v u_dut.g_seg[3].u_bank.g_inv[55].u_inv._cell/Y (sg13g2_inv_1)
                                         u_dut.g_seg[3].u_bank.node[56] (net)
                  0.02    0.00   14.63 v u_dut.g_seg[3].u_bank.g_inv[56].u_inv._cell/A (sg13g2_inv_1)
     1    0.00    0.02    0.03   14.66 ^ u_dut.g_seg[3].u_bank.g_inv[56].u_inv._cell/Y (sg13g2_inv_1)
                                         u_dut.g_seg[3].u_bank.node[57] (net)
                  0.02    0.00   14.66 ^ u_dut.g_seg[3].u_bank.g_inv[57].u_inv._cell/A (sg13g2_inv_1)
     1    0.00    0.02    0.02   14.68 v u_dut.g_seg[3].u_bank.g_inv[57].u_inv._cell/Y (sg13g2_inv_1)
                                         u_dut.g_seg[3].u_bank.node[58] (net)
                  0.02    0.00   14.68 v u_dut.g_seg[3].u_bank.g_inv[58].u_inv._cell/A (sg13g2_inv_1)
     1    0.00    0.02    0.03   14.71 ^ u_dut.g_seg[3].u_bank.g_inv[58].u_inv._cell/Y (sg13g2_inv_1)
                                         u_dut.g_seg[3].u_bank.node[59] (net)
                  0.02    0.00   14.71 ^ u_dut.g_seg[3].u_bank.g_inv[59].u_inv._cell/A (sg13g2_inv_1)
     1    0.00    0.02    0.02   14.73 v u_dut.g_seg[3].u_bank.g_inv[59].u_inv._cell/Y (sg13g2_inv_1)
                                         u_dut.g_seg[3].u_bank.node[60] (net)
                  0.02    0.00   14.73 v u_dut.g_seg[3].u_bank.g_inv[60].u_inv._cell/A (sg13g2_inv_1)
     1    0.00    0.02    0.03   14.76 ^ u_dut.g_seg[3].u_bank.g_inv[60].u_inv._cell/Y (sg13g2_inv_1)
                                         u_dut.g_seg[3].u_bank.node[61] (net)
                  0.02    0.00   14.76 ^ u_dut.g_seg[3].u_bank.g_inv[61].u_inv._cell/A (sg13g2_inv_1)
     1    0.00    0.02    0.03   14.79 v u_dut.g_seg[3].u_bank.g_inv[61].u_inv._cell/Y (sg13g2_inv_1)
                                         u_dut.g_seg[3].u_bank.node[62] (net)
                  0.02    0.00   14.79 v u_dut.g_seg[3].u_bank.g_inv[62].u_inv._cell/A (sg13g2_inv_1)
     1    0.00    0.02    0.03   14.82 ^ u_dut.g_seg[3].u_bank.g_inv[62].u_inv._cell/Y (sg13g2_inv_1)
                                         u_dut.g_seg[3].u_bank.node[63] (net)
                  0.02    0.00   14.82 ^ u_dut.g_seg[3].u_bank.g_inv[63].u_inv._cell/A (sg13g2_inv_1)
     2    0.01    0.03    0.03   14.85 v u_dut.g_seg[3].u_bank.g_inv[63].u_inv._cell/Y (sg13g2_inv_1)
                                         u_dut.g_seg[3].u_bank.node[64] (net)
                  0.03    0.00   14.85 v u_dut.g_seg[3].u_bank.g_inv[64].u_inv._cell/A (sg13g2_inv_1)
     1    0.00    0.02    0.03   14.88 ^ u_dut.g_seg[3].u_bank.g_inv[64].u_inv._cell/Y (sg13g2_inv_1)
                                         u_dut.g_seg[3].u_bank.node[65] (net)
                  0.02    0.00   14.88 ^ u_dut.g_seg[3].u_bank.g_inv[65].u_inv._cell/A (sg13g2_inv_1)
     1    0.00    0.02    0.03   14.91 v u_dut.g_seg[3].u_bank.g_inv[65].u_inv._cell/Y (sg13g2_inv_1)
                                         u_dut.g_seg[3].u_bank.node[66] (net)
                  0.02    0.00   14.91 v u_dut.g_seg[3].u_bank.g_inv[66].u_inv._cell/A (sg13g2_inv_1)
     1    0.00    0.02    0.03   14.93 ^ u_dut.g_seg[3].u_bank.g_inv[66].u_inv._cell/Y (sg13g2_inv_1)
                                         u_dut.g_seg[3].u_bank.node[67] (net)
                  0.02    0.00   14.93 ^ u_dut.g_seg[3].u_bank.g_inv[67].u_inv._cell/A (sg13g2_inv_1)
     1    0.00    0.02    0.03   14.96 v u_dut.g_seg[3].u_bank.g_inv[67].u_inv._cell/Y (sg13g2_inv_1)
                                         u_dut.g_seg[3].u_bank.node[68] (net)
                  0.02    0.00   14.96 v u_dut.g_seg[3].u_bank.g_inv[68].u_inv._cell/A (sg13g2_inv_1)
     1    0.00    0.02    0.03   14.99 ^ u_dut.g_seg[3].u_bank.g_inv[68].u_inv._cell/Y (sg13g2_inv_1)
                                         u_dut.g_seg[3].u_bank.node[69] (net)
                  0.02    0.00   14.99 ^ u_dut.g_seg[3].u_bank.g_inv[69].u_inv._cell/A (sg13g2_inv_1)
     1    0.00    0.02    0.03   15.02 v u_dut.g_seg[3].u_bank.g_inv[69].u_inv._cell/Y (sg13g2_inv_1)
                                         u_dut.g_seg[3].u_bank.node[70] (net)
                  0.02    0.00   15.02 v u_dut.g_seg[3].u_bank.g_inv[70].u_inv._cell/A (sg13g2_inv_1)
     1    0.00    0.02    0.03   15.04 ^ u_dut.g_seg[3].u_bank.g_inv[70].u_inv._cell/Y (sg13g2_inv_1)
                                         u_dut.g_seg[3].u_bank.node[71] (net)
                  0.02    0.00   15.04 ^ u_dut.g_seg[3].u_bank.g_inv[71].u_inv._cell/A (sg13g2_inv_1)
     1    0.00    0.02    0.03   15.07 v u_dut.g_seg[3].u_bank.g_inv[71].u_inv._cell/Y (sg13g2_inv_1)
                                         u_dut.g_seg[3].u_bank.node[72] (net)
                  0.02    0.00   15.07 v u_dut.g_seg[3].u_bank.g_inv[72].u_inv._cell/A (sg13g2_inv_1)
     1    0.00    0.02    0.03   15.10 ^ u_dut.g_seg[3].u_bank.g_inv[72].u_inv._cell/Y (sg13g2_inv_1)
                                         u_dut.g_seg[3].u_bank.node[73] (net)
                  0.02    0.00   15.10 ^ u_dut.g_seg[3].u_bank.g_inv[73].u_inv._cell/A (sg13g2_inv_1)
     1    0.00    0.02    0.03   15.13 v u_dut.g_seg[3].u_bank.g_inv[73].u_inv._cell/Y (sg13g2_inv_1)
                                         u_dut.g_seg[3].u_bank.node[74] (net)
                  0.02    0.00   15.13 v u_dut.g_seg[3].u_bank.g_inv[74].u_inv._cell/A (sg13g2_inv_1)
     1    0.00    0.02    0.03   15.15 ^ u_dut.g_seg[3].u_bank.g_inv[74].u_inv._cell/Y (sg13g2_inv_1)
                                         u_dut.g_seg[3].u_bank.node[75] (net)
                  0.02    0.00   15.15 ^ u_dut.g_seg[3].u_bank.g_inv[75].u_inv._cell/A (sg13g2_inv_1)
     1    0.00    0.02    0.02   15.18 v u_dut.g_seg[3].u_bank.g_inv[75].u_inv._cell/Y (sg13g2_inv_1)
                                         u_dut.g_seg[3].u_bank.node[76] (net)
                  0.02    0.00   15.18 v u_dut.g_seg[3].u_bank.g_inv[76].u_inv._cell/A (sg13g2_inv_1)
     1    0.00    0.02    0.03   15.20 ^ u_dut.g_seg[3].u_bank.g_inv[76].u_inv._cell/Y (sg13g2_inv_1)
                                         u_dut.g_seg[3].u_bank.node[77] (net)
                  0.02    0.00   15.20 ^ u_dut.g_seg[3].u_bank.g_inv[77].u_inv._cell/A (sg13g2_inv_1)
     1    0.00    0.02    0.02   15.23 v u_dut.g_seg[3].u_bank.g_inv[77].u_inv._cell/Y (sg13g2_inv_1)
                                         u_dut.g_seg[3].u_bank.node[78] (net)
                  0.02    0.00   15.23 v u_dut.g_seg[3].u_bank.g_inv[78].u_inv._cell/A (sg13g2_inv_1)
     1    0.00    0.02    0.03   15.25 ^ u_dut.g_seg[3].u_bank.g_inv[78].u_inv._cell/Y (sg13g2_inv_1)
                                         u_dut.g_seg[3].u_bank.node[79] (net)
                  0.02    0.00   15.25 ^ u_dut.g_seg[3].u_bank.g_inv[79].u_inv._cell/A (sg13g2_inv_1)
     1    0.00    0.02    0.02   15.28 v u_dut.g_seg[3].u_bank.g_inv[79].u_inv._cell/Y (sg13g2_inv_1)
                                         u_dut.g_seg[3].u_bank.node[80] (net)
                  0.02    0.00   15.28 v u_dut.g_seg[3].u_bank.g_inv[80].u_inv._cell/A (sg13g2_inv_1)
     1    0.00    0.02    0.03   15.30 ^ u_dut.g_seg[3].u_bank.g_inv[80].u_inv._cell/Y (sg13g2_inv_1)
                                         u_dut.g_seg[3].u_bank.node[81] (net)
                  0.02    0.00   15.30 ^ u_dut.g_seg[3].u_bank.g_inv[81].u_inv._cell/A (sg13g2_inv_1)
     1    0.00    0.02    0.02   15.33 v u_dut.g_seg[3].u_bank.g_inv[81].u_inv._cell/Y (sg13g2_inv_1)
                                         u_dut.g_seg[3].u_bank.node[82] (net)
                  0.02    0.00   15.33 v u_dut.g_seg[3].u_bank.g_inv[82].u_inv._cell/A (sg13g2_inv_1)
     1    0.00    0.02    0.03   15.35 ^ u_dut.g_seg[3].u_bank.g_inv[82].u_inv._cell/Y (sg13g2_inv_1)
                                         u_dut.g_seg[3].u_bank.node[83] (net)
                  0.02    0.00   15.35 ^ u_dut.g_seg[3].u_bank.g_inv[83].u_inv._cell/A (sg13g2_inv_1)
     1    0.00    0.02    0.03   15.38 v u_dut.g_seg[3].u_bank.g_inv[83].u_inv._cell/Y (sg13g2_inv_1)
                                         u_dut.g_seg[3].u_bank.node[84] (net)
                  0.02    0.00   15.38 v u_dut.g_seg[3].u_bank.g_inv[84].u_inv._cell/A (sg13g2_inv_1)
     1    0.00    0.02    0.03   15.41 ^ u_dut.g_seg[3].u_bank.g_inv[84].u_inv._cell/Y (sg13g2_inv_1)
                                         u_dut.g_seg[3].u_bank.node[85] (net)
                  0.02    0.00   15.41 ^ u_dut.g_seg[3].u_bank.g_inv[85].u_inv._cell/A (sg13g2_inv_1)
     1    0.00    0.02    0.03   15.43 v u_dut.g_seg[3].u_bank.g_inv[85].u_inv._cell/Y (sg13g2_inv_1)
                                         u_dut.g_seg[3].u_bank.node[86] (net)
                  0.02    0.00   15.43 v u_dut.g_seg[3].u_bank.g_inv[86].u_inv._cell/A (sg13g2_inv_1)
     1    0.00    0.02    0.03   15.46 ^ u_dut.g_seg[3].u_bank.g_inv[86].u_inv._cell/Y (sg13g2_inv_1)
                                         u_dut.g_seg[3].u_bank.node[87] (net)
                  0.02    0.00   15.46 ^ u_dut.g_seg[3].u_bank.g_inv[87].u_inv._cell/A (sg13g2_inv_1)
     1    0.00    0.02    0.03   15.48 v u_dut.g_seg[3].u_bank.g_inv[87].u_inv._cell/Y (sg13g2_inv_1)
                                         u_dut.g_seg[3].u_bank.node[88] (net)
                  0.02    0.00   15.48 v u_dut.g_seg[3].u_bank.g_inv[88].u_inv._cell/A (sg13g2_inv_1)
     1    0.00    0.02    0.03   15.51 ^ u_dut.g_seg[3].u_bank.g_inv[88].u_inv._cell/Y (sg13g2_inv_1)
                                         u_dut.g_seg[3].u_bank.node[89] (net)
                  0.02    0.00   15.51 ^ u_dut.g_seg[3].u_bank.g_inv[89].u_inv._cell/A (sg13g2_inv_1)
     1    0.00    0.02    0.03   15.54 v u_dut.g_seg[3].u_bank.g_inv[89].u_inv._cell/Y (sg13g2_inv_1)
                                         u_dut.g_seg[3].u_bank.node[90] (net)
                  0.02    0.00   15.54 v u_dut.g_seg[3].u_bank.g_inv[90].u_inv._cell/A (sg13g2_inv_1)
     1    0.00    0.02    0.03   15.56 ^ u_dut.g_seg[3].u_bank.g_inv[90].u_inv._cell/Y (sg13g2_inv_1)
                                         u_dut.g_seg[3].u_bank.node[91] (net)
                  0.02    0.00   15.56 ^ u_dut.g_seg[3].u_bank.g_inv[91].u_inv._cell/A (sg13g2_inv_1)
     1    0.00    0.02    0.03   15.59 v u_dut.g_seg[3].u_bank.g_inv[91].u_inv._cell/Y (sg13g2_inv_1)
                                         u_dut.g_seg[3].u_bank.node[92] (net)
                  0.02    0.00   15.59 v u_dut.g_seg[3].u_bank.g_inv[92].u_inv._cell/A (sg13g2_inv_1)
     1    0.00    0.02    0.03   15.62 ^ u_dut.g_seg[3].u_bank.g_inv[92].u_inv._cell/Y (sg13g2_inv_1)
                                         u_dut.g_seg[3].u_bank.node[93] (net)
                  0.02    0.00   15.62 ^ u_dut.g_seg[3].u_bank.g_inv[93].u_inv._cell/A (sg13g2_inv_1)
     1    0.00    0.02    0.03   15.65 v u_dut.g_seg[3].u_bank.g_inv[93].u_inv._cell/Y (sg13g2_inv_1)
                                         u_dut.g_seg[3].u_bank.node[94] (net)
                  0.02    0.00   15.65 v u_dut.g_seg[3].u_bank.g_inv[94].u_inv._cell/A (sg13g2_inv_1)
     1    0.00    0.02    0.03   15.67 ^ u_dut.g_seg[3].u_bank.g_inv[94].u_inv._cell/Y (sg13g2_inv_1)
                                         u_dut.g_seg[3].u_bank.node[95] (net)
                  0.02    0.00   15.67 ^ u_dut.g_seg[3].u_bank.g_inv[95].u_inv._cell/A (sg13g2_inv_1)
     1    0.00    0.02    0.03   15.70 v u_dut.g_seg[3].u_bank.g_inv[95].u_inv._cell/Y (sg13g2_inv_1)
                                         u_dut.g_seg[3].u_bank.node[96] (net)
                  0.02    0.00   15.70 v u_dut.g_seg[3].u_bank.u_mux.u_m1/A1 (sg13g2_mux2_1)
     1    0.00    0.04    0.11   15.81 v u_dut.g_seg[3].u_bank.u_mux.u_m1/X (sg13g2_mux2_1)
                                         u_dut.g_seg[3].u_bank.u_mux.w1 (net)
                  0.04    0.00   15.81 v u_dut.g_seg[3].u_bank.u_mux.u_m2/A1 (sg13g2_mux2_1)
     1    0.01    0.04    0.12   15.93 v u_dut.g_seg[3].u_bank.u_mux.u_m2/X (sg13g2_mux2_1)
                                         rca_cout (net)
                  0.04    0.00   15.93 v _0661_/B (sg13g2_xnor2_1)
     1    0.00    0.07    0.08   16.01 ^ _0661_/Y (sg13g2_xnor2_1)
                                         _0238_ (net)
                  0.07    0.00   16.01 ^ _0662_/A2 (sg13g2_a21oi_1)
     1    0.00    0.07    0.07   16.08 v _0662_/Y (sg13g2_a21oi_1)
                                         _0143_ (net)
                  0.07    0.00   16.08 v _1309_/D (sg13g2_dfrbpq_1)
                                 16.08   data arrival time

                         10.00   10.00   clock clk' (rise edge)
                          0.00   10.00   clock source latency
     1    0.03    0.04    0.03   10.03 v clk (in)
                                         clk (net)
                  0.04    0.00   10.03 v clkbuf_0_clk/A (sg13g2_buf_16)
    16    0.18    0.05    0.09   10.12 v clkbuf_0_clk/X (sg13g2_buf_16)
                                         clknet_0_clk (net)
                  0.06    0.02   10.13 v clkbuf_4_11_0_clk/A (sg13g2_buf_8)
     2    0.04    0.03    0.10   10.23 v clkbuf_4_11_0_clk/X (sg13g2_buf_8)
                                         clknet_4_11_0_clk (net)
                  0.03    0.00   10.23 v clkbuf_5_23__f_clk/A (sg13g2_buf_16)
     4    0.02    0.02    0.07   10.30 v clkbuf_5_23__f_clk/X (sg13g2_buf_16)
                                         clknet_5_23__leaf_clk (net)
                  0.02    0.00   10.31 v _1226__94/A (sg13g2_inv_1)
     1    0.00    0.02    0.03   10.33 ^ _1226__94/Y (sg13g2_inv_1)
                                         net93 (net)
                  0.02    0.00   10.33 ^ _1309_/CLK (sg13g2_dfrbpq_1)
                         -0.25   10.08   clock uncertainty
                          0.00   10.08   clock reconvergence pessimism
                         -0.13    9.95   library setup time
                                  9.95   data required time
-----------------------------------------------------------------------------
                                  9.95   data required time
                                -16.08   data arrival time
-----------------------------------------------------------------------------
                                 -6.13   slack (VIOLATED)


ES-GLOBAL
Startpoint: _1387_ (rising edge-triggered flip-flop clocked by clk)
Endpoint: _1309_ (rising edge-triggered flip-flop clocked by clk')
Path Group: clk
Path Type: max

Fanout     Cap    Slew   Delay    Time   Description
-----------------------------------------------------------------------------
                          0.00    0.00   clock clk (rise edge)
                          0.00    0.00   clock source latency
     1    0.03    0.05    0.03    0.03 ^ clk (in)
                                         clk (net)
                  0.05    0.00    0.03 ^ clkbuf_0_clk/A (sg13g2_buf_16)
    16    0.19    0.06    0.09    0.13 ^ clkbuf_0_clk/X (sg13g2_buf_16)
                                         clknet_0_clk (net)
                  0.07    0.02    0.15 ^ clkbuf_4_2_0_clk/A (sg13g2_buf_8)
     2    0.04    0.03    0.10    0.24 ^ clkbuf_4_2_0_clk/X (sg13g2_buf_8)
                                         clknet_4_2_0_clk (net)
                  0.04    0.00    0.25 ^ clkbuf_5_5__f_clk/A (sg13g2_buf_16)
     4    0.02    0.02    0.07    0.31 ^ clkbuf_5_5__f_clk/X (sg13g2_buf_16)
                                         clknet_5_5__leaf_clk (net)
                  0.02    0.00    0.31 ^ _1387_/CLK (sg13g2_dfrbpq_1)
     8    0.04    0.15    0.25    0.57 ^ _1387_/Q (sg13g2_dfrbpq_1)
                                         u_pat.idx[0] (net)
                  0.15    0.00    0.57 ^ _0718_/A (sg13g2_nand2_1)
     4    0.01    0.11    0.14    0.71 v _0718_/Y (sg13g2_nand2_1)
                                         _0277_ (net)
                  0.11    0.00    0.71 v _0725_/B2 (sg13g2_a221oi_1)
     4    0.02    0.36    0.36    1.07 ^ _0725_/Y (sg13g2_a221oi_1)
                                         _0284_ (net)
                  0.36    0.00    1.07 ^ _0726_/A (sg13g2_inv_1)
     6    0.04    0.19    0.26    1.33 v _0726_/Y (sg13g2_inv_1)
                                         u_dut.g_seg[0].g_fa[0].u_fa.b (net)
                  0.19    0.00    1.33 v u_dut.g_seg[0].g_fa[0].u_fa.u_x1/B (sg13g2_xor2_1)
     2    0.01    0.10    0.16    1.49 v u_dut.g_seg[0].g_fa[0].u_fa.u_x1/X (sg13g2_xor2_1)
                                         u_dut.g_seg[0].g_fa[0].u_fa.t (net)
                  0.10    0.00    1.49 v u_dut.g_seg[0].g_fa[0].u_fa.u_a2/B (sg13g2_and2_1)
     1    0.00    0.03    0.11    1.60 v u_dut.g_seg[0].g_fa[0].u_fa.u_a2/X (sg13g2_and2_1)
                                         u_dut.g_seg[0].g_fa[0].u_fa.v (net)
                  0.03    0.00    1.60 v u_dut.g_seg[0].g_fa[0].u_fa.u_o1/B (sg13g2_or2_1)
     2    0.01    0.05    0.12    1.71 v u_dut.g_seg[0].g_fa[0].u_fa.u_o1/X (sg13g2_or2_1)
                                         u_dut.g_seg[0].g_fa[0].u_fa.co (net)
                  0.05    0.00    1.71 v u_dut.g_seg[0].g_fa[1].u_fa.u_a2/A (sg13g2_and2_1)
     1    0.00    0.02    0.08    1.79 v u_dut.g_seg[0].g_fa[1].u_fa.u_a2/X (sg13g2_and2_1)
                                         u_dut.g_seg[0].g_fa[1].u_fa.v (net)
                  0.02    0.00    1.79 v u_dut.g_seg[0].g_fa[1].u_fa.u_o1/B (sg13g2_or2_1)
     2    0.01    0.04    0.11    1.90 v u_dut.g_seg[0].g_fa[1].u_fa.u_o1/X (sg13g2_or2_1)
                                         u_dut.g_seg[0].g_fa[1].u_fa.co (net)
                  0.04    0.00    1.90 v u_dut.g_seg[0].g_fa[2].u_fa.u_a2/A (sg13g2_and2_1)
     1    0.01    0.03    0.08    1.98 v u_dut.g_seg[0].g_fa[2].u_fa.u_a2/X (sg13g2_and2_1)
                                         u_dut.g_seg[0].g_fa[2].u_fa.v (net)
                  0.03    0.00    1.98 v u_dut.g_seg[0].g_fa[2].u_fa.u_o1/B (sg13g2_or2_1)
     2    0.01    0.04    0.11    2.09 v u_dut.g_seg[0].g_fa[2].u_fa.u_o1/X (sg13g2_or2_1)
                                         u_dut.g_seg[0].g_fa[2].u_fa.co (net)
                  0.04    0.00    2.09 v u_dut.g_seg[0].g_fa[3].u_fa.u_a2/A (sg13g2_and2_1)
     1    0.00    0.02    0.07    2.17 v u_dut.g_seg[0].g_fa[3].u_fa.u_a2/X (sg13g2_and2_1)
                                         u_dut.g_seg[0].g_fa[3].u_fa.v (net)
                  0.02    0.00    2.17 v u_dut.g_seg[0].g_fa[3].u_fa.u_o1/B (sg13g2_or2_1)
     2    0.02    0.09    0.15    2.31 v u_dut.g_seg[0].g_fa[3].u_fa.u_o1/X (sg13g2_or2_1)
                                         u_dut.g_seg[0].u_bank.node[0] (net)
                  0.09    0.00    2.32 v u_dut.g_seg[0].u_bank.g_inv[0].u_inv._cell/A (sg13g2_inv_1)
     1    0.00    0.03    0.04    2.36 ^ u_dut.g_seg[0].u_bank.g_inv[0].u_inv._cell/Y (sg13g2_inv_1)
                                         u_dut.g_seg[0].u_bank.node[1] (net)
                  0.03    0.00    2.36 ^ u_dut.g_seg[0].u_bank.g_inv[1].u_inv._cell/A (sg13g2_inv_1)
     1    0.00    0.02    0.03    2.39 v u_dut.g_seg[0].u_bank.g_inv[1].u_inv._cell/Y (sg13g2_inv_1)
                                         u_dut.g_seg[0].u_bank.node[2] (net)
                  0.02    0.00    2.39 v u_dut.g_seg[0].u_bank.g_inv[2].u_inv._cell/A (sg13g2_inv_1)
     1    0.00    0.02    0.03    2.42 ^ u_dut.g_seg[0].u_bank.g_inv[2].u_inv._cell/Y (sg13g2_inv_1)
                                         u_dut.g_seg[0].u_bank.node[3] (net)
                  0.02    0.00    2.42 ^ u_dut.g_seg[0].u_bank.g_inv[3].u_inv._cell/A (sg13g2_inv_1)
     1    0.00    0.02    0.02    2.44 v u_dut.g_seg[0].u_bank.g_inv[3].u_inv._cell/Y (sg13g2_inv_1)
                                         u_dut.g_seg[0].u_bank.node[4] (net)
                  0.02    0.00    2.44 v u_dut.g_seg[0].u_bank.g_inv[4].u_inv._cell/A (sg13g2_inv_1)
     1    0.00    0.02    0.03    2.47 ^ u_dut.g_seg[0].u_bank.g_inv[4].u_inv._cell/Y (sg13g2_inv_1)
                                         u_dut.g_seg[0].u_bank.node[5] (net)
                  0.02    0.00    2.47 ^ u_dut.g_seg[0].u_bank.g_inv[5].u_inv._cell/A (sg13g2_inv_1)
     1    0.00    0.02    0.03    2.49 v u_dut.g_seg[0].u_bank.g_inv[5].u_inv._cell/Y (sg13g2_inv_1)
                                         u_dut.g_seg[0].u_bank.node[6] (net)
                  0.02    0.00    2.49 v u_dut.g_seg[0].u_bank.g_inv[6].u_inv._cell/A (sg13g2_inv_1)
     1    0.00    0.02    0.03    2.52 ^ u_dut.g_seg[0].u_bank.g_inv[6].u_inv._cell/Y (sg13g2_inv_1)
                                         u_dut.g_seg[0].u_bank.node[7] (net)
                  0.02    0.00    2.52 ^ u_dut.g_seg[0].u_bank.g_inv[7].u_inv._cell/A (sg13g2_inv_1)
     1    0.00    0.02    0.03    2.55 v u_dut.g_seg[0].u_bank.g_inv[7].u_inv._cell/Y (sg13g2_inv_1)
                                         u_dut.g_seg[0].u_bank.node[8] (net)
                  0.02    0.00    2.55 v u_dut.g_seg[0].u_bank.g_inv[8].u_inv._cell/A (sg13g2_inv_1)
     1    0.00    0.02    0.03    2.57 ^ u_dut.g_seg[0].u_bank.g_inv[8].u_inv._cell/Y (sg13g2_inv_1)
                                         u_dut.g_seg[0].u_bank.node[9] (net)
                  0.02    0.00    2.57 ^ u_dut.g_seg[0].u_bank.g_inv[9].u_inv._cell/A (sg13g2_inv_1)
     1    0.00    0.02    0.03    2.60 v u_dut.g_seg[0].u_bank.g_inv[9].u_inv._cell/Y (sg13g2_inv_1)
                                         u_dut.g_seg[0].u_bank.node[10] (net)
                  0.02    0.00    2.60 v u_dut.g_seg[0].u_bank.g_inv[10].u_inv._cell/A (sg13g2_inv_1)
     1    0.00    0.02    0.03    2.63 ^ u_dut.g_seg[0].u_bank.g_inv[10].u_inv._cell/Y (sg13g2_inv_1)
                                         u_dut.g_seg[0].u_bank.node[11] (net)
                  0.02    0.00    2.63 ^ u_dut.g_seg[0].u_bank.g_inv[11].u_inv._cell/A (sg13g2_inv_1)
     1    0.00    0.02    0.03    2.65 v u_dut.g_seg[0].u_bank.g_inv[11].u_inv._cell/Y (sg13g2_inv_1)
                                         u_dut.g_seg[0].u_bank.node[12] (net)
                  0.02    0.00    2.65 v u_dut.g_seg[0].u_bank.g_inv[12].u_inv._cell/A (sg13g2_inv_1)
     1    0.00    0.02    0.03    2.68 ^ u_dut.g_seg[0].u_bank.g_inv[12].u_inv._cell/Y (sg13g2_inv_1)
                                         u_dut.g_seg[0].u_bank.node[13] (net)
                  0.02    0.00    2.68 ^ u_dut.g_seg[0].u_bank.g_inv[13].u_inv._cell/A (sg13g2_inv_1)
     1    0.00    0.02    0.03    2.71 v u_dut.g_seg[0].u_bank.g_inv[13].u_inv._cell/Y (sg13g2_inv_1)
                                         u_dut.g_seg[0].u_bank.node[14] (net)
                  0.02    0.00    2.71 v u_dut.g_seg[0].u_bank.g_inv[14].u_inv._cell/A (sg13g2_inv_1)
     1    0.00    0.02    0.03    2.74 ^ u_dut.g_seg[0].u_bank.g_inv[14].u_inv._cell/Y (sg13g2_inv_1)
                                         u_dut.g_seg[0].u_bank.node[15] (net)
                  0.02    0.00    2.74 ^ u_dut.g_seg[0].u_bank.g_inv[15].u_inv._cell/A (sg13g2_inv_1)
     1    0.00    0.02    0.03    2.76 v u_dut.g_seg[0].u_bank.g_inv[15].u_inv._cell/Y (sg13g2_inv_1)
                                         u_dut.g_seg[0].u_bank.node[16] (net)
                  0.02    0.00    2.77 v u_dut.g_seg[0].u_bank.g_inv[16].u_inv._cell/A (sg13g2_inv_1)
     1    0.00    0.02    0.03    2.79 ^ u_dut.g_seg[0].u_bank.g_inv[16].u_inv._cell/Y (sg13g2_inv_1)
                                         u_dut.g_seg[0].u_bank.node[17] (net)
                  0.02    0.00    2.79 ^ u_dut.g_seg[0].u_bank.g_inv[17].u_inv._cell/A (sg13g2_inv_1)
     1    0.00    0.02    0.03    2.82 v u_dut.g_seg[0].u_bank.g_inv[17].u_inv._cell/Y (sg13g2_inv_1)
                                         u_dut.g_seg[0].u_bank.node[18] (net)
                  0.02    0.00    2.82 v u_dut.g_seg[0].u_bank.g_inv[18].u_inv._cell/A (sg13g2_inv_1)
     1    0.00    0.02    0.03    2.85 ^ u_dut.g_seg[0].u_bank.g_inv[18].u_inv._cell/Y (sg13g2_inv_1)
                                         u_dut.g_seg[0].u_bank.node[19] (net)
                  0.02    0.00    2.85 ^ u_dut.g_seg[0].u_bank.g_inv[19].u_inv._cell/A (sg13g2_inv_1)
     1    0.00    0.02    0.03    2.88 v u_dut.g_seg[0].u_bank.g_inv[19].u_inv._cell/Y (sg13g2_inv_1)
                                         u_dut.g_seg[0].u_bank.node[20] (net)
                  0.02    0.00    2.88 v u_dut.g_seg[0].u_bank.g_inv[20].u_inv._cell/A (sg13g2_inv_1)
     1    0.00    0.02    0.03    2.90 ^ u_dut.g_seg[0].u_bank.g_inv[20].u_inv._cell/Y (sg13g2_inv_1)
                                         u_dut.g_seg[0].u_bank.node[21] (net)
                  0.02    0.00    2.90 ^ u_dut.g_seg[0].u_bank.g_inv[21].u_inv._cell/A (sg13g2_inv_1)
     1    0.00    0.02    0.03    2.93 v u_dut.g_seg[0].u_bank.g_inv[21].u_inv._cell/Y (sg13g2_inv_1)
                                         u_dut.g_seg[0].u_bank.node[22] (net)
                  0.02    0.00    2.93 v u_dut.g_seg[0].u_bank.g_inv[22].u_inv._cell/A (sg13g2_inv_1)
     1    0.00    0.02    0.03    2.96 ^ u_dut.g_seg[0].u_bank.g_inv[22].u_inv._cell/Y (sg13g2_inv_1)
                                         u_dut.g_seg[0].u_bank.node[23] (net)
                  0.02    0.00    2.96 ^ u_dut.g_seg[0].u_bank.g_inv[23].u_inv._cell/A (sg13g2_inv_1)
     1    0.00    0.02    0.02    2.98 v u_dut.g_seg[0].u_bank.g_inv[23].u_inv._cell/Y (sg13g2_inv_1)
                                         u_dut.g_seg[0].u_bank.node[24] (net)
                  0.02    0.00    2.98 v u_dut.g_seg[0].u_bank.g_inv[24].u_inv._cell/A (sg13g2_inv_1)
     1    0.00    0.02    0.03    3.01 ^ u_dut.g_seg[0].u_bank.g_inv[24].u_inv._cell/Y (sg13g2_inv_1)
                                         u_dut.g_seg[0].u_bank.node[25] (net)
                  0.02    0.00    3.01 ^ u_dut.g_seg[0].u_bank.g_inv[25].u_inv._cell/A (sg13g2_inv_1)
     1    0.00    0.02    0.03    3.04 v u_dut.g_seg[0].u_bank.g_inv[25].u_inv._cell/Y (sg13g2_inv_1)
                                         u_dut.g_seg[0].u_bank.node[26] (net)
                  0.02    0.00    3.04 v u_dut.g_seg[0].u_bank.g_inv[26].u_inv._cell/A (sg13g2_inv_1)
     1    0.00    0.02    0.03    3.06 ^ u_dut.g_seg[0].u_bank.g_inv[26].u_inv._cell/Y (sg13g2_inv_1)
                                         u_dut.g_seg[0].u_bank.node[27] (net)
                  0.02    0.00    3.06 ^ u_dut.g_seg[0].u_bank.g_inv[27].u_inv._cell/A (sg13g2_inv_1)
     1    0.00    0.02    0.03    3.09 v u_dut.g_seg[0].u_bank.g_inv[27].u_inv._cell/Y (sg13g2_inv_1)
                                         u_dut.g_seg[0].u_bank.node[28] (net)
                  0.02    0.00    3.09 v u_dut.g_seg[0].u_bank.g_inv[28].u_inv._cell/A (sg13g2_inv_1)
     1    0.00    0.02    0.03    3.11 ^ u_dut.g_seg[0].u_bank.g_inv[28].u_inv._cell/Y (sg13g2_inv_1)
                                         u_dut.g_seg[0].u_bank.node[29] (net)
                  0.02    0.00    3.11 ^ u_dut.g_seg[0].u_bank.g_inv[29].u_inv._cell/A (sg13g2_inv_1)
     1    0.00    0.02    0.02    3.14 v u_dut.g_seg[0].u_bank.g_inv[29].u_inv._cell/Y (sg13g2_inv_1)
                                         u_dut.g_seg[0].u_bank.node[30] (net)
                  0.02    0.00    3.14 v u_dut.g_seg[0].u_bank.g_inv[30].u_inv._cell/A (sg13g2_inv_1)
     1    0.00    0.02    0.03    3.16 ^ u_dut.g_seg[0].u_bank.g_inv[30].u_inv._cell/Y (sg13g2_inv_1)
                                         u_dut.g_seg[0].u_bank.node[31] (net)
                  0.02    0.00    3.16 ^ u_dut.g_seg[0].u_bank.g_inv[31].u_inv._cell/A (sg13g2_inv_1)
     2    0.01    0.03    0.03    3.20 v u_dut.g_seg[0].u_bank.g_inv[31].u_inv._cell/Y (sg13g2_inv_1)
                                         u_dut.g_seg[0].u_bank.node[32] (net)
                  0.03    0.00    3.20 v u_dut.g_seg[0].u_bank.g_inv[32].u_inv._cell/A (sg13g2_inv_1)
     1    0.00    0.02    0.03    3.23 ^ u_dut.g_seg[0].u_bank.g_inv[32].u_inv._cell/Y (sg13g2_inv_1)
                                         u_dut.g_seg[0].u_bank.node[33] (net)
                  0.02    0.00    3.23 ^ u_dut.g_seg[0].u_bank.g_inv[33].u_inv._cell/A (sg13g2_inv_1)
     1    0.00    0.02    0.03    3.25 v u_dut.g_seg[0].u_bank.g_inv[33].u_inv._cell/Y (sg13g2_inv_1)
                                         u_dut.g_seg[0].u_bank.node[34] (net)
                  0.02    0.00    3.25 v u_dut.g_seg[0].u_bank.g_inv[34].u_inv._cell/A (sg13g2_inv_1)
     1    0.00    0.02    0.03    3.28 ^ u_dut.g_seg[0].u_bank.g_inv[34].u_inv._cell/Y (sg13g2_inv_1)
                                         u_dut.g_seg[0].u_bank.node[35] (net)
                  0.02    0.00    3.28 ^ u_dut.g_seg[0].u_bank.g_inv[35].u_inv._cell/A (sg13g2_inv_1)
     1    0.00    0.02    0.02    3.30 v u_dut.g_seg[0].u_bank.g_inv[35].u_inv._cell/Y (sg13g2_inv_1)
                                         u_dut.g_seg[0].u_bank.node[36] (net)
                  0.02    0.00    3.30 v u_dut.g_seg[0].u_bank.g_inv[36].u_inv._cell/A (sg13g2_inv_1)
     1    0.00    0.02    0.03    3.33 ^ u_dut.g_seg[0].u_bank.g_inv[36].u_inv._cell/Y (sg13g2_inv_1)
                                         u_dut.g_seg[0].u_bank.node[37] (net)
                  0.02    0.00    3.33 ^ u_dut.g_seg[0].u_bank.g_inv[37].u_inv._cell/A (sg13g2_inv_1)
     1    0.00    0.02    0.03    3.35 v u_dut.g_seg[0].u_bank.g_inv[37].u_inv._cell/Y (sg13g2_inv_1)
                                         u_dut.g_seg[0].u_bank.node[38] (net)
                  0.02    0.00    3.35 v u_dut.g_seg[0].u_bank.g_inv[38].u_inv._cell/A (sg13g2_inv_1)
     1    0.00    0.02    0.03    3.38 ^ u_dut.g_seg[0].u_bank.g_inv[38].u_inv._cell/Y (sg13g2_inv_1)
                                         u_dut.g_seg[0].u_bank.node[39] (net)
                  0.02    0.00    3.38 ^ u_dut.g_seg[0].u_bank.g_inv[39].u_inv._cell/A (sg13g2_inv_1)
     1    0.00    0.02    0.03    3.41 v u_dut.g_seg[0].u_bank.g_inv[39].u_inv._cell/Y (sg13g2_inv_1)
                                         u_dut.g_seg[0].u_bank.node[40] (net)
                  0.02    0.00    3.41 v u_dut.g_seg[0].u_bank.g_inv[40].u_inv._cell/A (sg13g2_inv_1)
     1    0.00    0.02    0.03    3.43 ^ u_dut.g_seg[0].u_bank.g_inv[40].u_inv._cell/Y (sg13g2_inv_1)
                                         u_dut.g_seg[0].u_bank.node[41] (net)
                  0.02    0.00    3.43 ^ u_dut.g_seg[0].u_bank.g_inv[41].u_inv._cell/A (sg13g2_inv_1)
     1    0.00    0.02    0.03    3.46 v u_dut.g_seg[0].u_bank.g_inv[41].u_inv._cell/Y (sg13g2_inv_1)
                                         u_dut.g_seg[0].u_bank.node[42] (net)
                  0.02    0.00    3.46 v u_dut.g_seg[0].u_bank.g_inv[42].u_inv._cell/A (sg13g2_inv_1)
     1    0.00    0.02    0.03    3.49 ^ u_dut.g_seg[0].u_bank.g_inv[42].u_inv._cell/Y (sg13g2_inv_1)
                                         u_dut.g_seg[0].u_bank.node[43] (net)
                  0.02    0.00    3.49 ^ u_dut.g_seg[0].u_bank.g_inv[43].u_inv._cell/A (sg13g2_inv_1)
     1    0.00    0.02    0.03    3.51 v u_dut.g_seg[0].u_bank.g_inv[43].u_inv._cell/Y (sg13g2_inv_1)
                                         u_dut.g_seg[0].u_bank.node[44] (net)
                  0.02    0.00    3.51 v u_dut.g_seg[0].u_bank.g_inv[44].u_inv._cell/A (sg13g2_inv_1)
     1    0.00    0.02    0.03    3.54 ^ u_dut.g_seg[0].u_bank.g_inv[44].u_inv._cell/Y (sg13g2_inv_1)
                                         u_dut.g_seg[0].u_bank.node[45] (net)
                  0.02    0.00    3.54 ^ u_dut.g_seg[0].u_bank.g_inv[45].u_inv._cell/A (sg13g2_inv_1)
     1    0.00    0.02    0.03    3.57 v u_dut.g_seg[0].u_bank.g_inv[45].u_inv._cell/Y (sg13g2_inv_1)
                                         u_dut.g_seg[0].u_bank.node[46] (net)
                  0.02    0.00    3.57 v u_dut.g_seg[0].u_bank.g_inv[46].u_inv._cell/A (sg13g2_inv_1)
     1    0.00    0.02    0.03    3.59 ^ u_dut.g_seg[0].u_bank.g_inv[46].u_inv._cell/Y (sg13g2_inv_1)
                                         u_dut.g_seg[0].u_bank.node[47] (net)
                  0.02    0.00    3.59 ^ u_dut.g_seg[0].u_bank.g_inv[47].u_inv._cell/A (sg13g2_inv_1)
     1    0.00    0.02    0.03    3.62 v u_dut.g_seg[0].u_bank.g_inv[47].u_inv._cell/Y (sg13g2_inv_1)
                                         u_dut.g_seg[0].u_bank.node[48] (net)
                  0.02    0.00    3.62 v u_dut.g_seg[0].u_bank.g_inv[48].u_inv._cell/A (sg13g2_inv_1)
     1    0.00    0.02    0.03    3.65 ^ u_dut.g_seg[0].u_bank.g_inv[48].u_inv._cell/Y (sg13g2_inv_1)
                                         u_dut.g_seg[0].u_bank.node[49] (net)
                  0.02    0.00    3.65 ^ u_dut.g_seg[0].u_bank.g_inv[49].u_inv._cell/A (sg13g2_inv_1)
     1    0.00    0.02    0.03    3.68 v u_dut.g_seg[0].u_bank.g_inv[49].u_inv._cell/Y (sg13g2_inv_1)
                                         u_dut.g_seg[0].u_bank.node[50] (net)
                  0.02    0.00    3.68 v u_dut.g_seg[0].u_bank.g_inv[50].u_inv._cell/A (sg13g2_inv_1)
     1    0.00    0.02    0.03    3.71 ^ u_dut.g_seg[0].u_bank.g_inv[50].u_inv._cell/Y (sg13g2_inv_1)
                                         u_dut.g_seg[0].u_bank.node[51] (net)
                  0.02    0.00    3.71 ^ u_dut.g_seg[0].u_bank.g_inv[51].u_inv._cell/A (sg13g2_inv_1)
     1    0.00    0.02    0.03    3.74 v u_dut.g_seg[0].u_bank.g_inv[51].u_inv._cell/Y (sg13g2_inv_1)
                                         u_dut.g_seg[0].u_bank.node[52] (net)
                  0.02    0.00    3.74 v u_dut.g_seg[0].u_bank.g_inv[52].u_inv._cell/A (sg13g2_inv_1)
     1    0.00    0.02    0.03    3.76 ^ u_dut.g_seg[0].u_bank.g_inv[52].u_inv._cell/Y (sg13g2_inv_1)
                                         u_dut.g_seg[0].u_bank.node[53] (net)
                  0.02    0.00    3.76 ^ u_dut.g_seg[0].u_bank.g_inv[53].u_inv._cell/A (sg13g2_inv_1)
     1    0.00    0.02    0.03    3.79 v u_dut.g_seg[0].u_bank.g_inv[53].u_inv._cell/Y (sg13g2_inv_1)
                                         u_dut.g_seg[0].u_bank.node[54] (net)
                  0.02    0.00    3.79 v u_dut.g_seg[0].u_bank.g_inv[54].u_inv._cell/A (sg13g2_inv_1)
     1    0.00    0.02    0.03    3.82 ^ u_dut.g_seg[0].u_bank.g_inv[54].u_inv._cell/Y (sg13g2_inv_1)
                                         u_dut.g_seg[0].u_bank.node[55] (net)
                  0.02    0.00    3.82 ^ u_dut.g_seg[0].u_bank.g_inv[55].u_inv._cell/A (sg13g2_inv_1)
     1    0.00    0.02    0.02    3.84 v u_dut.g_seg[0].u_bank.g_inv[55].u_inv._cell/Y (sg13g2_inv_1)
                                         u_dut.g_seg[0].u_bank.node[56] (net)
                  0.02    0.00    3.84 v u_dut.g_seg[0].u_bank.g_inv[56].u_inv._cell/A (sg13g2_inv_1)
     1    0.00    0.02    0.03    3.87 ^ u_dut.g_seg[0].u_bank.g_inv[56].u_inv._cell/Y (sg13g2_inv_1)
                                         u_dut.g_seg[0].u_bank.node[57] (net)
                  0.02    0.00    3.87 ^ u_dut.g_seg[0].u_bank.g_inv[57].u_inv._cell/A (sg13g2_inv_1)
     1    0.00    0.02    0.02    3.89 v u_dut.g_seg[0].u_bank.g_inv[57].u_inv._cell/Y (sg13g2_inv_1)
                                         u_dut.g_seg[0].u_bank.node[58] (net)
                  0.02    0.00    3.89 v u_dut.g_seg[0].u_bank.g_inv[58].u_inv._cell/A (sg13g2_inv_1)
     1    0.00    0.02    0.03    3.92 ^ u_dut.g_seg[0].u_bank.g_inv[58].u_inv._cell/Y (sg13g2_inv_1)
                                         u_dut.g_seg[0].u_bank.node[59] (net)
                  0.02    0.00    3.92 ^ u_dut.g_seg[0].u_bank.g_inv[59].u_inv._cell/A (sg13g2_inv_1)
     1    0.00    0.02    0.02    3.94 v u_dut.g_seg[0].u_bank.g_inv[59].u_inv._cell/Y (sg13g2_inv_1)
                                         u_dut.g_seg[0].u_bank.node[60] (net)
                  0.02    0.00    3.94 v u_dut.g_seg[0].u_bank.g_inv[60].u_inv._cell/A (sg13g2_inv_1)
     1    0.00    0.02    0.03    3.97 ^ u_dut.g_seg[0].u_bank.g_inv[60].u_inv._cell/Y (sg13g2_inv_1)
                                         u_dut.g_seg[0].u_bank.node[61] (net)
                  0.02    0.00    3.97 ^ u_dut.g_seg[0].u_bank.g_inv[61].u_inv._cell/A (sg13g2_inv_1)
     1    0.00    0.02    0.02    3.99 v u_dut.g_seg[0].u_bank.g_inv[61].u_inv._cell/Y (sg13g2_inv_1)
                                         u_dut.g_seg[0].u_bank.node[62] (net)
                  0.02    0.00    3.99 v u_dut.g_seg[0].u_bank.g_inv[62].u_inv._cell/A (sg13g2_inv_1)
     1    0.00    0.02    0.03    4.02 ^ u_dut.g_seg[0].u_bank.g_inv[62].u_inv._cell/Y (sg13g2_inv_1)
                                         u_dut.g_seg[0].u_bank.node[63] (net)
                  0.02    0.00    4.02 ^ u_dut.g_seg[0].u_bank.g_inv[63].u_inv._cell/A (sg13g2_inv_1)
     2    0.01    0.03    0.03    4.05 v u_dut.g_seg[0].u_bank.g_inv[63].u_inv._cell/Y (sg13g2_inv_1)
                                         u_dut.g_seg[0].u_bank.node[64] (net)
                  0.03    0.00    4.05 v u_dut.g_seg[0].u_bank.g_inv[64].u_inv._cell/A (sg13g2_inv_1)
     1    0.00    0.02    0.03    4.08 ^ u_dut.g_seg[0].u_bank.g_inv[64].u_inv._cell/Y (sg13g2_inv_1)
                                         u_dut.g_seg[0].u_bank.node[65] (net)
                  0.02    0.00    4.08 ^ u_dut.g_seg[0].u_bank.g_inv[65].u_inv._cell/A (sg13g2_inv_1)
     1    0.00    0.02    0.03    4.11 v u_dut.g_seg[0].u_bank.g_inv[65].u_inv._cell/Y (sg13g2_inv_1)
                                         u_dut.g_seg[0].u_bank.node[66] (net)
                  0.02    0.00    4.11 v u_dut.g_seg[0].u_bank.g_inv[66].u_inv._cell/A (sg13g2_inv_1)
     1    0.00    0.02    0.03    4.13 ^ u_dut.g_seg[0].u_bank.g_inv[66].u_inv._cell/Y (sg13g2_inv_1)
                                         u_dut.g_seg[0].u_bank.node[67] (net)
                  0.02    0.00    4.13 ^ u_dut.g_seg[0].u_bank.g_inv[67].u_inv._cell/A (sg13g2_inv_1)
     1    0.00    0.02    0.03    4.16 v u_dut.g_seg[0].u_bank.g_inv[67].u_inv._cell/Y (sg13g2_inv_1)
                                         u_dut.g_seg[0].u_bank.node[68] (net)
                  0.02    0.00    4.16 v u_dut.g_seg[0].u_bank.g_inv[68].u_inv._cell/A (sg13g2_inv_1)
     1    0.00    0.02    0.03    4.18 ^ u_dut.g_seg[0].u_bank.g_inv[68].u_inv._cell/Y (sg13g2_inv_1)
                                         u_dut.g_seg[0].u_bank.node[69] (net)
                  0.02    0.00    4.18 ^ u_dut.g_seg[0].u_bank.g_inv[69].u_inv._cell/A (sg13g2_inv_1)
     1    0.00    0.02    0.03    4.21 v u_dut.g_seg[0].u_bank.g_inv[69].u_inv._cell/Y (sg13g2_inv_1)
                                         u_dut.g_seg[0].u_bank.node[70] (net)
                  0.02    0.00    4.21 v u_dut.g_seg[0].u_bank.g_inv[70].u_inv._cell/A (sg13g2_inv_1)
     1    0.00    0.02    0.03    4.24 ^ u_dut.g_seg[0].u_bank.g_inv[70].u_inv._cell/Y (sg13g2_inv_1)
                                         u_dut.g_seg[0].u_bank.node[71] (net)
                  0.02    0.00    4.24 ^ u_dut.g_seg[0].u_bank.g_inv[71].u_inv._cell/A (sg13g2_inv_1)
     1    0.00    0.02    0.03    4.27 v u_dut.g_seg[0].u_bank.g_inv[71].u_inv._cell/Y (sg13g2_inv_1)
                                         u_dut.g_seg[0].u_bank.node[72] (net)
                  0.02    0.00    4.27 v u_dut.g_seg[0].u_bank.g_inv[72].u_inv._cell/A (sg13g2_inv_1)
     1    0.00    0.02    0.03    4.30 ^ u_dut.g_seg[0].u_bank.g_inv[72].u_inv._cell/Y (sg13g2_inv_1)
                                         u_dut.g_seg[0].u_bank.node[73] (net)
                  0.02    0.00    4.30 ^ u_dut.g_seg[0].u_bank.g_inv[73].u_inv._cell/A (sg13g2_inv_1)
     1    0.00    0.02    0.03    4.32 v u_dut.g_seg[0].u_bank.g_inv[73].u_inv._cell/Y (sg13g2_inv_1)
                                         u_dut.g_seg[0].u_bank.node[74] (net)
                  0.02    0.00    4.32 v u_dut.g_seg[0].u_bank.g_inv[74].u_inv._cell/A (sg13g2_inv_1)
     1    0.00    0.02    0.03    4.35 ^ u_dut.g_seg[0].u_bank.g_inv[74].u_inv._cell/Y (sg13g2_inv_1)
                                         u_dut.g_seg[0].u_bank.node[75] (net)
                  0.02    0.00    4.35 ^ u_dut.g_seg[0].u_bank.g_inv[75].u_inv._cell/A (sg13g2_inv_1)
     1    0.00    0.02    0.02    4.37 v u_dut.g_seg[0].u_bank.g_inv[75].u_inv._cell/Y (sg13g2_inv_1)
                                         u_dut.g_seg[0].u_bank.node[76] (net)
                  0.02    0.00    4.37 v u_dut.g_seg[0].u_bank.g_inv[76].u_inv._cell/A (sg13g2_inv_1)
     1    0.00    0.02    0.03    4.40 ^ u_dut.g_seg[0].u_bank.g_inv[76].u_inv._cell/Y (sg13g2_inv_1)
                                         u_dut.g_seg[0].u_bank.node[77] (net)
                  0.02    0.00    4.40 ^ u_dut.g_seg[0].u_bank.g_inv[77].u_inv._cell/A (sg13g2_inv_1)
     1    0.00    0.02    0.03    4.42 v u_dut.g_seg[0].u_bank.g_inv[77].u_inv._cell/Y (sg13g2_inv_1)
                                         u_dut.g_seg[0].u_bank.node[78] (net)
                  0.02    0.00    4.42 v u_dut.g_seg[0].u_bank.g_inv[78].u_inv._cell/A (sg13g2_inv_1)
     1    0.00    0.02    0.03    4.45 ^ u_dut.g_seg[0].u_bank.g_inv[78].u_inv._cell/Y (sg13g2_inv_1)
                                         u_dut.g_seg[0].u_bank.node[79] (net)
                  0.02    0.00    4.45 ^ u_dut.g_seg[0].u_bank.g_inv[79].u_inv._cell/A (sg13g2_inv_1)
     1    0.00    0.02    0.02    4.47 v u_dut.g_seg[0].u_bank.g_inv[79].u_inv._cell/Y (sg13g2_inv_1)
                                         u_dut.g_seg[0].u_bank.node[80] (net)
                  0.02    0.00    4.47 v u_dut.g_seg[0].u_bank.g_inv[80].u_inv._cell/A (sg13g2_inv_1)
     1    0.00    0.02    0.03    4.50 ^ u_dut.g_seg[0].u_bank.g_inv[80].u_inv._cell/Y (sg13g2_inv_1)
                                         u_dut.g_seg[0].u_bank.node[81] (net)
                  0.02    0.00    4.50 ^ u_dut.g_seg[0].u_bank.g_inv[81].u_inv._cell/A (sg13g2_inv_1)
     1    0.00    0.02    0.03    4.52 v u_dut.g_seg[0].u_bank.g_inv[81].u_inv._cell/Y (sg13g2_inv_1)
                                         u_dut.g_seg[0].u_bank.node[82] (net)
                  0.02    0.00    4.52 v u_dut.g_seg[0].u_bank.g_inv[82].u_inv._cell/A (sg13g2_inv_1)
     1    0.00    0.02    0.03    4.55 ^ u_dut.g_seg[0].u_bank.g_inv[82].u_inv._cell/Y (sg13g2_inv_1)
                                         u_dut.g_seg[0].u_bank.node[83] (net)
                  0.02    0.00    4.55 ^ u_dut.g_seg[0].u_bank.g_inv[83].u_inv._cell/A (sg13g2_inv_1)
     1    0.00    0.02    0.03    4.58 v u_dut.g_seg[0].u_bank.g_inv[83].u_inv._cell/Y (sg13g2_inv_1)
                                         u_dut.g_seg[0].u_bank.node[84] (net)
                  0.02    0.00    4.58 v u_dut.g_seg[0].u_bank.g_inv[84].u_inv._cell/A (sg13g2_inv_1)
     1    0.00    0.02    0.03    4.61 ^ u_dut.g_seg[0].u_bank.g_inv[84].u_inv._cell/Y (sg13g2_inv_1)
                                         u_dut.g_seg[0].u_bank.node[85] (net)
                  0.02    0.00    4.61 ^ u_dut.g_seg[0].u_bank.g_inv[85].u_inv._cell/A (sg13g2_inv_1)
     1    0.00    0.02    0.03    4.63 v u_dut.g_seg[0].u_bank.g_inv[85].u_inv._cell/Y (sg13g2_inv_1)
                                         u_dut.g_seg[0].u_bank.node[86] (net)
                  0.02    0.00    4.63 v u_dut.g_seg[0].u_bank.g_inv[86].u_inv._cell/A (sg13g2_inv_1)
     1    0.00    0.02    0.03    4.66 ^ u_dut.g_seg[0].u_bank.g_inv[86].u_inv._cell/Y (sg13g2_inv_1)
                                         u_dut.g_seg[0].u_bank.node[87] (net)
                  0.02    0.00    4.66 ^ u_dut.g_seg[0].u_bank.g_inv[87].u_inv._cell/A (sg13g2_inv_1)
     1    0.00    0.02    0.03    4.69 v u_dut.g_seg[0].u_bank.g_inv[87].u_inv._cell/Y (sg13g2_inv_1)
                                         u_dut.g_seg[0].u_bank.node[88] (net)
                  0.02    0.00    4.69 v u_dut.g_seg[0].u_bank.g_inv[88].u_inv._cell/A (sg13g2_inv_1)
     1    0.00    0.02    0.03    4.72 ^ u_dut.g_seg[0].u_bank.g_inv[88].u_inv._cell/Y (sg13g2_inv_1)
                                         u_dut.g_seg[0].u_bank.node[89] (net)
                  0.02    0.00    4.72 ^ u_dut.g_seg[0].u_bank.g_inv[89].u_inv._cell/A (sg13g2_inv_1)
     1    0.00    0.02    0.03    4.74 v u_dut.g_seg[0].u_bank.g_inv[89].u_inv._cell/Y (sg13g2_inv_1)
                                         u_dut.g_seg[0].u_bank.node[90] (net)
                  0.02    0.00    4.75 v u_dut.g_seg[0].u_bank.g_inv[90].u_inv._cell/A (sg13g2_inv_1)
     1    0.00    0.02    0.03    4.77 ^ u_dut.g_seg[0].u_bank.g_inv[90].u_inv._cell/Y (sg13g2_inv_1)
                                         u_dut.g_seg[0].u_bank.node[91] (net)
                  0.02    0.00    4.77 ^ u_dut.g_seg[0].u_bank.g_inv[91].u_inv._cell/A (sg13g2_inv_1)
     1    0.00    0.02    0.02    4.80 v u_dut.g_seg[0].u_bank.g_inv[91].u_inv._cell/Y (sg13g2_inv_1)
                                         u_dut.g_seg[0].u_bank.node[92] (net)
                  0.02    0.00    4.80 v u_dut.g_seg[0].u_bank.g_inv[92].u_inv._cell/A (sg13g2_inv_1)
     1    0.00    0.02    0.03    4.82 ^ u_dut.g_seg[0].u_bank.g_inv[92].u_inv._cell/Y (sg13g2_inv_1)
                                         u_dut.g_seg[0].u_bank.node[93] (net)
                  0.02    0.00    4.82 ^ u_dut.g_seg[0].u_bank.g_inv[93].u_inv._cell/A (sg13g2_inv_1)
     1    0.00    0.02    0.03    4.85 v u_dut.g_seg[0].u_bank.g_inv[93].u_inv._cell/Y (sg13g2_inv_1)
                                         u_dut.g_seg[0].u_bank.node[94] (net)
                  0.02    0.00    4.85 v u_dut.g_seg[0].u_bank.g_inv[94].u_inv._cell/A (sg13g2_inv_1)
     1    0.00    0.03    0.03    4.88 ^ u_dut.g_seg[0].u_bank.g_inv[94].u_inv._cell/Y (sg13g2_inv_1)
                                         u_dut.g_seg[0].u_bank.node[95] (net)
                  0.03    0.00    4.88 ^ u_dut.g_seg[0].u_bank.g_inv[95].u_inv._cell/A (sg13g2_inv_1)
     1    0.00    0.02    0.03    4.91 v u_dut.g_seg[0].u_bank.g_inv[95].u_inv._cell/Y (sg13g2_inv_1)
                                         u_dut.g_seg[0].u_bank.node[96] (net)
                  0.02    0.00    4.91 v u_dut.g_seg[0].u_bank.u_mux.u_m1/A1 (sg13g2_mux2_1)
     1    0.00    0.04    0.10    5.01 v u_dut.g_seg[0].u_bank.u_mux.u_m1/X (sg13g2_mux2_1)
                                         u_dut.g_seg[0].u_bank.u_mux.w1 (net)
                  0.04    0.00    5.01 v u_dut.g_seg[0].u_bank.u_mux.u_m2/A1 (sg13g2_mux2_1)
     2    0.03    0.10    0.19    5.20 v u_dut.g_seg[0].u_bank.u_mux.u_m2/X (sg13g2_mux2_1)
                                         u_dut.g_seg[0].bank_dout (net)
                  0.10    0.00    5.20 v u_dut.g_seg[1].g_fa[0].u_fa.u_a2/A (sg13g2_and2_1)
     1    0.00    0.02    0.10    5.29 v u_dut.g_seg[1].g_fa[0].u_fa.u_a2/X (sg13g2_and2_1)
                                         u_dut.g_seg[1].g_fa[0].u_fa.v (net)
                  0.02    0.00    5.29 v u_dut.g_seg[1].g_fa[0].u_fa.u_o1/B (sg13g2_or2_1)
     2    0.01    0.04    0.11    5.41 v u_dut.g_seg[1].g_fa[0].u_fa.u_o1/X (sg13g2_or2_1)
                                         u_dut.g_seg[1].g_fa[0].u_fa.co (net)
                  0.04    0.00    5.41 v u_dut.g_seg[1].g_fa[1].u_fa.u_a2/A (sg13g2_and2_1)
     1    0.00    0.02    0.07    5.48 v u_dut.g_seg[1].g_fa[1].u_fa.u_a2/X (sg13g2_and2_1)
                                         u_dut.g_seg[1].g_fa[1].u_fa.v (net)
                  0.02    0.00    5.48 v u_dut.g_seg[1].g_fa[1].u_fa.u_o1/B (sg13g2_or2_1)
     2    0.01    0.05    0.12    5.60 v u_dut.g_seg[1].g_fa[1].u_fa.u_o1/X (sg13g2_or2_1)
                                         u_dut.g_seg[1].g_fa[1].u_fa.co (net)
                  0.05    0.00    5.60 v u_dut.g_seg[1].g_fa[2].u_fa.u_a2/A (sg13g2_and2_1)
     1    0.00    0.02    0.08    5.68 v u_dut.g_seg[1].g_fa[2].u_fa.u_a2/X (sg13g2_and2_1)
                                         u_dut.g_seg[1].g_fa[2].u_fa.v (net)
                  0.02    0.00    5.68 v u_dut.g_seg[1].g_fa[2].u_fa.u_o1/B (sg13g2_or2_1)
     2    0.01    0.04    0.11    5.79 v u_dut.g_seg[1].g_fa[2].u_fa.u_o1/X (sg13g2_or2_1)
                                         u_dut.g_seg[1].g_fa[2].u_fa.co (net)
                  0.04    0.00    5.79 v u_dut.g_seg[1].g_fa[3].u_fa.u_a2/A (sg13g2_and2_1)
     1    0.00    0.02    0.07    5.86 v u_dut.g_seg[1].g_fa[3].u_fa.u_a2/X (sg13g2_and2_1)
                                         u_dut.g_seg[1].g_fa[3].u_fa.v (net)
                  0.02    0.00    5.86 v u_dut.g_seg[1].g_fa[3].u_fa.u_o1/B (sg13g2_or2_1)
     2    0.01    0.05    0.12    5.98 v u_dut.g_seg[1].g_fa[3].u_fa.u_o1/X (sg13g2_or2_1)
                                         u_dut.g_seg[1].u_bank.node[0] (net)
                  0.05    0.00    5.98 v u_dut.g_seg[1].u_bank.g_inv[0].u_inv._cell/A (sg13g2_inv_1)
     1    0.00    0.03    0.04    6.02 ^ u_dut.g_seg[1].u_bank.g_inv[0].u_inv._cell/Y (sg13g2_inv_1)
                                         u_dut.g_seg[1].u_bank.node[1] (net)
                  0.03    0.00    6.02 ^ u_dut.g_seg[1].u_bank.g_inv[1].u_inv._cell/A (sg13g2_inv_1)
     1    0.00    0.02    0.03    6.04 v u_dut.g_seg[1].u_bank.g_inv[1].u_inv._cell/Y (sg13g2_inv_1)
                                         u_dut.g_seg[1].u_bank.node[2] (net)
                  0.02    0.00    6.04 v u_dut.g_seg[1].u_bank.g_inv[2].u_inv._cell/A (sg13g2_inv_1)
     1    0.00    0.02    0.03    6.07 ^ u_dut.g_seg[1].u_bank.g_inv[2].u_inv._cell/Y (sg13g2_inv_1)
                                         u_dut.g_seg[1].u_bank.node[3] (net)
                  0.02    0.00    6.07 ^ u_dut.g_seg[1].u_bank.g_inv[3].u_inv._cell/A (sg13g2_inv_1)
     1    0.00    0.02    0.03    6.10 v u_dut.g_seg[1].u_bank.g_inv[3].u_inv._cell/Y (sg13g2_inv_1)
                                         u_dut.g_seg[1].u_bank.node[4] (net)
                  0.02    0.00    6.10 v u_dut.g_seg[1].u_bank.g_inv[4].u_inv._cell/A (sg13g2_inv_1)
     1    0.00    0.02    0.03    6.13 ^ u_dut.g_seg[1].u_bank.g_inv[4].u_inv._cell/Y (sg13g2_inv_1)
                                         u_dut.g_seg[1].u_bank.node[5] (net)
                  0.02    0.00    6.13 ^ u_dut.g_seg[1].u_bank.g_inv[5].u_inv._cell/A (sg13g2_inv_1)
     1    0.00    0.02    0.03    6.16 v u_dut.g_seg[1].u_bank.g_inv[5].u_inv._cell/Y (sg13g2_inv_1)
                                         u_dut.g_seg[1].u_bank.node[6] (net)
                  0.02    0.00    6.16 v u_dut.g_seg[1].u_bank.g_inv[6].u_inv._cell/A (sg13g2_inv_1)
     1    0.00    0.02    0.03    6.19 ^ u_dut.g_seg[1].u_bank.g_inv[6].u_inv._cell/Y (sg13g2_inv_1)
                                         u_dut.g_seg[1].u_bank.node[7] (net)
                  0.02    0.00    6.19 ^ u_dut.g_seg[1].u_bank.g_inv[7].u_inv._cell/A (sg13g2_inv_1)
     1    0.00    0.02    0.03    6.21 v u_dut.g_seg[1].u_bank.g_inv[7].u_inv._cell/Y (sg13g2_inv_1)
                                         u_dut.g_seg[1].u_bank.node[8] (net)
                  0.02    0.00    6.21 v u_dut.g_seg[1].u_bank.g_inv[8].u_inv._cell/A (sg13g2_inv_1)
     1    0.00    0.02    0.03    6.24 ^ u_dut.g_seg[1].u_bank.g_inv[8].u_inv._cell/Y (sg13g2_inv_1)
                                         u_dut.g_seg[1].u_bank.node[9] (net)
                  0.02    0.00    6.24 ^ u_dut.g_seg[1].u_bank.g_inv[9].u_inv._cell/A (sg13g2_inv_1)
     1    0.00    0.02    0.03    6.26 v u_dut.g_seg[1].u_bank.g_inv[9].u_inv._cell/Y (sg13g2_inv_1)
                                         u_dut.g_seg[1].u_bank.node[10] (net)
                  0.02    0.00    6.26 v u_dut.g_seg[1].u_bank.g_inv[10].u_inv._cell/A (sg13g2_inv_1)
     1    0.00    0.02    0.03    6.29 ^ u_dut.g_seg[1].u_bank.g_inv[10].u_inv._cell/Y (sg13g2_inv_1)
                                         u_dut.g_seg[1].u_bank.node[11] (net)
                  0.02    0.00    6.29 ^ u_dut.g_seg[1].u_bank.g_inv[11].u_inv._cell/A (sg13g2_inv_1)
     1    0.00    0.02    0.02    6.31 v u_dut.g_seg[1].u_bank.g_inv[11].u_inv._cell/Y (sg13g2_inv_1)
                                         u_dut.g_seg[1].u_bank.node[12] (net)
                  0.02    0.00    6.32 v u_dut.g_seg[1].u_bank.g_inv[12].u_inv._cell/A (sg13g2_inv_1)
     1    0.00    0.02    0.03    6.34 ^ u_dut.g_seg[1].u_bank.g_inv[12].u_inv._cell/Y (sg13g2_inv_1)
                                         u_dut.g_seg[1].u_bank.node[13] (net)
                  0.02    0.00    6.34 ^ u_dut.g_seg[1].u_bank.g_inv[13].u_inv._cell/A (sg13g2_inv_1)
     1    0.00    0.02    0.03    6.37 v u_dut.g_seg[1].u_bank.g_inv[13].u_inv._cell/Y (sg13g2_inv_1)
                                         u_dut.g_seg[1].u_bank.node[14] (net)
                  0.02    0.00    6.37 v u_dut.g_seg[1].u_bank.g_inv[14].u_inv._cell/A (sg13g2_inv_1)
     1    0.00    0.02    0.03    6.39 ^ u_dut.g_seg[1].u_bank.g_inv[14].u_inv._cell/Y (sg13g2_inv_1)
                                         u_dut.g_seg[1].u_bank.node[15] (net)
                  0.02    0.00    6.39 ^ u_dut.g_seg[1].u_bank.g_inv[15].u_inv._cell/A (sg13g2_inv_1)
     1    0.00    0.02    0.03    6.42 v u_dut.g_seg[1].u_bank.g_inv[15].u_inv._cell/Y (sg13g2_inv_1)
                                         u_dut.g_seg[1].u_bank.node[16] (net)
                  0.02    0.00    6.42 v u_dut.g_seg[1].u_bank.g_inv[16].u_inv._cell/A (sg13g2_inv_1)
     1    0.00    0.02    0.03    6.45 ^ u_dut.g_seg[1].u_bank.g_inv[16].u_inv._cell/Y (sg13g2_inv_1)
                                         u_dut.g_seg[1].u_bank.node[17] (net)
                  0.02    0.00    6.45 ^ u_dut.g_seg[1].u_bank.g_inv[17].u_inv._cell/A (sg13g2_inv_1)
     1    0.00    0.02    0.03    6.47 v u_dut.g_seg[1].u_bank.g_inv[17].u_inv._cell/Y (sg13g2_inv_1)
                                         u_dut.g_seg[1].u_bank.node[18] (net)
                  0.02    0.00    6.47 v u_dut.g_seg[1].u_bank.g_inv[18].u_inv._cell/A (sg13g2_inv_1)
     1    0.00    0.02    0.03    6.50 ^ u_dut.g_seg[1].u_bank.g_inv[18].u_inv._cell/Y (sg13g2_inv_1)
                                         u_dut.g_seg[1].u_bank.node[19] (net)
                  0.02    0.00    6.50 ^ u_dut.g_seg[1].u_bank.g_inv[19].u_inv._cell/A (sg13g2_inv_1)
     1    0.00    0.02    0.03    6.53 v u_dut.g_seg[1].u_bank.g_inv[19].u_inv._cell/Y (sg13g2_inv_1)
                                         u_dut.g_seg[1].u_bank.node[20] (net)
                  0.02    0.00    6.53 v u_dut.g_seg[1].u_bank.g_inv[20].u_inv._cell/A (sg13g2_inv_1)
     1    0.00    0.02    0.03    6.56 ^ u_dut.g_seg[1].u_bank.g_inv[20].u_inv._cell/Y (sg13g2_inv_1)
                                         u_dut.g_seg[1].u_bank.node[21] (net)
                  0.02    0.00    6.56 ^ u_dut.g_seg[1].u_bank.g_inv[21].u_inv._cell/A (sg13g2_inv_1)
     1    0.00    0.02    0.03    6.58 v u_dut.g_seg[1].u_bank.g_inv[21].u_inv._cell/Y (sg13g2_inv_1)
                                         u_dut.g_seg[1].u_bank.node[22] (net)
                  0.02    0.00    6.58 v u_dut.g_seg[1].u_bank.g_inv[22].u_inv._cell/A (sg13g2_inv_1)
     1    0.00    0.02    0.03    6.61 ^ u_dut.g_seg[1].u_bank.g_inv[22].u_inv._cell/Y (sg13g2_inv_1)
                                         u_dut.g_seg[1].u_bank.node[23] (net)
                  0.02    0.00    6.61 ^ u_dut.g_seg[1].u_bank.g_inv[23].u_inv._cell/A (sg13g2_inv_1)
     1    0.00    0.02    0.03    6.64 v u_dut.g_seg[1].u_bank.g_inv[23].u_inv._cell/Y (sg13g2_inv_1)
                                         u_dut.g_seg[1].u_bank.node[24] (net)
                  0.02    0.00    6.64 v u_dut.g_seg[1].u_bank.g_inv[24].u_inv._cell/A (sg13g2_inv_1)
     1    0.00    0.02    0.03    6.67 ^ u_dut.g_seg[1].u_bank.g_inv[24].u_inv._cell/Y (sg13g2_inv_1)
                                         u_dut.g_seg[1].u_bank.node[25] (net)
                  0.02    0.00    6.67 ^ u_dut.g_seg[1].u_bank.g_inv[25].u_inv._cell/A (sg13g2_inv_1)
     1    0.00    0.02    0.03    6.69 v u_dut.g_seg[1].u_bank.g_inv[25].u_inv._cell/Y (sg13g2_inv_1)
                                         u_dut.g_seg[1].u_bank.node[26] (net)
                  0.02    0.00    6.69 v u_dut.g_seg[1].u_bank.g_inv[26].u_inv._cell/A (sg13g2_inv_1)
     1    0.00    0.02    0.03    6.72 ^ u_dut.g_seg[1].u_bank.g_inv[26].u_inv._cell/Y (sg13g2_inv_1)
                                         u_dut.g_seg[1].u_bank.node[27] (net)
                  0.02    0.00    6.72 ^ u_dut.g_seg[1].u_bank.g_inv[27].u_inv._cell/A (sg13g2_inv_1)
     1    0.00    0.02    0.03    6.75 v u_dut.g_seg[1].u_bank.g_inv[27].u_inv._cell/Y (sg13g2_inv_1)
                                         u_dut.g_seg[1].u_bank.node[28] (net)
                  0.02    0.00    6.75 v u_dut.g_seg[1].u_bank.g_inv[28].u_inv._cell/A (sg13g2_inv_1)
     1    0.00    0.02    0.03    6.78 ^ u_dut.g_seg[1].u_bank.g_inv[28].u_inv._cell/Y (sg13g2_inv_1)
                                         u_dut.g_seg[1].u_bank.node[29] (net)
                  0.02    0.00    6.78 ^ u_dut.g_seg[1].u_bank.g_inv[29].u_inv._cell/A (sg13g2_inv_1)
     1    0.00    0.02    0.03    6.81 v u_dut.g_seg[1].u_bank.g_inv[29].u_inv._cell/Y (sg13g2_inv_1)
                                         u_dut.g_seg[1].u_bank.node[30] (net)
                  0.02    0.00    6.81 v u_dut.g_seg[1].u_bank.g_inv[30].u_inv._cell/A (sg13g2_inv_1)
     1    0.00    0.02    0.03    6.84 ^ u_dut.g_seg[1].u_bank.g_inv[30].u_inv._cell/Y (sg13g2_inv_1)
                                         u_dut.g_seg[1].u_bank.node[31] (net)
                  0.02    0.00    6.84 ^ u_dut.g_seg[1].u_bank.g_inv[31].u_inv._cell/A (sg13g2_inv_1)
     2    0.01    0.03    0.04    6.87 v u_dut.g_seg[1].u_bank.g_inv[31].u_inv._cell/Y (sg13g2_inv_1)
                                         u_dut.g_seg[1].u_bank.node[32] (net)
                  0.03    0.00    6.87 v u_dut.g_seg[1].u_bank.g_inv[32].u_inv._cell/A (sg13g2_inv_1)
     1    0.00    0.02    0.03    6.90 ^ u_dut.g_seg[1].u_bank.g_inv[32].u_inv._cell/Y (sg13g2_inv_1)
                                         u_dut.g_seg[1].u_bank.node[33] (net)
                  0.02    0.00    6.90 ^ u_dut.g_seg[1].u_bank.g_inv[33].u_inv._cell/A (sg13g2_inv_1)
     1    0.00    0.02    0.03    6.93 v u_dut.g_seg[1].u_bank.g_inv[33].u_inv._cell/Y (sg13g2_inv_1)
                                         u_dut.g_seg[1].u_bank.node[34] (net)
                  0.02    0.00    6.93 v u_dut.g_seg[1].u_bank.g_inv[34].u_inv._cell/A (sg13g2_inv_1)
     1    0.00    0.02    0.03    6.95 ^ u_dut.g_seg[1].u_bank.g_inv[34].u_inv._cell/Y (sg13g2_inv_1)
                                         u_dut.g_seg[1].u_bank.node[35] (net)
                  0.02    0.00    6.95 ^ u_dut.g_seg[1].u_bank.g_inv[35].u_inv._cell/A (sg13g2_inv_1)
     1    0.00    0.02    0.03    6.98 v u_dut.g_seg[1].u_bank.g_inv[35].u_inv._cell/Y (sg13g2_inv_1)
                                         u_dut.g_seg[1].u_bank.node[36] (net)
                  0.02    0.00    6.98 v u_dut.g_seg[1].u_bank.g_inv[36].u_inv._cell/A (sg13g2_inv_1)
     1    0.00    0.02    0.03    7.01 ^ u_dut.g_seg[1].u_bank.g_inv[36].u_inv._cell/Y (sg13g2_inv_1)
                                         u_dut.g_seg[1].u_bank.node[37] (net)
                  0.02    0.00    7.01 ^ u_dut.g_seg[1].u_bank.g_inv[37].u_inv._cell/A (sg13g2_inv_1)
     1    0.00    0.02    0.02    7.03 v u_dut.g_seg[1].u_bank.g_inv[37].u_inv._cell/Y (sg13g2_inv_1)
                                         u_dut.g_seg[1].u_bank.node[38] (net)
                  0.02    0.00    7.03 v u_dut.g_seg[1].u_bank.g_inv[38].u_inv._cell/A (sg13g2_inv_1)
     1    0.00    0.02    0.03    7.06 ^ u_dut.g_seg[1].u_bank.g_inv[38].u_inv._cell/Y (sg13g2_inv_1)
                                         u_dut.g_seg[1].u_bank.node[39] (net)
                  0.02    0.00    7.06 ^ u_dut.g_seg[1].u_bank.g_inv[39].u_inv._cell/A (sg13g2_inv_1)
     1    0.00    0.02    0.03    7.08 v u_dut.g_seg[1].u_bank.g_inv[39].u_inv._cell/Y (sg13g2_inv_1)
                                         u_dut.g_seg[1].u_bank.node[40] (net)
                  0.02    0.00    7.08 v u_dut.g_seg[1].u_bank.g_inv[40].u_inv._cell/A (sg13g2_inv_1)
     1    0.00    0.02    0.03    7.11 ^ u_dut.g_seg[1].u_bank.g_inv[40].u_inv._cell/Y (sg13g2_inv_1)
                                         u_dut.g_seg[1].u_bank.node[41] (net)
                  0.02    0.00    7.11 ^ u_dut.g_seg[1].u_bank.g_inv[41].u_inv._cell/A (sg13g2_inv_1)
     1    0.00    0.02    0.02    7.13 v u_dut.g_seg[1].u_bank.g_inv[41].u_inv._cell/Y (sg13g2_inv_1)
                                         u_dut.g_seg[1].u_bank.node[42] (net)
                  0.02    0.00    7.13 v u_dut.g_seg[1].u_bank.g_inv[42].u_inv._cell/A (sg13g2_inv_1)
     1    0.00    0.02    0.03    7.16 ^ u_dut.g_seg[1].u_bank.g_inv[42].u_inv._cell/Y (sg13g2_inv_1)
                                         u_dut.g_seg[1].u_bank.node[43] (net)
                  0.02    0.00    7.16 ^ u_dut.g_seg[1].u_bank.g_inv[43].u_inv._cell/A (sg13g2_inv_1)
     1    0.00    0.02    0.03    7.18 v u_dut.g_seg[1].u_bank.g_inv[43].u_inv._cell/Y (sg13g2_inv_1)
                                         u_dut.g_seg[1].u_bank.node[44] (net)
                  0.02    0.00    7.18 v u_dut.g_seg[1].u_bank.g_inv[44].u_inv._cell/A (sg13g2_inv_1)
     1    0.00    0.02    0.03    7.21 ^ u_dut.g_seg[1].u_bank.g_inv[44].u_inv._cell/Y (sg13g2_inv_1)
                                         u_dut.g_seg[1].u_bank.node[45] (net)
                  0.02    0.00    7.21 ^ u_dut.g_seg[1].u_bank.g_inv[45].u_inv._cell/A (sg13g2_inv_1)
     1    0.00    0.02    0.02    7.24 v u_dut.g_seg[1].u_bank.g_inv[45].u_inv._cell/Y (sg13g2_inv_1)
                                         u_dut.g_seg[1].u_bank.node[46] (net)
                  0.02    0.00    7.24 v u_dut.g_seg[1].u_bank.g_inv[46].u_inv._cell/A (sg13g2_inv_1)
     1    0.00    0.02    0.03    7.26 ^ u_dut.g_seg[1].u_bank.g_inv[46].u_inv._cell/Y (sg13g2_inv_1)
                                         u_dut.g_seg[1].u_bank.node[47] (net)
                  0.02    0.00    7.26 ^ u_dut.g_seg[1].u_bank.g_inv[47].u_inv._cell/A (sg13g2_inv_1)
     1    0.00    0.02    0.03    7.29 v u_dut.g_seg[1].u_bank.g_inv[47].u_inv._cell/Y (sg13g2_inv_1)
                                         u_dut.g_seg[1].u_bank.node[48] (net)
                  0.02    0.00    7.29 v u_dut.g_seg[1].u_bank.g_inv[48].u_inv._cell/A (sg13g2_inv_1)
     1    0.00    0.02    0.03    7.31 ^ u_dut.g_seg[1].u_bank.g_inv[48].u_inv._cell/Y (sg13g2_inv_1)
                                         u_dut.g_seg[1].u_bank.node[49] (net)
                  0.02    0.00    7.31 ^ u_dut.g_seg[1].u_bank.g_inv[49].u_inv._cell/A (sg13g2_inv_1)
     1    0.00    0.02    0.03    7.34 v u_dut.g_seg[1].u_bank.g_inv[49].u_inv._cell/Y (sg13g2_inv_1)
                                         u_dut.g_seg[1].u_bank.node[50] (net)
                  0.02    0.00    7.34 v u_dut.g_seg[1].u_bank.g_inv[50].u_inv._cell/A (sg13g2_inv_1)
     1    0.00    0.02    0.03    7.37 ^ u_dut.g_seg[1].u_bank.g_inv[50].u_inv._cell/Y (sg13g2_inv_1)
                                         u_dut.g_seg[1].u_bank.node[51] (net)
                  0.02    0.00    7.37 ^ u_dut.g_seg[1].u_bank.g_inv[51].u_inv._cell/A (sg13g2_inv_1)
     1    0.00    0.02    0.03    7.39 v u_dut.g_seg[1].u_bank.g_inv[51].u_inv._cell/Y (sg13g2_inv_1)
                                         u_dut.g_seg[1].u_bank.node[52] (net)
                  0.02    0.00    7.39 v u_dut.g_seg[1].u_bank.g_inv[52].u_inv._cell/A (sg13g2_inv_1)
     1    0.00    0.02    0.03    7.42 ^ u_dut.g_seg[1].u_bank.g_inv[52].u_inv._cell/Y (sg13g2_inv_1)
                                         u_dut.g_seg[1].u_bank.node[53] (net)
                  0.02    0.00    7.42 ^ u_dut.g_seg[1].u_bank.g_inv[53].u_inv._cell/A (sg13g2_inv_1)
     1    0.00    0.02    0.03    7.45 v u_dut.g_seg[1].u_bank.g_inv[53].u_inv._cell/Y (sg13g2_inv_1)
                                         u_dut.g_seg[1].u_bank.node[54] (net)
                  0.02    0.00    7.45 v u_dut.g_seg[1].u_bank.g_inv[54].u_inv._cell/A (sg13g2_inv_1)
     1    0.00    0.02    0.03    7.47 ^ u_dut.g_seg[1].u_bank.g_inv[54].u_inv._cell/Y (sg13g2_inv_1)
                                         u_dut.g_seg[1].u_bank.node[55] (net)
                  0.02    0.00    7.47 ^ u_dut.g_seg[1].u_bank.g_inv[55].u_inv._cell/A (sg13g2_inv_1)
     1    0.00    0.02    0.03    7.50 v u_dut.g_seg[1].u_bank.g_inv[55].u_inv._cell/Y (sg13g2_inv_1)
                                         u_dut.g_seg[1].u_bank.node[56] (net)
                  0.02    0.00    7.50 v u_dut.g_seg[1].u_bank.g_inv[56].u_inv._cell/A (sg13g2_inv_1)
     1    0.00    0.02    0.03    7.53 ^ u_dut.g_seg[1].u_bank.g_inv[56].u_inv._cell/Y (sg13g2_inv_1)
                                         u_dut.g_seg[1].u_bank.node[57] (net)
                  0.02    0.00    7.53 ^ u_dut.g_seg[1].u_bank.g_inv[57].u_inv._cell/A (sg13g2_inv_1)
     1    0.00    0.02    0.02    7.55 v u_dut.g_seg[1].u_bank.g_inv[57].u_inv._cell/Y (sg13g2_inv_1)
                                         u_dut.g_seg[1].u_bank.node[58] (net)
                  0.02    0.00    7.55 v u_dut.g_seg[1].u_bank.g_inv[58].u_inv._cell/A (sg13g2_inv_1)
     1    0.00    0.02    0.03    7.58 ^ u_dut.g_seg[1].u_bank.g_inv[58].u_inv._cell/Y (sg13g2_inv_1)
                                         u_dut.g_seg[1].u_bank.node[59] (net)
                  0.02    0.00    7.58 ^ u_dut.g_seg[1].u_bank.g_inv[59].u_inv._cell/A (sg13g2_inv_1)
     1    0.00    0.02    0.02    7.60 v u_dut.g_seg[1].u_bank.g_inv[59].u_inv._cell/Y (sg13g2_inv_1)
                                         u_dut.g_seg[1].u_bank.node[60] (net)
                  0.02    0.00    7.60 v u_dut.g_seg[1].u_bank.g_inv[60].u_inv._cell/A (sg13g2_inv_1)
     1    0.00    0.02    0.03    7.63 ^ u_dut.g_seg[1].u_bank.g_inv[60].u_inv._cell/Y (sg13g2_inv_1)
                                         u_dut.g_seg[1].u_bank.node[61] (net)
                  0.02    0.00    7.63 ^ u_dut.g_seg[1].u_bank.g_inv[61].u_inv._cell/A (sg13g2_inv_1)
     1    0.00    0.02    0.03    7.65 v u_dut.g_seg[1].u_bank.g_inv[61].u_inv._cell/Y (sg13g2_inv_1)
                                         u_dut.g_seg[1].u_bank.node[62] (net)
                  0.02    0.00    7.65 v u_dut.g_seg[1].u_bank.g_inv[62].u_inv._cell/A (sg13g2_inv_1)
     1    0.00    0.02    0.03    7.68 ^ u_dut.g_seg[1].u_bank.g_inv[62].u_inv._cell/Y (sg13g2_inv_1)
                                         u_dut.g_seg[1].u_bank.node[63] (net)
                  0.02    0.00    7.68 ^ u_dut.g_seg[1].u_bank.g_inv[63].u_inv._cell/A (sg13g2_inv_1)
     2    0.01    0.03    0.03    7.71 v u_dut.g_seg[1].u_bank.g_inv[63].u_inv._cell/Y (sg13g2_inv_1)
                                         u_dut.g_seg[1].u_bank.node[64] (net)
                  0.03    0.00    7.71 v u_dut.g_seg[1].u_bank.g_inv[64].u_inv._cell/A (sg13g2_inv_1)
     1    0.00    0.02    0.03    7.74 ^ u_dut.g_seg[1].u_bank.g_inv[64].u_inv._cell/Y (sg13g2_inv_1)
                                         u_dut.g_seg[1].u_bank.node[65] (net)
                  0.02    0.00    7.74 ^ u_dut.g_seg[1].u_bank.g_inv[65].u_inv._cell/A (sg13g2_inv_1)
     1    0.00    0.02    0.03    7.77 v u_dut.g_seg[1].u_bank.g_inv[65].u_inv._cell/Y (sg13g2_inv_1)
                                         u_dut.g_seg[1].u_bank.node[66] (net)
                  0.02    0.00    7.77 v u_dut.g_seg[1].u_bank.g_inv[66].u_inv._cell/A (sg13g2_inv_1)
     1    0.00    0.02    0.03    7.80 ^ u_dut.g_seg[1].u_bank.g_inv[66].u_inv._cell/Y (sg13g2_inv_1)
                                         u_dut.g_seg[1].u_bank.node[67] (net)
                  0.02    0.00    7.80 ^ u_dut.g_seg[1].u_bank.g_inv[67].u_inv._cell/A (sg13g2_inv_1)
     1    0.00    0.02    0.03    7.82 v u_dut.g_seg[1].u_bank.g_inv[67].u_inv._cell/Y (sg13g2_inv_1)
                                         u_dut.g_seg[1].u_bank.node[68] (net)
                  0.02    0.00    7.82 v u_dut.g_seg[1].u_bank.g_inv[68].u_inv._cell/A (sg13g2_inv_1)
     1    0.00    0.02    0.03    7.85 ^ u_dut.g_seg[1].u_bank.g_inv[68].u_inv._cell/Y (sg13g2_inv_1)
                                         u_dut.g_seg[1].u_bank.node[69] (net)
                  0.02    0.00    7.85 ^ u_dut.g_seg[1].u_bank.g_inv[69].u_inv._cell/A (sg13g2_inv_1)
     1    0.00    0.02    0.03    7.87 v u_dut.g_seg[1].u_bank.g_inv[69].u_inv._cell/Y (sg13g2_inv_1)
                                         u_dut.g_seg[1].u_bank.node[70] (net)
                  0.02    0.00    7.87 v u_dut.g_seg[1].u_bank.g_inv[70].u_inv._cell/A (sg13g2_inv_1)
     1    0.00    0.02    0.03    7.90 ^ u_dut.g_seg[1].u_bank.g_inv[70].u_inv._cell/Y (sg13g2_inv_1)
                                         u_dut.g_seg[1].u_bank.node[71] (net)
                  0.02    0.00    7.90 ^ u_dut.g_seg[1].u_bank.g_inv[71].u_inv._cell/A (sg13g2_inv_1)
     1    0.00    0.02    0.03    7.92 v u_dut.g_seg[1].u_bank.g_inv[71].u_inv._cell/Y (sg13g2_inv_1)
                                         u_dut.g_seg[1].u_bank.node[72] (net)
                  0.02    0.00    7.92 v u_dut.g_seg[1].u_bank.g_inv[72].u_inv._cell/A (sg13g2_inv_1)
     1    0.00    0.02    0.03    7.95 ^ u_dut.g_seg[1].u_bank.g_inv[72].u_inv._cell/Y (sg13g2_inv_1)
                                         u_dut.g_seg[1].u_bank.node[73] (net)
                  0.02    0.00    7.95 ^ u_dut.g_seg[1].u_bank.g_inv[73].u_inv._cell/A (sg13g2_inv_1)
     1    0.00    0.02    0.03    7.98 v u_dut.g_seg[1].u_bank.g_inv[73].u_inv._cell/Y (sg13g2_inv_1)
                                         u_dut.g_seg[1].u_bank.node[74] (net)
                  0.02    0.00    7.98 v u_dut.g_seg[1].u_bank.g_inv[74].u_inv._cell/A (sg13g2_inv_1)
     1    0.00    0.02    0.03    8.00 ^ u_dut.g_seg[1].u_bank.g_inv[74].u_inv._cell/Y (sg13g2_inv_1)
                                         u_dut.g_seg[1].u_bank.node[75] (net)
                  0.02    0.00    8.00 ^ u_dut.g_seg[1].u_bank.g_inv[75].u_inv._cell/A (sg13g2_inv_1)
     1    0.00    0.02    0.02    8.03 v u_dut.g_seg[1].u_bank.g_inv[75].u_inv._cell/Y (sg13g2_inv_1)
                                         u_dut.g_seg[1].u_bank.node[76] (net)
                  0.02    0.00    8.03 v u_dut.g_seg[1].u_bank.g_inv[76].u_inv._cell/A (sg13g2_inv_1)
     1    0.00    0.02    0.03    8.06 ^ u_dut.g_seg[1].u_bank.g_inv[76].u_inv._cell/Y (sg13g2_inv_1)
                                         u_dut.g_seg[1].u_bank.node[77] (net)
                  0.02    0.00    8.06 ^ u_dut.g_seg[1].u_bank.g_inv[77].u_inv._cell/A (sg13g2_inv_1)
     1    0.00    0.02    0.03    8.08 v u_dut.g_seg[1].u_bank.g_inv[77].u_inv._cell/Y (sg13g2_inv_1)
                                         u_dut.g_seg[1].u_bank.node[78] (net)
                  0.02    0.00    8.08 v u_dut.g_seg[1].u_bank.g_inv[78].u_inv._cell/A (sg13g2_inv_1)
     1    0.00    0.02    0.03    8.11 ^ u_dut.g_seg[1].u_bank.g_inv[78].u_inv._cell/Y (sg13g2_inv_1)
                                         u_dut.g_seg[1].u_bank.node[79] (net)
                  0.02    0.00    8.11 ^ u_dut.g_seg[1].u_bank.g_inv[79].u_inv._cell/A (sg13g2_inv_1)
     1    0.00    0.02    0.03    8.14 v u_dut.g_seg[1].u_bank.g_inv[79].u_inv._cell/Y (sg13g2_inv_1)
                                         u_dut.g_seg[1].u_bank.node[80] (net)
                  0.02    0.00    8.14 v u_dut.g_seg[1].u_bank.g_inv[80].u_inv._cell/A (sg13g2_inv_1)
     1    0.00    0.02    0.03    8.16 ^ u_dut.g_seg[1].u_bank.g_inv[80].u_inv._cell/Y (sg13g2_inv_1)
                                         u_dut.g_seg[1].u_bank.node[81] (net)
                  0.02    0.00    8.16 ^ u_dut.g_seg[1].u_bank.g_inv[81].u_inv._cell/A (sg13g2_inv_1)
     1    0.00    0.02    0.03    8.19 v u_dut.g_seg[1].u_bank.g_inv[81].u_inv._cell/Y (sg13g2_inv_1)
                                         u_dut.g_seg[1].u_bank.node[82] (net)
                  0.02    0.00    8.19 v u_dut.g_seg[1].u_bank.g_inv[82].u_inv._cell/A (sg13g2_inv_1)
     1    0.00    0.02    0.03    8.21 ^ u_dut.g_seg[1].u_bank.g_inv[82].u_inv._cell/Y (sg13g2_inv_1)
                                         u_dut.g_seg[1].u_bank.node[83] (net)
                  0.02    0.00    8.21 ^ u_dut.g_seg[1].u_bank.g_inv[83].u_inv._cell/A (sg13g2_inv_1)
     1    0.00    0.02    0.02    8.24 v u_dut.g_seg[1].u_bank.g_inv[83].u_inv._cell/Y (sg13g2_inv_1)
                                         u_dut.g_seg[1].u_bank.node[84] (net)
                  0.02    0.00    8.24 v u_dut.g_seg[1].u_bank.g_inv[84].u_inv._cell/A (sg13g2_inv_1)
     1    0.00    0.02    0.03    8.27 ^ u_dut.g_seg[1].u_bank.g_inv[84].u_inv._cell/Y (sg13g2_inv_1)
                                         u_dut.g_seg[1].u_bank.node[85] (net)
                  0.02    0.00    8.27 ^ u_dut.g_seg[1].u_bank.g_inv[85].u_inv._cell/A (sg13g2_inv_1)
     1    0.00    0.02    0.03    8.29 v u_dut.g_seg[1].u_bank.g_inv[85].u_inv._cell/Y (sg13g2_inv_1)
                                         u_dut.g_seg[1].u_bank.node[86] (net)
                  0.02    0.00    8.29 v u_dut.g_seg[1].u_bank.g_inv[86].u_inv._cell/A (sg13g2_inv_1)
     1    0.00    0.02    0.03    8.32 ^ u_dut.g_seg[1].u_bank.g_inv[86].u_inv._cell/Y (sg13g2_inv_1)
                                         u_dut.g_seg[1].u_bank.node[87] (net)
                  0.02    0.00    8.32 ^ u_dut.g_seg[1].u_bank.g_inv[87].u_inv._cell/A (sg13g2_inv_1)
     1    0.00    0.02    0.03    8.35 v u_dut.g_seg[1].u_bank.g_inv[87].u_inv._cell/Y (sg13g2_inv_1)
                                         u_dut.g_seg[1].u_bank.node[88] (net)
                  0.02    0.00    8.35 v u_dut.g_seg[1].u_bank.g_inv[88].u_inv._cell/A (sg13g2_inv_1)
     1    0.00    0.02    0.03    8.37 ^ u_dut.g_seg[1].u_bank.g_inv[88].u_inv._cell/Y (sg13g2_inv_1)
                                         u_dut.g_seg[1].u_bank.node[89] (net)
                  0.02    0.00    8.37 ^ u_dut.g_seg[1].u_bank.g_inv[89].u_inv._cell/A (sg13g2_inv_1)
     1    0.00    0.02    0.02    8.40 v u_dut.g_seg[1].u_bank.g_inv[89].u_inv._cell/Y (sg13g2_inv_1)
                                         u_dut.g_seg[1].u_bank.node[90] (net)
                  0.02    0.00    8.40 v u_dut.g_seg[1].u_bank.g_inv[90].u_inv._cell/A (sg13g2_inv_1)
     1    0.00    0.02    0.03    8.42 ^ u_dut.g_seg[1].u_bank.g_inv[90].u_inv._cell/Y (sg13g2_inv_1)
                                         u_dut.g_seg[1].u_bank.node[91] (net)
                  0.02    0.00    8.42 ^ u_dut.g_seg[1].u_bank.g_inv[91].u_inv._cell/A (sg13g2_inv_1)
     1    0.00    0.02    0.02    8.45 v u_dut.g_seg[1].u_bank.g_inv[91].u_inv._cell/Y (sg13g2_inv_1)
                                         u_dut.g_seg[1].u_bank.node[92] (net)
                  0.02    0.00    8.45 v u_dut.g_seg[1].u_bank.g_inv[92].u_inv._cell/A (sg13g2_inv_1)
     1    0.00    0.02    0.03    8.47 ^ u_dut.g_seg[1].u_bank.g_inv[92].u_inv._cell/Y (sg13g2_inv_1)
                                         u_dut.g_seg[1].u_bank.node[93] (net)
                  0.02    0.00    8.47 ^ u_dut.g_seg[1].u_bank.g_inv[93].u_inv._cell/A (sg13g2_inv_1)
     1    0.00    0.02    0.02    8.50 v u_dut.g_seg[1].u_bank.g_inv[93].u_inv._cell/Y (sg13g2_inv_1)
                                         u_dut.g_seg[1].u_bank.node[94] (net)
                  0.02    0.00    8.50 v u_dut.g_seg[1].u_bank.g_inv[94].u_inv._cell/A (sg13g2_inv_1)
     1    0.00    0.02    0.03    8.52 ^ u_dut.g_seg[1].u_bank.g_inv[94].u_inv._cell/Y (sg13g2_inv_1)
                                         u_dut.g_seg[1].u_bank.node[95] (net)
                  0.02    0.00    8.52 ^ u_dut.g_seg[1].u_bank.g_inv[95].u_inv._cell/A (sg13g2_inv_1)
     1    0.00    0.02    0.03    8.55 v u_dut.g_seg[1].u_bank.g_inv[95].u_inv._cell/Y (sg13g2_inv_1)
                                         u_dut.g_seg[1].u_bank.node[96] (net)
                  0.02    0.00    8.55 v u_dut.g_seg[1].u_bank.u_mux.u_m1/A1 (sg13g2_mux2_1)
     1    0.00    0.04    0.11    8.66 v u_dut.g_seg[1].u_bank.u_mux.u_m1/X (sg13g2_mux2_1)
                                         u_dut.g_seg[1].u_bank.u_mux.w1 (net)
                  0.04    0.00    8.66 v u_dut.g_seg[1].u_bank.u_mux.u_m2/A1 (sg13g2_mux2_1)
     2    0.02    0.08    0.16    8.81 v u_dut.g_seg[1].u_bank.u_mux.u_m2/X (sg13g2_mux2_1)
                                         u_dut.g_seg[1].bank_dout (net)
                  0.08    0.00    8.82 v u_dut.g_seg[2].g_fa[0].u_fa.u_a2/A (sg13g2_and2_1)
     1    0.01    0.04    0.10    8.92 v u_dut.g_seg[2].g_fa[0].u_fa.u_a2/X (sg13g2_and2_1)
                                         u_dut.g_seg[2].g_fa[0].u_fa.v (net)
                  0.04    0.00    8.92 v u_dut.g_seg[2].g_fa[0].u_fa.u_o1/B (sg13g2_or2_1)
     2    0.01    0.05    0.12    9.04 v u_dut.g_seg[2].g_fa[0].u_fa.u_o1/X (sg13g2_or2_1)
                                         u_dut.g_seg[2].g_fa[0].u_fa.co (net)
                  0.05    0.00    9.04 v u_dut.g_seg[2].g_fa[1].u_fa.u_a2/A (sg13g2_and2_1)
     1    0.00    0.02    0.08    9.11 v u_dut.g_seg[2].g_fa[1].u_fa.u_a2/X (sg13g2_and2_1)
                                         u_dut.g_seg[2].g_fa[1].u_fa.v (net)
                  0.02    0.00    9.11 v u_dut.g_seg[2].g_fa[1].u_fa.u_o1/B (sg13g2_or2_1)
     2    0.01    0.05    0.11    9.23 v u_dut.g_seg[2].g_fa[1].u_fa.u_o1/X (sg13g2_or2_1)
                                         u_dut.g_seg[2].g_fa[1].u_fa.co (net)
                  0.05    0.00    9.23 v u_dut.g_seg[2].g_fa[2].u_fa.u_a2/A (sg13g2_and2_1)
     1    0.00    0.02    0.07    9.30 v u_dut.g_seg[2].g_fa[2].u_fa.u_a2/X (sg13g2_and2_1)
                                         u_dut.g_seg[2].g_fa[2].u_fa.v (net)
                  0.02    0.00    9.30 v u_dut.g_seg[2].g_fa[2].u_fa.u_o1/B (sg13g2_or2_1)
     2    0.01    0.05    0.12    9.42 v u_dut.g_seg[2].g_fa[2].u_fa.u_o1/X (sg13g2_or2_1)
                                         u_dut.g_seg[2].g_fa[2].u_fa.co (net)
                  0.05    0.00    9.42 v u_dut.g_seg[2].g_fa[3].u_fa.u_a2/A (sg13g2_and2_1)
     1    0.00    0.02    0.08    9.50 v u_dut.g_seg[2].g_fa[3].u_fa.u_a2/X (sg13g2_and2_1)
                                         u_dut.g_seg[2].g_fa[3].u_fa.v (net)
                  0.02    0.00    9.50 v u_dut.g_seg[2].g_fa[3].u_fa.u_o1/B (sg13g2_or2_1)
     2    0.01    0.05    0.11    9.61 v u_dut.g_seg[2].g_fa[3].u_fa.u_o1/X (sg13g2_or2_1)
                                         u_dut.g_seg[2].u_bank.node[0] (net)
                  0.05    0.00    9.61 v u_dut.g_seg[2].u_bank.g_inv[0].u_inv._cell/A (sg13g2_inv_1)
     1    0.00    0.03    0.04    9.65 ^ u_dut.g_seg[2].u_bank.g_inv[0].u_inv._cell/Y (sg13g2_inv_1)
                                         u_dut.g_seg[2].u_bank.node[1] (net)
                  0.03    0.00    9.65 ^ u_dut.g_seg[2].u_bank.g_inv[1].u_inv._cell/A (sg13g2_inv_1)
     1    0.00    0.02    0.03    9.68 v u_dut.g_seg[2].u_bank.g_inv[1].u_inv._cell/Y (sg13g2_inv_1)
                                         u_dut.g_seg[2].u_bank.node[2] (net)
                  0.02    0.00    9.68 v u_dut.g_seg[2].u_bank.g_inv[2].u_inv._cell/A (sg13g2_inv_1)
     1    0.00    0.02    0.03    9.70 ^ u_dut.g_seg[2].u_bank.g_inv[2].u_inv._cell/Y (sg13g2_inv_1)
                                         u_dut.g_seg[2].u_bank.node[3] (net)
                  0.02    0.00    9.70 ^ u_dut.g_seg[2].u_bank.g_inv[3].u_inv._cell/A (sg13g2_inv_1)
     1    0.00    0.02    0.03    9.73 v u_dut.g_seg[2].u_bank.g_inv[3].u_inv._cell/Y (sg13g2_inv_1)
                                         u_dut.g_seg[2].u_bank.node[4] (net)
                  0.02    0.00    9.73 v u_dut.g_seg[2].u_bank.g_inv[4].u_inv._cell/A (sg13g2_inv_1)
     1    0.00    0.02    0.03    9.76 ^ u_dut.g_seg[2].u_bank.g_inv[4].u_inv._cell/Y (sg13g2_inv_1)
                                         u_dut.g_seg[2].u_bank.node[5] (net)
                  0.02    0.00    9.76 ^ u_dut.g_seg[2].u_bank.g_inv[5].u_inv._cell/A (sg13g2_inv_1)
     1    0.00    0.02    0.03    9.79 v u_dut.g_seg[2].u_bank.g_inv[5].u_inv._cell/Y (sg13g2_inv_1)
                                         u_dut.g_seg[2].u_bank.node[6] (net)
                  0.02    0.00    9.79 v u_dut.g_seg[2].u_bank.g_inv[6].u_inv._cell/A (sg13g2_inv_1)
     1    0.00    0.02    0.03    9.82 ^ u_dut.g_seg[2].u_bank.g_inv[6].u_inv._cell/Y (sg13g2_inv_1)
                                         u_dut.g_seg[2].u_bank.node[7] (net)
                  0.02    0.00    9.82 ^ u_dut.g_seg[2].u_bank.g_inv[7].u_inv._cell/A (sg13g2_inv_1)
     1    0.00    0.02    0.02    9.84 v u_dut.g_seg[2].u_bank.g_inv[7].u_inv._cell/Y (sg13g2_inv_1)
                                         u_dut.g_seg[2].u_bank.node[8] (net)
                  0.02    0.00    9.84 v u_dut.g_seg[2].u_bank.g_inv[8].u_inv._cell/A (sg13g2_inv_1)
     1    0.00    0.02    0.03    9.87 ^ u_dut.g_seg[2].u_bank.g_inv[8].u_inv._cell/Y (sg13g2_inv_1)
                                         u_dut.g_seg[2].u_bank.node[9] (net)
                  0.02    0.00    9.87 ^ u_dut.g_seg[2].u_bank.g_inv[9].u_inv._cell/A (sg13g2_inv_1)
     1    0.00    0.02    0.03    9.89 v u_dut.g_seg[2].u_bank.g_inv[9].u_inv._cell/Y (sg13g2_inv_1)
                                         u_dut.g_seg[2].u_bank.node[10] (net)
                  0.02    0.00    9.89 v u_dut.g_seg[2].u_bank.g_inv[10].u_inv._cell/A (sg13g2_inv_1)
     1    0.00    0.02    0.03    9.92 ^ u_dut.g_seg[2].u_bank.g_inv[10].u_inv._cell/Y (sg13g2_inv_1)
                                         u_dut.g_seg[2].u_bank.node[11] (net)
                  0.02    0.00    9.92 ^ u_dut.g_seg[2].u_bank.g_inv[11].u_inv._cell/A (sg13g2_inv_1)
     1    0.00    0.02    0.02    9.94 v u_dut.g_seg[2].u_bank.g_inv[11].u_inv._cell/Y (sg13g2_inv_1)
                                         u_dut.g_seg[2].u_bank.node[12] (net)
                  0.02    0.00    9.94 v u_dut.g_seg[2].u_bank.g_inv[12].u_inv._cell/A (sg13g2_inv_1)
     1    0.00    0.02    0.03    9.97 ^ u_dut.g_seg[2].u_bank.g_inv[12].u_inv._cell/Y (sg13g2_inv_1)
                                         u_dut.g_seg[2].u_bank.node[13] (net)
                  0.02    0.00    9.97 ^ u_dut.g_seg[2].u_bank.g_inv[13].u_inv._cell/A (sg13g2_inv_1)
     1    0.00    0.02    0.02    9.99 v u_dut.g_seg[2].u_bank.g_inv[13].u_inv._cell/Y (sg13g2_inv_1)
                                         u_dut.g_seg[2].u_bank.node[14] (net)
                  0.02    0.00    9.99 v u_dut.g_seg[2].u_bank.g_inv[14].u_inv._cell/A (sg13g2_inv_1)
     1    0.00    0.02    0.03   10.02 ^ u_dut.g_seg[2].u_bank.g_inv[14].u_inv._cell/Y (sg13g2_inv_1)
                                         u_dut.g_seg[2].u_bank.node[15] (net)
                  0.02    0.00   10.02 ^ u_dut.g_seg[2].u_bank.g_inv[15].u_inv._cell/A (sg13g2_inv_1)
     1    0.00    0.02    0.02   10.04 v u_dut.g_seg[2].u_bank.g_inv[15].u_inv._cell/Y (sg13g2_inv_1)
                                         u_dut.g_seg[2].u_bank.node[16] (net)
                  0.02    0.00   10.04 v u_dut.g_seg[2].u_bank.g_inv[16].u_inv._cell/A (sg13g2_inv_1)
     1    0.00    0.02    0.03   10.07 ^ u_dut.g_seg[2].u_bank.g_inv[16].u_inv._cell/Y (sg13g2_inv_1)
                                         u_dut.g_seg[2].u_bank.node[17] (net)
                  0.02    0.00   10.07 ^ u_dut.g_seg[2].u_bank.g_inv[17].u_inv._cell/A (sg13g2_inv_1)
     1    0.00    0.02    0.02   10.09 v u_dut.g_seg[2].u_bank.g_inv[17].u_inv._cell/Y (sg13g2_inv_1)
                                         u_dut.g_seg[2].u_bank.node[18] (net)
                  0.02    0.00   10.09 v u_dut.g_seg[2].u_bank.g_inv[18].u_inv._cell/A (sg13g2_inv_1)
     1    0.00    0.02    0.03   10.12 ^ u_dut.g_seg[2].u_bank.g_inv[18].u_inv._cell/Y (sg13g2_inv_1)
                                         u_dut.g_seg[2].u_bank.node[19] (net)
                  0.02    0.00   10.12 ^ u_dut.g_seg[2].u_bank.g_inv[19].u_inv._cell/A (sg13g2_inv_1)
     1    0.00    0.02    0.03   10.15 v u_dut.g_seg[2].u_bank.g_inv[19].u_inv._cell/Y (sg13g2_inv_1)
                                         u_dut.g_seg[2].u_bank.node[20] (net)
                  0.02    0.00   10.15 v u_dut.g_seg[2].u_bank.g_inv[20].u_inv._cell/A (sg13g2_inv_1)
     1    0.00    0.02    0.03   10.17 ^ u_dut.g_seg[2].u_bank.g_inv[20].u_inv._cell/Y (sg13g2_inv_1)
                                         u_dut.g_seg[2].u_bank.node[21] (net)
                  0.02    0.00   10.17 ^ u_dut.g_seg[2].u_bank.g_inv[21].u_inv._cell/A (sg13g2_inv_1)
     1    0.00    0.02    0.03   10.20 v u_dut.g_seg[2].u_bank.g_inv[21].u_inv._cell/Y (sg13g2_inv_1)
                                         u_dut.g_seg[2].u_bank.node[22] (net)
                  0.02    0.00   10.20 v u_dut.g_seg[2].u_bank.g_inv[22].u_inv._cell/A (sg13g2_inv_1)
     1    0.00    0.02    0.03   10.23 ^ u_dut.g_seg[2].u_bank.g_inv[22].u_inv._cell/Y (sg13g2_inv_1)
                                         u_dut.g_seg[2].u_bank.node[23] (net)
                  0.02    0.00   10.23 ^ u_dut.g_seg[2].u_bank.g_inv[23].u_inv._cell/A (sg13g2_inv_1)
     1    0.00    0.02    0.03   10.25 v u_dut.g_seg[2].u_bank.g_inv[23].u_inv._cell/Y (sg13g2_inv_1)
                                         u_dut.g_seg[2].u_bank.node[24] (net)
                  0.02    0.00   10.25 v u_dut.g_seg[2].u_bank.g_inv[24].u_inv._cell/A (sg13g2_inv_1)
     1    0.00    0.02    0.03   10.28 ^ u_dut.g_seg[2].u_bank.g_inv[24].u_inv._cell/Y (sg13g2_inv_1)
                                         u_dut.g_seg[2].u_bank.node[25] (net)
                  0.02    0.00   10.28 ^ u_dut.g_seg[2].u_bank.g_inv[25].u_inv._cell/A (sg13g2_inv_1)
     1    0.00    0.02    0.03   10.31 v u_dut.g_seg[2].u_bank.g_inv[25].u_inv._cell/Y (sg13g2_inv_1)
                                         u_dut.g_seg[2].u_bank.node[26] (net)
                  0.02    0.00   10.31 v u_dut.g_seg[2].u_bank.g_inv[26].u_inv._cell/A (sg13g2_inv_1)
     1    0.00    0.02    0.03   10.34 ^ u_dut.g_seg[2].u_bank.g_inv[26].u_inv._cell/Y (sg13g2_inv_1)
                                         u_dut.g_seg[2].u_bank.node[27] (net)
                  0.02    0.00   10.34 ^ u_dut.g_seg[2].u_bank.g_inv[27].u_inv._cell/A (sg13g2_inv_1)
     1    0.00    0.02    0.03   10.36 v u_dut.g_seg[2].u_bank.g_inv[27].u_inv._cell/Y (sg13g2_inv_1)
                                         u_dut.g_seg[2].u_bank.node[28] (net)
                  0.02    0.00   10.36 v u_dut.g_seg[2].u_bank.g_inv[28].u_inv._cell/A (sg13g2_inv_1)
     1    0.00    0.02    0.03   10.39 ^ u_dut.g_seg[2].u_bank.g_inv[28].u_inv._cell/Y (sg13g2_inv_1)
                                         u_dut.g_seg[2].u_bank.node[29] (net)
                  0.02    0.00   10.39 ^ u_dut.g_seg[2].u_bank.g_inv[29].u_inv._cell/A (sg13g2_inv_1)
     1    0.00    0.02    0.03   10.42 v u_dut.g_seg[2].u_bank.g_inv[29].u_inv._cell/Y (sg13g2_inv_1)
                                         u_dut.g_seg[2].u_bank.node[30] (net)
                  0.02    0.00   10.42 v u_dut.g_seg[2].u_bank.g_inv[30].u_inv._cell/A (sg13g2_inv_1)
     1    0.00    0.02    0.03   10.45 ^ u_dut.g_seg[2].u_bank.g_inv[30].u_inv._cell/Y (sg13g2_inv_1)
                                         u_dut.g_seg[2].u_bank.node[31] (net)
                  0.02    0.00   10.45 ^ u_dut.g_seg[2].u_bank.g_inv[31].u_inv._cell/A (sg13g2_inv_1)
     2    0.01    0.02    0.03   10.48 v u_dut.g_seg[2].u_bank.g_inv[31].u_inv._cell/Y (sg13g2_inv_1)
                                         u_dut.g_seg[2].u_bank.node[32] (net)
                  0.02    0.00   10.48 v u_dut.g_seg[2].u_bank.g_inv[32].u_inv._cell/A (sg13g2_inv_1)
     1    0.00    0.02    0.03   10.51 ^ u_dut.g_seg[2].u_bank.g_inv[32].u_inv._cell/Y (sg13g2_inv_1)
                                         u_dut.g_seg[2].u_bank.node[33] (net)
                  0.02    0.00   10.51 ^ u_dut.g_seg[2].u_bank.g_inv[33].u_inv._cell/A (sg13g2_inv_1)
     1    0.00    0.02    0.03   10.53 v u_dut.g_seg[2].u_bank.g_inv[33].u_inv._cell/Y (sg13g2_inv_1)
                                         u_dut.g_seg[2].u_bank.node[34] (net)
                  0.02    0.00   10.53 v u_dut.g_seg[2].u_bank.g_inv[34].u_inv._cell/A (sg13g2_inv_1)
     1    0.00    0.02    0.03   10.56 ^ u_dut.g_seg[2].u_bank.g_inv[34].u_inv._cell/Y (sg13g2_inv_1)
                                         u_dut.g_seg[2].u_bank.node[35] (net)
                  0.02    0.00   10.56 ^ u_dut.g_seg[2].u_bank.g_inv[35].u_inv._cell/A (sg13g2_inv_1)
     1    0.00    0.02    0.02   10.58 v u_dut.g_seg[2].u_bank.g_inv[35].u_inv._cell/Y (sg13g2_inv_1)
                                         u_dut.g_seg[2].u_bank.node[36] (net)
                  0.02    0.00   10.58 v u_dut.g_seg[2].u_bank.g_inv[36].u_inv._cell/A (sg13g2_inv_1)
     1    0.00    0.02    0.03   10.61 ^ u_dut.g_seg[2].u_bank.g_inv[36].u_inv._cell/Y (sg13g2_inv_1)
                                         u_dut.g_seg[2].u_bank.node[37] (net)
                  0.02    0.00   10.61 ^ u_dut.g_seg[2].u_bank.g_inv[37].u_inv._cell/A (sg13g2_inv_1)
     1    0.00    0.02    0.02   10.64 v u_dut.g_seg[2].u_bank.g_inv[37].u_inv._cell/Y (sg13g2_inv_1)
                                         u_dut.g_seg[2].u_bank.node[38] (net)
                  0.02    0.00   10.64 v u_dut.g_seg[2].u_bank.g_inv[38].u_inv._cell/A (sg13g2_inv_1)
     1    0.00    0.02    0.03   10.66 ^ u_dut.g_seg[2].u_bank.g_inv[38].u_inv._cell/Y (sg13g2_inv_1)
                                         u_dut.g_seg[2].u_bank.node[39] (net)
                  0.02    0.00   10.66 ^ u_dut.g_seg[2].u_bank.g_inv[39].u_inv._cell/A (sg13g2_inv_1)
     1    0.00    0.02    0.03   10.69 v u_dut.g_seg[2].u_bank.g_inv[39].u_inv._cell/Y (sg13g2_inv_1)
                                         u_dut.g_seg[2].u_bank.node[40] (net)
                  0.02    0.00   10.69 v u_dut.g_seg[2].u_bank.g_inv[40].u_inv._cell/A (sg13g2_inv_1)
     1    0.00    0.02    0.03   10.71 ^ u_dut.g_seg[2].u_bank.g_inv[40].u_inv._cell/Y (sg13g2_inv_1)
                                         u_dut.g_seg[2].u_bank.node[41] (net)
                  0.02    0.00   10.71 ^ u_dut.g_seg[2].u_bank.g_inv[41].u_inv._cell/A (sg13g2_inv_1)
     1    0.00    0.02    0.03   10.74 v u_dut.g_seg[2].u_bank.g_inv[41].u_inv._cell/Y (sg13g2_inv_1)
                                         u_dut.g_seg[2].u_bank.node[42] (net)
                  0.02    0.00   10.74 v u_dut.g_seg[2].u_bank.g_inv[42].u_inv._cell/A (sg13g2_inv_1)
     1    0.00    0.02    0.03   10.76 ^ u_dut.g_seg[2].u_bank.g_inv[42].u_inv._cell/Y (sg13g2_inv_1)
                                         u_dut.g_seg[2].u_bank.node[43] (net)
                  0.02    0.00   10.76 ^ u_dut.g_seg[2].u_bank.g_inv[43].u_inv._cell/A (sg13g2_inv_1)
     1    0.00    0.02    0.03   10.79 v u_dut.g_seg[2].u_bank.g_inv[43].u_inv._cell/Y (sg13g2_inv_1)
                                         u_dut.g_seg[2].u_bank.node[44] (net)
                  0.02    0.00   10.79 v u_dut.g_seg[2].u_bank.g_inv[44].u_inv._cell/A (sg13g2_inv_1)
     1    0.00    0.02    0.03   10.82 ^ u_dut.g_seg[2].u_bank.g_inv[44].u_inv._cell/Y (sg13g2_inv_1)
                                         u_dut.g_seg[2].u_bank.node[45] (net)
                  0.02    0.00   10.82 ^ u_dut.g_seg[2].u_bank.g_inv[45].u_inv._cell/A (sg13g2_inv_1)
     1    0.00    0.02    0.02   10.84 v u_dut.g_seg[2].u_bank.g_inv[45].u_inv._cell/Y (sg13g2_inv_1)
                                         u_dut.g_seg[2].u_bank.node[46] (net)
                  0.02    0.00   10.84 v u_dut.g_seg[2].u_bank.g_inv[46].u_inv._cell/A (sg13g2_inv_1)
     1    0.00    0.02    0.03   10.87 ^ u_dut.g_seg[2].u_bank.g_inv[46].u_inv._cell/Y (sg13g2_inv_1)
                                         u_dut.g_seg[2].u_bank.node[47] (net)
                  0.02    0.00   10.87 ^ u_dut.g_seg[2].u_bank.g_inv[47].u_inv._cell/A (sg13g2_inv_1)
     1    0.00    0.02    0.03   10.89 v u_dut.g_seg[2].u_bank.g_inv[47].u_inv._cell/Y (sg13g2_inv_1)
                                         u_dut.g_seg[2].u_bank.node[48] (net)
                  0.02    0.00   10.89 v u_dut.g_seg[2].u_bank.g_inv[48].u_inv._cell/A (sg13g2_inv_1)
     1    0.00    0.02    0.03   10.92 ^ u_dut.g_seg[2].u_bank.g_inv[48].u_inv._cell/Y (sg13g2_inv_1)
                                         u_dut.g_seg[2].u_bank.node[49] (net)
                  0.02    0.00   10.92 ^ u_dut.g_seg[2].u_bank.g_inv[49].u_inv._cell/A (sg13g2_inv_1)
     1    0.00    0.02    0.03   10.95 v u_dut.g_seg[2].u_bank.g_inv[49].u_inv._cell/Y (sg13g2_inv_1)
                                         u_dut.g_seg[2].u_bank.node[50] (net)
                  0.02    0.00   10.95 v u_dut.g_seg[2].u_bank.g_inv[50].u_inv._cell/A (sg13g2_inv_1)
     1    0.00    0.02    0.03   10.97 ^ u_dut.g_seg[2].u_bank.g_inv[50].u_inv._cell/Y (sg13g2_inv_1)
                                         u_dut.g_seg[2].u_bank.node[51] (net)
                  0.02    0.00   10.97 ^ u_dut.g_seg[2].u_bank.g_inv[51].u_inv._cell/A (sg13g2_inv_1)
     1    0.00    0.02    0.03   11.00 v u_dut.g_seg[2].u_bank.g_inv[51].u_inv._cell/Y (sg13g2_inv_1)
                                         u_dut.g_seg[2].u_bank.node[52] (net)
                  0.02    0.00   11.00 v u_dut.g_seg[2].u_bank.g_inv[52].u_inv._cell/A (sg13g2_inv_1)
     1    0.00    0.02    0.03   11.03 ^ u_dut.g_seg[2].u_bank.g_inv[52].u_inv._cell/Y (sg13g2_inv_1)
                                         u_dut.g_seg[2].u_bank.node[53] (net)
                  0.02    0.00   11.03 ^ u_dut.g_seg[2].u_bank.g_inv[53].u_inv._cell/A (sg13g2_inv_1)
     1    0.00    0.02    0.02   11.05 v u_dut.g_seg[2].u_bank.g_inv[53].u_inv._cell/Y (sg13g2_inv_1)
                                         u_dut.g_seg[2].u_bank.node[54] (net)
                  0.02    0.00   11.05 v u_dut.g_seg[2].u_bank.g_inv[54].u_inv._cell/A (sg13g2_inv_1)
     1    0.00    0.02    0.03   11.08 ^ u_dut.g_seg[2].u_bank.g_inv[54].u_inv._cell/Y (sg13g2_inv_1)
                                         u_dut.g_seg[2].u_bank.node[55] (net)
                  0.02    0.00   11.08 ^ u_dut.g_seg[2].u_bank.g_inv[55].u_inv._cell/A (sg13g2_inv_1)
     1    0.00    0.02    0.03   11.10 v u_dut.g_seg[2].u_bank.g_inv[55].u_inv._cell/Y (sg13g2_inv_1)
                                         u_dut.g_seg[2].u_bank.node[56] (net)
                  0.02    0.00   11.10 v u_dut.g_seg[2].u_bank.g_inv[56].u_inv._cell/A (sg13g2_inv_1)
     1    0.00    0.02    0.03   11.13 ^ u_dut.g_seg[2].u_bank.g_inv[56].u_inv._cell/Y (sg13g2_inv_1)
                                         u_dut.g_seg[2].u_bank.node[57] (net)
                  0.02    0.00   11.13 ^ u_dut.g_seg[2].u_bank.g_inv[57].u_inv._cell/A (sg13g2_inv_1)
     1    0.00    0.02    0.02   11.16 v u_dut.g_seg[2].u_bank.g_inv[57].u_inv._cell/Y (sg13g2_inv_1)
                                         u_dut.g_seg[2].u_bank.node[58] (net)
                  0.02    0.00   11.16 v u_dut.g_seg[2].u_bank.g_inv[58].u_inv._cell/A (sg13g2_inv_1)
     1    0.00    0.02    0.03   11.18 ^ u_dut.g_seg[2].u_bank.g_inv[58].u_inv._cell/Y (sg13g2_inv_1)
                                         u_dut.g_seg[2].u_bank.node[59] (net)
                  0.02    0.00   11.18 ^ u_dut.g_seg[2].u_bank.g_inv[59].u_inv._cell/A (sg13g2_inv_1)
     1    0.00    0.02    0.03   11.21 v u_dut.g_seg[2].u_bank.g_inv[59].u_inv._cell/Y (sg13g2_inv_1)
                                         u_dut.g_seg[2].u_bank.node[60] (net)
                  0.02    0.00   11.21 v u_dut.g_seg[2].u_bank.g_inv[60].u_inv._cell/A (sg13g2_inv_1)
     1    0.00    0.02    0.03   11.23 ^ u_dut.g_seg[2].u_bank.g_inv[60].u_inv._cell/Y (sg13g2_inv_1)
                                         u_dut.g_seg[2].u_bank.node[61] (net)
                  0.02    0.00   11.23 ^ u_dut.g_seg[2].u_bank.g_inv[61].u_inv._cell/A (sg13g2_inv_1)
     1    0.00    0.02    0.03   11.26 v u_dut.g_seg[2].u_bank.g_inv[61].u_inv._cell/Y (sg13g2_inv_1)
                                         u_dut.g_seg[2].u_bank.node[62] (net)
                  0.02    0.00   11.26 v u_dut.g_seg[2].u_bank.g_inv[62].u_inv._cell/A (sg13g2_inv_1)
     1    0.00    0.02    0.03   11.29 ^ u_dut.g_seg[2].u_bank.g_inv[62].u_inv._cell/Y (sg13g2_inv_1)
                                         u_dut.g_seg[2].u_bank.node[63] (net)
                  0.02    0.00   11.29 ^ u_dut.g_seg[2].u_bank.g_inv[63].u_inv._cell/A (sg13g2_inv_1)
     2    0.01    0.03    0.03   11.32 v u_dut.g_seg[2].u_bank.g_inv[63].u_inv._cell/Y (sg13g2_inv_1)
                                         u_dut.g_seg[2].u_bank.node[64] (net)
                  0.03    0.00   11.32 v u_dut.g_seg[2].u_bank.g_inv[64].u_inv._cell/A (sg13g2_inv_1)
     1    0.00    0.02    0.03   11.35 ^ u_dut.g_seg[2].u_bank.g_inv[64].u_inv._cell/Y (sg13g2_inv_1)
                                         u_dut.g_seg[2].u_bank.node[65] (net)
                  0.02    0.00   11.35 ^ u_dut.g_seg[2].u_bank.g_inv[65].u_inv._cell/A (sg13g2_inv_1)
     1    0.00    0.02    0.03   11.38 v u_dut.g_seg[2].u_bank.g_inv[65].u_inv._cell/Y (sg13g2_inv_1)
                                         u_dut.g_seg[2].u_bank.node[66] (net)
                  0.02    0.00   11.38 v u_dut.g_seg[2].u_bank.g_inv[66].u_inv._cell/A (sg13g2_inv_1)
     1    0.00    0.02    0.03   11.41 ^ u_dut.g_seg[2].u_bank.g_inv[66].u_inv._cell/Y (sg13g2_inv_1)
                                         u_dut.g_seg[2].u_bank.node[67] (net)
                  0.02    0.00   11.41 ^ u_dut.g_seg[2].u_bank.g_inv[67].u_inv._cell/A (sg13g2_inv_1)
     1    0.00    0.02    0.03   11.43 v u_dut.g_seg[2].u_bank.g_inv[67].u_inv._cell/Y (sg13g2_inv_1)
                                         u_dut.g_seg[2].u_bank.node[68] (net)
                  0.02    0.00   11.43 v u_dut.g_seg[2].u_bank.g_inv[68].u_inv._cell/A (sg13g2_inv_1)
     1    0.00    0.02    0.03   11.46 ^ u_dut.g_seg[2].u_bank.g_inv[68].u_inv._cell/Y (sg13g2_inv_1)
                                         u_dut.g_seg[2].u_bank.node[69] (net)
                  0.02    0.00   11.46 ^ u_dut.g_seg[2].u_bank.g_inv[69].u_inv._cell/A (sg13g2_inv_1)
     1    0.00    0.02    0.02   11.48 v u_dut.g_seg[2].u_bank.g_inv[69].u_inv._cell/Y (sg13g2_inv_1)
                                         u_dut.g_seg[2].u_bank.node[70] (net)
                  0.02    0.00   11.48 v u_dut.g_seg[2].u_bank.g_inv[70].u_inv._cell/A (sg13g2_inv_1)
     1    0.00    0.02    0.03   11.51 ^ u_dut.g_seg[2].u_bank.g_inv[70].u_inv._cell/Y (sg13g2_inv_1)
                                         u_dut.g_seg[2].u_bank.node[71] (net)
                  0.02    0.00   11.51 ^ u_dut.g_seg[2].u_bank.g_inv[71].u_inv._cell/A (sg13g2_inv_1)
     1    0.00    0.02    0.02   11.53 v u_dut.g_seg[2].u_bank.g_inv[71].u_inv._cell/Y (sg13g2_inv_1)
                                         u_dut.g_seg[2].u_bank.node[72] (net)
                  0.02    0.00   11.53 v u_dut.g_seg[2].u_bank.g_inv[72].u_inv._cell/A (sg13g2_inv_1)
     1    0.00    0.02    0.03   11.56 ^ u_dut.g_seg[2].u_bank.g_inv[72].u_inv._cell/Y (sg13g2_inv_1)
                                         u_dut.g_seg[2].u_bank.node[73] (net)
                  0.02    0.00   11.56 ^ u_dut.g_seg[2].u_bank.g_inv[73].u_inv._cell/A (sg13g2_inv_1)
     1    0.00    0.02    0.03   11.59 v u_dut.g_seg[2].u_bank.g_inv[73].u_inv._cell/Y (sg13g2_inv_1)
                                         u_dut.g_seg[2].u_bank.node[74] (net)
                  0.02    0.00   11.59 v u_dut.g_seg[2].u_bank.g_inv[74].u_inv._cell/A (sg13g2_inv_1)
     1    0.00    0.02    0.03   11.62 ^ u_dut.g_seg[2].u_bank.g_inv[74].u_inv._cell/Y (sg13g2_inv_1)
                                         u_dut.g_seg[2].u_bank.node[75] (net)
                  0.02    0.00   11.62 ^ u_dut.g_seg[2].u_bank.g_inv[75].u_inv._cell/A (sg13g2_inv_1)
     1    0.00    0.02    0.03   11.64 v u_dut.g_seg[2].u_bank.g_inv[75].u_inv._cell/Y (sg13g2_inv_1)
                                         u_dut.g_seg[2].u_bank.node[76] (net)
                  0.02    0.00   11.64 v u_dut.g_seg[2].u_bank.g_inv[76].u_inv._cell/A (sg13g2_inv_1)
     1    0.00    0.02    0.03   11.67 ^ u_dut.g_seg[2].u_bank.g_inv[76].u_inv._cell/Y (sg13g2_inv_1)
                                         u_dut.g_seg[2].u_bank.node[77] (net)
                  0.02    0.00   11.67 ^ u_dut.g_seg[2].u_bank.g_inv[77].u_inv._cell/A (sg13g2_inv_1)
     1    0.00    0.02    0.03   11.70 v u_dut.g_seg[2].u_bank.g_inv[77].u_inv._cell/Y (sg13g2_inv_1)
                                         u_dut.g_seg[2].u_bank.node[78] (net)
                  0.02    0.00   11.70 v u_dut.g_seg[2].u_bank.g_inv[78].u_inv._cell/A (sg13g2_inv_1)
     1    0.00    0.02    0.03   11.72 ^ u_dut.g_seg[2].u_bank.g_inv[78].u_inv._cell/Y (sg13g2_inv_1)
                                         u_dut.g_seg[2].u_bank.node[79] (net)
                  0.02    0.00   11.72 ^ u_dut.g_seg[2].u_bank.g_inv[79].u_inv._cell/A (sg13g2_inv_1)
     1    0.00    0.02    0.03   11.75 v u_dut.g_seg[2].u_bank.g_inv[79].u_inv._cell/Y (sg13g2_inv_1)
                                         u_dut.g_seg[2].u_bank.node[80] (net)
                  0.02    0.00   11.75 v u_dut.g_seg[2].u_bank.g_inv[80].u_inv._cell/A (sg13g2_inv_1)
     1    0.00    0.02    0.03   11.78 ^ u_dut.g_seg[2].u_bank.g_inv[80].u_inv._cell/Y (sg13g2_inv_1)
                                         u_dut.g_seg[2].u_bank.node[81] (net)
                  0.02    0.00   11.78 ^ u_dut.g_seg[2].u_bank.g_inv[81].u_inv._cell/A (sg13g2_inv_1)
     1    0.00    0.02    0.03   11.81 v u_dut.g_seg[2].u_bank.g_inv[81].u_inv._cell/Y (sg13g2_inv_1)
                                         u_dut.g_seg[2].u_bank.node[82] (net)
                  0.02    0.00   11.81 v u_dut.g_seg[2].u_bank.g_inv[82].u_inv._cell/A (sg13g2_inv_1)
     1    0.00    0.02    0.03   11.83 ^ u_dut.g_seg[2].u_bank.g_inv[82].u_inv._cell/Y (sg13g2_inv_1)
                                         u_dut.g_seg[2].u_bank.node[83] (net)
                  0.02    0.00   11.83 ^ u_dut.g_seg[2].u_bank.g_inv[83].u_inv._cell/A (sg13g2_inv_1)
     1    0.00    0.02    0.03   11.86 v u_dut.g_seg[2].u_bank.g_inv[83].u_inv._cell/Y (sg13g2_inv_1)
                                         u_dut.g_seg[2].u_bank.node[84] (net)
                  0.02    0.00   11.86 v u_dut.g_seg[2].u_bank.g_inv[84].u_inv._cell/A (sg13g2_inv_1)
     1    0.00    0.02    0.03   11.88 ^ u_dut.g_seg[2].u_bank.g_inv[84].u_inv._cell/Y (sg13g2_inv_1)
                                         u_dut.g_seg[2].u_bank.node[85] (net)
                  0.02    0.00   11.88 ^ u_dut.g_seg[2].u_bank.g_inv[85].u_inv._cell/A (sg13g2_inv_1)
     1    0.00    0.02    0.02   11.91 v u_dut.g_seg[2].u_bank.g_inv[85].u_inv._cell/Y (sg13g2_inv_1)
                                         u_dut.g_seg[2].u_bank.node[86] (net)
                  0.02    0.00   11.91 v u_dut.g_seg[2].u_bank.g_inv[86].u_inv._cell/A (sg13g2_inv_1)
     1    0.00    0.02    0.03   11.93 ^ u_dut.g_seg[2].u_bank.g_inv[86].u_inv._cell/Y (sg13g2_inv_1)
                                         u_dut.g_seg[2].u_bank.node[87] (net)
                  0.02    0.00   11.93 ^ u_dut.g_seg[2].u_bank.g_inv[87].u_inv._cell/A (sg13g2_inv_1)
     1    0.00    0.02    0.02   11.96 v u_dut.g_seg[2].u_bank.g_inv[87].u_inv._cell/Y (sg13g2_inv_1)
                                         u_dut.g_seg[2].u_bank.node[88] (net)
                  0.02    0.00   11.96 v u_dut.g_seg[2].u_bank.g_inv[88].u_inv._cell/A (sg13g2_inv_1)
     1    0.00    0.02    0.03   11.98 ^ u_dut.g_seg[2].u_bank.g_inv[88].u_inv._cell/Y (sg13g2_inv_1)
                                         u_dut.g_seg[2].u_bank.node[89] (net)
                  0.02    0.00   11.98 ^ u_dut.g_seg[2].u_bank.g_inv[89].u_inv._cell/A (sg13g2_inv_1)
     1    0.00    0.02    0.02   12.01 v u_dut.g_seg[2].u_bank.g_inv[89].u_inv._cell/Y (sg13g2_inv_1)
                                         u_dut.g_seg[2].u_bank.node[90] (net)
                  0.02    0.00   12.01 v u_dut.g_seg[2].u_bank.g_inv[90].u_inv._cell/A (sg13g2_inv_1)
     1    0.00    0.02    0.03   12.03 ^ u_dut.g_seg[2].u_bank.g_inv[90].u_inv._cell/Y (sg13g2_inv_1)
                                         u_dut.g_seg[2].u_bank.node[91] (net)
                  0.02    0.00   12.03 ^ u_dut.g_seg[2].u_bank.g_inv[91].u_inv._cell/A (sg13g2_inv_1)
     1    0.00    0.02    0.03   12.06 v u_dut.g_seg[2].u_bank.g_inv[91].u_inv._cell/Y (sg13g2_inv_1)
                                         u_dut.g_seg[2].u_bank.node[92] (net)
                  0.02    0.00   12.06 v u_dut.g_seg[2].u_bank.g_inv[92].u_inv._cell/A (sg13g2_inv_1)
     1    0.00    0.02    0.03   12.09 ^ u_dut.g_seg[2].u_bank.g_inv[92].u_inv._cell/Y (sg13g2_inv_1)
                                         u_dut.g_seg[2].u_bank.node[93] (net)
                  0.02    0.00   12.09 ^ u_dut.g_seg[2].u_bank.g_inv[93].u_inv._cell/A (sg13g2_inv_1)
     1    0.00    0.02    0.03   12.11 v u_dut.g_seg[2].u_bank.g_inv[93].u_inv._cell/Y (sg13g2_inv_1)
                                         u_dut.g_seg[2].u_bank.node[94] (net)
                  0.02    0.00   12.11 v u_dut.g_seg[2].u_bank.g_inv[94].u_inv._cell/A (sg13g2_inv_1)
     1    0.00    0.02    0.03   12.14 ^ u_dut.g_seg[2].u_bank.g_inv[94].u_inv._cell/Y (sg13g2_inv_1)
                                         u_dut.g_seg[2].u_bank.node[95] (net)
                  0.02    0.00   12.14 ^ u_dut.g_seg[2].u_bank.g_inv[95].u_inv._cell/A (sg13g2_inv_1)
     1    0.00    0.02    0.03   12.17 v u_dut.g_seg[2].u_bank.g_inv[95].u_inv._cell/Y (sg13g2_inv_1)
                                         u_dut.g_seg[2].u_bank.node[96] (net)
                  0.02    0.00   12.17 v u_dut.g_seg[2].u_bank.u_mux.u_m1/A1 (sg13g2_mux2_1)
     1    0.00    0.04    0.11   12.28 v u_dut.g_seg[2].u_bank.u_mux.u_m1/X (sg13g2_mux2_1)
                                         u_dut.g_seg[2].u_bank.u_mux.w1 (net)
                  0.04    0.00   12.28 v u_dut.g_seg[2].u_bank.u_mux.u_m2/A1 (sg13g2_mux2_1)
     2    0.01    0.06    0.14   12.42 v u_dut.g_seg[2].u_bank.u_mux.u_m2/X (sg13g2_mux2_1)
                                         u_dut.g_seg[2].bank_dout (net)
                  0.06    0.00   12.42 v u_dut.g_seg[3].g_fa[0].u_fa.u_a2/A (sg13g2_and2_1)
     1    0.00    0.02    0.08   12.50 v u_dut.g_seg[3].g_fa[0].u_fa.u_a2/X (sg13g2_and2_1)
                                         u_dut.g_seg[3].g_fa[0].u_fa.v (net)
                  0.02    0.00   12.50 v u_dut.g_seg[3].g_fa[0].u_fa.u_o1/B (sg13g2_or2_1)
     2    0.01    0.04    0.11   12.61 v u_dut.g_seg[3].g_fa[0].u_fa.u_o1/X (sg13g2_or2_1)
                                         u_dut.g_seg[3].g_fa[0].u_fa.co (net)
                  0.04    0.00   12.61 v u_dut.g_seg[3].g_fa[1].u_fa.u_a2/A (sg13g2_and2_1)
     1    0.00    0.02    0.07   12.68 v u_dut.g_seg[3].g_fa[1].u_fa.u_a2/X (sg13g2_and2_1)
                                         u_dut.g_seg[3].g_fa[1].u_fa.v (net)
                  0.02    0.00   12.68 v u_dut.g_seg[3].g_fa[1].u_fa.u_o1/B (sg13g2_or2_1)
     2    0.01    0.04    0.11   12.79 v u_dut.g_seg[3].g_fa[1].u_fa.u_o1/X (sg13g2_or2_1)
                                         u_dut.g_seg[3].g_fa[1].u_fa.co (net)
                  0.04    0.00   12.79 v u_dut.g_seg[3].g_fa[2].u_fa.u_a2/A (sg13g2_and2_1)
     1    0.00    0.02    0.07   12.86 v u_dut.g_seg[3].g_fa[2].u_fa.u_a2/X (sg13g2_and2_1)
                                         u_dut.g_seg[3].g_fa[2].u_fa.v (net)
                  0.02    0.00   12.86 v u_dut.g_seg[3].g_fa[2].u_fa.u_o1/B (sg13g2_or2_1)
     2    0.01    0.05    0.11   12.98 v u_dut.g_seg[3].g_fa[2].u_fa.u_o1/X (sg13g2_or2_1)
                                         u_dut.g_seg[3].g_fa[2].u_fa.co (net)
                  0.05    0.00   12.98 v u_dut.g_seg[3].g_fa[3].u_fa.u_a2/A (sg13g2_and2_1)
     1    0.00    0.02    0.07   13.05 v u_dut.g_seg[3].g_fa[3].u_fa.u_a2/X (sg13g2_and2_1)
                                         u_dut.g_seg[3].g_fa[3].u_fa.v (net)
                  0.02    0.00   13.05 v u_dut.g_seg[3].g_fa[3].u_fa.u_o1/B (sg13g2_or2_1)
     2    0.01    0.04    0.10   13.15 v u_dut.g_seg[3].g_fa[3].u_fa.u_o1/X (sg13g2_or2_1)
                                         u_dut.g_seg[3].u_bank.node[0] (net)
                  0.04    0.00   13.15 v u_dut.g_seg[3].u_bank.g_inv[0].u_inv._cell/A (sg13g2_inv_1)
     1    0.00    0.03    0.03   13.19 ^ u_dut.g_seg[3].u_bank.g_inv[0].u_inv._cell/Y (sg13g2_inv_1)
                                         u_dut.g_seg[3].u_bank.node[1] (net)
                  0.03    0.00   13.19 ^ u_dut.g_seg[3].u_bank.g_inv[1].u_inv._cell/A (sg13g2_inv_1)
     1    0.00    0.02    0.03   13.21 v u_dut.g_seg[3].u_bank.g_inv[1].u_inv._cell/Y (sg13g2_inv_1)
                                         u_dut.g_seg[3].u_bank.node[2] (net)
                  0.02    0.00   13.21 v u_dut.g_seg[3].u_bank.g_inv[2].u_inv._cell/A (sg13g2_inv_1)
     1    0.00    0.02    0.03   13.24 ^ u_dut.g_seg[3].u_bank.g_inv[2].u_inv._cell/Y (sg13g2_inv_1)
                                         u_dut.g_seg[3].u_bank.node[3] (net)
                  0.02    0.00   13.24 ^ u_dut.g_seg[3].u_bank.g_inv[3].u_inv._cell/A (sg13g2_inv_1)
     1    0.00    0.02    0.02   13.26 v u_dut.g_seg[3].u_bank.g_inv[3].u_inv._cell/Y (sg13g2_inv_1)
                                         u_dut.g_seg[3].u_bank.node[4] (net)
                  0.02    0.00   13.26 v u_dut.g_seg[3].u_bank.g_inv[4].u_inv._cell/A (sg13g2_inv_1)
     1    0.00    0.02    0.03   13.29 ^ u_dut.g_seg[3].u_bank.g_inv[4].u_inv._cell/Y (sg13g2_inv_1)
                                         u_dut.g_seg[3].u_bank.node[5] (net)
                  0.02    0.00   13.29 ^ u_dut.g_seg[3].u_bank.g_inv[5].u_inv._cell/A (sg13g2_inv_1)
     1    0.00    0.02    0.03   13.32 v u_dut.g_seg[3].u_bank.g_inv[5].u_inv._cell/Y (sg13g2_inv_1)
                                         u_dut.g_seg[3].u_bank.node[6] (net)
                  0.02    0.00   13.32 v u_dut.g_seg[3].u_bank.g_inv[6].u_inv._cell/A (sg13g2_inv_1)
     1    0.00    0.02    0.03   13.34 ^ u_dut.g_seg[3].u_bank.g_inv[6].u_inv._cell/Y (sg13g2_inv_1)
                                         u_dut.g_seg[3].u_bank.node[7] (net)
                  0.02    0.00   13.34 ^ u_dut.g_seg[3].u_bank.g_inv[7].u_inv._cell/A (sg13g2_inv_1)
     1    0.00    0.02    0.02   13.37 v u_dut.g_seg[3].u_bank.g_inv[7].u_inv._cell/Y (sg13g2_inv_1)
                                         u_dut.g_seg[3].u_bank.node[8] (net)
                  0.02    0.00   13.37 v u_dut.g_seg[3].u_bank.g_inv[8].u_inv._cell/A (sg13g2_inv_1)
     1    0.00    0.02    0.03   13.39 ^ u_dut.g_seg[3].u_bank.g_inv[8].u_inv._cell/Y (sg13g2_inv_1)
                                         u_dut.g_seg[3].u_bank.node[9] (net)
                  0.02    0.00   13.39 ^ u_dut.g_seg[3].u_bank.g_inv[9].u_inv._cell/A (sg13g2_inv_1)
     1    0.00    0.02    0.02   13.42 v u_dut.g_seg[3].u_bank.g_inv[9].u_inv._cell/Y (sg13g2_inv_1)
                                         u_dut.g_seg[3].u_bank.node[10] (net)
                  0.02    0.00   13.42 v u_dut.g_seg[3].u_bank.g_inv[10].u_inv._cell/A (sg13g2_inv_1)
     1    0.00    0.02    0.03   13.44 ^ u_dut.g_seg[3].u_bank.g_inv[10].u_inv._cell/Y (sg13g2_inv_1)
                                         u_dut.g_seg[3].u_bank.node[11] (net)
                  0.02    0.00   13.44 ^ u_dut.g_seg[3].u_bank.g_inv[11].u_inv._cell/A (sg13g2_inv_1)
     1    0.00    0.02    0.03   13.47 v u_dut.g_seg[3].u_bank.g_inv[11].u_inv._cell/Y (sg13g2_inv_1)
                                         u_dut.g_seg[3].u_bank.node[12] (net)
                  0.02    0.00   13.47 v u_dut.g_seg[3].u_bank.g_inv[12].u_inv._cell/A (sg13g2_inv_1)
     1    0.00    0.02    0.03   13.50 ^ u_dut.g_seg[3].u_bank.g_inv[12].u_inv._cell/Y (sg13g2_inv_1)
                                         u_dut.g_seg[3].u_bank.node[13] (net)
                  0.02    0.00   13.50 ^ u_dut.g_seg[3].u_bank.g_inv[13].u_inv._cell/A (sg13g2_inv_1)
     1    0.00    0.02    0.03   13.52 v u_dut.g_seg[3].u_bank.g_inv[13].u_inv._cell/Y (sg13g2_inv_1)
                                         u_dut.g_seg[3].u_bank.node[14] (net)
                  0.02    0.00   13.52 v u_dut.g_seg[3].u_bank.g_inv[14].u_inv._cell/A (sg13g2_inv_1)
     1    0.00    0.02    0.03   13.55 ^ u_dut.g_seg[3].u_bank.g_inv[14].u_inv._cell/Y (sg13g2_inv_1)
                                         u_dut.g_seg[3].u_bank.node[15] (net)
                  0.02    0.00   13.55 ^ u_dut.g_seg[3].u_bank.g_inv[15].u_inv._cell/A (sg13g2_inv_1)
     1    0.00    0.02    0.03   13.57 v u_dut.g_seg[3].u_bank.g_inv[15].u_inv._cell/Y (sg13g2_inv_1)
                                         u_dut.g_seg[3].u_bank.node[16] (net)
                  0.02    0.00   13.57 v u_dut.g_seg[3].u_bank.g_inv[16].u_inv._cell/A (sg13g2_inv_1)
     1    0.00    0.02    0.03   13.60 ^ u_dut.g_seg[3].u_bank.g_inv[16].u_inv._cell/Y (sg13g2_inv_1)
                                         u_dut.g_seg[3].u_bank.node[17] (net)
                  0.02    0.00   13.60 ^ u_dut.g_seg[3].u_bank.g_inv[17].u_inv._cell/A (sg13g2_inv_1)
     1    0.00    0.02    0.03   13.63 v u_dut.g_seg[3].u_bank.g_inv[17].u_inv._cell/Y (sg13g2_inv_1)
                                         u_dut.g_seg[3].u_bank.node[18] (net)
                  0.02    0.00   13.63 v u_dut.g_seg[3].u_bank.g_inv[18].u_inv._cell/A (sg13g2_inv_1)
     1    0.00    0.02    0.03   13.65 ^ u_dut.g_seg[3].u_bank.g_inv[18].u_inv._cell/Y (sg13g2_inv_1)
                                         u_dut.g_seg[3].u_bank.node[19] (net)
                  0.02    0.00   13.65 ^ u_dut.g_seg[3].u_bank.g_inv[19].u_inv._cell/A (sg13g2_inv_1)
     1    0.00    0.02    0.03   13.68 v u_dut.g_seg[3].u_bank.g_inv[19].u_inv._cell/Y (sg13g2_inv_1)
                                         u_dut.g_seg[3].u_bank.node[20] (net)
                  0.02    0.00   13.68 v u_dut.g_seg[3].u_bank.g_inv[20].u_inv._cell/A (sg13g2_inv_1)
     1    0.00    0.02    0.03   13.70 ^ u_dut.g_seg[3].u_bank.g_inv[20].u_inv._cell/Y (sg13g2_inv_1)
                                         u_dut.g_seg[3].u_bank.node[21] (net)
                  0.02    0.00   13.70 ^ u_dut.g_seg[3].u_bank.g_inv[21].u_inv._cell/A (sg13g2_inv_1)
     1    0.00    0.02    0.03   13.73 v u_dut.g_seg[3].u_bank.g_inv[21].u_inv._cell/Y (sg13g2_inv_1)
                                         u_dut.g_seg[3].u_bank.node[22] (net)
                  0.02    0.00   13.73 v u_dut.g_seg[3].u_bank.g_inv[22].u_inv._cell/A (sg13g2_inv_1)
     1    0.00    0.02    0.03   13.76 ^ u_dut.g_seg[3].u_bank.g_inv[22].u_inv._cell/Y (sg13g2_inv_1)
                                         u_dut.g_seg[3].u_bank.node[23] (net)
                  0.02    0.00   13.76 ^ u_dut.g_seg[3].u_bank.g_inv[23].u_inv._cell/A (sg13g2_inv_1)
     1    0.00    0.02    0.03   13.78 v u_dut.g_seg[3].u_bank.g_inv[23].u_inv._cell/Y (sg13g2_inv_1)
                                         u_dut.g_seg[3].u_bank.node[24] (net)
                  0.02    0.00   13.78 v u_dut.g_seg[3].u_bank.g_inv[24].u_inv._cell/A (sg13g2_inv_1)
     1    0.00    0.02    0.03   13.81 ^ u_dut.g_seg[3].u_bank.g_inv[24].u_inv._cell/Y (sg13g2_inv_1)
                                         u_dut.g_seg[3].u_bank.node[25] (net)
                  0.02    0.00   13.81 ^ u_dut.g_seg[3].u_bank.g_inv[25].u_inv._cell/A (sg13g2_inv_1)
     1    0.00    0.02    0.03   13.83 v u_dut.g_seg[3].u_bank.g_inv[25].u_inv._cell/Y (sg13g2_inv_1)
                                         u_dut.g_seg[3].u_bank.node[26] (net)
                  0.02    0.00   13.83 v u_dut.g_seg[3].u_bank.g_inv[26].u_inv._cell/A (sg13g2_inv_1)
     1    0.00    0.02    0.03   13.86 ^ u_dut.g_seg[3].u_bank.g_inv[26].u_inv._cell/Y (sg13g2_inv_1)
                                         u_dut.g_seg[3].u_bank.node[27] (net)
                  0.02    0.00   13.86 ^ u_dut.g_seg[3].u_bank.g_inv[27].u_inv._cell/A (sg13g2_inv_1)
     1    0.00    0.02    0.02   13.88 v u_dut.g_seg[3].u_bank.g_inv[27].u_inv._cell/Y (sg13g2_inv_1)
                                         u_dut.g_seg[3].u_bank.node[28] (net)
                  0.02    0.00   13.88 v u_dut.g_seg[3].u_bank.g_inv[28].u_inv._cell/A (sg13g2_inv_1)
     1    0.00    0.02    0.03   13.91 ^ u_dut.g_seg[3].u_bank.g_inv[28].u_inv._cell/Y (sg13g2_inv_1)
                                         u_dut.g_seg[3].u_bank.node[29] (net)
                  0.02    0.00   13.91 ^ u_dut.g_seg[3].u_bank.g_inv[29].u_inv._cell/A (sg13g2_inv_1)
     1    0.00    0.02    0.03   13.94 v u_dut.g_seg[3].u_bank.g_inv[29].u_inv._cell/Y (sg13g2_inv_1)
                                         u_dut.g_seg[3].u_bank.node[30] (net)
                  0.02    0.00   13.94 v u_dut.g_seg[3].u_bank.g_inv[30].u_inv._cell/A (sg13g2_inv_1)
     1    0.00    0.02    0.03   13.97 ^ u_dut.g_seg[3].u_bank.g_inv[30].u_inv._cell/Y (sg13g2_inv_1)
                                         u_dut.g_seg[3].u_bank.node[31] (net)
                  0.02    0.00   13.97 ^ u_dut.g_seg[3].u_bank.g_inv[31].u_inv._cell/A (sg13g2_inv_1)
     2    0.01    0.03    0.03   14.00 v u_dut.g_seg[3].u_bank.g_inv[31].u_inv._cell/Y (sg13g2_inv_1)
                                         u_dut.g_seg[3].u_bank.node[32] (net)
                  0.03    0.00   14.00 v u_dut.g_seg[3].u_bank.g_inv[32].u_inv._cell/A (sg13g2_inv_1)
     1    0.00    0.02    0.03   14.03 ^ u_dut.g_seg[3].u_bank.g_inv[32].u_inv._cell/Y (sg13g2_inv_1)
                                         u_dut.g_seg[3].u_bank.node[33] (net)
                  0.02    0.00   14.03 ^ u_dut.g_seg[3].u_bank.g_inv[33].u_inv._cell/A (sg13g2_inv_1)
     1    0.00    0.02    0.03   14.05 v u_dut.g_seg[3].u_bank.g_inv[33].u_inv._cell/Y (sg13g2_inv_1)
                                         u_dut.g_seg[3].u_bank.node[34] (net)
                  0.02    0.00   14.05 v u_dut.g_seg[3].u_bank.g_inv[34].u_inv._cell/A (sg13g2_inv_1)
     1    0.00    0.02    0.03   14.08 ^ u_dut.g_seg[3].u_bank.g_inv[34].u_inv._cell/Y (sg13g2_inv_1)
                                         u_dut.g_seg[3].u_bank.node[35] (net)
                  0.02    0.00   14.08 ^ u_dut.g_seg[3].u_bank.g_inv[35].u_inv._cell/A (sg13g2_inv_1)
     1    0.00    0.02    0.03   14.11 v u_dut.g_seg[3].u_bank.g_inv[35].u_inv._cell/Y (sg13g2_inv_1)
                                         u_dut.g_seg[3].u_bank.node[36] (net)
                  0.02    0.00   14.11 v u_dut.g_seg[3].u_bank.g_inv[36].u_inv._cell/A (sg13g2_inv_1)
     1    0.00    0.02    0.03   14.13 ^ u_dut.g_seg[3].u_bank.g_inv[36].u_inv._cell/Y (sg13g2_inv_1)
                                         u_dut.g_seg[3].u_bank.node[37] (net)
                  0.02    0.00   14.13 ^ u_dut.g_seg[3].u_bank.g_inv[37].u_inv._cell/A (sg13g2_inv_1)
     1    0.00    0.02    0.02   14.16 v u_dut.g_seg[3].u_bank.g_inv[37].u_inv._cell/Y (sg13g2_inv_1)
                                         u_dut.g_seg[3].u_bank.node[38] (net)
                  0.02    0.00   14.16 v u_dut.g_seg[3].u_bank.g_inv[38].u_inv._cell/A (sg13g2_inv_1)
     1    0.00    0.02    0.03   14.18 ^ u_dut.g_seg[3].u_bank.g_inv[38].u_inv._cell/Y (sg13g2_inv_1)
                                         u_dut.g_seg[3].u_bank.node[39] (net)
                  0.02    0.00   14.18 ^ u_dut.g_seg[3].u_bank.g_inv[39].u_inv._cell/A (sg13g2_inv_1)
     1    0.00    0.02    0.02   14.21 v u_dut.g_seg[3].u_bank.g_inv[39].u_inv._cell/Y (sg13g2_inv_1)
                                         u_dut.g_seg[3].u_bank.node[40] (net)
                  0.02    0.00   14.21 v u_dut.g_seg[3].u_bank.g_inv[40].u_inv._cell/A (sg13g2_inv_1)
     1    0.00    0.02    0.03   14.23 ^ u_dut.g_seg[3].u_bank.g_inv[40].u_inv._cell/Y (sg13g2_inv_1)
                                         u_dut.g_seg[3].u_bank.node[41] (net)
                  0.02    0.00   14.23 ^ u_dut.g_seg[3].u_bank.g_inv[41].u_inv._cell/A (sg13g2_inv_1)
     1    0.00    0.02    0.02   14.26 v u_dut.g_seg[3].u_bank.g_inv[41].u_inv._cell/Y (sg13g2_inv_1)
                                         u_dut.g_seg[3].u_bank.node[42] (net)
                  0.02    0.00   14.26 v u_dut.g_seg[3].u_bank.g_inv[42].u_inv._cell/A (sg13g2_inv_1)
     1    0.00    0.02    0.03   14.28 ^ u_dut.g_seg[3].u_bank.g_inv[42].u_inv._cell/Y (sg13g2_inv_1)
                                         u_dut.g_seg[3].u_bank.node[43] (net)
                  0.02    0.00   14.28 ^ u_dut.g_seg[3].u_bank.g_inv[43].u_inv._cell/A (sg13g2_inv_1)
     1    0.00    0.02    0.02   14.31 v u_dut.g_seg[3].u_bank.g_inv[43].u_inv._cell/Y (sg13g2_inv_1)
                                         u_dut.g_seg[3].u_bank.node[44] (net)
                  0.02    0.00   14.31 v u_dut.g_seg[3].u_bank.g_inv[44].u_inv._cell/A (sg13g2_inv_1)
     1    0.00    0.02    0.03   14.33 ^ u_dut.g_seg[3].u_bank.g_inv[44].u_inv._cell/Y (sg13g2_inv_1)
                                         u_dut.g_seg[3].u_bank.node[45] (net)
                  0.02    0.00   14.33 ^ u_dut.g_seg[3].u_bank.g_inv[45].u_inv._cell/A (sg13g2_inv_1)
     1    0.00    0.02    0.03   14.36 v u_dut.g_seg[3].u_bank.g_inv[45].u_inv._cell/Y (sg13g2_inv_1)
                                         u_dut.g_seg[3].u_bank.node[46] (net)
                  0.02    0.00   14.36 v u_dut.g_seg[3].u_bank.g_inv[46].u_inv._cell/A (sg13g2_inv_1)
     1    0.00    0.02    0.03   14.39 ^ u_dut.g_seg[3].u_bank.g_inv[46].u_inv._cell/Y (sg13g2_inv_1)
                                         u_dut.g_seg[3].u_bank.node[47] (net)
                  0.02    0.00   14.39 ^ u_dut.g_seg[3].u_bank.g_inv[47].u_inv._cell/A (sg13g2_inv_1)
     1    0.00    0.02    0.03   14.42 v u_dut.g_seg[3].u_bank.g_inv[47].u_inv._cell/Y (sg13g2_inv_1)
                                         u_dut.g_seg[3].u_bank.node[48] (net)
                  0.02    0.00   14.42 v u_dut.g_seg[3].u_bank.g_inv[48].u_inv._cell/A (sg13g2_inv_1)
     1    0.00    0.03    0.03   14.45 ^ u_dut.g_seg[3].u_bank.g_inv[48].u_inv._cell/Y (sg13g2_inv_1)
                                         u_dut.g_seg[3].u_bank.node[49] (net)
                  0.03    0.00   14.45 ^ u_dut.g_seg[3].u_bank.g_inv[49].u_inv._cell/A (sg13g2_inv_1)
     1    0.00    0.02    0.03   14.47 v u_dut.g_seg[3].u_bank.g_inv[49].u_inv._cell/Y (sg13g2_inv_1)
                                         u_dut.g_seg[3].u_bank.node[50] (net)
                  0.02    0.00   14.47 v u_dut.g_seg[3].u_bank.g_inv[50].u_inv._cell/A (sg13g2_inv_1)
     1    0.00    0.02    0.03   14.50 ^ u_dut.g_seg[3].u_bank.g_inv[50].u_inv._cell/Y (sg13g2_inv_1)
                                         u_dut.g_seg[3].u_bank.node[51] (net)
                  0.02    0.00   14.50 ^ u_dut.g_seg[3].u_bank.g_inv[51].u_inv._cell/A (sg13g2_inv_1)
     1    0.00    0.02    0.03   14.53 v u_dut.g_seg[3].u_bank.g_inv[51].u_inv._cell/Y (sg13g2_inv_1)
                                         u_dut.g_seg[3].u_bank.node[52] (net)
                  0.02    0.00   14.53 v u_dut.g_seg[3].u_bank.g_inv[52].u_inv._cell/A (sg13g2_inv_1)
     1    0.00    0.02    0.03   14.55 ^ u_dut.g_seg[3].u_bank.g_inv[52].u_inv._cell/Y (sg13g2_inv_1)
                                         u_dut.g_seg[3].u_bank.node[53] (net)
                  0.02    0.00   14.56 ^ u_dut.g_seg[3].u_bank.g_inv[53].u_inv._cell/A (sg13g2_inv_1)
     1    0.00    0.02    0.03   14.58 v u_dut.g_seg[3].u_bank.g_inv[53].u_inv._cell/Y (sg13g2_inv_1)
                                         u_dut.g_seg[3].u_bank.node[54] (net)
                  0.02    0.00   14.58 v u_dut.g_seg[3].u_bank.g_inv[54].u_inv._cell/A (sg13g2_inv_1)
     1    0.00    0.02    0.03   14.61 ^ u_dut.g_seg[3].u_bank.g_inv[54].u_inv._cell/Y (sg13g2_inv_1)
                                         u_dut.g_seg[3].u_bank.node[55] (net)
                  0.02    0.00   14.61 ^ u_dut.g_seg[3].u_bank.g_inv[55].u_inv._cell/A (sg13g2_inv_1)
     1    0.00    0.02    0.02   14.63 v u_dut.g_seg[3].u_bank.g_inv[55].u_inv._cell/Y (sg13g2_inv_1)
                                         u_dut.g_seg[3].u_bank.node[56] (net)
                  0.02    0.00   14.63 v u_dut.g_seg[3].u_bank.g_inv[56].u_inv._cell/A (sg13g2_inv_1)
     1    0.00    0.02    0.03   14.66 ^ u_dut.g_seg[3].u_bank.g_inv[56].u_inv._cell/Y (sg13g2_inv_1)
                                         u_dut.g_seg[3].u_bank.node[57] (net)
                  0.02    0.00   14.66 ^ u_dut.g_seg[3].u_bank.g_inv[57].u_inv._cell/A (sg13g2_inv_1)
     1    0.00    0.02    0.02   14.68 v u_dut.g_seg[3].u_bank.g_inv[57].u_inv._cell/Y (sg13g2_inv_1)
                                         u_dut.g_seg[3].u_bank.node[58] (net)
                  0.02    0.00   14.68 v u_dut.g_seg[3].u_bank.g_inv[58].u_inv._cell/A (sg13g2_inv_1)
     1    0.00    0.02    0.03   14.71 ^ u_dut.g_seg[3].u_bank.g_inv[58].u_inv._cell/Y (sg13g2_inv_1)
                                         u_dut.g_seg[3].u_bank.node[59] (net)
                  0.02    0.00   14.71 ^ u_dut.g_seg[3].u_bank.g_inv[59].u_inv._cell/A (sg13g2_inv_1)
     1    0.00    0.02    0.02   14.73 v u_dut.g_seg[3].u_bank.g_inv[59].u_inv._cell/Y (sg13g2_inv_1)
                                         u_dut.g_seg[3].u_bank.node[60] (net)
                  0.02    0.00   14.73 v u_dut.g_seg[3].u_bank.g_inv[60].u_inv._cell/A (sg13g2_inv_1)
     1    0.00    0.02    0.03   14.76 ^ u_dut.g_seg[3].u_bank.g_inv[60].u_inv._cell/Y (sg13g2_inv_1)
                                         u_dut.g_seg[3].u_bank.node[61] (net)
                  0.02    0.00   14.76 ^ u_dut.g_seg[3].u_bank.g_inv[61].u_inv._cell/A (sg13g2_inv_1)
     1    0.00    0.02    0.03   14.79 v u_dut.g_seg[3].u_bank.g_inv[61].u_inv._cell/Y (sg13g2_inv_1)
                                         u_dut.g_seg[3].u_bank.node[62] (net)
                  0.02    0.00   14.79 v u_dut.g_seg[3].u_bank.g_inv[62].u_inv._cell/A (sg13g2_inv_1)
     1    0.00    0.02    0.03   14.82 ^ u_dut.g_seg[3].u_bank.g_inv[62].u_inv._cell/Y (sg13g2_inv_1)
                                         u_dut.g_seg[3].u_bank.node[63] (net)
                  0.02    0.00   14.82 ^ u_dut.g_seg[3].u_bank.g_inv[63].u_inv._cell/A (sg13g2_inv_1)
     2    0.01    0.03    0.03   14.85 v u_dut.g_seg[3].u_bank.g_inv[63].u_inv._cell/Y (sg13g2_inv_1)
                                         u_dut.g_seg[3].u_bank.node[64] (net)
                  0.03    0.00   14.85 v u_dut.g_seg[3].u_bank.g_inv[64].u_inv._cell/A (sg13g2_inv_1)
     1    0.00    0.02    0.03   14.88 ^ u_dut.g_seg[3].u_bank.g_inv[64].u_inv._cell/Y (sg13g2_inv_1)
                                         u_dut.g_seg[3].u_bank.node[65] (net)
                  0.02    0.00   14.88 ^ u_dut.g_seg[3].u_bank.g_inv[65].u_inv._cell/A (sg13g2_inv_1)
     1    0.00    0.02    0.03   14.91 v u_dut.g_seg[3].u_bank.g_inv[65].u_inv._cell/Y (sg13g2_inv_1)
                                         u_dut.g_seg[3].u_bank.node[66] (net)
                  0.02    0.00   14.91 v u_dut.g_seg[3].u_bank.g_inv[66].u_inv._cell/A (sg13g2_inv_1)
     1    0.00    0.02    0.03   14.93 ^ u_dut.g_seg[3].u_bank.g_inv[66].u_inv._cell/Y (sg13g2_inv_1)
                                         u_dut.g_seg[3].u_bank.node[67] (net)
                  0.02    0.00   14.93 ^ u_dut.g_seg[3].u_bank.g_inv[67].u_inv._cell/A (sg13g2_inv_1)
     1    0.00    0.02    0.03   14.96 v u_dut.g_seg[3].u_bank.g_inv[67].u_inv._cell/Y (sg13g2_inv_1)
                                         u_dut.g_seg[3].u_bank.node[68] (net)
                  0.02    0.00   14.96 v u_dut.g_seg[3].u_bank.g_inv[68].u_inv._cell/A (sg13g2_inv_1)
     1    0.00    0.02    0.03   14.99 ^ u_dut.g_seg[3].u_bank.g_inv[68].u_inv._cell/Y (sg13g2_inv_1)
                                         u_dut.g_seg[3].u_bank.node[69] (net)
                  0.02    0.00   14.99 ^ u_dut.g_seg[3].u_bank.g_inv[69].u_inv._cell/A (sg13g2_inv_1)
     1    0.00    0.02    0.03   15.02 v u_dut.g_seg[3].u_bank.g_inv[69].u_inv._cell/Y (sg13g2_inv_1)
                                         u_dut.g_seg[3].u_bank.node[70] (net)
                  0.02    0.00   15.02 v u_dut.g_seg[3].u_bank.g_inv[70].u_inv._cell/A (sg13g2_inv_1)
     1    0.00    0.02    0.03   15.04 ^ u_dut.g_seg[3].u_bank.g_inv[70].u_inv._cell/Y (sg13g2_inv_1)
                                         u_dut.g_seg[3].u_bank.node[71] (net)
                  0.02    0.00   15.04 ^ u_dut.g_seg[3].u_bank.g_inv[71].u_inv._cell/A (sg13g2_inv_1)
     1    0.00    0.02    0.03   15.07 v u_dut.g_seg[3].u_bank.g_inv[71].u_inv._cell/Y (sg13g2_inv_1)
                                         u_dut.g_seg[3].u_bank.node[72] (net)
                  0.02    0.00   15.07 v u_dut.g_seg[3].u_bank.g_inv[72].u_inv._cell/A (sg13g2_inv_1)
     1    0.00    0.02    0.03   15.10 ^ u_dut.g_seg[3].u_bank.g_inv[72].u_inv._cell/Y (sg13g2_inv_1)
                                         u_dut.g_seg[3].u_bank.node[73] (net)
                  0.02    0.00   15.10 ^ u_dut.g_seg[3].u_bank.g_inv[73].u_inv._cell/A (sg13g2_inv_1)
     1    0.00    0.02    0.03   15.13 v u_dut.g_seg[3].u_bank.g_inv[73].u_inv._cell/Y (sg13g2_inv_1)
                                         u_dut.g_seg[3].u_bank.node[74] (net)
                  0.02    0.00   15.13 v u_dut.g_seg[3].u_bank.g_inv[74].u_inv._cell/A (sg13g2_inv_1)
     1    0.00    0.02    0.03   15.15 ^ u_dut.g_seg[3].u_bank.g_inv[74].u_inv._cell/Y (sg13g2_inv_1)
                                         u_dut.g_seg[3].u_bank.node[75] (net)
                  0.02    0.00   15.15 ^ u_dut.g_seg[3].u_bank.g_inv[75].u_inv._cell/A (sg13g2_inv_1)
     1    0.00    0.02    0.02   15.18 v u_dut.g_seg[3].u_bank.g_inv[75].u_inv._cell/Y (sg13g2_inv_1)
                                         u_dut.g_seg[3].u_bank.node[76] (net)
                  0.02    0.00   15.18 v u_dut.g_seg[3].u_bank.g_inv[76].u_inv._cell/A (sg13g2_inv_1)
     1    0.00    0.02    0.03   15.20 ^ u_dut.g_seg[3].u_bank.g_inv[76].u_inv._cell/Y (sg13g2_inv_1)
                                         u_dut.g_seg[3].u_bank.node[77] (net)
                  0.02    0.00   15.20 ^ u_dut.g_seg[3].u_bank.g_inv[77].u_inv._cell/A (sg13g2_inv_1)
     1    0.00    0.02    0.02   15.23 v u_dut.g_seg[3].u_bank.g_inv[77].u_inv._cell/Y (sg13g2_inv_1)
                                         u_dut.g_seg[3].u_bank.node[78] (net)
                  0.02    0.00   15.23 v u_dut.g_seg[3].u_bank.g_inv[78].u_inv._cell/A (sg13g2_inv_1)
     1    0.00    0.02    0.03   15.25 ^ u_dut.g_seg[3].u_bank.g_inv[78].u_inv._cell/Y (sg13g2_inv_1)
                                         u_dut.g_seg[3].u_bank.node[79] (net)
                  0.02    0.00   15.25 ^ u_dut.g_seg[3].u_bank.g_inv[79].u_inv._cell/A (sg13g2_inv_1)
     1    0.00    0.02    0.02   15.28 v u_dut.g_seg[3].u_bank.g_inv[79].u_inv._cell/Y (sg13g2_inv_1)
                                         u_dut.g_seg[3].u_bank.node[80] (net)
                  0.02    0.00   15.28 v u_dut.g_seg[3].u_bank.g_inv[80].u_inv._cell/A (sg13g2_inv_1)
     1    0.00    0.02    0.03   15.30 ^ u_dut.g_seg[3].u_bank.g_inv[80].u_inv._cell/Y (sg13g2_inv_1)
                                         u_dut.g_seg[3].u_bank.node[81] (net)
                  0.02    0.00   15.30 ^ u_dut.g_seg[3].u_bank.g_inv[81].u_inv._cell/A (sg13g2_inv_1)
     1    0.00    0.02    0.02   15.33 v u_dut.g_seg[3].u_bank.g_inv[81].u_inv._cell/Y (sg13g2_inv_1)
                                         u_dut.g_seg[3].u_bank.node[82] (net)
                  0.02    0.00   15.33 v u_dut.g_seg[3].u_bank.g_inv[82].u_inv._cell/A (sg13g2_inv_1)
     1    0.00    0.02    0.03   15.35 ^ u_dut.g_seg[3].u_bank.g_inv[82].u_inv._cell/Y (sg13g2_inv_1)
                                         u_dut.g_seg[3].u_bank.node[83] (net)
                  0.02    0.00   15.35 ^ u_dut.g_seg[3].u_bank.g_inv[83].u_inv._cell/A (sg13g2_inv_1)
     1    0.00    0.02    0.03   15.38 v u_dut.g_seg[3].u_bank.g_inv[83].u_inv._cell/Y (sg13g2_inv_1)
                                         u_dut.g_seg[3].u_bank.node[84] (net)
                  0.02    0.00   15.38 v u_dut.g_seg[3].u_bank.g_inv[84].u_inv._cell/A (sg13g2_inv_1)
     1    0.00    0.02    0.03   15.41 ^ u_dut.g_seg[3].u_bank.g_inv[84].u_inv._cell/Y (sg13g2_inv_1)
                                         u_dut.g_seg[3].u_bank.node[85] (net)
                  0.02    0.00   15.41 ^ u_dut.g_seg[3].u_bank.g_inv[85].u_inv._cell/A (sg13g2_inv_1)
     1    0.00    0.02    0.03   15.43 v u_dut.g_seg[3].u_bank.g_inv[85].u_inv._cell/Y (sg13g2_inv_1)
                                         u_dut.g_seg[3].u_bank.node[86] (net)
                  0.02    0.00   15.43 v u_dut.g_seg[3].u_bank.g_inv[86].u_inv._cell/A (sg13g2_inv_1)
     1    0.00    0.02    0.03   15.46 ^ u_dut.g_seg[3].u_bank.g_inv[86].u_inv._cell/Y (sg13g2_inv_1)
                                         u_dut.g_seg[3].u_bank.node[87] (net)
                  0.02    0.00   15.46 ^ u_dut.g_seg[3].u_bank.g_inv[87].u_inv._cell/A (sg13g2_inv_1)
     1    0.00    0.02    0.03   15.48 v u_dut.g_seg[3].u_bank.g_inv[87].u_inv._cell/Y (sg13g2_inv_1)
                                         u_dut.g_seg[3].u_bank.node[88] (net)
                  0.02    0.00   15.48 v u_dut.g_seg[3].u_bank.g_inv[88].u_inv._cell/A (sg13g2_inv_1)
     1    0.00    0.02    0.03   15.51 ^ u_dut.g_seg[3].u_bank.g_inv[88].u_inv._cell/Y (sg13g2_inv_1)
                                         u_dut.g_seg[3].u_bank.node[89] (net)
                  0.02    0.00   15.51 ^ u_dut.g_seg[3].u_bank.g_inv[89].u_inv._cell/A (sg13g2_inv_1)
     1    0.00    0.02    0.03   15.54 v u_dut.g_seg[3].u_bank.g_inv[89].u_inv._cell/Y (sg13g2_inv_1)
                                         u_dut.g_seg[3].u_bank.node[90] (net)
                  0.02    0.00   15.54 v u_dut.g_seg[3].u_bank.g_inv[90].u_inv._cell/A (sg13g2_inv_1)
     1    0.00    0.02    0.03   15.56 ^ u_dut.g_seg[3].u_bank.g_inv[90].u_inv._cell/Y (sg13g2_inv_1)
                                         u_dut.g_seg[3].u_bank.node[91] (net)
                  0.02    0.00   15.56 ^ u_dut.g_seg[3].u_bank.g_inv[91].u_inv._cell/A (sg13g2_inv_1)
     1    0.00    0.02    0.03   15.59 v u_dut.g_seg[3].u_bank.g_inv[91].u_inv._cell/Y (sg13g2_inv_1)
                                         u_dut.g_seg[3].u_bank.node[92] (net)
                  0.02    0.00   15.59 v u_dut.g_seg[3].u_bank.g_inv[92].u_inv._cell/A (sg13g2_inv_1)
     1    0.00    0.02    0.03   15.62 ^ u_dut.g_seg[3].u_bank.g_inv[92].u_inv._cell/Y (sg13g2_inv_1)
                                         u_dut.g_seg[3].u_bank.node[93] (net)
                  0.02    0.00   15.62 ^ u_dut.g_seg[3].u_bank.g_inv[93].u_inv._cell/A (sg13g2_inv_1)
     1    0.00    0.02    0.03   15.65 v u_dut.g_seg[3].u_bank.g_inv[93].u_inv._cell/Y (sg13g2_inv_1)
                                         u_dut.g_seg[3].u_bank.node[94] (net)
                  0.02    0.00   15.65 v u_dut.g_seg[3].u_bank.g_inv[94].u_inv._cell/A (sg13g2_inv_1)
     1    0.00    0.02    0.03   15.67 ^ u_dut.g_seg[3].u_bank.g_inv[94].u_inv._cell/Y (sg13g2_inv_1)
                                         u_dut.g_seg[3].u_bank.node[95] (net)
                  0.02    0.00   15.67 ^ u_dut.g_seg[3].u_bank.g_inv[95].u_inv._cell/A (sg13g2_inv_1)
     1    0.00    0.02    0.03   15.70 v u_dut.g_seg[3].u_bank.g_inv[95].u_inv._cell/Y (sg13g2_inv_1)
                                         u_dut.g_seg[3].u_bank.node[96] (net)
                  0.02    0.00   15.70 v u_dut.g_seg[3].u_bank.u_mux.u_m1/A1 (sg13g2_mux2_1)
     1    0.00    0.04    0.11   15.81 v u_dut.g_seg[3].u_bank.u_mux.u_m1/X (sg13g2_mux2_1)
                                         u_dut.g_seg[3].u_bank.u_mux.w1 (net)
                  0.04    0.00   15.81 v u_dut.g_seg[3].u_bank.u_mux.u_m2/A1 (sg13g2_mux2_1)
     1    0.01    0.04    0.12   15.93 v u_dut.g_seg[3].u_bank.u_mux.u_m2/X (sg13g2_mux2_1)
                                         rca_cout (net)
                  0.04    0.00   15.93 v _0661_/B (sg13g2_xnor2_1)
     1    0.00    0.07    0.08   16.01 ^ _0661_/Y (sg13g2_xnor2_1)
                                         _0238_ (net)
                  0.07    0.00   16.01 ^ _0662_/A2 (sg13g2_a21oi_1)
     1    0.00    0.07    0.07   16.08 v _0662_/Y (sg13g2_a21oi_1)
                                         _0143_ (net)
                  0.07    0.00   16.08 v _1309_/D (sg13g2_dfrbpq_1)
                                 16.08   data arrival time

                         10.00   10.00   clock clk' (rise edge)
                          0.00   10.00   clock source latency
     1    0.03    0.04    0.03   10.03 v clk (in)
                                         clk (net)
                  0.04    0.00   10.03 v clkbuf_0_clk/A (sg13g2_buf_16)
    16    0.18    0.05    0.09   10.12 v clkbuf_0_clk/X (sg13g2_buf_16)
                                         clknet_0_clk (net)
                  0.06    0.02   10.13 v clkbuf_4_11_0_clk/A (sg13g2_buf_8)
     2    0.04    0.03    0.10   10.23 v clkbuf_4_11_0_clk/X (sg13g2_buf_8)
                                         clknet_4_11_0_clk (net)
                  0.03    0.00   10.23 v clkbuf_5_23__f_clk/A (sg13g2_buf_16)
     4    0.02    0.02    0.07   10.30 v clkbuf_5_23__f_clk/X (sg13g2_buf_16)
                                         clknet_5_23__leaf_clk (net)
                  0.02    0.00   10.31 v _1226__94/A (sg13g2_inv_1)
     1    0.00    0.02    0.03   10.33 ^ _1226__94/Y (sg13g2_inv_1)
                                         net93 (net)
                  0.02    0.00   10.33 ^ _1309_/CLK (sg13g2_dfrbpq_1)
                         -0.25   10.08   clock uncertainty
                          0.00   10.08   clock reconvergence pessimism
                         -0.13    9.95   library setup time
                                  9.95   data required time
-----------------------------------------------------------------------------
                                  9.95   data required time
                                -16.08   data arrival time
-----------------------------------------------------------------------------
                                 -6.13   slack (VIOLATED)


ES-END
CONTROL-MAX
Startpoint: _1296_ (rising edge-triggered flip-flop clocked by clk')
Endpoint: _1290_ (rising edge-triggered flip-flop clocked by clk)
Path Group: clk
Path Type: max

  Delay    Time   Description
---------------------------------------------------------
  10.00   10.00   clock clk' (rise edge)
   0.00   10.00   clock source latency
   0.03   10.03 v clk (in)
   0.09   10.12 v clkbuf_0_clk/X (sg13g2_buf_16)
   0.11   10.23 v clkbuf_4_1_0_clk/X (sg13g2_buf_8)
   0.07   10.31 v clkbuf_5_3__f_clk/X (sg13g2_buf_16)
   0.03   10.34 ^ _1213__81/Y (sg13g2_inv_1)
   0.00   10.34 ^ _1296_/CLK (sg13g2_dfrbpq_1)
   0.19   10.53 v _1296_/Q (sg13g2_dfrbpq_1)
   0.11   10.64 v _0864_/Y (sg13g2_xnor2_1)
   0.10   10.74 v _0865_/Y (sg13g2_xnor2_1)
   0.18   10.92 ^ _0873_/Y (sg13g2_nor4_1)
   0.12   11.05 v _0878_/Y (sg13g2_nand3_1)
   0.19   11.24 ^ _0906_/Y (sg13g2_nor4_1)
   0.18   11.42 v _0907_/Y (sg13g2_nand4_1)
   0.22   11.64 ^ _0908_/Y (sg13g2_nor4_1)
   0.32   11.96 ^ _0909_/X (sg13g2_and4_1)
   0.22   12.18 v _1090_/Y (sg13g2_nor3_1)
   0.18   12.36 ^ _1096_/X (sg13g2_mux2_1)
   0.00   12.36 ^ _1290_/D (sg13g2_dfrbpq_1)
          12.36   data arrival time

  20.00   20.00   clock clk (rise edge)
   0.00   20.00   clock source latency
   0.03   20.03 ^ clk (in)
   0.09   20.13 ^ clkbuf_0_clk/X (sg13g2_buf_16)
   0.11   20.23 ^ clkbuf_4_9_0_clk/X (sg13g2_buf_8)
   0.07   20.30 ^ clkbuf_5_18__f_clk/X (sg13g2_buf_16)
   0.00   20.30 ^ _1290_/CLK (sg13g2_dfrbpq_1)
  -0.25   20.05   clock uncertainty
   0.00   20.05   clock reconvergence pessimism
  -0.12   19.93   library setup time
          19.93   data required time
---------------------------------------------------------
          19.93   data required time
         -12.36   data arrival time
---------------------------------------------------------
           7.57   slack (MET)


CONTROL-END
