
===========================================================================
report_checks -unconstrained
===========================================================================
======================= nom_slow_1p08V_125C Corner ===================================

Startpoint: rst_n (input port clocked by clk)
Endpoint: _1318_ (recovery check against rising-edge clock clk)
Path Group: asynchronous
Path Type: max

Fanout         Cap        Slew       Delay        Time   Description
---------------------------------------------------------------------------------------------
                                  0.000000    0.000000   clock clk (rise edge)
                                  0.000000    0.000000   clock network delay (propagated)
                                  4.000000    4.000000 ^ input external delay
     1    0.005007    0.035628    0.006553    4.006554 ^ rst_n (in)
                                                         rst_n (net)
                      0.035628    0.000000    4.006554 ^ input1/A (sg13g2_buf_1)
     3    0.035360    0.231530    0.235708    4.242262 ^ input1/X (sg13g2_buf_1)
                                                         net1 (net)
                      0.231602    0.003389    4.245651 ^ fanout71/A (sg13g2_buf_1)
     4    0.031490    0.207558    0.297955    4.543606 ^ fanout71/X (sg13g2_buf_1)
                                                         net71 (net)
                      0.207863    0.005612    4.549218 ^ fanout58/A (sg13g2_buf_1)
     8    0.044530    0.288056    0.347484    4.896702 ^ fanout58/X (sg13g2_buf_1)
                                                         net58 (net)
                      0.288060    0.000953    4.897656 ^ fanout57/A (sg13g2_buf_1)
     8    0.048420    0.313230    0.389834    5.287490 ^ fanout57/X (sg13g2_buf_1)
                                                         net57 (net)
                      0.313379    0.003442    5.290932 ^ fanout56/A (sg13g2_buf_1)
     8    0.049947    0.322554    0.405003    5.695935 ^ fanout56/X (sg13g2_buf_1)
                                                         net56 (net)
                      0.322568    0.002413    5.698347 ^ _1318_/RESET_B (sg13g2_dfrbpq_1)
                                              5.698347   data arrival time

                                 20.000000   20.000000   clock clk (rise edge)
                                  0.000000   20.000000   clock source latency
     1    0.034007    0.075930    0.045787   20.045788 ^ clk (in)
                                                         clk (net)
                      0.076319    0.000000   20.045788 ^ clkbuf_0_clk/A (sg13g2_buf_16)
    16    0.179861    0.090608    0.160336   20.206123 ^ clkbuf_0_clk/X (sg13g2_buf_16)
                                                         clknet_0_clk (net)
                      0.093256    0.012040   20.218164 ^ clkbuf_4_0_0_clk/A (sg13g2_buf_8)
     2    0.038559    0.050876    0.148138   20.366301 ^ clkbuf_4_0_0_clk/X (sg13g2_buf_8)
                                                         clknet_4_0_0_clk (net)
                      0.050918    0.001455   20.367756 ^ clkbuf_5_0__f_clk/A (sg13g2_buf_16)
     6    0.025875    0.032467    0.108713   20.476469 ^ clkbuf_5_0__f_clk/X (sg13g2_buf_16)
                                                         clknet_5_0__leaf_clk (net)
                      0.032481    0.001286   20.477755 ^ _1318_/CLK (sg13g2_dfrbpq_1)
                                 -0.250000   20.227757   clock uncertainty
                                  0.000000   20.227757   clock reconvergence pessimism
                                 -0.319853   19.907904   library recovery time
                                             19.907904   data required time
---------------------------------------------------------------------------------------------
                                             19.907904   data required time
                                             -5.698347   data arrival time
---------------------------------------------------------------------------------------------
                                             14.209557   slack (MET)


Startpoint: _1439_ (rising edge-triggered flip-flop clocked by clk)
Endpoint: _1422_ (rising edge-triggered flip-flop clocked by clk)
Path Group: clk
Path Type: max

Fanout         Cap        Slew       Delay        Time   Description
---------------------------------------------------------------------------------------------
                                  0.000000    0.000000   clock clk (rise edge)
                                  0.000000    0.000000   clock source latency
     1    0.034007    0.075930    0.045788    0.045788 ^ clk (in)
                                                         clk (net)
                      0.076319    0.000000    0.045788 ^ clkbuf_0_clk/A (sg13g2_buf_16)
    16    0.179861    0.090608    0.160335    0.206123 ^ clkbuf_0_clk/X (sg13g2_buf_16)
                                                         clknet_0_clk (net)
                      0.094395    0.014296    0.220419 ^ clkbuf_4_11_0_clk/A (sg13g2_buf_8)
     2    0.036311    0.049384    0.147382    0.367801 ^ clkbuf_4_11_0_clk/X (sg13g2_buf_8)
                                                         clknet_4_11_0_clk (net)
                      0.049405    0.001356    0.369156 ^ clkbuf_5_22__f_clk/A (sg13g2_buf_16)
     5    0.019886    0.030304    0.106234    0.475390 ^ clkbuf_5_22__f_clk/X (sg13g2_buf_16)
                                                         clknet_5_22__leaf_clk (net)
                      0.030310    0.000811    0.476202 ^ _1439_/CLK (sg13g2_dfrbpq_1)
     1    0.003487    0.040102    0.259578    0.735780 ^ _1439_/Q (sg13g2_dfrbpq_1)
                                                         cfg[8] (net)
                      0.040102    0.000224    0.736004 ^ fanout54/A (sg13g2_buf_1)
     4    0.024291    0.163014    0.190084    0.926087 ^ fanout54/X (sg13g2_buf_1)
                                                         net54 (net)
                      0.163135    0.003637    0.929724 ^ fanout53/A (sg13g2_buf_1)
     8    0.033692    0.220843    0.286215    1.215939 ^ fanout53/X (sg13g2_buf_1)
                                                         net53 (net)
                      0.220896    0.002861    1.218800 ^ _0762_/B_N (sg13g2_nor2b_1)
     6    0.025860    0.351046    0.421370    1.640171 ^ _0762_/Y (sg13g2_nor2b_1)
                                                         _0326_ (net)
                      0.351059    0.001772    1.641943 ^ _0765_/A (sg13g2_nand2_1)
     4    0.021165    0.279791    0.337494    1.979436 v _0765_/Y (sg13g2_nand2_1)
                                                         _0329_ (net)
                      0.279795    0.001139    1.980575 v fanout36/A (sg13g2_buf_1)
     8    0.041680    0.221883    0.335926    2.316501 v fanout36/X (sg13g2_buf_1)
                                                         net36 (net)
                      0.221999    0.004662    2.321164 v _0766_/B (sg13g2_nand2_1)
     2    0.009332    0.112430    0.155581    2.476745 ^ _0766_/Y (sg13g2_nand2_1)
                                                         u_dut.g_seg[0].g_fa[0].u_fa.a (net)
                      0.112431    0.000596    2.477341 ^ u_dut.g_seg[0].g_fa[0].u_fa.u_x1/A (sg13g2_xor2_1)
     2    0.009830    0.150328    0.172176    2.649518 v u_dut.g_seg[0].g_fa[0].u_fa.u_x1/X (sg13g2_xor2_1)
                                                         u_dut.g_seg[0].g_fa[0].u_fa.t (net)
                      0.150328    0.000546    2.650063 v u_dut.g_seg[0].g_fa[0].u_fa.u_a2/B (sg13g2_and2_1)
     1    0.002484    0.034060    0.161697    2.811761 v u_dut.g_seg[0].g_fa[0].u_fa.u_a2/X (sg13g2_and2_1)
                                                         u_dut.g_seg[0].g_fa[0].u_fa.v (net)
                      0.034060    0.000184    2.811944 v u_dut.g_seg[0].g_fa[0].u_fa.u_o1/B (sg13g2_or2_1)
     2    0.008992    0.070823    0.175707    2.987651 v u_dut.g_seg[0].g_fa[0].u_fa.u_o1/X (sg13g2_or2_1)
                                                         u_dut.g_seg[0].g_fa[0].u_fa.co (net)
                      0.070825    0.000477    2.988128 v u_dut.g_seg[0].g_fa[1].u_fa.u_a2/A (sg13g2_and2_1)
     1    0.003855    0.040526    0.121970    3.110098 v u_dut.g_seg[0].g_fa[1].u_fa.u_a2/X (sg13g2_and2_1)
                                                         u_dut.g_seg[0].g_fa[1].u_fa.v (net)
                      0.040526    0.000246    3.110344 v u_dut.g_seg[0].g_fa[1].u_fa.u_o1/B (sg13g2_or2_1)
     2    0.010573    0.078650    0.185753    3.296096 v u_dut.g_seg[0].g_fa[1].u_fa.u_o1/X (sg13g2_or2_1)
                                                         u_dut.g_seg[0].g_fa[1].u_fa.co (net)
                      0.078654    0.000688    3.296784 v u_dut.g_seg[0].g_fa[2].u_fa.u_a2/A (sg13g2_and2_1)
     1    0.004434    0.041745    0.128238    3.425022 v u_dut.g_seg[0].g_fa[2].u_fa.u_a2/X (sg13g2_and2_1)
                                                         u_dut.g_seg[0].g_fa[2].u_fa.v (net)
                      0.041758    0.000415    3.425437 v u_dut.g_seg[0].g_fa[2].u_fa.u_o1/B (sg13g2_or2_1)
     2    0.008048    0.066281    0.174683    3.600121 v u_dut.g_seg[0].g_fa[2].u_fa.u_o1/X (sg13g2_or2_1)
                                                         u_dut.g_seg[0].g_fa[2].u_fa.co (net)
                      0.066282    0.000425    3.600545 v u_dut.g_seg[0].g_fa[3].u_fa.u_a2/A (sg13g2_and2_1)
     1    0.002904    0.036663    0.115822    3.716368 v u_dut.g_seg[0].g_fa[3].u_fa.u_a2/X (sg13g2_and2_1)
                                                         u_dut.g_seg[0].g_fa[3].u_fa.v (net)
                      0.036663    0.000112    3.716480 v u_dut.g_seg[0].g_fa[3].u_fa.u_o1/B (sg13g2_or2_1)
     2    0.019915    0.126913    0.226813    3.943293 v u_dut.g_seg[0].g_fa[3].u_fa.u_o1/X (sg13g2_or2_1)
                                                         u_dut.g_seg[0].u_bank.node[0] (net)
                      0.126942    0.001818    3.945111 v u_dut.g_seg[0].u_bank.g_inv[0].u_inv._cell/A (sg13g2_inv_1)
     1    0.004020    0.056658    0.078905    4.024016 ^ u_dut.g_seg[0].u_bank.g_inv[0].u_inv._cell/Y (sg13g2_inv_1)
                                                         u_dut.g_seg[0].u_bank.node[1] (net)
                      0.056659    0.000265    4.024282 ^ u_dut.g_seg[0].u_bank.g_inv[1].u_inv._cell/A (sg13g2_inv_1)
     1    0.003164    0.032215    0.050057    4.074339 v u_dut.g_seg[0].u_bank.g_inv[1].u_inv._cell/Y (sg13g2_inv_1)
                                                         u_dut.g_seg[0].u_bank.node[2] (net)
                      0.032215    0.000235    4.074574 v u_dut.g_seg[0].u_bank.g_inv[2].u_inv._cell/A (sg13g2_inv_1)
     1    0.003371    0.034177    0.043817    4.118392 ^ u_dut.g_seg[0].u_bank.g_inv[2].u_inv._cell/Y (sg13g2_inv_1)
                                                         u_dut.g_seg[0].u_bank.node[3] (net)
                      0.034177    0.000133    4.118524 ^ u_dut.g_seg[0].u_bank.g_inv[3].u_inv._cell/A (sg13g2_inv_1)
     1    0.004198    0.032350    0.045717    4.164241 v u_dut.g_seg[0].u_bank.g_inv[3].u_inv._cell/Y (sg13g2_inv_1)
                                                         u_dut.g_seg[0].u_bank.node[4] (net)
                      0.032353    0.000293    4.164535 v u_dut.g_seg[0].u_bank.g_inv[4].u_inv._cell/A (sg13g2_inv_1)
     1    0.004254    0.039240    0.047872    4.212407 ^ u_dut.g_seg[0].u_bank.g_inv[4].u_inv._cell/Y (sg13g2_inv_1)
                                                         u_dut.g_seg[0].u_bank.node[5] (net)
                      0.039242    0.000282    4.212689 ^ u_dut.g_seg[0].u_bank.g_inv[5].u_inv._cell/A (sg13g2_inv_1)
     1    0.005463    0.039214    0.052783    4.265472 v u_dut.g_seg[0].u_bank.g_inv[5].u_inv._cell/Y (sg13g2_inv_1)
                                                         u_dut.g_seg[0].u_bank.node[6] (net)
                      0.039234    0.000368    4.265840 v u_dut.g_seg[0].u_bank.g_inv[6].u_inv._cell/A (sg13g2_inv_1)
     1    0.003215    0.034713    0.045672    4.311512 ^ u_dut.g_seg[0].u_bank.g_inv[6].u_inv._cell/Y (sg13g2_inv_1)
                                                         u_dut.g_seg[0].u_bank.node[7] (net)
                      0.034713    0.000245    4.311757 ^ u_dut.g_seg[0].u_bank.g_inv[7].u_inv._cell/A (sg13g2_inv_1)
     1    0.002741    0.025917    0.040165    4.351922 v u_dut.g_seg[0].u_bank.g_inv[7].u_inv._cell/Y (sg13g2_inv_1)
                                                         u_dut.g_seg[0].u_bank.node[8] (net)
                      0.025917    0.000109    4.352031 v u_dut.g_seg[0].u_bank.g_inv[8].u_inv._cell/A (sg13g2_inv_1)
     1    0.002859    0.029986    0.039154    4.391184 ^ u_dut.g_seg[0].u_bank.g_inv[8].u_inv._cell/Y (sg13g2_inv_1)
                                                         u_dut.g_seg[0].u_bank.node[9] (net)
                      0.029986    0.000114    4.391299 ^ u_dut.g_seg[0].u_bank.g_inv[9].u_inv._cell/A (sg13g2_inv_1)
     1    0.003447    0.028093    0.041155    4.432453 v u_dut.g_seg[0].u_bank.g_inv[9].u_inv._cell/Y (sg13g2_inv_1)
                                                         u_dut.g_seg[0].u_bank.node[10] (net)
                      0.028095    0.000242    4.432695 v u_dut.g_seg[0].u_bank.g_inv[10].u_inv._cell/A (sg13g2_inv_1)
     1    0.003002    0.031250    0.040606    4.473300 ^ u_dut.g_seg[0].u_bank.g_inv[10].u_inv._cell/Y (sg13g2_inv_1)
                                                         u_dut.g_seg[0].u_bank.node[11] (net)
                      0.031250    0.000119    4.473420 ^ u_dut.g_seg[0].u_bank.g_inv[11].u_inv._cell/A (sg13g2_inv_1)
     1    0.002742    0.025209    0.038885    4.512305 v u_dut.g_seg[0].u_bank.g_inv[11].u_inv._cell/Y (sg13g2_inv_1)
                                                         u_dut.g_seg[0].u_bank.node[12] (net)
                      0.025209    0.000109    4.512414 v u_dut.g_seg[0].u_bank.g_inv[12].u_inv._cell/A (sg13g2_inv_1)
     1    0.002859    0.029844    0.038896    4.551310 ^ u_dut.g_seg[0].u_bank.g_inv[12].u_inv._cell/Y (sg13g2_inv_1)
                                                         u_dut.g_seg[0].u_bank.node[13] (net)
                      0.029844    0.000114    4.551424 ^ u_dut.g_seg[0].u_bank.g_inv[13].u_inv._cell/A (sg13g2_inv_1)
     1    0.002750    0.024959    0.038399    4.589823 v u_dut.g_seg[0].u_bank.g_inv[13].u_inv._cell/Y (sg13g2_inv_1)
                                                         u_dut.g_seg[0].u_bank.node[14] (net)
                      0.024959    0.000110    4.589933 v u_dut.g_seg[0].u_bank.g_inv[14].u_inv._cell/A (sg13g2_inv_1)
     1    0.002858    0.029786    0.038799    4.628732 ^ u_dut.g_seg[0].u_bank.g_inv[14].u_inv._cell/Y (sg13g2_inv_1)
                                                         u_dut.g_seg[0].u_bank.node[15] (net)
                      0.029786    0.000114    4.628846 ^ u_dut.g_seg[0].u_bank.g_inv[15].u_inv._cell/A (sg13g2_inv_1)
     1    0.002745    0.024924    0.038357    4.667203 v u_dut.g_seg[0].u_bank.g_inv[15].u_inv._cell/Y (sg13g2_inv_1)
                                                         u_dut.g_seg[0].u_bank.node[16] (net)
                      0.024925    0.000109    4.667313 v u_dut.g_seg[0].u_bank.g_inv[16].u_inv._cell/A (sg13g2_inv_1)
     1    0.002854    0.029753    0.038766    4.706079 ^ u_dut.g_seg[0].u_bank.g_inv[16].u_inv._cell/Y (sg13g2_inv_1)
                                                         u_dut.g_seg[0].u_bank.node[17] (net)
                      0.029753    0.000114    4.706192 ^ u_dut.g_seg[0].u_bank.g_inv[17].u_inv._cell/A (sg13g2_inv_1)
     1    0.002758    0.024976    0.038397    4.744589 v u_dut.g_seg[0].u_bank.g_inv[17].u_inv._cell/Y (sg13g2_inv_1)
                                                         u_dut.g_seg[0].u_bank.node[18] (net)
                      0.024976    0.000110    4.744699 v u_dut.g_seg[0].u_bank.g_inv[18].u_inv._cell/A (sg13g2_inv_1)
     1    0.002884    0.029935    0.038920    4.783619 ^ u_dut.g_seg[0].u_bank.g_inv[18].u_inv._cell/Y (sg13g2_inv_1)
                                                         u_dut.g_seg[0].u_bank.node[19] (net)
                      0.029935    0.000115    4.783733 ^ u_dut.g_seg[0].u_bank.g_inv[19].u_inv._cell/A (sg13g2_inv_1)
     1    0.003186    0.026915    0.040145    4.823878 v u_dut.g_seg[0].u_bank.g_inv[19].u_inv._cell/Y (sg13g2_inv_1)
                                                         u_dut.g_seg[0].u_bank.node[20] (net)
                      0.026916    0.000125    4.824003 v u_dut.g_seg[0].u_bank.g_inv[20].u_inv._cell/A (sg13g2_inv_1)
     1    0.003373    0.033109    0.041803    4.865807 ^ u_dut.g_seg[0].u_bank.g_inv[20].u_inv._cell/Y (sg13g2_inv_1)
                                                         u_dut.g_seg[0].u_bank.node[21] (net)
                      0.033110    0.000254    4.866061 ^ u_dut.g_seg[0].u_bank.g_inv[21].u_inv._cell/A (sg13g2_inv_1)
     1    0.003190    0.027561    0.041309    4.907370 v u_dut.g_seg[0].u_bank.g_inv[21].u_inv._cell/Y (sg13g2_inv_1)
                                                         u_dut.g_seg[0].u_bank.node[22] (net)
                      0.027562    0.000244    4.907614 v u_dut.g_seg[0].u_bank.g_inv[22].u_inv._cell/A (sg13g2_inv_1)
     1    0.003216    0.032356    0.041376    4.948990 ^ u_dut.g_seg[0].u_bank.g_inv[22].u_inv._cell/Y (sg13g2_inv_1)
                                                         u_dut.g_seg[0].u_bank.node[23] (net)
                      0.032356    0.000128    4.949118 ^ u_dut.g_seg[0].u_bank.g_inv[23].u_inv._cell/A (sg13g2_inv_1)
     1    0.003108    0.027058    0.040744    4.989862 v u_dut.g_seg[0].u_bank.g_inv[23].u_inv._cell/Y (sg13g2_inv_1)
                                                         u_dut.g_seg[0].u_bank.node[24] (net)
                      0.027059    0.000124    4.989986 v u_dut.g_seg[0].u_bank.g_inv[24].u_inv._cell/A (sg13g2_inv_1)
     1    0.002871    0.030293    0.039631    5.029618 ^ u_dut.g_seg[0].u_bank.g_inv[24].u_inv._cell/Y (sg13g2_inv_1)
                                                         u_dut.g_seg[0].u_bank.node[25] (net)
                      0.030293    0.000114    5.029732 ^ u_dut.g_seg[0].u_bank.g_inv[25].u_inv._cell/A (sg13g2_inv_1)
     1    0.002771    0.025142    0.038646    5.068378 v u_dut.g_seg[0].u_bank.g_inv[25].u_inv._cell/Y (sg13g2_inv_1)
                                                         u_dut.g_seg[0].u_bank.node[26] (net)
                      0.025142    0.000110    5.068488 v u_dut.g_seg[0].u_bank.g_inv[26].u_inv._cell/A (sg13g2_inv_1)
     1    0.003288    0.032279    0.040804    5.109292 ^ u_dut.g_seg[0].u_bank.g_inv[26].u_inv._cell/Y (sg13g2_inv_1)
                                                         u_dut.g_seg[0].u_bank.node[27] (net)
                      0.032279    0.000129    5.109421 ^ u_dut.g_seg[0].u_bank.g_inv[27].u_inv._cell/A (sg13g2_inv_1)
     1    0.002869    0.025983    0.039769    5.149190 v u_dut.g_seg[0].u_bank.g_inv[27].u_inv._cell/Y (sg13g2_inv_1)
                                                         u_dut.g_seg[0].u_bank.node[28] (net)
                      0.025983    0.000114    5.149305 v u_dut.g_seg[0].u_bank.g_inv[28].u_inv._cell/A (sg13g2_inv_1)
     1    0.002855    0.029976    0.039159    5.188464 ^ u_dut.g_seg[0].u_bank.g_inv[28].u_inv._cell/Y (sg13g2_inv_1)
                                                         u_dut.g_seg[0].u_bank.node[29] (net)
                      0.029976    0.000114    5.188578 ^ u_dut.g_seg[0].u_bank.g_inv[29].u_inv._cell/A (sg13g2_inv_1)
     1    0.002741    0.024944    0.038411    5.226989 v u_dut.g_seg[0].u_bank.g_inv[29].u_inv._cell/Y (sg13g2_inv_1)
                                                         u_dut.g_seg[0].u_bank.node[30] (net)
                      0.024944    0.000109    5.227098 v u_dut.g_seg[0].u_bank.g_inv[30].u_inv._cell/A (sg13g2_inv_1)
     1    0.003289    0.032246    0.040734    5.267832 ^ u_dut.g_seg[0].u_bank.g_inv[30].u_inv._cell/Y (sg13g2_inv_1)
                                                         u_dut.g_seg[0].u_bank.node[31] (net)
                      0.032246    0.000131    5.267963 ^ u_dut.g_seg[0].u_bank.g_inv[31].u_inv._cell/A (sg13g2_inv_1)
     2    0.006837    0.044608    0.055458    5.323421 v u_dut.g_seg[0].u_bank.g_inv[31].u_inv._cell/Y (sg13g2_inv_1)
                                                         u_dut.g_seg[0].u_bank.node[32] (net)
                      0.044624    0.000126    5.323547 v u_dut.g_seg[0].u_bank.g_inv[32].u_inv._cell/A (sg13g2_inv_1)
     1    0.002878    0.033947    0.046136    5.369683 ^ u_dut.g_seg[0].u_bank.g_inv[32].u_inv._cell/Y (sg13g2_inv_1)
                                                         u_dut.g_seg[0].u_bank.node[33] (net)
                      0.033947    0.000115    5.369797 ^ u_dut.g_seg[0].u_bank.g_inv[33].u_inv._cell/A (sg13g2_inv_1)
     1    0.003036    0.027061    0.041054    5.410851 v u_dut.g_seg[0].u_bank.g_inv[33].u_inv._cell/Y (sg13g2_inv_1)
                                                         u_dut.g_seg[0].u_bank.node[34] (net)
                      0.027061    0.000119    5.410971 v u_dut.g_seg[0].u_bank.g_inv[34].u_inv._cell/A (sg13g2_inv_1)
     1    0.002854    0.030194    0.039553    5.450524 ^ u_dut.g_seg[0].u_bank.g_inv[34].u_inv._cell/Y (sg13g2_inv_1)
                                                         u_dut.g_seg[0].u_bank.node[35] (net)
                      0.030194    0.000114    5.450638 ^ u_dut.g_seg[0].u_bank.g_inv[35].u_inv._cell/A (sg13g2_inv_1)
     1    0.002935    0.025841    0.039218    5.489856 v u_dut.g_seg[0].u_bank.g_inv[35].u_inv._cell/Y (sg13g2_inv_1)
                                                         u_dut.g_seg[0].u_bank.node[36] (net)
                      0.025842    0.000222    5.490077 v u_dut.g_seg[0].u_bank.g_inv[36].u_inv._cell/A (sg13g2_inv_1)
     1    0.003853    0.035664    0.043569    5.533647 ^ u_dut.g_seg[0].u_bank.g_inv[36].u_inv._cell/Y (sg13g2_inv_1)
                                                         u_dut.g_seg[0].u_bank.node[37] (net)
                      0.035666    0.000277    5.533924 ^ u_dut.g_seg[0].u_bank.g_inv[37].u_inv._cell/A (sg13g2_inv_1)
     1    0.002771    0.026243    0.040636    5.574560 v u_dut.g_seg[0].u_bank.g_inv[37].u_inv._cell/Y (sg13g2_inv_1)
                                                         u_dut.g_seg[0].u_bank.node[38] (net)
                      0.026243    0.000110    5.574670 v u_dut.g_seg[0].u_bank.g_inv[38].u_inv._cell/A (sg13g2_inv_1)
     1    0.002884    0.030196    0.039387    5.614057 ^ u_dut.g_seg[0].u_bank.g_inv[38].u_inv._cell/Y (sg13g2_inv_1)
                                                         u_dut.g_seg[0].u_bank.node[39] (net)
                      0.030196    0.000115    5.614172 ^ u_dut.g_seg[0].u_bank.g_inv[39].u_inv._cell/A (sg13g2_inv_1)
     1    0.003233    0.027178    0.040429    5.654600 v u_dut.g_seg[0].u_bank.g_inv[39].u_inv._cell/Y (sg13g2_inv_1)
                                                         u_dut.g_seg[0].u_bank.node[40] (net)
                      0.027178    0.000126    5.654726 v u_dut.g_seg[0].u_bank.g_inv[40].u_inv._cell/A (sg13g2_inv_1)
     1    0.002943    0.030717    0.039961    5.694687 ^ u_dut.g_seg[0].u_bank.g_inv[40].u_inv._cell/Y (sg13g2_inv_1)
                                                         u_dut.g_seg[0].u_bank.node[41] (net)
                      0.030717    0.000227    5.694914 ^ u_dut.g_seg[0].u_bank.g_inv[41].u_inv._cell/A (sg13g2_inv_1)
     1    0.002741    0.025100    0.038688    5.733603 v u_dut.g_seg[0].u_bank.g_inv[41].u_inv._cell/Y (sg13g2_inv_1)
                                                         u_dut.g_seg[0].u_bank.node[42] (net)
                      0.025100    0.000109    5.733712 v u_dut.g_seg[0].u_bank.g_inv[42].u_inv._cell/A (sg13g2_inv_1)
     1    0.002854    0.029789    0.038830    5.772542 ^ u_dut.g_seg[0].u_bank.g_inv[42].u_inv._cell/Y (sg13g2_inv_1)
                                                         u_dut.g_seg[0].u_bank.node[43] (net)
                      0.029789    0.000114    5.772656 ^ u_dut.g_seg[0].u_bank.g_inv[43].u_inv._cell/A (sg13g2_inv_1)
     1    0.002748    0.024940    0.038372    5.811028 v u_dut.g_seg[0].u_bank.g_inv[43].u_inv._cell/Y (sg13g2_inv_1)
                                                         u_dut.g_seg[0].u_bank.node[44] (net)
                      0.024940    0.000110    5.811138 v u_dut.g_seg[0].u_bank.g_inv[44].u_inv._cell/A (sg13g2_inv_1)
     1    0.003270    0.032137    0.040648    5.851786 ^ u_dut.g_seg[0].u_bank.g_inv[44].u_inv._cell/Y (sg13g2_inv_1)
                                                         u_dut.g_seg[0].u_bank.node[45] (net)
                      0.032137    0.000129    5.851915 ^ u_dut.g_seg[0].u_bank.g_inv[45].u_inv._cell/A (sg13g2_inv_1)
     1    0.003475    0.028641    0.042070    5.893985 v u_dut.g_seg[0].u_bank.g_inv[45].u_inv._cell/Y (sg13g2_inv_1)
                                                         u_dut.g_seg[0].u_bank.node[46] (net)
                      0.028643    0.000253    5.894238 v u_dut.g_seg[0].u_bank.g_inv[46].u_inv._cell/A (sg13g2_inv_1)
     1    0.003474    0.034031    0.042907    5.937145 ^ u_dut.g_seg[0].u_bank.g_inv[46].u_inv._cell/Y (sg13g2_inv_1)
                                                         u_dut.g_seg[0].u_bank.node[47] (net)
                      0.034032    0.000260    5.937405 ^ u_dut.g_seg[0].u_bank.g_inv[47].u_inv._cell/A (sg13g2_inv_1)
     1    0.002972    0.026790    0.040798    5.978203 v u_dut.g_seg[0].u_bank.g_inv[47].u_inv._cell/Y (sg13g2_inv_1)
                                                         u_dut.g_seg[0].u_bank.node[48] (net)
                      0.026790    0.000222    5.978426 v u_dut.g_seg[0].u_bank.g_inv[48].u_inv._cell/A (sg13g2_inv_1)
     1    0.002854    0.030138    0.039453    6.017879 ^ u_dut.g_seg[0].u_bank.g_inv[48].u_inv._cell/Y (sg13g2_inv_1)
                                                         u_dut.g_seg[0].u_bank.node[49] (net)
                      0.030138    0.000114    6.017992 ^ u_dut.g_seg[0].u_bank.g_inv[49].u_inv._cell/A (sg13g2_inv_1)
     1    0.003142    0.026760    0.040048    6.058041 v u_dut.g_seg[0].u_bank.g_inv[49].u_inv._cell/Y (sg13g2_inv_1)
                                                         u_dut.g_seg[0].u_bank.node[50] (net)
                      0.026761    0.000123    6.058164 v u_dut.g_seg[0].u_bank.g_inv[50].u_inv._cell/A (sg13g2_inv_1)
     1    0.003059    0.031300    0.040369    6.098533 ^ u_dut.g_seg[0].u_bank.g_inv[50].u_inv._cell/Y (sg13g2_inv_1)
                                                         u_dut.g_seg[0].u_bank.node[51] (net)
                      0.031300    0.000122    6.098655 ^ u_dut.g_seg[0].u_bank.g_inv[51].u_inv._cell/A (sg13g2_inv_1)
     1    0.003085    0.026744    0.040259    6.138914 v u_dut.g_seg[0].u_bank.g_inv[51].u_inv._cell/Y (sg13g2_inv_1)
                                                         u_dut.g_seg[0].u_bank.node[52] (net)
                      0.026744    0.000123    6.139037 v u_dut.g_seg[0].u_bank.g_inv[52].u_inv._cell/A (sg13g2_inv_1)
     1    0.003979    0.036568    0.044480    6.183517 ^ u_dut.g_seg[0].u_bank.g_inv[52].u_inv._cell/Y (sg13g2_inv_1)
                                                         u_dut.g_seg[0].u_bank.node[53] (net)
                      0.036570    0.000274    6.183790 ^ u_dut.g_seg[0].u_bank.g_inv[53].u_inv._cell/A (sg13g2_inv_1)
     1    0.003788    0.030929    0.045008    6.228797 v u_dut.g_seg[0].u_bank.g_inv[53].u_inv._cell/Y (sg13g2_inv_1)
                                                         u_dut.g_seg[0].u_bank.node[54] (net)
                      0.030931    0.000264    6.229062 v u_dut.g_seg[0].u_bank.g_inv[54].u_inv._cell/A (sg13g2_inv_1)
     1    0.003273    0.033354    0.042851    6.271912 ^ u_dut.g_seg[0].u_bank.g_inv[54].u_inv._cell/Y (sg13g2_inv_1)
                                                         u_dut.g_seg[0].u_bank.node[55] (net)
                      0.033354    0.000242    6.272154 ^ u_dut.g_seg[0].u_bank.g_inv[55].u_inv._cell/A (sg13g2_inv_1)
     1    0.003135    0.027381    0.041227    6.313381 v u_dut.g_seg[0].u_bank.g_inv[55].u_inv._cell/Y (sg13g2_inv_1)
                                                         u_dut.g_seg[0].u_bank.node[56] (net)
                      0.027381    0.000123    6.313505 v u_dut.g_seg[0].u_bank.g_inv[56].u_inv._cell/A (sg13g2_inv_1)
     1    0.003463    0.033716    0.042384    6.355889 ^ u_dut.g_seg[0].u_bank.g_inv[56].u_inv._cell/Y (sg13g2_inv_1)
                                                         u_dut.g_seg[0].u_bank.node[57] (net)
                      0.033716    0.000260    6.356149 ^ u_dut.g_seg[0].u_bank.g_inv[57].u_inv._cell/A (sg13g2_inv_1)
     1    0.003140    0.027475    0.041382    6.397531 v u_dut.g_seg[0].u_bank.g_inv[57].u_inv._cell/Y (sg13g2_inv_1)
                                                         u_dut.g_seg[0].u_bank.node[58] (net)
                      0.027475    0.000123    6.397654 v u_dut.g_seg[0].u_bank.g_inv[58].u_inv._cell/A (sg13g2_inv_1)
     1    0.003015    0.031194    0.040434    6.438088 ^ u_dut.g_seg[0].u_bank.g_inv[58].u_inv._cell/Y (sg13g2_inv_1)
                                                         u_dut.g_seg[0].u_bank.node[59] (net)
                      0.031194    0.000119    6.438208 ^ u_dut.g_seg[0].u_bank.g_inv[59].u_inv._cell/A (sg13g2_inv_1)
     1    0.003621    0.029121    0.042287    6.480494 v u_dut.g_seg[0].u_bank.g_inv[59].u_inv._cell/Y (sg13g2_inv_1)
                                                         u_dut.g_seg[0].u_bank.node[60] (net)
                      0.029124    0.000266    6.480761 v u_dut.g_seg[0].u_bank.g_inv[60].u_inv._cell/A (sg13g2_inv_1)
     1    0.003783    0.035902    0.044531    6.525292 ^ u_dut.g_seg[0].u_bank.g_inv[60].u_inv._cell/Y (sg13g2_inv_1)
                                                         u_dut.g_seg[0].u_bank.node[61] (net)
                      0.035902    0.000152    6.525444 ^ u_dut.g_seg[0].u_bank.g_inv[61].u_inv._cell/A (sg13g2_inv_1)
     1    0.003266    0.028472    0.042706    6.568150 v u_dut.g_seg[0].u_bank.g_inv[61].u_inv._cell/Y (sg13g2_inv_1)
                                                         u_dut.g_seg[0].u_bank.node[62] (net)
                      0.028472    0.000129    6.568279 v u_dut.g_seg[0].u_bank.g_inv[62].u_inv._cell/A (sg13g2_inv_1)
     1    0.003061    0.031664    0.041015    6.609294 ^ u_dut.g_seg[0].u_bank.g_inv[62].u_inv._cell/Y (sg13g2_inv_1)
                                                         u_dut.g_seg[0].u_bank.node[63] (net)
                      0.031664    0.000121    6.609415 ^ u_dut.g_seg[0].u_bank.g_inv[63].u_inv._cell/A (sg13g2_inv_1)
     2    0.006526    0.043047    0.053871    6.663286 v u_dut.g_seg[0].u_bank.g_inv[63].u_inv._cell/Y (sg13g2_inv_1)
                                                         u_dut.g_seg[0].u_bank.node[64] (net)
                      0.043052    0.000378    6.663664 v u_dut.g_seg[0].u_bank.g_inv[64].u_inv._cell/A (sg13g2_inv_1)
     1    0.003211    0.035464    0.047073    6.710737 ^ u_dut.g_seg[0].u_bank.g_inv[64].u_inv._cell/Y (sg13g2_inv_1)
                                                         u_dut.g_seg[0].u_bank.node[65] (net)
                      0.035464    0.000240    6.710977 ^ u_dut.g_seg[0].u_bank.g_inv[65].u_inv._cell/A (sg13g2_inv_1)
     1    0.002972    0.027090    0.041367    6.752344 v u_dut.g_seg[0].u_bank.g_inv[65].u_inv._cell/Y (sg13g2_inv_1)
                                                         u_dut.g_seg[0].u_bank.node[66] (net)
                      0.027090    0.000118    6.752462 v u_dut.g_seg[0].u_bank.g_inv[66].u_inv._cell/A (sg13g2_inv_1)
     1    0.002891    0.030414    0.039734    6.792195 ^ u_dut.g_seg[0].u_bank.g_inv[66].u_inv._cell/Y (sg13g2_inv_1)
                                                         u_dut.g_seg[0].u_bank.node[67] (net)
                      0.030414    0.000115    6.792310 ^ u_dut.g_seg[0].u_bank.g_inv[67].u_inv._cell/A (sg13g2_inv_1)
     1    0.003058    0.026442    0.039820    6.832130 v u_dut.g_seg[0].u_bank.g_inv[67].u_inv._cell/Y (sg13g2_inv_1)
                                                         u_dut.g_seg[0].u_bank.node[68] (net)
                      0.026442    0.000120    6.832250 v u_dut.g_seg[0].u_bank.g_inv[68].u_inv._cell/A (sg13g2_inv_1)
     1    0.002985    0.030806    0.039878    6.872128 ^ u_dut.g_seg[0].u_bank.g_inv[68].u_inv._cell/Y (sg13g2_inv_1)
                                                         u_dut.g_seg[0].u_bank.node[69] (net)
                      0.030806    0.000231    6.872360 ^ u_dut.g_seg[0].u_bank.g_inv[69].u_inv._cell/A (sg13g2_inv_1)
     1    0.002770    0.025243    0.038832    6.911192 v u_dut.g_seg[0].u_bank.g_inv[69].u_inv._cell/Y (sg13g2_inv_1)
                                                         u_dut.g_seg[0].u_bank.node[70] (net)
                      0.025243    0.000110    6.911302 v u_dut.g_seg[0].u_bank.g_inv[70].u_inv._cell/A (sg13g2_inv_1)
     1    0.003278    0.032240    0.040794    6.952095 ^ u_dut.g_seg[0].u_bank.g_inv[70].u_inv._cell/Y (sg13g2_inv_1)
                                                         u_dut.g_seg[0].u_bank.node[71] (net)
                      0.032240    0.000130    6.952225 ^ u_dut.g_seg[0].u_bank.g_inv[71].u_inv._cell/A (sg13g2_inv_1)
     1    0.003407    0.028349    0.041850    6.994074 v u_dut.g_seg[0].u_bank.g_inv[71].u_inv._cell/Y (sg13g2_inv_1)
                                                         u_dut.g_seg[0].u_bank.node[72] (net)
                      0.028359    0.000241    6.994316 v u_dut.g_seg[0].u_bank.g_inv[72].u_inv._cell/A (sg13g2_inv_1)
     1    0.003212    0.032495    0.041654    7.035970 ^ u_dut.g_seg[0].u_bank.g_inv[72].u_inv._cell/Y (sg13g2_inv_1)
                                                         u_dut.g_seg[0].u_bank.node[73] (net)
                      0.032495    0.000127    7.036097 ^ u_dut.g_seg[0].u_bank.g_inv[73].u_inv._cell/A (sg13g2_inv_1)
     1    0.003432    0.028527    0.042079    7.078176 v u_dut.g_seg[0].u_bank.g_inv[73].u_inv._cell/Y (sg13g2_inv_1)
                                                         u_dut.g_seg[0].u_bank.node[74] (net)
                      0.028528    0.000135    7.078310 v u_dut.g_seg[0].u_bank.g_inv[74].u_inv._cell/A (sg13g2_inv_1)
     1    0.003156    0.032214    0.041466    7.119777 ^ u_dut.g_seg[0].u_bank.g_inv[74].u_inv._cell/Y (sg13g2_inv_1)
                                                         u_dut.g_seg[0].u_bank.node[75] (net)
                      0.032214    0.000125    7.119901 ^ u_dut.g_seg[0].u_bank.g_inv[75].u_inv._cell/A (sg13g2_inv_1)
     1    0.002927    0.026230    0.039978    7.159880 v u_dut.g_seg[0].u_bank.g_inv[75].u_inv._cell/Y (sg13g2_inv_1)
                                                         u_dut.g_seg[0].u_bank.node[76] (net)
                      0.026230    0.000115    7.159995 v u_dut.g_seg[0].u_bank.g_inv[76].u_inv._cell/A (sg13g2_inv_1)
     1    0.003458    0.033456    0.041930    7.201925 ^ u_dut.g_seg[0].u_bank.g_inv[76].u_inv._cell/Y (sg13g2_inv_1)
                                                         u_dut.g_seg[0].u_bank.node[77] (net)
                      0.033457    0.000262    7.202187 ^ u_dut.g_seg[0].u_bank.g_inv[77].u_inv._cell/A (sg13g2_inv_1)
     1    0.003405    0.028595    0.042339    7.244525 v u_dut.g_seg[0].u_bank.g_inv[77].u_inv._cell/Y (sg13g2_inv_1)
                                                         u_dut.g_seg[0].u_bank.node[78] (net)
                      0.028598    0.000132    7.244658 v u_dut.g_seg[0].u_bank.g_inv[78].u_inv._cell/A (sg13g2_inv_1)
     1    0.003338    0.033259    0.042316    7.286973 ^ u_dut.g_seg[0].u_bank.g_inv[78].u_inv._cell/Y (sg13g2_inv_1)
                                                         u_dut.g_seg[0].u_bank.node[79] (net)
                      0.033259    0.000131    7.287105 ^ u_dut.g_seg[0].u_bank.g_inv[79].u_inv._cell/A (sg13g2_inv_1)
     1    0.003583    0.029353    0.042929    7.330034 v u_dut.g_seg[0].u_bank.g_inv[79].u_inv._cell/Y (sg13g2_inv_1)
                                                         u_dut.g_seg[0].u_bank.node[80] (net)
                      0.029356    0.000253    7.330287 v u_dut.g_seg[0].u_bank.g_inv[80].u_inv._cell/A (sg13g2_inv_1)
     1    0.003511    0.034385    0.043346    7.373633 ^ u_dut.g_seg[0].u_bank.g_inv[80].u_inv._cell/Y (sg13g2_inv_1)
                                                         u_dut.g_seg[0].u_bank.node[81] (net)
                      0.034385    0.000253    7.373886 ^ u_dut.g_seg[0].u_bank.g_inv[81].u_inv._cell/A (sg13g2_inv_1)
     1    0.003574    0.029535    0.043330    7.417216 v u_dut.g_seg[0].u_bank.g_inv[81].u_inv._cell/Y (sg13g2_inv_1)
                                                         u_dut.g_seg[0].u_bank.node[82] (net)
                      0.029537    0.000245    7.417461 v u_dut.g_seg[0].u_bank.g_inv[82].u_inv._cell/A (sg13g2_inv_1)
     1    0.003505    0.034399    0.043428    7.460889 ^ u_dut.g_seg[0].u_bank.g_inv[82].u_inv._cell/Y (sg13g2_inv_1)
                                                         u_dut.g_seg[0].u_bank.node[83] (net)
                      0.034400    0.000139    7.461028 ^ u_dut.g_seg[0].u_bank.g_inv[83].u_inv._cell/A (sg13g2_inv_1)
     1    0.003418    0.028841    0.042744    7.503771 v u_dut.g_seg[0].u_bank.g_inv[83].u_inv._cell/Y (sg13g2_inv_1)
                                                         u_dut.g_seg[0].u_bank.node[84] (net)
                      0.028843    0.000135    7.503906 v u_dut.g_seg[0].u_bank.g_inv[84].u_inv._cell/A (sg13g2_inv_1)
     1    0.003845    0.036206    0.044710    7.548616 ^ u_dut.g_seg[0].u_bank.g_inv[84].u_inv._cell/Y (sg13g2_inv_1)
                                                         u_dut.g_seg[0].u_bank.node[85] (net)
                      0.036207    0.000153    7.548769 ^ u_dut.g_seg[0].u_bank.g_inv[85].u_inv._cell/A (sg13g2_inv_1)
     1    0.003052    0.027590    0.041963    7.590732 v u_dut.g_seg[0].u_bank.g_inv[85].u_inv._cell/Y (sg13g2_inv_1)
                                                         u_dut.g_seg[0].u_bank.node[86] (net)
                      0.027591    0.000120    7.590852 v u_dut.g_seg[0].u_bank.g_inv[86].u_inv._cell/A (sg13g2_inv_1)
     1    0.002873    0.030413    0.039836    7.630687 ^ u_dut.g_seg[0].u_bank.g_inv[86].u_inv._cell/Y (sg13g2_inv_1)
                                                         u_dut.g_seg[0].u_bank.node[87] (net)
                      0.030413    0.000115    7.630802 ^ u_dut.g_seg[0].u_bank.g_inv[87].u_inv._cell/A (sg13g2_inv_1)
     1    0.002983    0.026101    0.039491    7.670293 v u_dut.g_seg[0].u_bank.g_inv[87].u_inv._cell/Y (sg13g2_inv_1)
                                                         u_dut.g_seg[0].u_bank.node[88] (net)
                      0.026101    0.000223    7.670516 v u_dut.g_seg[0].u_bank.g_inv[88].u_inv._cell/A (sg13g2_inv_1)
     1    0.002856    0.030009    0.039210    7.709725 ^ u_dut.g_seg[0].u_bank.g_inv[88].u_inv._cell/Y (sg13g2_inv_1)
                                                         u_dut.g_seg[0].u_bank.node[89] (net)
                      0.030009    0.000114    7.709839 ^ u_dut.g_seg[0].u_bank.g_inv[89].u_inv._cell/A (sg13g2_inv_1)
     1    0.002743    0.024961    0.038431    7.748271 v u_dut.g_seg[0].u_bank.g_inv[89].u_inv._cell/Y (sg13g2_inv_1)
                                                         u_dut.g_seg[0].u_bank.node[90] (net)
                      0.024961    0.000109    7.748380 v u_dut.g_seg[0].u_bank.g_inv[90].u_inv._cell/A (sg13g2_inv_1)
     1    0.003783    0.035091    0.042966    7.791346 ^ u_dut.g_seg[0].u_bank.g_inv[90].u_inv._cell/Y (sg13g2_inv_1)
                                                         u_dut.g_seg[0].u_bank.node[91] (net)
                      0.035092    0.000146    7.791491 ^ u_dut.g_seg[0].u_bank.g_inv[91].u_inv._cell/A (sg13g2_inv_1)
     1    0.003431    0.029025    0.043022    7.834514 v u_dut.g_seg[0].u_bank.g_inv[91].u_inv._cell/Y (sg13g2_inv_1)
                                                         u_dut.g_seg[0].u_bank.node[92] (net)
                      0.029031    0.000242    7.834755 v u_dut.g_seg[0].u_bank.g_inv[92].u_inv._cell/A (sg13g2_inv_1)
     1    0.003719    0.035501    0.044163    7.878918 ^ u_dut.g_seg[0].u_bank.g_inv[92].u_inv._cell/Y (sg13g2_inv_1)
                                                         u_dut.g_seg[0].u_bank.node[93] (net)
                      0.035509    0.000270    7.879188 ^ u_dut.g_seg[0].u_bank.g_inv[93].u_inv._cell/A (sg13g2_inv_1)
     1    0.003353    0.028763    0.042862    7.922050 v u_dut.g_seg[0].u_bank.g_inv[93].u_inv._cell/Y (sg13g2_inv_1)
                                                         u_dut.g_seg[0].u_bank.node[94] (net)
                      0.028764    0.000251    7.922301 v u_dut.g_seg[0].u_bank.g_inv[94].u_inv._cell/A (sg13g2_inv_1)
     1    0.003776    0.035785    0.044315    7.966616 ^ u_dut.g_seg[0].u_bank.g_inv[94].u_inv._cell/Y (sg13g2_inv_1)
                                                         u_dut.g_seg[0].u_bank.node[95] (net)
                      0.035787    0.000284    7.966900 ^ u_dut.g_seg[0].u_bank.g_inv[95].u_inv._cell/A (sg13g2_inv_1)
     1    0.003079    0.027627    0.041915    8.008815 v u_dut.g_seg[0].u_bank.g_inv[95].u_inv._cell/Y (sg13g2_inv_1)
                                                         u_dut.g_seg[0].u_bank.node[96] (net)
                      0.027627    0.000122    8.008937 v u_dut.g_seg[0].u_bank.u_mux.u_m1/A1 (sg13g2_mux2_1)
     1    0.003122    0.056430    0.165422    8.174359 v u_dut.g_seg[0].u_bank.u_mux.u_m1/X (sg13g2_mux2_1)
                                                         u_dut.g_seg[0].u_bank.u_mux.w1 (net)
                      0.056430    0.000123    8.174481 v u_dut.g_seg[0].u_bank.u_mux.u_m2/A1 (sg13g2_mux2_1)
     2    0.016982    0.123198    0.250687    8.425169 v u_dut.g_seg[0].u_bank.u_mux.u_m2/X (sg13g2_mux2_1)
                                                         u_dut.g_seg[0].bank_dout (net)
                      0.123210    0.001210    8.426379 v u_dut.g_seg[1].g_fa[0].u_fa.u_a2/A (sg13g2_and2_1)
     1    0.002588    0.033992    0.140413    8.566792 v u_dut.g_seg[1].g_fa[0].u_fa.u_a2/X (sg13g2_and2_1)
                                                         u_dut.g_seg[1].g_fa[0].u_fa.v (net)
                      0.033992    0.000102    8.566895 v u_dut.g_seg[1].g_fa[0].u_fa.u_o1/B (sg13g2_or2_1)
     2    0.012034    0.086021    0.189598    8.756492 v u_dut.g_seg[1].g_fa[0].u_fa.u_o1/X (sg13g2_or2_1)
                                                         u_dut.g_seg[1].g_fa[0].u_fa.co (net)
                      0.086030    0.000911    8.757403 v u_dut.g_seg[1].g_fa[1].u_fa.u_a2/A (sg13g2_and2_1)
     1    0.004598    0.042917    0.132625    8.890029 v u_dut.g_seg[1].g_fa[1].u_fa.u_a2/X (sg13g2_and2_1)
                                                         u_dut.g_seg[1].g_fa[1].u_fa.v (net)
                      0.042931    0.000445    8.890473 v u_dut.g_seg[1].g_fa[1].u_fa.u_o1/B (sg13g2_or2_1)
     2    0.008596    0.068852    0.177860    9.068333 v u_dut.g_seg[1].g_fa[1].u_fa.u_o1/X (sg13g2_or2_1)
                                                         u_dut.g_seg[1].g_fa[1].u_fa.co (net)
                      0.068852    0.000258    9.068591 v u_dut.g_seg[1].g_fa[2].u_fa.u_a2/A (sg13g2_and2_1)
     1    0.004304    0.041827    0.122797    9.191388 v u_dut.g_seg[1].g_fa[2].u_fa.u_a2/X (sg13g2_and2_1)
                                                         u_dut.g_seg[1].g_fa[2].u_fa.v (net)
                      0.041827    0.000274    9.191662 v u_dut.g_seg[1].g_fa[2].u_fa.u_o1/B (sg13g2_or2_1)
     2    0.009100    0.071374    0.179523    9.371185 v u_dut.g_seg[1].g_fa[2].u_fa.u_o1/X (sg13g2_or2_1)
                                                         u_dut.g_seg[1].g_fa[2].u_fa.co (net)
                      0.071378    0.000620    9.371805 v u_dut.g_seg[1].g_fa[3].u_fa.u_a2/A (sg13g2_and2_1)
     1    0.002733    0.035038    0.117673    9.489478 v u_dut.g_seg[1].g_fa[3].u_fa.u_a2/X (sg13g2_and2_1)
                                                         u_dut.g_seg[1].g_fa[3].u_fa.v (net)
                      0.035038    0.000200    9.489677 v u_dut.g_seg[1].g_fa[3].u_fa.u_o1/B (sg13g2_or2_1)
     2    0.010440    0.077997    0.182744    9.672422 v u_dut.g_seg[1].g_fa[3].u_fa.u_o1/X (sg13g2_or2_1)
                                                         u_dut.g_seg[1].u_bank.node[0] (net)
                      0.078004    0.000788    9.673210 v u_dut.g_seg[1].u_bank.g_inv[0].u_inv._cell/A (sg13g2_inv_1)
     1    0.002855    0.040706    0.058316    9.731526 ^ u_dut.g_seg[1].u_bank.g_inv[0].u_inv._cell/Y (sg13g2_inv_1)
                                                         u_dut.g_seg[1].u_bank.node[1] (net)
                      0.040706    0.000114    9.731640 ^ u_dut.g_seg[1].u_bank.g_inv[1].u_inv._cell/A (sg13g2_inv_1)
     1    0.002761    0.027226    0.042427    9.774067 v u_dut.g_seg[1].u_bank.g_inv[1].u_inv._cell/Y (sg13g2_inv_1)
                                                         u_dut.g_seg[1].u_bank.node[2] (net)
                      0.027227    0.000216    9.774283 v u_dut.g_seg[1].u_bank.g_inv[2].u_inv._cell/A (sg13g2_inv_1)
     1    0.002854    0.030228    0.039614    9.813896 ^ u_dut.g_seg[1].u_bank.g_inv[2].u_inv._cell/Y (sg13g2_inv_1)
                                                         u_dut.g_seg[1].u_bank.node[3] (net)
                      0.030228    0.000114    9.814011 ^ u_dut.g_seg[1].u_bank.g_inv[3].u_inv._cell/A (sg13g2_inv_1)
     1    0.002745    0.025013    0.038519    9.852530 v u_dut.g_seg[1].u_bank.g_inv[3].u_inv._cell/Y (sg13g2_inv_1)
                                                         u_dut.g_seg[1].u_bank.node[4] (net)
                      0.025013    0.000109    9.852639 v u_dut.g_seg[1].u_bank.g_inv[4].u_inv._cell/A (sg13g2_inv_1)
     1    0.002854    0.029771    0.038798    9.891438 ^ u_dut.g_seg[1].u_bank.g_inv[4].u_inv._cell/Y (sg13g2_inv_1)
                                                         u_dut.g_seg[1].u_bank.node[5] (net)
                      0.029771    0.000114    9.891551 ^ u_dut.g_seg[1].u_bank.g_inv[5].u_inv._cell/A (sg13g2_inv_1)
     1    0.002763    0.024990    0.038384    9.929935 v u_dut.g_seg[1].u_bank.g_inv[5].u_inv._cell/Y (sg13g2_inv_1)
                                                         u_dut.g_seg[1].u_bank.node[6] (net)
                      0.024990    0.000216    9.930150 v u_dut.g_seg[1].u_bank.g_inv[6].u_inv._cell/A (sg13g2_inv_1)
     1    0.003895    0.035746    0.043442    9.973592 ^ u_dut.g_seg[1].u_bank.g_inv[6].u_inv._cell/Y (sg13g2_inv_1)
                                                         u_dut.g_seg[1].u_bank.node[7] (net)
                      0.035748    0.000266    9.973859 ^ u_dut.g_seg[1].u_bank.g_inv[7].u_inv._cell/A (sg13g2_inv_1)
     1    0.002898    0.026821    0.041178   10.015037 v u_dut.g_seg[1].u_bank.g_inv[7].u_inv._cell/Y (sg13g2_inv_1)
                                                         u_dut.g_seg[1].u_bank.node[8] (net)
                      0.026822    0.000115   10.015151 v u_dut.g_seg[1].u_bank.g_inv[8].u_inv._cell/A (sg13g2_inv_1)
     1    0.003065    0.031339    0.040380   10.055531 ^ u_dut.g_seg[1].u_bank.g_inv[8].u_inv._cell/Y (sg13g2_inv_1)
                                                         u_dut.g_seg[1].u_bank.node[9] (net)
                      0.031340    0.000234   10.055764 ^ u_dut.g_seg[1].u_bank.g_inv[9].u_inv._cell/A (sg13g2_inv_1)
     1    0.003257    0.027503    0.040915   10.096680 v u_dut.g_seg[1].u_bank.g_inv[9].u_inv._cell/Y (sg13g2_inv_1)
                                                         u_dut.g_seg[1].u_bank.node[10] (net)
                      0.027504    0.000237   10.096916 v u_dut.g_seg[1].u_bank.g_inv[10].u_inv._cell/A (sg13g2_inv_1)
     1    0.005193    0.043862    0.050258   10.147175 ^ u_dut.g_seg[1].u_bank.g_inv[10].u_inv._cell/Y (sg13g2_inv_1)
                                                         u_dut.g_seg[1].u_bank.node[11] (net)
                      0.043882    0.000336   10.147511 ^ u_dut.g_seg[1].u_bank.g_inv[11].u_inv._cell/A (sg13g2_inv_1)
     1    0.003512    0.031142    0.046689   10.194200 v u_dut.g_seg[1].u_bank.g_inv[11].u_inv._cell/Y (sg13g2_inv_1)
                                                         u_dut.g_seg[1].u_bank.node[12] (net)
                      0.031142    0.000245   10.194445 v u_dut.g_seg[1].u_bank.g_inv[12].u_inv._cell/A (sg13g2_inv_1)
     1    0.003012    0.031932    0.041779   10.236224 ^ u_dut.g_seg[1].u_bank.g_inv[12].u_inv._cell/Y (sg13g2_inv_1)
                                                         u_dut.g_seg[1].u_bank.node[13] (net)
                      0.031932    0.000119   10.236342 ^ u_dut.g_seg[1].u_bank.g_inv[13].u_inv._cell/A (sg13g2_inv_1)
     1    0.003674    0.029509    0.042788   10.279131 v u_dut.g_seg[1].u_bank.g_inv[13].u_inv._cell/Y (sg13g2_inv_1)
                                                         u_dut.g_seg[1].u_bank.node[14] (net)
                      0.029511    0.000252   10.279383 v u_dut.g_seg[1].u_bank.g_inv[14].u_inv._cell/A (sg13g2_inv_1)
     1    0.003909    0.036700    0.045215   10.324597 ^ u_dut.g_seg[1].u_bank.g_inv[14].u_inv._cell/Y (sg13g2_inv_1)
                                                         u_dut.g_seg[1].u_bank.node[15] (net)
                      0.036702    0.000274   10.324871 ^ u_dut.g_seg[1].u_bank.g_inv[15].u_inv._cell/A (sg13g2_inv_1)
     1    0.003541    0.029841    0.044063   10.368935 v u_dut.g_seg[1].u_bank.g_inv[15].u_inv._cell/Y (sg13g2_inv_1)
                                                         u_dut.g_seg[1].u_bank.node[16] (net)
                      0.029845    0.000266   10.369201 v u_dut.g_seg[1].u_bank.g_inv[16].u_inv._cell/A (sg13g2_inv_1)
     1    0.002856    0.030778    0.040586   10.409787 ^ u_dut.g_seg[1].u_bank.g_inv[16].u_inv._cell/Y (sg13g2_inv_1)
                                                         u_dut.g_seg[1].u_bank.node[17] (net)
                      0.030778    0.000114   10.409901 ^ u_dut.g_seg[1].u_bank.g_inv[17].u_inv._cell/A (sg13g2_inv_1)
     1    0.004705    0.034080    0.046403   10.456304 v u_dut.g_seg[1].u_bank.g_inv[17].u_inv._cell/Y (sg13g2_inv_1)
                                                         u_dut.g_seg[1].u_bank.node[18] (net)
                      0.034098    0.000304   10.456608 v u_dut.g_seg[1].u_bank.g_inv[18].u_inv._cell/A (sg13g2_inv_1)
     1    0.003776    0.036824    0.046330   10.502937 ^ u_dut.g_seg[1].u_bank.g_inv[18].u_inv._cell/Y (sg13g2_inv_1)
                                                         u_dut.g_seg[1].u_bank.node[19] (net)
                      0.036829    0.000279   10.503217 ^ u_dut.g_seg[1].u_bank.g_inv[19].u_inv._cell/A (sg13g2_inv_1)
     1    0.004343    0.033522    0.047340   10.550556 v u_dut.g_seg[1].u_bank.g_inv[19].u_inv._cell/Y (sg13g2_inv_1)
                                                         u_dut.g_seg[1].u_bank.node[20] (net)
                      0.033524    0.000287   10.550843 v u_dut.g_seg[1].u_bank.g_inv[20].u_inv._cell/A (sg13g2_inv_1)
     1    0.005455    0.046483    0.053809   10.604651 ^ u_dut.g_seg[1].u_bank.g_inv[20].u_inv._cell/Y (sg13g2_inv_1)
                                                         u_dut.g_seg[1].u_bank.node[21] (net)
                      0.046504    0.000348   10.605000 ^ u_dut.g_seg[1].u_bank.g_inv[21].u_inv._cell/A (sg13g2_inv_1)
     1    0.004073    0.034139    0.049993   10.654993 v u_dut.g_seg[1].u_bank.g_inv[21].u_inv._cell/Y (sg13g2_inv_1)
                                                         u_dut.g_seg[1].u_bank.node[22] (net)
                      0.034142    0.000286   10.655279 v u_dut.g_seg[1].u_bank.g_inv[22].u_inv._cell/A (sg13g2_inv_1)
     1    0.003606    0.035876    0.045572   10.700850 ^ u_dut.g_seg[1].u_bank.g_inv[22].u_inv._cell/Y (sg13g2_inv_1)
                                                         u_dut.g_seg[1].u_bank.node[23] (net)
                      0.035877    0.000262   10.701113 ^ u_dut.g_seg[1].u_bank.g_inv[23].u_inv._cell/A (sg13g2_inv_1)
     1    0.003042    0.027470    0.041761   10.742873 v u_dut.g_seg[1].u_bank.g_inv[23].u_inv._cell/Y (sg13g2_inv_1)
                                                         u_dut.g_seg[1].u_bank.node[24] (net)
                      0.027471    0.000228   10.743102 v u_dut.g_seg[1].u_bank.g_inv[24].u_inv._cell/A (sg13g2_inv_1)
     1    0.002866    0.030347    0.039758   10.782860 ^ u_dut.g_seg[1].u_bank.g_inv[24].u_inv._cell/Y (sg13g2_inv_1)
                                                         u_dut.g_seg[1].u_bank.node[25] (net)
                      0.030347    0.000115   10.782974 ^ u_dut.g_seg[1].u_bank.g_inv[25].u_inv._cell/A (sg13g2_inv_1)
     1    0.005485    0.037708    0.049231   10.832205 v u_dut.g_seg[1].u_bank.g_inv[25].u_inv._cell/Y (sg13g2_inv_1)
                                                         u_dut.g_seg[1].u_bank.node[26] (net)
                      0.037730    0.000419   10.832624 v u_dut.g_seg[1].u_bank.g_inv[26].u_inv._cell/A (sg13g2_inv_1)
     1    0.004958    0.044340    0.053035   10.885659 ^ u_dut.g_seg[1].u_bank.g_inv[26].u_inv._cell/Y (sg13g2_inv_1)
                                                         u_dut.g_seg[1].u_bank.node[27] (net)
                      0.044356    0.000653   10.886312 ^ u_dut.g_seg[1].u_bank.g_inv[27].u_inv._cell/A (sg13g2_inv_1)
     1    0.002959    0.028842    0.044631   10.930943 v u_dut.g_seg[1].u_bank.g_inv[27].u_inv._cell/Y (sg13g2_inv_1)
                                                         u_dut.g_seg[1].u_bank.node[28] (net)
                      0.028842    0.000117   10.931060 v u_dut.g_seg[1].u_bank.g_inv[28].u_inv._cell/A (sg13g2_inv_1)
     1    0.004258    0.038599    0.046580   10.977639 ^ u_dut.g_seg[1].u_bank.g_inv[28].u_inv._cell/Y (sg13g2_inv_1)
                                                         u_dut.g_seg[1].u_bank.node[29] (net)
                      0.038599    0.000171   10.977811 ^ u_dut.g_seg[1].u_bank.g_inv[29].u_inv._cell/A (sg13g2_inv_1)
     1    0.003137    0.028449    0.043201   11.021012 v u_dut.g_seg[1].u_bank.g_inv[29].u_inv._cell/Y (sg13g2_inv_1)
                                                         u_dut.g_seg[1].u_bank.node[30] (net)
                      0.028449    0.000123   11.021134 v u_dut.g_seg[1].u_bank.g_inv[30].u_inv._cell/A (sg13g2_inv_1)
     1    0.002993    0.031271    0.040696   11.061831 ^ u_dut.g_seg[1].u_bank.g_inv[30].u_inv._cell/Y (sg13g2_inv_1)
                                                         u_dut.g_seg[1].u_bank.node[31] (net)
                      0.031271    0.000119   11.061950 ^ u_dut.g_seg[1].u_bank.g_inv[31].u_inv._cell/A (sg13g2_inv_1)
     2    0.006649    0.043578    0.054180   11.116130 v u_dut.g_seg[1].u_bank.g_inv[31].u_inv._cell/Y (sg13g2_inv_1)
                                                         u_dut.g_seg[1].u_bank.node[32] (net)
                      0.043583    0.000375   11.116505 v u_dut.g_seg[1].u_bank.g_inv[32].u_inv._cell/A (sg13g2_inv_1)
     1    0.003850    0.039121    0.050304   11.166808 ^ u_dut.g_seg[1].u_bank.g_inv[32].u_inv._cell/Y (sg13g2_inv_1)
                                                         u_dut.g_seg[1].u_bank.node[33] (net)
                      0.039121    0.000151   11.166959 ^ u_dut.g_seg[1].u_bank.g_inv[33].u_inv._cell/A (sg13g2_inv_1)
     1    0.005615    0.039962    0.053351   11.220310 v u_dut.g_seg[1].u_bank.g_inv[33].u_inv._cell/Y (sg13g2_inv_1)
                                                         u_dut.g_seg[1].u_bank.node[34] (net)
                      0.039983    0.000371   11.220681 v u_dut.g_seg[1].u_bank.g_inv[34].u_inv._cell/A (sg13g2_inv_1)
     1    0.003179    0.034673    0.045826   11.266507 ^ u_dut.g_seg[1].u_bank.g_inv[34].u_inv._cell/Y (sg13g2_inv_1)
                                                         u_dut.g_seg[1].u_bank.node[35] (net)
                      0.034673    0.000123   11.266630 ^ u_dut.g_seg[1].u_bank.g_inv[35].u_inv._cell/A (sg13g2_inv_1)
     1    0.002745    0.025927    0.040166   11.306796 v u_dut.g_seg[1].u_bank.g_inv[35].u_inv._cell/Y (sg13g2_inv_1)
                                                         u_dut.g_seg[1].u_bank.node[36] (net)
                      0.025927    0.000109   11.306905 v u_dut.g_seg[1].u_bank.g_inv[36].u_inv._cell/A (sg13g2_inv_1)
     1    0.002858    0.029985    0.039154   11.346060 ^ u_dut.g_seg[1].u_bank.g_inv[36].u_inv._cell/Y (sg13g2_inv_1)
                                                         u_dut.g_seg[1].u_bank.node[37] (net)
                      0.029985    0.000114   11.346173 ^ u_dut.g_seg[1].u_bank.g_inv[37].u_inv._cell/A (sg13g2_inv_1)
     1    0.003434    0.028031    0.041096   11.387269 v u_dut.g_seg[1].u_bank.g_inv[37].u_inv._cell/Y (sg13g2_inv_1)
                                                         u_dut.g_seg[1].u_bank.node[38] (net)
                      0.028033    0.000245   11.387514 v u_dut.g_seg[1].u_bank.g_inv[38].u_inv._cell/A (sg13g2_inv_1)
     1    0.003788    0.035713    0.044104   11.431619 ^ u_dut.g_seg[1].u_bank.g_inv[38].u_inv._cell/Y (sg13g2_inv_1)
                                                         u_dut.g_seg[1].u_bank.node[39] (net)
                      0.035715    0.000268   11.431887 ^ u_dut.g_seg[1].u_bank.g_inv[39].u_inv._cell/A (sg13g2_inv_1)
     1    0.003620    0.030003    0.044017   11.475904 v u_dut.g_seg[1].u_bank.g_inv[39].u_inv._cell/Y (sg13g2_inv_1)
                                                         u_dut.g_seg[1].u_bank.node[40] (net)
                      0.030005    0.000249   11.476152 v u_dut.g_seg[1].u_bank.g_inv[40].u_inv._cell/A (sg13g2_inv_1)
     1    0.003057    0.031951    0.041561   11.517715 ^ u_dut.g_seg[1].u_bank.g_inv[40].u_inv._cell/Y (sg13g2_inv_1)
                                                         u_dut.g_seg[1].u_bank.node[41] (net)
                      0.031951    0.000121   11.517835 ^ u_dut.g_seg[1].u_bank.g_inv[41].u_inv._cell/A (sg13g2_inv_1)
     1    0.003181    0.027303    0.040885   11.558720 v u_dut.g_seg[1].u_bank.g_inv[41].u_inv._cell/Y (sg13g2_inv_1)
                                                         u_dut.g_seg[1].u_bank.node[42] (net)
                      0.027303    0.000124   11.558844 v u_dut.g_seg[1].u_bank.g_inv[42].u_inv._cell/A (sg13g2_inv_1)
     1    0.002939    0.030718    0.039988   11.598831 ^ u_dut.g_seg[1].u_bank.g_inv[42].u_inv._cell/Y (sg13g2_inv_1)
                                                         u_dut.g_seg[1].u_bank.node[43] (net)
                      0.030719    0.000227   11.599059 ^ u_dut.g_seg[1].u_bank.g_inv[43].u_inv._cell/A (sg13g2_inv_1)
     1    0.003000    0.026249    0.039708   11.638766 v u_dut.g_seg[1].u_bank.g_inv[43].u_inv._cell/Y (sg13g2_inv_1)
                                                         u_dut.g_seg[1].u_bank.node[44] (net)
                      0.026249    0.000119   11.638885 v u_dut.g_seg[1].u_bank.g_inv[44].u_inv._cell/A (sg13g2_inv_1)
     1    0.002864    0.030085    0.039300   11.678185 ^ u_dut.g_seg[1].u_bank.g_inv[44].u_inv._cell/Y (sg13g2_inv_1)
                                                         u_dut.g_seg[1].u_bank.node[45] (net)
                      0.030085    0.000114   11.678300 ^ u_dut.g_seg[1].u_bank.g_inv[45].u_inv._cell/A (sg13g2_inv_1)
     1    0.003051    0.026346    0.039671   11.717971 v u_dut.g_seg[1].u_bank.g_inv[45].u_inv._cell/Y (sg13g2_inv_1)
                                                         u_dut.g_seg[1].u_bank.node[46] (net)
                      0.026346    0.000120   11.718091 v u_dut.g_seg[1].u_bank.g_inv[46].u_inv._cell/A (sg13g2_inv_1)
     1    0.003087    0.031377    0.040345   11.758435 ^ u_dut.g_seg[1].u_bank.g_inv[46].u_inv._cell/Y (sg13g2_inv_1)
                                                         u_dut.g_seg[1].u_bank.node[47] (net)
                      0.031377    0.000123   11.758558 ^ u_dut.g_seg[1].u_bank.g_inv[47].u_inv._cell/A (sg13g2_inv_1)
     1    0.003635    0.029220    0.042411   11.800968 v u_dut.g_seg[1].u_bank.g_inv[47].u_inv._cell/Y (sg13g2_inv_1)
                                                         u_dut.g_seg[1].u_bank.node[48] (net)
                      0.029222    0.000266   11.801235 v u_dut.g_seg[1].u_bank.g_inv[48].u_inv._cell/A (sg13g2_inv_1)
     1    0.003407    0.033769    0.042826   11.844061 ^ u_dut.g_seg[1].u_bank.g_inv[48].u_inv._cell/Y (sg13g2_inv_1)
                                                         u_dut.g_seg[1].u_bank.node[49] (net)
                      0.033770    0.000246   11.844307 ^ u_dut.g_seg[1].u_bank.g_inv[49].u_inv._cell/A (sg13g2_inv_1)
     1    0.002920    0.026514    0.040528   11.884835 v u_dut.g_seg[1].u_bank.g_inv[49].u_inv._cell/Y (sg13g2_inv_1)
                                                         u_dut.g_seg[1].u_bank.node[50] (net)
                      0.026514    0.000115   11.884951 v u_dut.g_seg[1].u_bank.g_inv[50].u_inv._cell/A (sg13g2_inv_1)
     1    0.004221    0.037940    0.045479   11.930429 ^ u_dut.g_seg[1].u_bank.g_inv[50].u_inv._cell/Y (sg13g2_inv_1)
                                                         u_dut.g_seg[1].u_bank.node[51] (net)
                      0.037942    0.000296   11.930725 ^ u_dut.g_seg[1].u_bank.g_inv[51].u_inv._cell/A (sg13g2_inv_1)
     1    0.003079    0.028052    0.042683   11.973409 v u_dut.g_seg[1].u_bank.g_inv[51].u_inv._cell/Y (sg13g2_inv_1)
                                                         u_dut.g_seg[1].u_bank.node[52] (net)
                      0.028053    0.000230   11.973639 v u_dut.g_seg[1].u_bank.g_inv[52].u_inv._cell/A (sg13g2_inv_1)
     1    0.003472    0.033901    0.042679   12.016317 ^ u_dut.g_seg[1].u_bank.g_inv[52].u_inv._cell/Y (sg13g2_inv_1)
                                                         u_dut.g_seg[1].u_bank.node[53] (net)
                      0.033901    0.000252   12.016569 ^ u_dut.g_seg[1].u_bank.g_inv[53].u_inv._cell/A (sg13g2_inv_1)
     1    0.004186    0.032242    0.045564   12.062134 v u_dut.g_seg[1].u_bank.g_inv[53].u_inv._cell/Y (sg13g2_inv_1)
                                                         u_dut.g_seg[1].u_bank.node[54] (net)
                      0.032244    0.000286   12.062420 v u_dut.g_seg[1].u_bank.g_inv[54].u_inv._cell/A (sg13g2_inv_1)
     1    0.004846    0.042667    0.050530   12.112950 ^ u_dut.g_seg[1].u_bank.g_inv[54].u_inv._cell/Y (sg13g2_inv_1)
                                                         u_dut.g_seg[1].u_bank.node[55] (net)
                      0.042669    0.000311   12.113261 ^ u_dut.g_seg[1].u_bank.g_inv[55].u_inv._cell/A (sg13g2_inv_1)
     1    0.003088    0.029059    0.044529   12.157790 v u_dut.g_seg[1].u_bank.g_inv[55].u_inv._cell/Y (sg13g2_inv_1)
                                                         u_dut.g_seg[1].u_bank.node[56] (net)
                      0.029059    0.000122   12.157911 v u_dut.g_seg[1].u_bank.g_inv[56].u_inv._cell/A (sg13g2_inv_1)
     1    0.003184    0.032471    0.041750   12.199661 ^ u_dut.g_seg[1].u_bank.g_inv[56].u_inv._cell/Y (sg13g2_inv_1)
                                                         u_dut.g_seg[1].u_bank.node[57] (net)
                      0.032472    0.000240   12.199901 ^ u_dut.g_seg[1].u_bank.g_inv[57].u_inv._cell/A (sg13g2_inv_1)
     1    0.003038    0.026759    0.040471   12.240372 v u_dut.g_seg[1].u_bank.g_inv[57].u_inv._cell/Y (sg13g2_inv_1)
                                                         u_dut.g_seg[1].u_bank.node[58] (net)
                      0.026760    0.000228   12.240600 v u_dut.g_seg[1].u_bank.g_inv[58].u_inv._cell/A (sg13g2_inv_1)
     1    0.003760    0.035312    0.043540   12.284141 ^ u_dut.g_seg[1].u_bank.g_inv[58].u_inv._cell/Y (sg13g2_inv_1)
                                                         u_dut.g_seg[1].u_bank.node[59] (net)
                      0.035312    0.000149   12.284289 ^ u_dut.g_seg[1].u_bank.g_inv[59].u_inv._cell/A (sg13g2_inv_1)
     1    0.002748    0.026070    0.040415   12.324704 v u_dut.g_seg[1].u_bank.g_inv[59].u_inv._cell/Y (sg13g2_inv_1)
                                                         u_dut.g_seg[1].u_bank.node[60] (net)
                      0.026070    0.000109   12.324814 v u_dut.g_seg[1].u_bank.g_inv[60].u_inv._cell/A (sg13g2_inv_1)
     1    0.002859    0.030017    0.039210   12.364023 ^ u_dut.g_seg[1].u_bank.g_inv[60].u_inv._cell/Y (sg13g2_inv_1)
                                                         u_dut.g_seg[1].u_bank.node[61] (net)
                      0.030017    0.000114   12.364137 ^ u_dut.g_seg[1].u_bank.g_inv[61].u_inv._cell/A (sg13g2_inv_1)
     1    0.002746    0.024974    0.038445   12.402581 v u_dut.g_seg[1].u_bank.g_inv[61].u_inv._cell/Y (sg13g2_inv_1)
                                                         u_dut.g_seg[1].u_bank.node[62] (net)
                      0.024974    0.000109   12.402691 v u_dut.g_seg[1].u_bank.g_inv[62].u_inv._cell/A (sg13g2_inv_1)
     1    0.003894    0.035738    0.043435   12.446126 ^ u_dut.g_seg[1].u_bank.g_inv[62].u_inv._cell/Y (sg13g2_inv_1)
                                                         u_dut.g_seg[1].u_bank.node[63] (net)
                      0.035740    0.000266   12.446392 ^ u_dut.g_seg[1].u_bank.g_inv[63].u_inv._cell/A (sg13g2_inv_1)
     2    0.006216    0.042247    0.054349   12.500741 v u_dut.g_seg[1].u_bank.g_inv[63].u_inv._cell/Y (sg13g2_inv_1)
                                                         u_dut.g_seg[1].u_bank.node[64] (net)
                      0.042267    0.000374   12.501115 v u_dut.g_seg[1].u_bank.g_inv[64].u_inv._cell/A (sg13g2_inv_1)
     1    0.003133    0.034871    0.046457   12.547572 ^ u_dut.g_seg[1].u_bank.g_inv[64].u_inv._cell/Y (sg13g2_inv_1)
                                                         u_dut.g_seg[1].u_bank.node[65] (net)
                      0.034872    0.000123   12.547696 ^ u_dut.g_seg[1].u_bank.g_inv[65].u_inv._cell/A (sg13g2_inv_1)
     1    0.003437    0.029005    0.042952   12.590648 v u_dut.g_seg[1].u_bank.g_inv[65].u_inv._cell/Y (sg13g2_inv_1)
                                                         u_dut.g_seg[1].u_bank.node[66] (net)
                      0.029014    0.000260   12.590908 v u_dut.g_seg[1].u_bank.g_inv[66].u_inv._cell/A (sg13g2_inv_1)
     1    0.002854    0.030597    0.040272   12.631180 ^ u_dut.g_seg[1].u_bank.g_inv[66].u_inv._cell/Y (sg13g2_inv_1)
                                                         u_dut.g_seg[1].u_bank.node[67] (net)
                      0.030597    0.000114   12.631293 ^ u_dut.g_seg[1].u_bank.g_inv[67].u_inv._cell/A (sg13g2_inv_1)
     1    0.002933    0.025914    0.039360   12.670653 v u_dut.g_seg[1].u_bank.g_inv[67].u_inv._cell/Y (sg13g2_inv_1)
                                                         u_dut.g_seg[1].u_bank.node[68] (net)
                      0.025914    0.000221   12.670875 v u_dut.g_seg[1].u_bank.g_inv[68].u_inv._cell/A (sg13g2_inv_1)
     1    0.002883    0.030125    0.039264   12.710138 ^ u_dut.g_seg[1].u_bank.g_inv[68].u_inv._cell/Y (sg13g2_inv_1)
                                                         u_dut.g_seg[1].u_bank.node[69] (net)
                      0.030125    0.000115   12.710253 ^ u_dut.g_seg[1].u_bank.g_inv[69].u_inv._cell/A (sg13g2_inv_1)
     1    0.003126    0.026690    0.039982   12.750235 v u_dut.g_seg[1].u_bank.g_inv[69].u_inv._cell/Y (sg13g2_inv_1)
                                                         u_dut.g_seg[1].u_bank.node[70] (net)
                      0.026690    0.000123   12.750358 v u_dut.g_seg[1].u_bank.g_inv[70].u_inv._cell/A (sg13g2_inv_1)
     1    0.002854    0.030117    0.039416   12.789773 ^ u_dut.g_seg[1].u_bank.g_inv[70].u_inv._cell/Y (sg13g2_inv_1)
                                                         u_dut.g_seg[1].u_bank.node[71] (net)
                      0.030117    0.000114   12.789886 ^ u_dut.g_seg[1].u_bank.g_inv[71].u_inv._cell/A (sg13g2_inv_1)
     1    0.003027    0.026232    0.039550   12.829436 v u_dut.g_seg[1].u_bank.g_inv[71].u_inv._cell/Y (sg13g2_inv_1)
                                                         u_dut.g_seg[1].u_bank.node[72] (net)
                      0.026233    0.000225   12.829661 v u_dut.g_seg[1].u_bank.g_inv[72].u_inv._cell/A (sg13g2_inv_1)
     1    0.003105    0.031456    0.040384   12.870045 ^ u_dut.g_seg[1].u_bank.g_inv[72].u_inv._cell/Y (sg13g2_inv_1)
                                                         u_dut.g_seg[1].u_bank.node[73] (net)
                      0.031456    0.000122   12.870167 ^ u_dut.g_seg[1].u_bank.g_inv[73].u_inv._cell/A (sg13g2_inv_1)
     1    0.003052    0.026630    0.040189   12.910356 v u_dut.g_seg[1].u_bank.g_inv[73].u_inv._cell/Y (sg13g2_inv_1)
                                                         u_dut.g_seg[1].u_bank.node[74] (net)
                      0.026630    0.000120   12.910476 v u_dut.g_seg[1].u_bank.g_inv[74].u_inv._cell/A (sg13g2_inv_1)
     1    0.003317    0.032745    0.041489   12.951964 ^ u_dut.g_seg[1].u_bank.g_inv[74].u_inv._cell/Y (sg13g2_inv_1)
                                                         u_dut.g_seg[1].u_bank.node[75] (net)
                      0.032745    0.000131   12.952096 ^ u_dut.g_seg[1].u_bank.g_inv[75].u_inv._cell/A (sg13g2_inv_1)
     1    0.003057    0.026899    0.040650   12.992746 v u_dut.g_seg[1].u_bank.g_inv[75].u_inv._cell/Y (sg13g2_inv_1)
                                                         u_dut.g_seg[1].u_bank.node[76] (net)
                      0.026900    0.000228   12.992974 v u_dut.g_seg[1].u_bank.g_inv[76].u_inv._cell/A (sg13g2_inv_1)
     1    0.003216    0.032215    0.041093   13.034067 ^ u_dut.g_seg[1].u_bank.g_inv[76].u_inv._cell/Y (sg13g2_inv_1)
                                                         u_dut.g_seg[1].u_bank.node[77] (net)
                      0.032215    0.000240   13.034307 ^ u_dut.g_seg[1].u_bank.g_inv[77].u_inv._cell/A (sg13g2_inv_1)
     1    0.003040    0.026718    0.040385   13.074692 v u_dut.g_seg[1].u_bank.g_inv[77].u_inv._cell/Y (sg13g2_inv_1)
                                                         u_dut.g_seg[1].u_bank.node[78] (net)
                      0.026718    0.000228   13.074921 v u_dut.g_seg[1].u_bank.g_inv[78].u_inv._cell/A (sg13g2_inv_1)
     1    0.003084    0.031436    0.040469   13.115389 ^ u_dut.g_seg[1].u_bank.g_inv[78].u_inv._cell/Y (sg13g2_inv_1)
                                                         u_dut.g_seg[1].u_bank.node[79] (net)
                      0.031436    0.000123   13.115512 ^ u_dut.g_seg[1].u_bank.g_inv[79].u_inv._cell/A (sg13g2_inv_1)
     1    0.003548    0.028838    0.042099   13.157611 v u_dut.g_seg[1].u_bank.g_inv[79].u_inv._cell/Y (sg13g2_inv_1)
                                                         u_dut.g_seg[1].u_bank.node[80] (net)
                      0.028840    0.000250   13.157861 v u_dut.g_seg[1].u_bank.g_inv[80].u_inv._cell/A (sg13g2_inv_1)
     1    0.003433    0.033847    0.042837   13.200698 ^ u_dut.g_seg[1].u_bank.g_inv[80].u_inv._cell/Y (sg13g2_inv_1)
                                                         u_dut.g_seg[1].u_bank.node[81] (net)
                      0.033847    0.000135   13.200832 ^ u_dut.g_seg[1].u_bank.g_inv[81].u_inv._cell/A (sg13g2_inv_1)
     1    0.003402    0.028648    0.042438   13.243271 v u_dut.g_seg[1].u_bank.g_inv[81].u_inv._cell/Y (sg13g2_inv_1)
                                                         u_dut.g_seg[1].u_bank.node[82] (net)
                      0.028654    0.000239   13.243510 v u_dut.g_seg[1].u_bank.g_inv[82].u_inv._cell/A (sg13g2_inv_1)
     1    0.003329    0.033220    0.042297   13.285807 ^ u_dut.g_seg[1].u_bank.g_inv[82].u_inv._cell/Y (sg13g2_inv_1)
                                                         u_dut.g_seg[1].u_bank.node[83] (net)
                      0.033220    0.000131   13.285938 ^ u_dut.g_seg[1].u_bank.g_inv[83].u_inv._cell/A (sg13g2_inv_1)
     1    0.002935    0.026468    0.040381   13.326319 v u_dut.g_seg[1].u_bank.g_inv[83].u_inv._cell/Y (sg13g2_inv_1)
                                                         u_dut.g_seg[1].u_bank.node[84] (net)
                      0.026468    0.000117   13.326436 v u_dut.g_seg[1].u_bank.g_inv[84].u_inv._cell/A (sg13g2_inv_1)
     1    0.002870    0.030163    0.039407   13.365843 ^ u_dut.g_seg[1].u_bank.g_inv[84].u_inv._cell/Y (sg13g2_inv_1)
                                                         u_dut.g_seg[1].u_bank.node[85] (net)
                      0.030163    0.000115   13.365957 ^ u_dut.g_seg[1].u_bank.g_inv[85].u_inv._cell/A (sg13g2_inv_1)
     1    0.003295    0.027445    0.040657   13.406615 v u_dut.g_seg[1].u_bank.g_inv[85].u_inv._cell/Y (sg13g2_inv_1)
                                                         u_dut.g_seg[1].u_bank.node[86] (net)
                      0.027447    0.000129   13.406744 v u_dut.g_seg[1].u_bank.g_inv[86].u_inv._cell/A (sg13g2_inv_1)
     1    0.004021    0.036952    0.044939   13.451683 ^ u_dut.g_seg[1].u_bank.g_inv[86].u_inv._cell/Y (sg13g2_inv_1)
                                                         u_dut.g_seg[1].u_bank.node[87] (net)
                      0.036954    0.000281   13.451963 ^ u_dut.g_seg[1].u_bank.g_inv[87].u_inv._cell/A (sg13g2_inv_1)
     1    0.003834    0.031215    0.045346   13.497310 v u_dut.g_seg[1].u_bank.g_inv[87].u_inv._cell/Y (sg13g2_inv_1)
                                                         u_dut.g_seg[1].u_bank.node[88] (net)
                      0.031217    0.000266   13.497576 v u_dut.g_seg[1].u_bank.g_inv[88].u_inv._cell/A (sg13g2_inv_1)
     1    0.002921    0.031425    0.041354   13.538930 ^ u_dut.g_seg[1].u_bank.g_inv[88].u_inv._cell/Y (sg13g2_inv_1)
                                                         u_dut.g_seg[1].u_bank.node[89] (net)
                      0.031426    0.000226   13.539156 ^ u_dut.g_seg[1].u_bank.g_inv[89].u_inv._cell/A (sg13g2_inv_1)
     1    0.003310    0.027769    0.041196   13.580353 v u_dut.g_seg[1].u_bank.g_inv[89].u_inv._cell/Y (sg13g2_inv_1)
                                                         u_dut.g_seg[1].u_bank.node[90] (net)
                      0.027770    0.000131   13.580482 v u_dut.g_seg[1].u_bank.g_inv[90].u_inv._cell/A (sg13g2_inv_1)
     1    0.002910    0.030662    0.040071   13.620554 ^ u_dut.g_seg[1].u_bank.g_inv[90].u_inv._cell/Y (sg13g2_inv_1)
                                                         u_dut.g_seg[1].u_bank.node[91] (net)
                      0.030663    0.000115   13.620669 ^ u_dut.g_seg[1].u_bank.g_inv[91].u_inv._cell/A (sg13g2_inv_1)
     1    0.003056    0.026487    0.039909   13.660578 v u_dut.g_seg[1].u_bank.g_inv[91].u_inv._cell/Y (sg13g2_inv_1)
                                                         u_dut.g_seg[1].u_bank.node[92] (net)
                      0.026487    0.000120   13.660698 v u_dut.g_seg[1].u_bank.g_inv[92].u_inv._cell/A (sg13g2_inv_1)
     1    0.003849    0.035764    0.043784   13.704481 ^ u_dut.g_seg[1].u_bank.g_inv[92].u_inv._cell/Y (sg13g2_inv_1)
                                                         u_dut.g_seg[1].u_bank.node[93] (net)
                      0.035767    0.000290   13.704771 ^ u_dut.g_seg[1].u_bank.g_inv[93].u_inv._cell/A (sg13g2_inv_1)
     1    0.003128    0.027838    0.042103   13.746874 v u_dut.g_seg[1].u_bank.g_inv[93].u_inv._cell/Y (sg13g2_inv_1)
                                                         u_dut.g_seg[1].u_bank.node[94] (net)
                      0.027838    0.000123   13.746998 v u_dut.g_seg[1].u_bank.g_inv[94].u_inv._cell/A (sg13g2_inv_1)
     1    0.003250    0.032609    0.041635   13.788632 ^ u_dut.g_seg[1].u_bank.g_inv[94].u_inv._cell/Y (sg13g2_inv_1)
                                                         u_dut.g_seg[1].u_bank.node[95] (net)
                      0.032609    0.000130   13.788762 ^ u_dut.g_seg[1].u_bank.g_inv[95].u_inv._cell/A (sg13g2_inv_1)
     1    0.003089    0.027024    0.040764   13.829526 v u_dut.g_seg[1].u_bank.g_inv[95].u_inv._cell/Y (sg13g2_inv_1)
                                                         u_dut.g_seg[1].u_bank.node[96] (net)
                      0.027025    0.000122   13.829648 v u_dut.g_seg[1].u_bank.u_mux.u_m1/A1 (sg13g2_mux2_1)
     1    0.007772    0.075843    0.189912   14.019560 v u_dut.g_seg[1].u_bank.u_mux.u_m1/X (sg13g2_mux2_1)
                                                         u_dut.g_seg[1].u_bank.u_mux.w1 (net)
                      0.075845    0.000514   14.020075 v u_dut.g_seg[1].u_bank.u_mux.u_m2/A1 (sg13g2_mux2_1)
     2    0.012825    0.101220    0.236658   14.256732 v u_dut.g_seg[1].u_bank.u_mux.u_m2/X (sg13g2_mux2_1)
                                                         u_dut.g_seg[1].bank_dout (net)
                      0.101232    0.001122   14.257854 v u_dut.g_seg[2].g_fa[0].u_fa.u_a2/A (sg13g2_and2_1)
     1    0.004145    0.040378    0.138006   14.395860 v u_dut.g_seg[2].g_fa[0].u_fa.u_a2/X (sg13g2_and2_1)
                                                         u_dut.g_seg[2].g_fa[0].u_fa.v (net)
                      0.040378    0.000295   14.396155 v u_dut.g_seg[2].g_fa[0].u_fa.u_o1/B (sg13g2_or2_1)
     2    0.008653    0.069207    0.176826   14.572981 v u_dut.g_seg[2].g_fa[0].u_fa.u_o1/X (sg13g2_or2_1)
                                                         u_dut.g_seg[2].g_fa[0].u_fa.co (net)
                      0.069213    0.000680   14.573661 v u_dut.g_seg[2].g_fa[1].u_fa.u_a2/A (sg13g2_and2_1)
     1    0.003081    0.035823    0.118006   14.691667 v u_dut.g_seg[2].g_fa[1].u_fa.u_a2/X (sg13g2_and2_1)
                                                         u_dut.g_seg[2].g_fa[1].u_fa.v (net)
                      0.035823    0.000202   14.691869 v u_dut.g_seg[2].g_fa[1].u_fa.u_o1/B (sg13g2_or2_1)
     2    0.008107    0.066489    0.172340   14.864209 v u_dut.g_seg[2].g_fa[1].u_fa.u_o1/X (sg13g2_or2_1)
                                                         u_dut.g_seg[2].g_fa[1].u_fa.co (net)
                      0.066494    0.000643   14.864852 v u_dut.g_seg[2].g_fa[2].u_fa.u_a2/A (sg13g2_and2_1)
     1    0.002256    0.032124    0.113283   14.978135 v u_dut.g_seg[2].g_fa[2].u_fa.u_a2/X (sg13g2_and2_1)
                                                         u_dut.g_seg[2].g_fa[2].u_fa.v (net)
                      0.032124    0.000089   14.978224 v u_dut.g_seg[2].g_fa[2].u_fa.u_o1/B (sg13g2_or2_1)
     2    0.007972    0.065859    0.170271   15.148495 v u_dut.g_seg[2].g_fa[2].u_fa.u_o1/X (sg13g2_or2_1)
                                                         u_dut.g_seg[2].g_fa[2].u_fa.co (net)
                      0.065859    0.000329   15.148823 v u_dut.g_seg[2].g_fa[3].u_fa.u_a2/A (sg13g2_and2_1)
     1    0.002251    0.031978    0.112944   15.261767 v u_dut.g_seg[2].g_fa[3].u_fa.u_a2/X (sg13g2_and2_1)
                                                         u_dut.g_seg[2].g_fa[3].u_fa.v (net)
                      0.031978    0.000089   15.261856 v u_dut.g_seg[2].g_fa[3].u_fa.u_o1/B (sg13g2_or2_1)
     2    0.008260    0.067269    0.171466   15.433323 v u_dut.g_seg[2].g_fa[3].u_fa.u_o1/X (sg13g2_or2_1)
                                                         u_dut.g_seg[2].u_bank.node[0] (net)
                      0.067271    0.000478   15.433801 v u_dut.g_seg[2].u_bank.g_inv[0].u_inv._cell/A (sg13g2_inv_1)
     1    0.002854    0.038485    0.054358   15.488159 ^ u_dut.g_seg[2].u_bank.g_inv[0].u_inv._cell/Y (sg13g2_inv_1)
                                                         u_dut.g_seg[2].u_bank.node[1] (net)
                      0.038485    0.000114   15.488273 ^ u_dut.g_seg[2].u_bank.g_inv[1].u_inv._cell/A (sg13g2_inv_1)
     1    0.003213    0.028750    0.043428   15.531701 v u_dut.g_seg[2].u_bank.g_inv[1].u_inv._cell/Y (sg13g2_inv_1)
                                                         u_dut.g_seg[2].u_bank.node[2] (net)
                      0.028750    0.000234   15.531936 v u_dut.g_seg[2].u_bank.g_inv[2].u_inv._cell/A (sg13g2_inv_1)
     1    0.003492    0.034155    0.043029   15.574964 ^ u_dut.g_seg[2].u_bank.g_inv[2].u_inv._cell/Y (sg13g2_inv_1)
                                                         u_dut.g_seg[2].u_bank.node[3] (net)
                      0.034155    0.000259   15.575223 ^ u_dut.g_seg[2].u_bank.g_inv[3].u_inv._cell/A (sg13g2_inv_1)
     1    0.003096    0.027361    0.041334   15.616557 v u_dut.g_seg[2].u_bank.g_inv[3].u_inv._cell/Y (sg13g2_inv_1)
                                                         u_dut.g_seg[2].u_bank.node[4] (net)
                      0.027361    0.000231   15.616788 v u_dut.g_seg[2].u_bank.g_inv[4].u_inv._cell/A (sg13g2_inv_1)
     1    0.003578    0.034367    0.042901   15.659689 ^ u_dut.g_seg[2].u_bank.g_inv[4].u_inv._cell/Y (sg13g2_inv_1)
                                                         u_dut.g_seg[2].u_bank.node[5] (net)
                      0.034373    0.000258   15.659946 ^ u_dut.g_seg[2].u_bank.g_inv[5].u_inv._cell/A (sg13g2_inv_1)
     1    0.002741    0.025845    0.040037   15.699984 v u_dut.g_seg[2].u_bank.g_inv[5].u_inv._cell/Y (sg13g2_inv_1)
                                                         u_dut.g_seg[2].u_bank.node[6] (net)
                      0.025846    0.000110   15.700094 v u_dut.g_seg[2].u_bank.g_inv[6].u_inv._cell/A (sg13g2_inv_1)
     1    0.002854    0.029943    0.039105   15.739199 ^ u_dut.g_seg[2].u_bank.g_inv[6].u_inv._cell/Y (sg13g2_inv_1)
                                                         u_dut.g_seg[2].u_bank.node[7] (net)
                      0.029943    0.000114   15.739312 ^ u_dut.g_seg[2].u_bank.g_inv[7].u_inv._cell/A (sg13g2_inv_1)
     1    0.003543    0.028519    0.041505   15.780817 v u_dut.g_seg[2].u_bank.g_inv[7].u_inv._cell/Y (sg13g2_inv_1)
                                                         u_dut.g_seg[2].u_bank.node[8] (net)
                      0.028521    0.000258   15.781075 v u_dut.g_seg[2].u_bank.g_inv[8].u_inv._cell/A (sg13g2_inv_1)
     1    0.002897    0.030734    0.040249   15.821323 ^ u_dut.g_seg[2].u_bank.g_inv[8].u_inv._cell/Y (sg13g2_inv_1)
                                                         u_dut.g_seg[2].u_bank.node[9] (net)
                      0.030734    0.000226   15.821549 ^ u_dut.g_seg[2].u_bank.g_inv[9].u_inv._cell/A (sg13g2_inv_1)
     1    0.002741    0.025099    0.038691   15.860240 v u_dut.g_seg[2].u_bank.g_inv[9].u_inv._cell/Y (sg13g2_inv_1)
                                                         u_dut.g_seg[2].u_bank.node[10] (net)
                      0.025099    0.000110   15.860350 v u_dut.g_seg[2].u_bank.g_inv[10].u_inv._cell/A (sg13g2_inv_1)
     1    0.002854    0.029789    0.038829   15.899179 ^ u_dut.g_seg[2].u_bank.g_inv[10].u_inv._cell/Y (sg13g2_inv_1)
                                                         u_dut.g_seg[2].u_bank.node[11] (net)
                      0.029789    0.000114   15.899293 ^ u_dut.g_seg[2].u_bank.g_inv[11].u_inv._cell/A (sg13g2_inv_1)
     1    0.003003    0.026074    0.039373   15.938666 v u_dut.g_seg[2].u_bank.g_inv[11].u_inv._cell/Y (sg13g2_inv_1)
                                                         u_dut.g_seg[2].u_bank.node[12] (net)
                      0.026074    0.000119   15.938785 v u_dut.g_seg[2].u_bank.g_inv[12].u_inv._cell/A (sg13g2_inv_1)
     1    0.002855    0.029995    0.039194   15.977979 ^ u_dut.g_seg[2].u_bank.g_inv[12].u_inv._cell/Y (sg13g2_inv_1)
                                                         u_dut.g_seg[2].u_bank.node[13] (net)
                      0.029995    0.000114   15.978092 ^ u_dut.g_seg[2].u_bank.g_inv[13].u_inv._cell/A (sg13g2_inv_1)
     1    0.002741    0.024950    0.038419   16.016512 v u_dut.g_seg[2].u_bank.g_inv[13].u_inv._cell/Y (sg13g2_inv_1)
                                                         u_dut.g_seg[2].u_bank.node[14] (net)
                      0.024950    0.000110   16.016621 v u_dut.g_seg[2].u_bank.g_inv[14].u_inv._cell/A (sg13g2_inv_1)
     1    0.003141    0.031390    0.040032   16.056654 ^ u_dut.g_seg[2].u_bank.g_inv[14].u_inv._cell/Y (sg13g2_inv_1)
                                                         u_dut.g_seg[2].u_bank.node[15] (net)
                      0.031391    0.000234   16.056889 ^ u_dut.g_seg[2].u_bank.g_inv[15].u_inv._cell/A (sg13g2_inv_1)
     1    0.002988    0.026329    0.039909   16.096798 v u_dut.g_seg[2].u_bank.g_inv[15].u_inv._cell/Y (sg13g2_inv_1)
                                                         u_dut.g_seg[2].u_bank.node[16] (net)
                      0.026329    0.000117   16.096914 v u_dut.g_seg[2].u_bank.g_inv[16].u_inv._cell/A (sg13g2_inv_1)
     1    0.002982    0.030772    0.039861   16.136776 ^ u_dut.g_seg[2].u_bank.g_inv[16].u_inv._cell/Y (sg13g2_inv_1)
                                                         u_dut.g_seg[2].u_bank.node[17] (net)
                      0.030772    0.000119   16.136894 ^ u_dut.g_seg[2].u_bank.g_inv[17].u_inv._cell/A (sg13g2_inv_1)
     1    0.004027    0.030909    0.043734   16.180630 v u_dut.g_seg[2].u_bank.g_inv[17].u_inv._cell/Y (sg13g2_inv_1)
                                                         u_dut.g_seg[2].u_bank.node[18] (net)
                      0.030911    0.000274   16.180902 v u_dut.g_seg[2].u_bank.g_inv[18].u_inv._cell/A (sg13g2_inv_1)
     1    0.002856    0.031001    0.040981   16.221884 ^ u_dut.g_seg[2].u_bank.g_inv[18].u_inv._cell/Y (sg13g2_inv_1)
                                                         u_dut.g_seg[2].u_bank.node[19] (net)
                      0.031001    0.000114   16.221996 ^ u_dut.g_seg[2].u_bank.g_inv[19].u_inv._cell/A (sg13g2_inv_1)
     1    0.004239    0.031935    0.044658   16.266655 v u_dut.g_seg[2].u_bank.g_inv[19].u_inv._cell/Y (sg13g2_inv_1)
                                                         u_dut.g_seg[2].u_bank.node[20] (net)
                      0.031937    0.000277   16.266932 v u_dut.g_seg[2].u_bank.g_inv[20].u_inv._cell/A (sg13g2_inv_1)
     1    0.002979    0.031906    0.041920   16.308851 ^ u_dut.g_seg[2].u_bank.g_inv[20].u_inv._cell/Y (sg13g2_inv_1)
                                                         u_dut.g_seg[2].u_bank.node[21] (net)
                      0.031906    0.000119   16.308971 ^ u_dut.g_seg[2].u_bank.g_inv[21].u_inv._cell/A (sg13g2_inv_1)
     1    0.003393    0.028219    0.041668   16.350639 v u_dut.g_seg[2].u_bank.g_inv[21].u_inv._cell/Y (sg13g2_inv_1)
                                                         u_dut.g_seg[2].u_bank.node[22] (net)
                      0.028228    0.000238   16.350876 v u_dut.g_seg[2].u_bank.g_inv[22].u_inv._cell/A (sg13g2_inv_1)
     1    0.003001    0.031272    0.040650   16.391527 ^ u_dut.g_seg[2].u_bank.g_inv[22].u_inv._cell/Y (sg13g2_inv_1)
                                                         u_dut.g_seg[2].u_bank.node[23] (net)
                      0.031272    0.000119   16.391645 ^ u_dut.g_seg[2].u_bank.g_inv[23].u_inv._cell/A (sg13g2_inv_1)
     1    0.002746    0.025233    0.038911   16.430557 v u_dut.g_seg[2].u_bank.g_inv[23].u_inv._cell/Y (sg13g2_inv_1)
                                                         u_dut.g_seg[2].u_bank.node[24] (net)
                      0.025234    0.000110   16.430668 v u_dut.g_seg[2].u_bank.g_inv[24].u_inv._cell/A (sg13g2_inv_1)
     1    0.003103    0.031242    0.040005   16.470673 ^ u_dut.g_seg[2].u_bank.g_inv[24].u_inv._cell/Y (sg13g2_inv_1)
                                                         u_dut.g_seg[2].u_bank.node[25] (net)
                      0.031242    0.000123   16.470795 ^ u_dut.g_seg[2].u_bank.g_inv[25].u_inv._cell/A (sg13g2_inv_1)
     1    0.002744    0.025217    0.038892   16.509687 v u_dut.g_seg[2].u_bank.g_inv[25].u_inv._cell/Y (sg13g2_inv_1)
                                                         u_dut.g_seg[2].u_bank.node[26] (net)
                      0.025217    0.000110   16.509796 v u_dut.g_seg[2].u_bank.g_inv[26].u_inv._cell/A (sg13g2_inv_1)
     1    0.002851    0.029800    0.038863   16.548660 ^ u_dut.g_seg[2].u_bank.g_inv[26].u_inv._cell/Y (sg13g2_inv_1)
                                                         u_dut.g_seg[2].u_bank.node[27] (net)
                      0.029800    0.000114   16.548773 ^ u_dut.g_seg[2].u_bank.g_inv[27].u_inv._cell/A (sg13g2_inv_1)
     1    0.003228    0.027065    0.040224   16.588997 v u_dut.g_seg[2].u_bank.g_inv[27].u_inv._cell/Y (sg13g2_inv_1)
                                                         u_dut.g_seg[2].u_bank.node[28] (net)
                      0.027067    0.000233   16.589230 v u_dut.g_seg[2].u_bank.g_inv[28].u_inv._cell/A (sg13g2_inv_1)
     1    0.003273    0.032582    0.041453   16.630684 ^ u_dut.g_seg[2].u_bank.g_inv[28].u_inv._cell/Y (sg13g2_inv_1)
                                                         u_dut.g_seg[2].u_bank.node[29] (net)
                      0.032582    0.000128   16.630812 ^ u_dut.g_seg[2].u_bank.g_inv[29].u_inv._cell/A (sg13g2_inv_1)
     1    0.002810    0.025776    0.039613   16.670424 v u_dut.g_seg[2].u_bank.g_inv[29].u_inv._cell/Y (sg13g2_inv_1)
                                                         u_dut.g_seg[2].u_bank.node[30] (net)
                      0.025777    0.000217   16.670641 v u_dut.g_seg[2].u_bank.g_inv[30].u_inv._cell/A (sg13g2_inv_1)
     1    0.003142    0.031574    0.040382   16.711021 ^ u_dut.g_seg[2].u_bank.g_inv[30].u_inv._cell/Y (sg13g2_inv_1)
                                                         u_dut.g_seg[2].u_bank.node[31] (net)
                      0.031574    0.000124   16.711147 ^ u_dut.g_seg[2].u_bank.g_inv[31].u_inv._cell/A (sg13g2_inv_1)
     2    0.006036    0.040644    0.051903   16.763050 v u_dut.g_seg[2].u_bank.g_inv[31].u_inv._cell/Y (sg13g2_inv_1)
                                                         u_dut.g_seg[2].u_bank.node[32] (net)
                      0.040664    0.000357   16.763407 v u_dut.g_seg[2].u_bank.g_inv[32].u_inv._cell/A (sg13g2_inv_1)
     1    0.003210    0.034980    0.046219   16.809626 ^ u_dut.g_seg[2].u_bank.g_inv[32].u_inv._cell/Y (sg13g2_inv_1)
                                                         u_dut.g_seg[2].u_bank.node[33] (net)
                      0.034980    0.000126   16.809752 ^ u_dut.g_seg[2].u_bank.g_inv[33].u_inv._cell/A (sg13g2_inv_1)
     1    0.002746    0.025992    0.040282   16.850035 v u_dut.g_seg[2].u_bank.g_inv[33].u_inv._cell/Y (sg13g2_inv_1)
                                                         u_dut.g_seg[2].u_bank.node[34] (net)
                      0.025992    0.000110   16.850145 v u_dut.g_seg[2].u_bank.g_inv[34].u_inv._cell/A (sg13g2_inv_1)
     1    0.002858    0.029998    0.039179   16.889324 ^ u_dut.g_seg[2].u_bank.g_inv[34].u_inv._cell/Y (sg13g2_inv_1)
                                                         u_dut.g_seg[2].u_bank.node[35] (net)
                      0.029999    0.000114   16.889439 ^ u_dut.g_seg[2].u_bank.g_inv[35].u_inv._cell/A (sg13g2_inv_1)
     1    0.003200    0.026981    0.040190   16.929628 v u_dut.g_seg[2].u_bank.g_inv[35].u_inv._cell/Y (sg13g2_inv_1)
                                                         u_dut.g_seg[2].u_bank.node[36] (net)
                      0.026981    0.000231   16.929859 v u_dut.g_seg[2].u_bank.g_inv[36].u_inv._cell/A (sg13g2_inv_1)
     1    0.002999    0.031007    0.040183   16.970041 ^ u_dut.g_seg[2].u_bank.g_inv[36].u_inv._cell/Y (sg13g2_inv_1)
                                                         u_dut.g_seg[2].u_bank.node[37] (net)
                      0.031007    0.000119   16.970161 ^ u_dut.g_seg[2].u_bank.g_inv[37].u_inv._cell/A (sg13g2_inv_1)
     1    0.002745    0.025175    0.038810   17.008970 v u_dut.g_seg[2].u_bank.g_inv[37].u_inv._cell/Y (sg13g2_inv_1)
                                                         u_dut.g_seg[2].u_bank.node[38] (net)
                      0.025175    0.000110   17.009081 v u_dut.g_seg[2].u_bank.g_inv[38].u_inv._cell/A (sg13g2_inv_1)
     1    0.003269    0.032174    0.040728   17.049809 ^ u_dut.g_seg[2].u_bank.g_inv[38].u_inv._cell/Y (sg13g2_inv_1)
                                                         u_dut.g_seg[2].u_bank.node[39] (net)
                      0.032175    0.000130   17.049938 ^ u_dut.g_seg[2].u_bank.g_inv[39].u_inv._cell/A (sg13g2_inv_1)
     1    0.002745    0.025414    0.039242   17.089180 v u_dut.g_seg[2].u_bank.g_inv[39].u_inv._cell/Y (sg13g2_inv_1)
                                                         u_dut.g_seg[2].u_bank.node[40] (net)
                      0.025414    0.000110   17.089291 v u_dut.g_seg[2].u_bank.g_inv[40].u_inv._cell/A (sg13g2_inv_1)
     1    0.002858    0.029879    0.038966   17.128256 ^ u_dut.g_seg[2].u_bank.g_inv[40].u_inv._cell/Y (sg13g2_inv_1)
                                                         u_dut.g_seg[2].u_bank.node[41] (net)
                      0.029880    0.000114   17.128370 ^ u_dut.g_seg[2].u_bank.g_inv[41].u_inv._cell/A (sg13g2_inv_1)
     1    0.002750    0.024966    0.038412   17.166782 v u_dut.g_seg[2].u_bank.g_inv[41].u_inv._cell/Y (sg13g2_inv_1)
                                                         u_dut.g_seg[2].u_bank.node[42] (net)
                      0.024966    0.000110   17.166893 v u_dut.g_seg[2].u_bank.g_inv[42].u_inv._cell/A (sg13g2_inv_1)
     1    0.003791    0.035134    0.042954   17.209846 ^ u_dut.g_seg[2].u_bank.g_inv[42].u_inv._cell/Y (sg13g2_inv_1)
                                                         u_dut.g_seg[2].u_bank.node[43] (net)
                      0.035136    0.000281   17.210127 ^ u_dut.g_seg[2].u_bank.g_inv[43].u_inv._cell/A (sg13g2_inv_1)
     1    0.002885    0.026639    0.040897   17.251024 v u_dut.g_seg[2].u_bank.g_inv[43].u_inv._cell/Y (sg13g2_inv_1)
                                                         u_dut.g_seg[2].u_bank.node[44] (net)
                      0.026639    0.000115   17.251141 v u_dut.g_seg[2].u_bank.g_inv[44].u_inv._cell/A (sg13g2_inv_1)
     1    0.003594    0.034312    0.042702   17.293842 ^ u_dut.g_seg[2].u_bank.g_inv[44].u_inv._cell/Y (sg13g2_inv_1)
                                                         u_dut.g_seg[2].u_bank.node[45] (net)
                      0.034320    0.000256   17.294098 ^ u_dut.g_seg[2].u_bank.g_inv[45].u_inv._cell/A (sg13g2_inv_1)
     1    0.003287    0.028236    0.042157   17.336254 v u_dut.g_seg[2].u_bank.g_inv[45].u_inv._cell/Y (sg13g2_inv_1)
                                                         u_dut.g_seg[2].u_bank.node[46] (net)
                      0.028237    0.000236   17.336491 v u_dut.g_seg[2].u_bank.g_inv[46].u_inv._cell/A (sg13g2_inv_1)
     1    0.003411    0.033594    0.042474   17.378965 ^ u_dut.g_seg[2].u_bank.g_inv[46].u_inv._cell/Y (sg13g2_inv_1)
                                                         u_dut.g_seg[2].u_bank.node[47] (net)
                      0.033595    0.000249   17.379213 ^ u_dut.g_seg[2].u_bank.g_inv[47].u_inv._cell/A (sg13g2_inv_1)
     1    0.003485    0.028972    0.042663   17.421877 v u_dut.g_seg[2].u_bank.g_inv[47].u_inv._cell/Y (sg13g2_inv_1)
                                                         u_dut.g_seg[2].u_bank.node[48] (net)
                      0.028976    0.000256   17.422132 v u_dut.g_seg[2].u_bank.g_inv[48].u_inv._cell/A (sg13g2_inv_1)
     1    0.003694    0.035346    0.044031   17.466162 ^ u_dut.g_seg[2].u_bank.g_inv[48].u_inv._cell/Y (sg13g2_inv_1)
                                                         u_dut.g_seg[2].u_bank.node[49] (net)
                      0.035355    0.000268   17.466431 ^ u_dut.g_seg[2].u_bank.g_inv[49].u_inv._cell/A (sg13g2_inv_1)
     1    0.002888    0.026695    0.040989   17.507420 v u_dut.g_seg[2].u_bank.g_inv[49].u_inv._cell/Y (sg13g2_inv_1)
                                                         u_dut.g_seg[2].u_bank.node[50] (net)
                      0.026696    0.000114   17.507534 v u_dut.g_seg[2].u_bank.g_inv[50].u_inv._cell/A (sg13g2_inv_1)
     1    0.003421    0.033337    0.041933   17.549467 ^ u_dut.g_seg[2].u_bank.g_inv[50].u_inv._cell/Y (sg13g2_inv_1)
                                                         u_dut.g_seg[2].u_bank.node[51] (net)
                      0.033338    0.000263   17.549728 ^ u_dut.g_seg[2].u_bank.g_inv[51].u_inv._cell/A (sg13g2_inv_1)
     1    0.003097    0.027210    0.041069   17.590799 v u_dut.g_seg[2].u_bank.g_inv[51].u_inv._cell/Y (sg13g2_inv_1)
                                                         u_dut.g_seg[2].u_bank.node[52] (net)
                      0.027210    0.000123   17.590921 v u_dut.g_seg[2].u_bank.g_inv[52].u_inv._cell/A (sg13g2_inv_1)
     1    0.003731    0.035222    0.043537   17.634459 ^ u_dut.g_seg[2].u_bank.g_inv[52].u_inv._cell/Y (sg13g2_inv_1)
                                                         u_dut.g_seg[2].u_bank.node[53] (net)
                      0.035225    0.000268   17.634726 ^ u_dut.g_seg[2].u_bank.g_inv[53].u_inv._cell/A (sg13g2_inv_1)
     1    0.002931    0.026858    0.041112   17.675838 v u_dut.g_seg[2].u_bank.g_inv[53].u_inv._cell/Y (sg13g2_inv_1)
                                                         u_dut.g_seg[2].u_bank.node[54] (net)
                      0.026858    0.000117   17.675955 v u_dut.g_seg[2].u_bank.g_inv[54].u_inv._cell/A (sg13g2_inv_1)
     1    0.002854    0.030153    0.039478   17.715433 ^ u_dut.g_seg[2].u_bank.g_inv[54].u_inv._cell/Y (sg13g2_inv_1)
                                                         u_dut.g_seg[2].u_bank.node[55] (net)
                      0.030153    0.000114   17.715548 ^ u_dut.g_seg[2].u_bank.g_inv[55].u_inv._cell/A (sg13g2_inv_1)
     1    0.002741    0.024984    0.038479   17.754026 v u_dut.g_seg[2].u_bank.g_inv[55].u_inv._cell/Y (sg13g2_inv_1)
                                                         u_dut.g_seg[2].u_bank.node[56] (net)
                      0.024984    0.000110   17.754137 v u_dut.g_seg[2].u_bank.g_inv[56].u_inv._cell/A (sg13g2_inv_1)
     1    0.003279    0.032193    0.040703   17.794840 ^ u_dut.g_seg[2].u_bank.g_inv[56].u_inv._cell/Y (sg13g2_inv_1)
                                                         u_dut.g_seg[2].u_bank.node[57] (net)
                      0.032194    0.000130   17.794970 ^ u_dut.g_seg[2].u_bank.g_inv[57].u_inv._cell/A (sg13g2_inv_1)
     1    0.003294    0.027838    0.041380   17.836349 v u_dut.g_seg[2].u_bank.g_inv[57].u_inv._cell/Y (sg13g2_inv_1)
                                                         u_dut.g_seg[2].u_bank.node[58] (net)
                      0.027841    0.000240   17.836590 v u_dut.g_seg[2].u_bank.g_inv[58].u_inv._cell/A (sg13g2_inv_1)
     1    0.003268    0.032697    0.041675   17.878265 ^ u_dut.g_seg[2].u_bank.g_inv[58].u_inv._cell/Y (sg13g2_inv_1)
                                                         u_dut.g_seg[2].u_bank.node[59] (net)
                      0.032698    0.000242   17.878506 ^ u_dut.g_seg[2].u_bank.g_inv[59].u_inv._cell/A (sg13g2_inv_1)
     1    0.002911    0.026254    0.040091   17.918596 v u_dut.g_seg[2].u_bank.g_inv[59].u_inv._cell/Y (sg13g2_inv_1)
                                                         u_dut.g_seg[2].u_bank.node[60] (net)
                      0.026254    0.000115   17.918713 v u_dut.g_seg[2].u_bank.g_inv[60].u_inv._cell/A (sg13g2_inv_1)
     1    0.003261    0.032341    0.041059   17.959770 ^ u_dut.g_seg[2].u_bank.g_inv[60].u_inv._cell/Y (sg13g2_inv_1)
                                                         u_dut.g_seg[2].u_bank.node[61] (net)
                      0.032341    0.000238   17.960009 ^ u_dut.g_seg[2].u_bank.g_inv[61].u_inv._cell/A (sg13g2_inv_1)
     1    0.002896    0.026118    0.039902   17.999912 v u_dut.g_seg[2].u_bank.g_inv[61].u_inv._cell/Y (sg13g2_inv_1)
                                                         u_dut.g_seg[2].u_bank.node[62] (net)
                      0.026119    0.000115   18.000027 v u_dut.g_seg[2].u_bank.g_inv[62].u_inv._cell/A (sg13g2_inv_1)
     1    0.003451    0.033394    0.041858   18.041885 ^ u_dut.g_seg[2].u_bank.g_inv[62].u_inv._cell/Y (sg13g2_inv_1)
                                                         u_dut.g_seg[2].u_bank.node[63] (net)
                      0.033395    0.000259   18.042145 ^ u_dut.g_seg[2].u_bank.g_inv[63].u_inv._cell/A (sg13g2_inv_1)
     2    0.005943    0.040495    0.052356   18.094501 v u_dut.g_seg[2].u_bank.g_inv[63].u_inv._cell/Y (sg13g2_inv_1)
                                                         u_dut.g_seg[2].u_bank.node[64] (net)
                      0.040495    0.000174   18.094675 v u_dut.g_seg[2].u_bank.g_inv[64].u_inv._cell/A (sg13g2_inv_1)
     1    0.003251    0.035179    0.046350   18.141026 ^ u_dut.g_seg[2].u_bank.g_inv[64].u_inv._cell/Y (sg13g2_inv_1)
                                                         u_dut.g_seg[2].u_bank.node[65] (net)
                      0.035179    0.000128   18.141153 ^ u_dut.g_seg[2].u_bank.g_inv[65].u_inv._cell/A (sg13g2_inv_1)
     1    0.003236    0.028182    0.042274   18.183426 v u_dut.g_seg[2].u_bank.g_inv[65].u_inv._cell/Y (sg13g2_inv_1)
                                                         u_dut.g_seg[2].u_bank.node[66] (net)
                      0.028183    0.000238   18.183664 v u_dut.g_seg[2].u_bank.g_inv[66].u_inv._cell/A (sg13g2_inv_1)
     1    0.003314    0.033042    0.042055   18.225719 ^ u_dut.g_seg[2].u_bank.g_inv[66].u_inv._cell/Y (sg13g2_inv_1)
                                                         u_dut.g_seg[2].u_bank.node[67] (net)
                      0.033042    0.000130   18.225849 ^ u_dut.g_seg[2].u_bank.g_inv[67].u_inv._cell/A (sg13g2_inv_1)
     1    0.002741    0.025573    0.039545   18.265394 v u_dut.g_seg[2].u_bank.g_inv[67].u_inv._cell/Y (sg13g2_inv_1)
                                                         u_dut.g_seg[2].u_bank.node[68] (net)
                      0.025573    0.000110   18.265505 v u_dut.g_seg[2].u_bank.g_inv[68].u_inv._cell/A (sg13g2_inv_1)
     1    0.002854    0.029887    0.039005   18.304510 ^ u_dut.g_seg[2].u_bank.g_inv[68].u_inv._cell/Y (sg13g2_inv_1)
                                                         u_dut.g_seg[2].u_bank.node[69] (net)
                      0.029887    0.000114   18.304625 ^ u_dut.g_seg[2].u_bank.g_inv[69].u_inv._cell/A (sg13g2_inv_1)
     1    0.002741    0.024925    0.038378   18.343002 v u_dut.g_seg[2].u_bank.g_inv[69].u_inv._cell/Y (sg13g2_inv_1)
                                                         u_dut.g_seg[2].u_bank.node[70] (net)
                      0.024926    0.000110   18.343113 v u_dut.g_seg[2].u_bank.g_inv[70].u_inv._cell/A (sg13g2_inv_1)
     1    0.003012    0.030657    0.039480   18.382591 ^ u_dut.g_seg[2].u_bank.g_inv[70].u_inv._cell/Y (sg13g2_inv_1)
                                                         u_dut.g_seg[2].u_bank.node[71] (net)
                      0.030657    0.000119   18.382711 ^ u_dut.g_seg[2].u_bank.g_inv[71].u_inv._cell/A (sg13g2_inv_1)
     1    0.002741    0.025083    0.038662   18.421373 v u_dut.g_seg[2].u_bank.g_inv[71].u_inv._cell/Y (sg13g2_inv_1)
                                                         u_dut.g_seg[2].u_bank.node[72] (net)
                      0.025083    0.000110   18.421484 v u_dut.g_seg[2].u_bank.g_inv[72].u_inv._cell/A (sg13g2_inv_1)
     1    0.002854    0.029786    0.038824   18.460308 ^ u_dut.g_seg[2].u_bank.g_inv[72].u_inv._cell/Y (sg13g2_inv_1)
                                                         u_dut.g_seg[2].u_bank.node[73] (net)
                      0.029786    0.000114   18.460421 ^ u_dut.g_seg[2].u_bank.g_inv[73].u_inv._cell/A (sg13g2_inv_1)
     1    0.002741    0.024905    0.038339   18.498760 v u_dut.g_seg[2].u_bank.g_inv[73].u_inv._cell/Y (sg13g2_inv_1)
                                                         u_dut.g_seg[2].u_bank.node[74] (net)
                      0.024905    0.000110   18.498871 v u_dut.g_seg[2].u_bank.g_inv[74].u_inv._cell/A (sg13g2_inv_1)
     1    0.002854    0.029749    0.038758   18.537628 ^ u_dut.g_seg[2].u_bank.g_inv[74].u_inv._cell/Y (sg13g2_inv_1)
                                                         u_dut.g_seg[2].u_bank.node[75] (net)
                      0.029749    0.000114   18.537743 ^ u_dut.g_seg[2].u_bank.g_inv[75].u_inv._cell/A (sg13g2_inv_1)
     1    0.002781    0.025064    0.038446   18.576189 v u_dut.g_seg[2].u_bank.g_inv[75].u_inv._cell/Y (sg13g2_inv_1)
                                                         u_dut.g_seg[2].u_bank.node[76] (net)
                      0.025065    0.000217   18.576405 v u_dut.g_seg[2].u_bank.g_inv[76].u_inv._cell/A (sg13g2_inv_1)
     1    0.002917    0.030142    0.039101   18.615505 ^ u_dut.g_seg[2].u_bank.g_inv[76].u_inv._cell/Y (sg13g2_inv_1)
                                                         u_dut.g_seg[2].u_bank.node[77] (net)
                      0.030142    0.000115   18.615622 ^ u_dut.g_seg[2].u_bank.g_inv[77].u_inv._cell/A (sg13g2_inv_1)
     1    0.003499    0.028355    0.041400   18.657021 v u_dut.g_seg[2].u_bank.g_inv[77].u_inv._cell/Y (sg13g2_inv_1)
                                                         u_dut.g_seg[2].u_bank.node[78] (net)
                      0.028357    0.000263   18.657284 v u_dut.g_seg[2].u_bank.g_inv[78].u_inv._cell/A (sg13g2_inv_1)
     1    0.003037    0.031490    0.040821   18.698105 ^ u_dut.g_seg[2].u_bank.g_inv[78].u_inv._cell/Y (sg13g2_inv_1)
                                                         u_dut.g_seg[2].u_bank.node[79] (net)
                      0.031491    0.000231   18.698336 ^ u_dut.g_seg[2].u_bank.g_inv[79].u_inv._cell/A (sg13g2_inv_1)
     1    0.002880    0.025874    0.039522   18.737858 v u_dut.g_seg[2].u_bank.g_inv[79].u_inv._cell/Y (sg13g2_inv_1)
                                                         u_dut.g_seg[2].u_bank.node[80] (net)
                      0.025874    0.000114   18.737972 v u_dut.g_seg[2].u_bank.g_inv[80].u_inv._cell/A (sg13g2_inv_1)
     1    0.003777    0.035232    0.043279   18.781250 ^ u_dut.g_seg[2].u_bank.g_inv[80].u_inv._cell/Y (sg13g2_inv_1)
                                                         u_dut.g_seg[2].u_bank.node[81] (net)
                      0.035233    0.000149   18.781401 ^ u_dut.g_seg[2].u_bank.g_inv[81].u_inv._cell/A (sg13g2_inv_1)
     1    0.003808    0.030762    0.044578   18.825977 v u_dut.g_seg[2].u_bank.g_inv[81].u_inv._cell/Y (sg13g2_inv_1)
                                                         u_dut.g_seg[2].u_bank.node[82] (net)
                      0.030765    0.000270   18.826248 v u_dut.g_seg[2].u_bank.g_inv[82].u_inv._cell/A (sg13g2_inv_1)
     1    0.002854    0.030958    0.040917   18.867165 ^ u_dut.g_seg[2].u_bank.g_inv[82].u_inv._cell/Y (sg13g2_inv_1)
                                                         u_dut.g_seg[2].u_bank.node[83] (net)
                      0.030958    0.000114   18.867277 ^ u_dut.g_seg[2].u_bank.g_inv[83].u_inv._cell/A (sg13g2_inv_1)
     1    0.002741    0.025145    0.038774   18.906052 v u_dut.g_seg[2].u_bank.g_inv[83].u_inv._cell/Y (sg13g2_inv_1)
                                                         u_dut.g_seg[2].u_bank.node[84] (net)
                      0.025145    0.000110   18.906162 v u_dut.g_seg[2].u_bank.g_inv[84].u_inv._cell/A (sg13g2_inv_1)
     1    0.002854    0.029799    0.038847   18.945009 ^ u_dut.g_seg[2].u_bank.g_inv[84].u_inv._cell/Y (sg13g2_inv_1)
                                                         u_dut.g_seg[2].u_bank.node[85] (net)
                      0.029799    0.000114   18.945124 ^ u_dut.g_seg[2].u_bank.g_inv[85].u_inv._cell/A (sg13g2_inv_1)
     1    0.002741    0.024907    0.038344   18.983467 v u_dut.g_seg[2].u_bank.g_inv[85].u_inv._cell/Y (sg13g2_inv_1)
                                                         u_dut.g_seg[2].u_bank.node[86] (net)
                      0.024907    0.000110   18.983578 v u_dut.g_seg[2].u_bank.g_inv[86].u_inv._cell/A (sg13g2_inv_1)
     1    0.003102    0.031165    0.039876   19.023453 ^ u_dut.g_seg[2].u_bank.g_inv[86].u_inv._cell/Y (sg13g2_inv_1)
                                                         u_dut.g_seg[2].u_bank.node[87] (net)
                      0.031165    0.000123   19.023577 ^ u_dut.g_seg[2].u_bank.g_inv[87].u_inv._cell/A (sg13g2_inv_1)
     1    0.002741    0.025188    0.038851   19.062428 v u_dut.g_seg[2].u_bank.g_inv[87].u_inv._cell/Y (sg13g2_inv_1)
                                                         u_dut.g_seg[2].u_bank.node[88] (net)
                      0.025188    0.000110   19.062536 v u_dut.g_seg[2].u_bank.g_inv[88].u_inv._cell/A (sg13g2_inv_1)
     1    0.002855    0.029814    0.038868   19.101406 ^ u_dut.g_seg[2].u_bank.g_inv[88].u_inv._cell/Y (sg13g2_inv_1)
                                                         u_dut.g_seg[2].u_bank.node[89] (net)
                      0.029814    0.000114   19.101519 ^ u_dut.g_seg[2].u_bank.g_inv[89].u_inv._cell/A (sg13g2_inv_1)
     1    0.002747    0.024941    0.038376   19.139896 v u_dut.g_seg[2].u_bank.g_inv[89].u_inv._cell/Y (sg13g2_inv_1)
                                                         u_dut.g_seg[2].u_bank.node[90] (net)
                      0.024941    0.000110   19.140005 v u_dut.g_seg[2].u_bank.g_inv[90].u_inv._cell/A (sg13g2_inv_1)
     1    0.002858    0.029779    0.038790   19.178797 ^ u_dut.g_seg[2].u_bank.g_inv[90].u_inv._cell/Y (sg13g2_inv_1)
                                                         u_dut.g_seg[2].u_bank.node[91] (net)
                      0.029779    0.000114   19.178909 ^ u_dut.g_seg[2].u_bank.g_inv[91].u_inv._cell/A (sg13g2_inv_1)
     1    0.003263    0.027213    0.040348   19.219257 v u_dut.g_seg[2].u_bank.g_inv[91].u_inv._cell/Y (sg13g2_inv_1)
                                                         u_dut.g_seg[2].u_bank.node[92] (net)
                      0.027218    0.000238   19.219496 v u_dut.g_seg[2].u_bank.g_inv[92].u_inv._cell/A (sg13g2_inv_1)
     1    0.003147    0.031886    0.040899   19.260395 ^ u_dut.g_seg[2].u_bank.g_inv[92].u_inv._cell/Y (sg13g2_inv_1)
                                                         u_dut.g_seg[2].u_bank.node[93] (net)
                      0.031886    0.000238   19.260633 ^ u_dut.g_seg[2].u_bank.g_inv[93].u_inv._cell/A (sg13g2_inv_1)
     1    0.003073    0.026799    0.040394   19.301027 v u_dut.g_seg[2].u_bank.g_inv[93].u_inv._cell/Y (sg13g2_inv_1)
                                                         u_dut.g_seg[2].u_bank.node[94] (net)
                      0.026800    0.000229   19.301256 v u_dut.g_seg[2].u_bank.g_inv[94].u_inv._cell/A (sg13g2_inv_1)
     1    0.003223    0.032243    0.041128   19.342384 ^ u_dut.g_seg[2].u_bank.g_inv[94].u_inv._cell/Y (sg13g2_inv_1)
                                                         u_dut.g_seg[2].u_bank.node[95] (net)
                      0.032244    0.000126   19.342510 ^ u_dut.g_seg[2].u_bank.g_inv[95].u_inv._cell/A (sg13g2_inv_1)
     1    0.003034    0.026710    0.040412   19.382923 v u_dut.g_seg[2].u_bank.g_inv[95].u_inv._cell/Y (sg13g2_inv_1)
                                                         u_dut.g_seg[2].u_bank.node[96] (net)
                      0.026710    0.000121   19.383043 v u_dut.g_seg[2].u_bank.u_mux.u_m1/A1 (sg13g2_mux2_1)
     1    0.003792    0.059134    0.168605   19.551647 v u_dut.g_seg[2].u_bank.u_mux.u_m1/X (sg13g2_mux2_1)
                                                         u_dut.g_seg[2].u_bank.u_mux.w1 (net)
                      0.059134    0.000258   19.551905 v u_dut.g_seg[2].u_bank.u_mux.u_m2/A1 (sg13g2_mux2_1)
     2    0.021225    0.146826    0.273253   19.825159 v u_dut.g_seg[2].u_bank.u_mux.u_m2/X (sg13g2_mux2_1)
                                                         u_dut.g_seg[2].bank_dout (net)
                      0.146882    0.002604   19.827763 v u_dut.g_seg[3].g_fa[0].u_fa.u_a2/A (sg13g2_and2_1)
     1    0.003490    0.038073    0.153548   19.981312 v u_dut.g_seg[3].g_fa[0].u_fa.u_a2/X (sg13g2_and2_1)
                                                         u_dut.g_seg[3].g_fa[0].u_fa.v (net)
                      0.038073    0.000224   19.981535 v u_dut.g_seg[3].g_fa[0].u_fa.u_o1/B (sg13g2_or2_1)
     2    0.011067    0.081103    0.186994   20.168530 v u_dut.g_seg[3].g_fa[0].u_fa.u_o1/X (sg13g2_or2_1)
                                                         u_dut.g_seg[3].g_fa[0].u_fa.co (net)
                      0.081110    0.000819   20.169348 v u_dut.g_seg[3].g_fa[1].u_fa.u_a2/A (sg13g2_and2_1)
     1    0.003765    0.038239    0.126787   20.296135 v u_dut.g_seg[3].g_fa[1].u_fa.u_a2/X (sg13g2_and2_1)
                                                         u_dut.g_seg[3].g_fa[1].u_fa.v (net)
                      0.038239    0.000263   20.296398 v u_dut.g_seg[3].g_fa[1].u_fa.u_o1/B (sg13g2_or2_1)
     2    0.009046    0.071079    0.177783   20.474180 v u_dut.g_seg[3].g_fa[1].u_fa.u_o1/X (sg13g2_or2_1)
                                                         u_dut.g_seg[3].g_fa[1].u_fa.co (net)
                      0.071081    0.000487   20.474669 v u_dut.g_seg[3].g_fa[2].u_fa.u_a2/A (sg13g2_and2_1)
     1    0.003054    0.035116    0.118858   20.593525 v u_dut.g_seg[3].g_fa[2].u_fa.u_a2/X (sg13g2_and2_1)
                                                         u_dut.g_seg[3].g_fa[2].u_fa.v (net)
                      0.035116    0.000117   20.593643 v u_dut.g_seg[3].g_fa[2].u_fa.u_o1/B (sg13g2_or2_1)
     2    0.008776    0.069786    0.175142   20.768785 v u_dut.g_seg[3].g_fa[2].u_fa.u_o1/X (sg13g2_or2_1)
                                                         u_dut.g_seg[3].g_fa[2].u_fa.co (net)
                      0.069789    0.000584   20.769369 v u_dut.g_seg[3].g_fa[3].u_fa.u_a2/A (sg13g2_and2_1)
     1    0.002345    0.033494    0.115291   20.884661 v u_dut.g_seg[3].g_fa[3].u_fa.u_a2/X (sg13g2_and2_1)
                                                         u_dut.g_seg[3].g_fa[3].u_fa.v (net)
                      0.033494    0.000176   20.884836 v u_dut.g_seg[3].g_fa[3].u_fa.u_o1/B (sg13g2_or2_1)
     2    0.008564    0.068734    0.173534   21.058371 v u_dut.g_seg[3].g_fa[3].u_fa.u_o1/X (sg13g2_or2_1)
                                                         u_dut.g_seg[3].u_bank.node[0] (net)
                      0.068736    0.000488   21.058859 v u_dut.g_seg[3].u_bank.g_inv[0].u_inv._cell/A (sg13g2_inv_1)
     1    0.002897    0.039018    0.055113   21.113972 ^ u_dut.g_seg[3].u_bank.g_inv[0].u_inv._cell/Y (sg13g2_inv_1)
                                                         u_dut.g_seg[3].u_bank.node[1] (net)
                      0.039019    0.000115   21.114086 ^ u_dut.g_seg[3].u_bank.g_inv[1].u_inv._cell/A (sg13g2_inv_1)
     1    0.002780    0.026971    0.041917   21.156004 v u_dut.g_seg[3].u_bank.g_inv[1].u_inv._cell/Y (sg13g2_inv_1)
                                                         u_dut.g_seg[3].u_bank.node[2] (net)
                      0.026971    0.000110   21.156115 v u_dut.g_seg[3].u_bank.g_inv[2].u_inv._cell/A (sg13g2_inv_1)
     1    0.002943    0.030684    0.039924   21.196037 ^ u_dut.g_seg[3].u_bank.g_inv[2].u_inv._cell/Y (sg13g2_inv_1)
                                                         u_dut.g_seg[3].u_bank.node[3] (net)
                      0.030684    0.000117   21.196156 ^ u_dut.g_seg[3].u_bank.g_inv[3].u_inv._cell/A (sg13g2_inv_1)
     1    0.003236    0.027275    0.040583   21.236738 v u_dut.g_seg[3].u_bank.g_inv[3].u_inv._cell/Y (sg13g2_inv_1)
                                                         u_dut.g_seg[3].u_bank.node[4] (net)
                      0.027276    0.000238   21.236975 v u_dut.g_seg[3].u_bank.g_inv[4].u_inv._cell/A (sg13g2_inv_1)
     1    0.003336    0.032974    0.041776   21.278751 ^ u_dut.g_seg[3].u_bank.g_inv[4].u_inv._cell/Y (sg13g2_inv_1)
                                                         u_dut.g_seg[3].u_bank.node[5] (net)
                      0.032974    0.000245   21.278997 ^ u_dut.g_seg[3].u_bank.g_inv[5].u_inv._cell/A (sg13g2_inv_1)
     1    0.003055    0.026950    0.040767   21.319765 v u_dut.g_seg[3].u_bank.g_inv[5].u_inv._cell/Y (sg13g2_inv_1)
                                                         u_dut.g_seg[3].u_bank.node[6] (net)
                      0.026950    0.000121   21.319885 v u_dut.g_seg[3].u_bank.g_inv[6].u_inv._cell/A (sg13g2_inv_1)
     1    0.003431    0.033456    0.042121   21.362005 ^ u_dut.g_seg[3].u_bank.g_inv[6].u_inv._cell/Y (sg13g2_inv_1)
                                                         u_dut.g_seg[3].u_bank.node[7] (net)
                      0.033457    0.000137   21.362143 ^ u_dut.g_seg[3].u_bank.g_inv[7].u_inv._cell/A (sg13g2_inv_1)
     1    0.002782    0.025829    0.039824   21.401966 v u_dut.g_seg[3].u_bank.g_inv[7].u_inv._cell/Y (sg13g2_inv_1)
                                                         u_dut.g_seg[3].u_bank.node[8] (net)
                      0.025830    0.000217   21.402184 v u_dut.g_seg[3].u_bank.g_inv[8].u_inv._cell/A (sg13g2_inv_1)
     1    0.002854    0.029940    0.039099   21.441282 ^ u_dut.g_seg[3].u_bank.g_inv[8].u_inv._cell/Y (sg13g2_inv_1)
                                                         u_dut.g_seg[3].u_bank.node[9] (net)
                      0.029940    0.000114   21.441397 ^ u_dut.g_seg[3].u_bank.g_inv[9].u_inv._cell/A (sg13g2_inv_1)
     1    0.003067    0.026375    0.039641   21.481037 v u_dut.g_seg[3].u_bank.g_inv[9].u_inv._cell/Y (sg13g2_inv_1)
                                                         u_dut.g_seg[3].u_bank.node[10] (net)
                      0.026375    0.000226   21.481264 v u_dut.g_seg[3].u_bank.g_inv[10].u_inv._cell/A (sg13g2_inv_1)
     1    0.003566    0.034103    0.042480   21.523743 ^ u_dut.g_seg[3].u_bank.g_inv[10].u_inv._cell/Y (sg13g2_inv_1)
                                                         u_dut.g_seg[3].u_bank.node[11] (net)
                      0.034109    0.000252   21.523996 ^ u_dut.g_seg[3].u_bank.g_inv[11].u_inv._cell/A (sg13g2_inv_1)
     1    0.002947    0.026701    0.040759   21.564754 v u_dut.g_seg[3].u_bank.g_inv[11].u_inv._cell/Y (sg13g2_inv_1)
                                                         u_dut.g_seg[3].u_bank.node[12] (net)
                      0.026701    0.000117   21.564871 v u_dut.g_seg[3].u_bank.g_inv[12].u_inv._cell/A (sg13g2_inv_1)
     1    0.004839    0.041617    0.048352   21.613224 ^ u_dut.g_seg[3].u_bank.g_inv[12].u_inv._cell/Y (sg13g2_inv_1)
                                                         u_dut.g_seg[3].u_bank.node[13] (net)
                      0.041636    0.000316   21.613541 ^ u_dut.g_seg[3].u_bank.g_inv[13].u_inv._cell/A (sg13g2_inv_1)
     1    0.004133    0.033480    0.048402   21.661942 v u_dut.g_seg[3].u_bank.g_inv[13].u_inv._cell/Y (sg13g2_inv_1)
                                                         u_dut.g_seg[3].u_bank.node[14] (net)
                      0.033481    0.000160   21.662102 v u_dut.g_seg[3].u_bank.g_inv[14].u_inv._cell/A (sg13g2_inv_1)
     1    0.003080    0.032793    0.042956   21.705057 ^ u_dut.g_seg[3].u_bank.g_inv[14].u_inv._cell/Y (sg13g2_inv_1)
                                                         u_dut.g_seg[3].u_bank.node[15] (net)
                      0.032793    0.000121   21.705179 ^ u_dut.g_seg[3].u_bank.g_inv[15].u_inv._cell/A (sg13g2_inv_1)
     1    0.003131    0.027249    0.041000   21.746180 v u_dut.g_seg[3].u_bank.g_inv[15].u_inv._cell/Y (sg13g2_inv_1)
                                                         u_dut.g_seg[3].u_bank.node[16] (net)
                      0.027249    0.000123   21.746302 v u_dut.g_seg[3].u_bank.g_inv[16].u_inv._cell/A (sg13g2_inv_1)
     1    0.003707    0.035089    0.043439   21.789740 ^ u_dut.g_seg[3].u_bank.g_inv[16].u_inv._cell/Y (sg13g2_inv_1)
                                                         u_dut.g_seg[3].u_bank.node[17] (net)
                      0.035092    0.000270   21.790010 ^ u_dut.g_seg[3].u_bank.g_inv[17].u_inv._cell/A (sg13g2_inv_1)
     1    0.003585    0.029722    0.043636   21.833647 v u_dut.g_seg[3].u_bank.g_inv[17].u_inv._cell/Y (sg13g2_inv_1)
                                                         u_dut.g_seg[3].u_bank.node[18] (net)
                      0.029725    0.000250   21.833897 v u_dut.g_seg[3].u_bank.g_inv[18].u_inv._cell/A (sg13g2_inv_1)
     1    0.003147    0.032395    0.041828   21.875725 ^ u_dut.g_seg[3].u_bank.g_inv[18].u_inv._cell/Y (sg13g2_inv_1)
                                                         u_dut.g_seg[3].u_bank.node[19] (net)
                      0.032395    0.000236   21.875961 ^ u_dut.g_seg[3].u_bank.g_inv[19].u_inv._cell/A (sg13g2_inv_1)
     1    0.002766    0.025551    0.039405   21.915365 v u_dut.g_seg[3].u_bank.g_inv[19].u_inv._cell/Y (sg13g2_inv_1)
                                                         u_dut.g_seg[3].u_bank.node[20] (net)
                      0.025552    0.000110   21.915476 v u_dut.g_seg[3].u_bank.g_inv[20].u_inv._cell/A (sg13g2_inv_1)
     1    0.003567    0.033952    0.042212   21.957687 ^ u_dut.g_seg[3].u_bank.g_inv[20].u_inv._cell/Y (sg13g2_inv_1)
                                                         u_dut.g_seg[3].u_bank.node[21] (net)
                      0.033955    0.000140   21.957829 ^ u_dut.g_seg[3].u_bank.g_inv[21].u_inv._cell/A (sg13g2_inv_1)
     1    0.002884    0.026391    0.040451   21.998280 v u_dut.g_seg[3].u_bank.g_inv[21].u_inv._cell/Y (sg13g2_inv_1)
                                                         u_dut.g_seg[3].u_bank.node[22] (net)
                      0.026391    0.000114   21.998394 v u_dut.g_seg[3].u_bank.g_inv[22].u_inv._cell/A (sg13g2_inv_1)
     1    0.003612    0.034364    0.042684   22.041077 ^ u_dut.g_seg[3].u_bank.g_inv[22].u_inv._cell/Y (sg13g2_inv_1)
                                                         u_dut.g_seg[3].u_bank.node[23] (net)
                      0.034374    0.000268   22.041346 ^ u_dut.g_seg[3].u_bank.g_inv[23].u_inv._cell/A (sg13g2_inv_1)
     1    0.003228    0.027984    0.041931   22.083277 v u_dut.g_seg[3].u_bank.g_inv[23].u_inv._cell/Y (sg13g2_inv_1)
                                                         u_dut.g_seg[3].u_bank.node[24] (net)
                      0.027985    0.000250   22.083527 v u_dut.g_seg[3].u_bank.g_inv[24].u_inv._cell/A (sg13g2_inv_1)
     1    0.002854    0.030384    0.039893   22.123421 ^ u_dut.g_seg[3].u_bank.g_inv[24].u_inv._cell/Y (sg13g2_inv_1)
                                                         u_dut.g_seg[3].u_bank.node[25] (net)
                      0.030385    0.000114   22.123533 ^ u_dut.g_seg[3].u_bank.g_inv[25].u_inv._cell/A (sg13g2_inv_1)
     1    0.002741    0.025028    0.038561   22.162094 v u_dut.g_seg[3].u_bank.g_inv[25].u_inv._cell/Y (sg13g2_inv_1)
                                                         u_dut.g_seg[3].u_bank.node[26] (net)
                      0.025028    0.000110   22.162205 v u_dut.g_seg[3].u_bank.g_inv[26].u_inv._cell/A (sg13g2_inv_1)
     1    0.003313    0.032386    0.040826   22.203032 ^ u_dut.g_seg[3].u_bank.g_inv[26].u_inv._cell/Y (sg13g2_inv_1)
                                                         u_dut.g_seg[3].u_bank.node[27] (net)
                      0.032387    0.000254   22.203285 ^ u_dut.g_seg[3].u_bank.g_inv[27].u_inv._cell/A (sg13g2_inv_1)
     1    0.002741    0.025438    0.039302   22.242586 v u_dut.g_seg[3].u_bank.g_inv[27].u_inv._cell/Y (sg13g2_inv_1)
                                                         u_dut.g_seg[3].u_bank.node[28] (net)
                      0.025438    0.000110   22.242697 v u_dut.g_seg[3].u_bank.g_inv[28].u_inv._cell/A (sg13g2_inv_1)
     1    0.002854    0.029859    0.038956   22.281652 ^ u_dut.g_seg[3].u_bank.g_inv[28].u_inv._cell/Y (sg13g2_inv_1)
                                                         u_dut.g_seg[3].u_bank.node[29] (net)
                      0.029859    0.000114   22.281767 ^ u_dut.g_seg[3].u_bank.g_inv[29].u_inv._cell/A (sg13g2_inv_1)
     1    0.002746    0.024942    0.038387   22.320154 v u_dut.g_seg[3].u_bank.g_inv[29].u_inv._cell/Y (sg13g2_inv_1)
                                                         u_dut.g_seg[3].u_bank.node[30] (net)
                      0.024942    0.000110   22.320263 v u_dut.g_seg[3].u_bank.g_inv[30].u_inv._cell/A (sg13g2_inv_1)
     1    0.003393    0.032839    0.041201   22.361464 ^ u_dut.g_seg[3].u_bank.g_inv[30].u_inv._cell/Y (sg13g2_inv_1)
                                                         u_dut.g_seg[3].u_bank.node[31] (net)
                      0.032839    0.000135   22.361599 ^ u_dut.g_seg[3].u_bank.g_inv[31].u_inv._cell/A (sg13g2_inv_1)
     2    0.006677    0.043989    0.054959   22.416557 v u_dut.g_seg[3].u_bank.g_inv[31].u_inv._cell/Y (sg13g2_inv_1)
                                                         u_dut.g_seg[3].u_bank.node[32] (net)
                      0.043994    0.000382   22.416941 v u_dut.g_seg[3].u_bank.g_inv[32].u_inv._cell/A (sg13g2_inv_1)
     1    0.003745    0.038620    0.049967   22.466908 ^ u_dut.g_seg[3].u_bank.g_inv[32].u_inv._cell/Y (sg13g2_inv_1)
                                                         u_dut.g_seg[3].u_bank.node[33] (net)
                      0.038620    0.000147   22.467054 ^ u_dut.g_seg[3].u_bank.g_inv[33].u_inv._cell/A (sg13g2_inv_1)
     1    0.002919    0.027500    0.042332   22.509386 v u_dut.g_seg[3].u_bank.g_inv[33].u_inv._cell/Y (sg13g2_inv_1)
                                                         u_dut.g_seg[3].u_bank.node[34] (net)
                      0.027500    0.000115   22.509502 v u_dut.g_seg[3].u_bank.g_inv[34].u_inv._cell/A (sg13g2_inv_1)
     1    0.003563    0.034308    0.042888   22.552391 ^ u_dut.g_seg[3].u_bank.g_inv[34].u_inv._cell/Y (sg13g2_inv_1)
                                                         u_dut.g_seg[3].u_bank.node[35] (net)
                      0.034311    0.000252   22.552643 ^ u_dut.g_seg[3].u_bank.g_inv[35].u_inv._cell/A (sg13g2_inv_1)
     1    0.003589    0.029588    0.043348   22.595991 v u_dut.g_seg[3].u_bank.g_inv[35].u_inv._cell/Y (sg13g2_inv_1)
                                                         u_dut.g_seg[3].u_bank.node[36] (net)
                      0.029590    0.000263   22.596254 v u_dut.g_seg[3].u_bank.g_inv[36].u_inv._cell/A (sg13g2_inv_1)
     1    0.003126    0.032261    0.041725   22.637980 ^ u_dut.g_seg[3].u_bank.g_inv[36].u_inv._cell/Y (sg13g2_inv_1)
                                                         u_dut.g_seg[3].u_bank.node[37] (net)
                      0.032261    0.000124   22.638103 ^ u_dut.g_seg[3].u_bank.g_inv[37].u_inv._cell/A (sg13g2_inv_1)
     1    0.002741    0.025413    0.039257   22.677361 v u_dut.g_seg[3].u_bank.g_inv[37].u_inv._cell/Y (sg13g2_inv_1)
                                                         u_dut.g_seg[3].u_bank.node[38] (net)
                      0.025413    0.000110   22.677471 v u_dut.g_seg[3].u_bank.g_inv[38].u_inv._cell/A (sg13g2_inv_1)
     1    0.003144    0.031513    0.040256   22.717728 ^ u_dut.g_seg[3].u_bank.g_inv[38].u_inv._cell/Y (sg13g2_inv_1)
                                                         u_dut.g_seg[3].u_bank.node[39] (net)
                      0.031513    0.000126   22.717854 ^ u_dut.g_seg[3].u_bank.g_inv[39].u_inv._cell/A (sg13g2_inv_1)
     1    0.003458    0.028442    0.041773   22.759626 v u_dut.g_seg[3].u_bank.g_inv[39].u_inv._cell/Y (sg13g2_inv_1)
                                                         u_dut.g_seg[3].u_bank.node[40] (net)
                      0.028445    0.000243   22.759869 v u_dut.g_seg[3].u_bank.g_inv[40].u_inv._cell/A (sg13g2_inv_1)
     1    0.003062    0.031660    0.041007   22.800877 ^ u_dut.g_seg[3].u_bank.g_inv[40].u_inv._cell/Y (sg13g2_inv_1)
                                                         u_dut.g_seg[3].u_bank.node[41] (net)
                      0.031660    0.000121   22.800997 ^ u_dut.g_seg[3].u_bank.g_inv[41].u_inv._cell/A (sg13g2_inv_1)
     1    0.003212    0.027381    0.040897   22.841894 v u_dut.g_seg[3].u_bank.g_inv[41].u_inv._cell/Y (sg13g2_inv_1)
                                                         u_dut.g_seg[3].u_bank.node[42] (net)
                      0.027381    0.000126   22.842020 v u_dut.g_seg[3].u_bank.g_inv[42].u_inv._cell/A (sg13g2_inv_1)
     1    0.003918    0.036340    0.044448   22.886469 ^ u_dut.g_seg[3].u_bank.g_inv[42].u_inv._cell/Y (sg13g2_inv_1)
                                                         u_dut.g_seg[3].u_bank.node[43] (net)
                      0.036342    0.000272   22.886740 ^ u_dut.g_seg[3].u_bank.g_inv[43].u_inv._cell/A (sg13g2_inv_1)
     1    0.003073    0.027714    0.042101   22.928843 v u_dut.g_seg[3].u_bank.g_inv[43].u_inv._cell/Y (sg13g2_inv_1)
                                                         u_dut.g_seg[3].u_bank.node[44] (net)
                      0.027714    0.000119   22.928961 v u_dut.g_seg[3].u_bank.g_inv[44].u_inv._cell/A (sg13g2_inv_1)
     1    0.003006    0.031195    0.040483   22.969444 ^ u_dut.g_seg[3].u_bank.g_inv[44].u_inv._cell/Y (sg13g2_inv_1)
                                                         u_dut.g_seg[3].u_bank.node[45] (net)
                      0.031195    0.000119   22.969563 ^ u_dut.g_seg[3].u_bank.g_inv[45].u_inv._cell/A (sg13g2_inv_1)
     1    0.003173    0.027098    0.040526   23.010088 v u_dut.g_seg[3].u_bank.g_inv[45].u_inv._cell/Y (sg13g2_inv_1)
                                                         u_dut.g_seg[3].u_bank.node[46] (net)
                      0.027099    0.000234   23.010323 v u_dut.g_seg[3].u_bank.g_inv[46].u_inv._cell/A (sg13g2_inv_1)
     1    0.003626    0.034585    0.043018   23.053341 ^ u_dut.g_seg[3].u_bank.g_inv[46].u_inv._cell/Y (sg13g2_inv_1)
                                                         u_dut.g_seg[3].u_bank.node[47] (net)
                      0.034593    0.000259   23.053600 ^ u_dut.g_seg[3].u_bank.g_inv[47].u_inv._cell/A (sg13g2_inv_1)
     1    0.003087    0.027410    0.041464   23.095064 v u_dut.g_seg[3].u_bank.g_inv[47].u_inv._cell/Y (sg13g2_inv_1)
                                                         u_dut.g_seg[3].u_bank.node[48] (net)
                      0.027410    0.000227   23.095291 v u_dut.g_seg[3].u_bank.g_inv[48].u_inv._cell/A (sg13g2_inv_1)
     1    0.002867    0.030340    0.039741   23.135033 ^ u_dut.g_seg[3].u_bank.g_inv[48].u_inv._cell/Y (sg13g2_inv_1)
                                                         u_dut.g_seg[3].u_bank.node[49] (net)
                      0.030341    0.000114   23.135145 ^ u_dut.g_seg[3].u_bank.g_inv[49].u_inv._cell/A (sg13g2_inv_1)
     1    0.003229    0.027188    0.040465   23.175611 v u_dut.g_seg[3].u_bank.g_inv[49].u_inv._cell/Y (sg13g2_inv_1)
                                                         u_dut.g_seg[3].u_bank.node[50] (net)
                      0.027189    0.000128   23.175739 v u_dut.g_seg[3].u_bank.g_inv[50].u_inv._cell/A (sg13g2_inv_1)
     1    0.003401    0.033326    0.042039   23.217779 ^ u_dut.g_seg[3].u_bank.g_inv[50].u_inv._cell/Y (sg13g2_inv_1)
                                                         u_dut.g_seg[3].u_bank.node[51] (net)
                      0.033327    0.000245   23.218023 ^ u_dut.g_seg[3].u_bank.g_inv[51].u_inv._cell/A (sg13g2_inv_1)
     1    0.003641    0.029627    0.043173   23.261196 v u_dut.g_seg[3].u_bank.g_inv[51].u_inv._cell/Y (sg13g2_inv_1)
                                                         u_dut.g_seg[3].u_bank.node[52] (net)
                      0.029629    0.000270   23.261467 v u_dut.g_seg[3].u_bank.g_inv[52].u_inv._cell/A (sg13g2_inv_1)
     1    0.003000    0.031555    0.041165   23.302631 ^ u_dut.g_seg[3].u_bank.g_inv[52].u_inv._cell/Y (sg13g2_inv_1)
                                                         u_dut.g_seg[3].u_bank.node[53] (net)
                      0.031555    0.000119   23.302752 ^ u_dut.g_seg[3].u_bank.g_inv[53].u_inv._cell/A (sg13g2_inv_1)
     1    0.003074    0.026736    0.040274   23.343023 v u_dut.g_seg[3].u_bank.g_inv[53].u_inv._cell/Y (sg13g2_inv_1)
                                                         u_dut.g_seg[3].u_bank.node[54] (net)
                      0.026737    0.000229   23.343254 v u_dut.g_seg[3].u_bank.g_inv[54].u_inv._cell/A (sg13g2_inv_1)
     1    0.003161    0.031875    0.040822   23.384075 ^ u_dut.g_seg[3].u_bank.g_inv[54].u_inv._cell/Y (sg13g2_inv_1)
                                                         u_dut.g_seg[3].u_bank.node[55] (net)
                      0.031875    0.000124   23.384201 ^ u_dut.g_seg[3].u_bank.g_inv[55].u_inv._cell/A (sg13g2_inv_1)
     1    0.002748    0.025367    0.039144   23.423344 v u_dut.g_seg[3].u_bank.g_inv[55].u_inv._cell/Y (sg13g2_inv_1)
                                                         u_dut.g_seg[3].u_bank.node[56] (net)
                      0.025367    0.000110   23.423454 v u_dut.g_seg[3].u_bank.g_inv[56].u_inv._cell/A (sg13g2_inv_1)
     1    0.003244    0.032071    0.040687   23.464142 ^ u_dut.g_seg[3].u_bank.g_inv[56].u_inv._cell/Y (sg13g2_inv_1)
                                                         u_dut.g_seg[3].u_bank.node[57] (net)
                      0.032071    0.000128   23.464270 ^ u_dut.g_seg[3].u_bank.g_inv[57].u_inv._cell/A (sg13g2_inv_1)
     1    0.002967    0.026364    0.040039   23.504309 v u_dut.g_seg[3].u_bank.g_inv[57].u_inv._cell/Y (sg13g2_inv_1)
                                                         u_dut.g_seg[3].u_bank.node[58] (net)
                      0.026364    0.000229   23.504538 v u_dut.g_seg[3].u_bank.g_inv[58].u_inv._cell/A (sg13g2_inv_1)
     1    0.002871    0.030149    0.039375   23.543913 ^ u_dut.g_seg[3].u_bank.g_inv[58].u_inv._cell/Y (sg13g2_inv_1)
                                                         u_dut.g_seg[3].u_bank.node[59] (net)
                      0.030149    0.000114   23.544025 ^ u_dut.g_seg[3].u_bank.g_inv[59].u_inv._cell/A (sg13g2_inv_1)
     1    0.003185    0.026955    0.040222   23.584248 v u_dut.g_seg[3].u_bank.g_inv[59].u_inv._cell/Y (sg13g2_inv_1)
                                                         u_dut.g_seg[3].u_bank.node[60] (net)
                      0.026955    0.000124   23.584372 v u_dut.g_seg[3].u_bank.g_inv[60].u_inv._cell/A (sg13g2_inv_1)
     1    0.002994    0.030968    0.040147   23.624519 ^ u_dut.g_seg[3].u_bank.g_inv[60].u_inv._cell/Y (sg13g2_inv_1)
                                                         u_dut.g_seg[3].u_bank.node[61] (net)
                      0.030969    0.000119   23.624640 ^ u_dut.g_seg[3].u_bank.g_inv[61].u_inv._cell/A (sg13g2_inv_1)
     1    0.002745    0.025167    0.038796   23.663435 v u_dut.g_seg[3].u_bank.g_inv[61].u_inv._cell/Y (sg13g2_inv_1)
                                                         u_dut.g_seg[3].u_bank.node[62] (net)
                      0.025167    0.000110   23.663546 v u_dut.g_seg[3].u_bank.g_inv[62].u_inv._cell/A (sg13g2_inv_1)
     1    0.002858    0.029826    0.038874   23.702419 ^ u_dut.g_seg[3].u_bank.g_inv[62].u_inv._cell/Y (sg13g2_inv_1)
                                                         u_dut.g_seg[3].u_bank.node[63] (net)
                      0.029826    0.000114   23.702532 ^ u_dut.g_seg[3].u_bank.g_inv[63].u_inv._cell/A (sg13g2_inv_1)
     2    0.006441    0.042274    0.052840   23.755371 v u_dut.g_seg[3].u_bank.g_inv[63].u_inv._cell/Y (sg13g2_inv_1)
                                                         u_dut.g_seg[3].u_bank.node[64] (net)
                      0.042290    0.000185   23.755556 v u_dut.g_seg[3].u_bank.g_inv[64].u_inv._cell/A (sg13g2_inv_1)
     1    0.003455    0.036667    0.047937   23.803493 ^ u_dut.g_seg[3].u_bank.g_inv[64].u_inv._cell/Y (sg13g2_inv_1)
                                                         u_dut.g_seg[3].u_bank.node[65] (net)
                      0.036668    0.000245   23.803738 ^ u_dut.g_seg[3].u_bank.g_inv[65].u_inv._cell/A (sg13g2_inv_1)
     1    0.004091    0.032332    0.046253   23.849991 v u_dut.g_seg[3].u_bank.g_inv[65].u_inv._cell/Y (sg13g2_inv_1)
                                                         u_dut.g_seg[3].u_bank.node[66] (net)
                      0.032334    0.000293   23.850285 v u_dut.g_seg[3].u_bank.g_inv[66].u_inv._cell/A (sg13g2_inv_1)
     1    0.003779    0.036494    0.045681   23.895966 ^ u_dut.g_seg[3].u_bank.g_inv[66].u_inv._cell/Y (sg13g2_inv_1)
                                                         u_dut.g_seg[3].u_bank.node[67] (net)
                      0.036503    0.000275   23.896240 ^ u_dut.g_seg[3].u_bank.g_inv[67].u_inv._cell/A (sg13g2_inv_1)
     1    0.003073    0.027744    0.042160   23.938400 v u_dut.g_seg[3].u_bank.g_inv[67].u_inv._cell/Y (sg13g2_inv_1)
                                                         u_dut.g_seg[3].u_bank.node[68] (net)
                      0.027744    0.000121   23.938520 v u_dut.g_seg[3].u_bank.g_inv[68].u_inv._cell/A (sg13g2_inv_1)
     1    0.002887    0.030523    0.039954   23.978476 ^ u_dut.g_seg[3].u_bank.g_inv[68].u_inv._cell/Y (sg13g2_inv_1)
                                                         u_dut.g_seg[3].u_bank.node[69] (net)
                      0.030523    0.000115   23.978590 ^ u_dut.g_seg[3].u_bank.g_inv[69].u_inv._cell/A (sg13g2_inv_1)
     1    0.003053    0.026442    0.039840   24.018431 v u_dut.g_seg[3].u_bank.g_inv[69].u_inv._cell/Y (sg13g2_inv_1)
                                                         u_dut.g_seg[3].u_bank.node[70] (net)
                      0.026442    0.000121   24.018551 v u_dut.g_seg[3].u_bank.g_inv[70].u_inv._cell/A (sg13g2_inv_1)
     1    0.002854    0.030068    0.039327   24.057878 ^ u_dut.g_seg[3].u_bank.g_inv[70].u_inv._cell/Y (sg13g2_inv_1)
                                                         u_dut.g_seg[3].u_bank.node[71] (net)
                      0.030068    0.000114   24.057991 ^ u_dut.g_seg[3].u_bank.g_inv[71].u_inv._cell/A (sg13g2_inv_1)
     1    0.003231    0.027131    0.040336   24.098328 v u_dut.g_seg[3].u_bank.g_inv[71].u_inv._cell/Y (sg13g2_inv_1)
                                                         u_dut.g_seg[3].u_bank.node[72] (net)
                      0.027132    0.000233   24.098560 v u_dut.g_seg[3].u_bank.g_inv[72].u_inv._cell/A (sg13g2_inv_1)
     1    0.003010    0.031098    0.040286   24.138845 ^ u_dut.g_seg[3].u_bank.g_inv[72].u_inv._cell/Y (sg13g2_inv_1)
                                                         u_dut.g_seg[3].u_bank.node[73] (net)
                      0.031098    0.000119   24.138966 ^ u_dut.g_seg[3].u_bank.g_inv[73].u_inv._cell/A (sg13g2_inv_1)
     1    0.002741    0.025176    0.038828   24.177794 v u_dut.g_seg[3].u_bank.g_inv[73].u_inv._cell/Y (sg13g2_inv_1)
                                                         u_dut.g_seg[3].u_bank.node[74] (net)
                      0.025176    0.000110   24.177902 v u_dut.g_seg[3].u_bank.g_inv[74].u_inv._cell/A (sg13g2_inv_1)
     1    0.002863    0.029857    0.038899   24.216803 ^ u_dut.g_seg[3].u_bank.g_inv[74].u_inv._cell/Y (sg13g2_inv_1)
                                                         u_dut.g_seg[3].u_bank.node[75] (net)
                      0.029857    0.000114   24.216915 ^ u_dut.g_seg[3].u_bank.g_inv[75].u_inv._cell/A (sg13g2_inv_1)
     1    0.002746    0.024941    0.038385   24.255301 v u_dut.g_seg[3].u_bank.g_inv[75].u_inv._cell/Y (sg13g2_inv_1)
                                                         u_dut.g_seg[3].u_bank.node[76] (net)
                      0.024941    0.000110   24.255411 v u_dut.g_seg[3].u_bank.g_inv[76].u_inv._cell/A (sg13g2_inv_1)
     1    0.002861    0.029799    0.038806   24.294216 ^ u_dut.g_seg[3].u_bank.g_inv[76].u_inv._cell/Y (sg13g2_inv_1)
                                                         u_dut.g_seg[3].u_bank.node[77] (net)
                      0.029799    0.000114   24.294331 ^ u_dut.g_seg[3].u_bank.g_inv[77].u_inv._cell/A (sg13g2_inv_1)
     1    0.003372    0.027722    0.040821   24.335152 v u_dut.g_seg[3].u_bank.g_inv[77].u_inv._cell/Y (sg13g2_inv_1)
                                                         u_dut.g_seg[3].u_bank.node[78] (net)
                      0.027722    0.000133   24.335285 v u_dut.g_seg[3].u_bank.g_inv[78].u_inv._cell/A (sg13g2_inv_1)
     1    0.003541    0.034226    0.042869   24.378153 ^ u_dut.g_seg[3].u_bank.g_inv[78].u_inv._cell/Y (sg13g2_inv_1)
                                                         u_dut.g_seg[3].u_bank.node[79] (net)
                      0.034227    0.000252   24.378407 ^ u_dut.g_seg[3].u_bank.g_inv[79].u_inv._cell/A (sg13g2_inv_1)
     1    0.003161    0.027660    0.041620   24.420025 v u_dut.g_seg[3].u_bank.g_inv[79].u_inv._cell/Y (sg13g2_inv_1)
                                                         u_dut.g_seg[3].u_bank.node[80] (net)
                      0.027661    0.000233   24.420258 v u_dut.g_seg[3].u_bank.g_inv[80].u_inv._cell/A (sg13g2_inv_1)
     1    0.003029    0.031312    0.040567   24.460825 ^ u_dut.g_seg[3].u_bank.g_inv[80].u_inv._cell/Y (sg13g2_inv_1)
                                                         u_dut.g_seg[3].u_bank.node[81] (net)
                      0.031313    0.000121   24.460945 ^ u_dut.g_seg[3].u_bank.g_inv[81].u_inv._cell/A (sg13g2_inv_1)
     1    0.003078    0.026703    0.040199   24.501144 v u_dut.g_seg[3].u_bank.g_inv[81].u_inv._cell/Y (sg13g2_inv_1)
                                                         u_dut.g_seg[3].u_bank.node[82] (net)
                      0.026703    0.000227   24.501371 v u_dut.g_seg[3].u_bank.g_inv[82].u_inv._cell/A (sg13g2_inv_1)
     1    0.003270    0.032492    0.041304   24.542677 ^ u_dut.g_seg[3].u_bank.g_inv[82].u_inv._cell/Y (sg13g2_inv_1)
                                                         u_dut.g_seg[3].u_bank.node[83] (net)
                      0.032492    0.000130   24.542807 ^ u_dut.g_seg[3].u_bank.g_inv[83].u_inv._cell/A (sg13g2_inv_1)
     1    0.003553    0.029077    0.042560   24.585365 v u_dut.g_seg[3].u_bank.g_inv[83].u_inv._cell/Y (sg13g2_inv_1)
                                                         u_dut.g_seg[3].u_bank.node[84] (net)
                      0.029077    0.000139   24.585505 v u_dut.g_seg[3].u_bank.g_inv[84].u_inv._cell/A (sg13g2_inv_1)
     1    0.003797    0.035971    0.044578   24.630081 ^ u_dut.g_seg[3].u_bank.g_inv[84].u_inv._cell/Y (sg13g2_inv_1)
                                                         u_dut.g_seg[3].u_bank.node[85] (net)
                      0.035972    0.000149   24.630232 ^ u_dut.g_seg[3].u_bank.g_inv[85].u_inv._cell/A (sg13g2_inv_1)
     1    0.003017    0.027390    0.041736   24.671967 v u_dut.g_seg[3].u_bank.g_inv[85].u_inv._cell/Y (sg13g2_inv_1)
                                                         u_dut.g_seg[3].u_bank.node[86] (net)
                      0.027390    0.000119   24.672085 v u_dut.g_seg[3].u_bank.g_inv[86].u_inv._cell/A (sg13g2_inv_1)
     1    0.003949    0.036521    0.044587   24.716673 ^ u_dut.g_seg[3].u_bank.g_inv[86].u_inv._cell/Y (sg13g2_inv_1)
                                                         u_dut.g_seg[3].u_bank.node[87] (net)
                      0.036523    0.000274   24.716946 ^ u_dut.g_seg[3].u_bank.g_inv[87].u_inv._cell/A (sg13g2_inv_1)
     1    0.004196    0.032790    0.046628   24.763573 v u_dut.g_seg[3].u_bank.g_inv[87].u_inv._cell/Y (sg13g2_inv_1)
                                                         u_dut.g_seg[3].u_bank.node[88] (net)
                      0.032792    0.000282   24.763855 v u_dut.g_seg[3].u_bank.g_inv[88].u_inv._cell/A (sg13g2_inv_1)
     1    0.003004    0.032213    0.042311   24.806168 ^ u_dut.g_seg[3].u_bank.g_inv[88].u_inv._cell/Y (sg13g2_inv_1)
                                                         u_dut.g_seg[3].u_bank.node[89] (net)
                      0.032213    0.000229   24.806396 ^ u_dut.g_seg[3].u_bank.g_inv[89].u_inv._cell/A (sg13g2_inv_1)
     1    0.003893    0.030566    0.043759   24.850155 v u_dut.g_seg[3].u_bank.g_inv[89].u_inv._cell/Y (sg13g2_inv_1)
                                                         u_dut.g_seg[3].u_bank.node[90] (net)
                      0.030568    0.000261   24.850416 v u_dut.g_seg[3].u_bank.g_inv[90].u_inv._cell/A (sg13g2_inv_1)
     1    0.003007    0.031782    0.041540   24.891956 ^ u_dut.g_seg[3].u_bank.g_inv[90].u_inv._cell/Y (sg13g2_inv_1)
                                                         u_dut.g_seg[3].u_bank.node[91] (net)
                      0.031782    0.000119   24.892075 ^ u_dut.g_seg[3].u_bank.g_inv[91].u_inv._cell/A (sg13g2_inv_1)
     1    0.003051    0.026692    0.040307   24.932383 v u_dut.g_seg[3].u_bank.g_inv[91].u_inv._cell/Y (sg13g2_inv_1)
                                                         u_dut.g_seg[3].u_bank.node[92] (net)
                      0.026692    0.000121   24.932503 v u_dut.g_seg[3].u_bank.g_inv[92].u_inv._cell/A (sg13g2_inv_1)
     1    0.002854    0.030118    0.039417   24.971920 ^ u_dut.g_seg[3].u_bank.g_inv[92].u_inv._cell/Y (sg13g2_inv_1)
                                                         u_dut.g_seg[3].u_bank.node[93] (net)
                      0.030118    0.000114   24.972034 ^ u_dut.g_seg[3].u_bank.g_inv[93].u_inv._cell/A (sg13g2_inv_1)
     1    0.004450    0.032756    0.045135   25.017170 v u_dut.g_seg[3].u_bank.g_inv[93].u_inv._cell/Y (sg13g2_inv_1)
                                                         u_dut.g_seg[3].u_bank.node[94] (net)
                      0.032759    0.000293   25.017462 v u_dut.g_seg[3].u_bank.g_inv[94].u_inv._cell/A (sg13g2_inv_1)
     1    0.003789    0.036644    0.045931   25.063395 ^ u_dut.g_seg[3].u_bank.g_inv[94].u_inv._cell/Y (sg13g2_inv_1)
                                                         u_dut.g_seg[3].u_bank.node[95] (net)
                      0.036648    0.000151   25.063545 ^ u_dut.g_seg[3].u_bank.g_inv[95].u_inv._cell/A (sg13g2_inv_1)
     1    0.003128    0.028017    0.042435   25.105980 v u_dut.g_seg[3].u_bank.g_inv[95].u_inv._cell/Y (sg13g2_inv_1)
                                                         u_dut.g_seg[3].u_bank.node[96] (net)
                      0.028017    0.000123   25.106102 v u_dut.g_seg[3].u_bank.u_mux.u_m1/A1 (sg13g2_mux2_1)
     1    0.003415    0.057620    0.167152   25.273254 v u_dut.g_seg[3].u_bank.u_mux.u_m1/X (sg13g2_mux2_1)
                                                         u_dut.g_seg[3].u_bank.u_mux.w1 (net)
                      0.057620    0.000135   25.273390 v u_dut.g_seg[3].u_bank.u_mux.u_m2/A1 (sg13g2_mux2_1)
     1    0.005293    0.065423    0.189353   25.462742 v u_dut.g_seg[3].u_bank.u_mux.u_m2/X (sg13g2_mux2_1)
                                                         rca_cout (net)
                      0.065424    0.000403   25.463144 v _1228_/B (sg13g2_xor2_1)
     1    0.016973    0.267490    0.244045   25.707190 ^ _1228_/X (sg13g2_xor2_1)
                                                         _0217_ (net)
                      0.267493    0.001423   25.708612 ^ _1229_/B (sg13g2_nand2_1)
     1    0.005703    0.103184    0.167445   25.876057 v _1229_/Y (sg13g2_nand2_1)
                                                         _0218_ (net)
                      0.103184    0.000405   25.876463 v _1230_/B1 (sg13g2_o21ai_1)
     1    0.003210    0.121502    0.081563   25.958025 ^ _1230_/Y (sg13g2_o21ai_1)
                                                         _0149_ (net)
                      0.121502    0.000179   25.958204 ^ _1422_/D (sg13g2_dfrbpq_1)
                                             25.958204   data arrival time

                                 20.000000   20.000000   clock clk (rise edge)
                                  0.000000   20.000000   clock source latency
     1    0.034007    0.075930    0.045787   20.045788 ^ clk (in)
                                                         clk (net)
                      0.076319    0.000000   20.045788 ^ clkbuf_0_clk/A (sg13g2_buf_16)
    16    0.179861    0.090608    0.160336   20.206123 ^ clkbuf_0_clk/X (sg13g2_buf_16)
                                                         clknet_0_clk (net)
                      0.093256    0.012040   20.218164 ^ clkbuf_4_0_0_clk/A (sg13g2_buf_8)
     2    0.038559    0.050876    0.148138   20.366301 ^ clkbuf_4_0_0_clk/X (sg13g2_buf_8)
                                                         clknet_4_0_0_clk (net)
                      0.050918    0.001455   20.367756 ^ clkbuf_5_0__f_clk/A (sg13g2_buf_16)
     6    0.025875    0.032467    0.108713   20.476469 ^ clkbuf_5_0__f_clk/X (sg13g2_buf_16)
                                                         clknet_5_0__leaf_clk (net)
                      0.032498    0.001915   20.478384 ^ _1422_/CLK (sg13g2_dfrbpq_1)
                                 -0.250000   20.228384   clock uncertainty
                                  0.000000   20.228384   clock reconvergence pessimism
                                 -0.230412   19.997974   library setup time
                                             19.997974   data required time
---------------------------------------------------------------------------------------------
                                             19.997974   data required time
                                            -25.958204   data arrival time
---------------------------------------------------------------------------------------------
                                             -5.960232   slack (VIOLATED)




===========================================================================
report_checks --slack_max -0.01
============================================================================
======================= nom_slow_1p08V_125C Corner ===================================

Startpoint: _1439_ (rising edge-triggered flip-flop clocked by clk)
Endpoint: _1422_ (rising edge-triggered flip-flop clocked by clk)
Path Group: clk
Path Type: max

Fanout         Cap        Slew       Delay        Time   Description
---------------------------------------------------------------------------------------------
                                  0.000000    0.000000   clock clk (rise edge)
                                  0.000000    0.000000   clock source latency
     1    0.034007    0.075930    0.045788    0.045788 ^ clk (in)
                                                         clk (net)
                      0.076319    0.000000    0.045788 ^ clkbuf_0_clk/A (sg13g2_buf_16)
    16    0.179861    0.090608    0.160335    0.206123 ^ clkbuf_0_clk/X (sg13g2_buf_16)
                                                         clknet_0_clk (net)
                      0.094395    0.014296    0.220419 ^ clkbuf_4_11_0_clk/A (sg13g2_buf_8)
     2    0.036311    0.049384    0.147382    0.367801 ^ clkbuf_4_11_0_clk/X (sg13g2_buf_8)
                                                         clknet_4_11_0_clk (net)
                      0.049405    0.001356    0.369156 ^ clkbuf_5_22__f_clk/A (sg13g2_buf_16)
     5    0.019886    0.030304    0.106234    0.475390 ^ clkbuf_5_22__f_clk/X (sg13g2_buf_16)
                                                         clknet_5_22__leaf_clk (net)
                      0.030310    0.000811    0.476202 ^ _1439_/CLK (sg13g2_dfrbpq_1)
     1    0.003487    0.040102    0.259578    0.735780 ^ _1439_/Q (sg13g2_dfrbpq_1)
                                                         cfg[8] (net)
                      0.040102    0.000224    0.736004 ^ fanout54/A (sg13g2_buf_1)
     4    0.024291    0.163014    0.190084    0.926087 ^ fanout54/X (sg13g2_buf_1)
                                                         net54 (net)
                      0.163135    0.003637    0.929724 ^ fanout53/A (sg13g2_buf_1)
     8    0.033692    0.220843    0.286215    1.215939 ^ fanout53/X (sg13g2_buf_1)
                                                         net53 (net)
                      0.220896    0.002861    1.218800 ^ _0762_/B_N (sg13g2_nor2b_1)
     6    0.025860    0.351046    0.421370    1.640171 ^ _0762_/Y (sg13g2_nor2b_1)
                                                         _0326_ (net)
                      0.351059    0.001772    1.641943 ^ _0765_/A (sg13g2_nand2_1)
     4    0.021165    0.279791    0.337494    1.979436 v _0765_/Y (sg13g2_nand2_1)
                                                         _0329_ (net)
                      0.279795    0.001139    1.980575 v fanout36/A (sg13g2_buf_1)
     8    0.041680    0.221883    0.335926    2.316501 v fanout36/X (sg13g2_buf_1)
                                                         net36 (net)
                      0.221999    0.004662    2.321164 v _0766_/B (sg13g2_nand2_1)
     2    0.009332    0.112430    0.155581    2.476745 ^ _0766_/Y (sg13g2_nand2_1)
                                                         u_dut.g_seg[0].g_fa[0].u_fa.a (net)
                      0.112431    0.000596    2.477341 ^ u_dut.g_seg[0].g_fa[0].u_fa.u_x1/A (sg13g2_xor2_1)
     2    0.009830    0.150328    0.172176    2.649518 v u_dut.g_seg[0].g_fa[0].u_fa.u_x1/X (sg13g2_xor2_1)
                                                         u_dut.g_seg[0].g_fa[0].u_fa.t (net)
                      0.150328    0.000546    2.650063 v u_dut.g_seg[0].g_fa[0].u_fa.u_a2/B (sg13g2_and2_1)
     1    0.002484    0.034060    0.161697    2.811761 v u_dut.g_seg[0].g_fa[0].u_fa.u_a2/X (sg13g2_and2_1)
                                                         u_dut.g_seg[0].g_fa[0].u_fa.v (net)
                      0.034060    0.000184    2.811944 v u_dut.g_seg[0].g_fa[0].u_fa.u_o1/B (sg13g2_or2_1)
     2    0.008992    0.070823    0.175707    2.987651 v u_dut.g_seg[0].g_fa[0].u_fa.u_o1/X (sg13g2_or2_1)
                                                         u_dut.g_seg[0].g_fa[0].u_fa.co (net)
                      0.070825    0.000477    2.988128 v u_dut.g_seg[0].g_fa[1].u_fa.u_a2/A (sg13g2_and2_1)
     1    0.003855    0.040526    0.121970    3.110098 v u_dut.g_seg[0].g_fa[1].u_fa.u_a2/X (sg13g2_and2_1)
                                                         u_dut.g_seg[0].g_fa[1].u_fa.v (net)
                      0.040526    0.000246    3.110344 v u_dut.g_seg[0].g_fa[1].u_fa.u_o1/B (sg13g2_or2_1)
     2    0.010573    0.078650    0.185753    3.296096 v u_dut.g_seg[0].g_fa[1].u_fa.u_o1/X (sg13g2_or2_1)
                                                         u_dut.g_seg[0].g_fa[1].u_fa.co (net)
                      0.078654    0.000688    3.296784 v u_dut.g_seg[0].g_fa[2].u_fa.u_a2/A (sg13g2_and2_1)
     1    0.004434    0.041745    0.128238    3.425022 v u_dut.g_seg[0].g_fa[2].u_fa.u_a2/X (sg13g2_and2_1)
                                                         u_dut.g_seg[0].g_fa[2].u_fa.v (net)
                      0.041758    0.000415    3.425437 v u_dut.g_seg[0].g_fa[2].u_fa.u_o1/B (sg13g2_or2_1)
     2    0.008048    0.066281    0.174683    3.600121 v u_dut.g_seg[0].g_fa[2].u_fa.u_o1/X (sg13g2_or2_1)
                                                         u_dut.g_seg[0].g_fa[2].u_fa.co (net)
                      0.066282    0.000425    3.600545 v u_dut.g_seg[0].g_fa[3].u_fa.u_a2/A (sg13g2_and2_1)
     1    0.002904    0.036663    0.115822    3.716368 v u_dut.g_seg[0].g_fa[3].u_fa.u_a2/X (sg13g2_and2_1)
                                                         u_dut.g_seg[0].g_fa[3].u_fa.v (net)
                      0.036663    0.000112    3.716480 v u_dut.g_seg[0].g_fa[3].u_fa.u_o1/B (sg13g2_or2_1)
     2    0.019915    0.126913    0.226813    3.943293 v u_dut.g_seg[0].g_fa[3].u_fa.u_o1/X (sg13g2_or2_1)
                                                         u_dut.g_seg[0].u_bank.node[0] (net)
                      0.126942    0.001818    3.945111 v u_dut.g_seg[0].u_bank.g_inv[0].u_inv._cell/A (sg13g2_inv_1)
     1    0.004020    0.056658    0.078905    4.024016 ^ u_dut.g_seg[0].u_bank.g_inv[0].u_inv._cell/Y (sg13g2_inv_1)
                                                         u_dut.g_seg[0].u_bank.node[1] (net)
                      0.056659    0.000265    4.024282 ^ u_dut.g_seg[0].u_bank.g_inv[1].u_inv._cell/A (sg13g2_inv_1)
     1    0.003164    0.032215    0.050057    4.074339 v u_dut.g_seg[0].u_bank.g_inv[1].u_inv._cell/Y (sg13g2_inv_1)
                                                         u_dut.g_seg[0].u_bank.node[2] (net)
                      0.032215    0.000235    4.074574 v u_dut.g_seg[0].u_bank.g_inv[2].u_inv._cell/A (sg13g2_inv_1)
     1    0.003371    0.034177    0.043817    4.118392 ^ u_dut.g_seg[0].u_bank.g_inv[2].u_inv._cell/Y (sg13g2_inv_1)
                                                         u_dut.g_seg[0].u_bank.node[3] (net)
                      0.034177    0.000133    4.118524 ^ u_dut.g_seg[0].u_bank.g_inv[3].u_inv._cell/A (sg13g2_inv_1)
     1    0.004198    0.032350    0.045717    4.164241 v u_dut.g_seg[0].u_bank.g_inv[3].u_inv._cell/Y (sg13g2_inv_1)
                                                         u_dut.g_seg[0].u_bank.node[4] (net)
                      0.032353    0.000293    4.164535 v u_dut.g_seg[0].u_bank.g_inv[4].u_inv._cell/A (sg13g2_inv_1)
     1    0.004254    0.039240    0.047872    4.212407 ^ u_dut.g_seg[0].u_bank.g_inv[4].u_inv._cell/Y (sg13g2_inv_1)
                                                         u_dut.g_seg[0].u_bank.node[5] (net)
                      0.039242    0.000282    4.212689 ^ u_dut.g_seg[0].u_bank.g_inv[5].u_inv._cell/A (sg13g2_inv_1)
     1    0.005463    0.039214    0.052783    4.265472 v u_dut.g_seg[0].u_bank.g_inv[5].u_inv._cell/Y (sg13g2_inv_1)
                                                         u_dut.g_seg[0].u_bank.node[6] (net)
                      0.039234    0.000368    4.265840 v u_dut.g_seg[0].u_bank.g_inv[6].u_inv._cell/A (sg13g2_inv_1)
     1    0.003215    0.034713    0.045672    4.311512 ^ u_dut.g_seg[0].u_bank.g_inv[6].u_inv._cell/Y (sg13g2_inv_1)
                                                         u_dut.g_seg[0].u_bank.node[7] (net)
                      0.034713    0.000245    4.311757 ^ u_dut.g_seg[0].u_bank.g_inv[7].u_inv._cell/A (sg13g2_inv_1)
     1    0.002741    0.025917    0.040165    4.351922 v u_dut.g_seg[0].u_bank.g_inv[7].u_inv._cell/Y (sg13g2_inv_1)
                                                         u_dut.g_seg[0].u_bank.node[8] (net)
                      0.025917    0.000109    4.352031 v u_dut.g_seg[0].u_bank.g_inv[8].u_inv._cell/A (sg13g2_inv_1)
     1    0.002859    0.029986    0.039154    4.391184 ^ u_dut.g_seg[0].u_bank.g_inv[8].u_inv._cell/Y (sg13g2_inv_1)
                                                         u_dut.g_seg[0].u_bank.node[9] (net)
                      0.029986    0.000114    4.391299 ^ u_dut.g_seg[0].u_bank.g_inv[9].u_inv._cell/A (sg13g2_inv_1)
     1    0.003447    0.028093    0.041155    4.432453 v u_dut.g_seg[0].u_bank.g_inv[9].u_inv._cell/Y (sg13g2_inv_1)
                                                         u_dut.g_seg[0].u_bank.node[10] (net)
                      0.028095    0.000242    4.432695 v u_dut.g_seg[0].u_bank.g_inv[10].u_inv._cell/A (sg13g2_inv_1)
     1    0.003002    0.031250    0.040606    4.473300 ^ u_dut.g_seg[0].u_bank.g_inv[10].u_inv._cell/Y (sg13g2_inv_1)
                                                         u_dut.g_seg[0].u_bank.node[11] (net)
                      0.031250    0.000119    4.473420 ^ u_dut.g_seg[0].u_bank.g_inv[11].u_inv._cell/A (sg13g2_inv_1)
     1    0.002742    0.025209    0.038885    4.512305 v u_dut.g_seg[0].u_bank.g_inv[11].u_inv._cell/Y (sg13g2_inv_1)
                                                         u_dut.g_seg[0].u_bank.node[12] (net)
                      0.025209    0.000109    4.512414 v u_dut.g_seg[0].u_bank.g_inv[12].u_inv._cell/A (sg13g2_inv_1)
     1    0.002859    0.029844    0.038896    4.551310 ^ u_dut.g_seg[0].u_bank.g_inv[12].u_inv._cell/Y (sg13g2_inv_1)
                                                         u_dut.g_seg[0].u_bank.node[13] (net)
                      0.029844    0.000114    4.551424 ^ u_dut.g_seg[0].u_bank.g_inv[13].u_inv._cell/A (sg13g2_inv_1)
     1    0.002750    0.024959    0.038399    4.589823 v u_dut.g_seg[0].u_bank.g_inv[13].u_inv._cell/Y (sg13g2_inv_1)
                                                         u_dut.g_seg[0].u_bank.node[14] (net)
                      0.024959    0.000110    4.589933 v u_dut.g_seg[0].u_bank.g_inv[14].u_inv._cell/A (sg13g2_inv_1)
     1    0.002858    0.029786    0.038799    4.628732 ^ u_dut.g_seg[0].u_bank.g_inv[14].u_inv._cell/Y (sg13g2_inv_1)
                                                         u_dut.g_seg[0].u_bank.node[15] (net)
                      0.029786    0.000114    4.628846 ^ u_dut.g_seg[0].u_bank.g_inv[15].u_inv._cell/A (sg13g2_inv_1)
     1    0.002745    0.024924    0.038357    4.667203 v u_dut.g_seg[0].u_bank.g_inv[15].u_inv._cell/Y (sg13g2_inv_1)
                                                         u_dut.g_seg[0].u_bank.node[16] (net)
                      0.024925    0.000109    4.667313 v u_dut.g_seg[0].u_bank.g_inv[16].u_inv._cell/A (sg13g2_inv_1)
     1    0.002854    0.029753    0.038766    4.706079 ^ u_dut.g_seg[0].u_bank.g_inv[16].u_inv._cell/Y (sg13g2_inv_1)
                                                         u_dut.g_seg[0].u_bank.node[17] (net)
                      0.029753    0.000114    4.706192 ^ u_dut.g_seg[0].u_bank.g_inv[17].u_inv._cell/A (sg13g2_inv_1)
     1    0.002758    0.024976    0.038397    4.744589 v u_dut.g_seg[0].u_bank.g_inv[17].u_inv._cell/Y (sg13g2_inv_1)
                                                         u_dut.g_seg[0].u_bank.node[18] (net)
                      0.024976    0.000110    4.744699 v u_dut.g_seg[0].u_bank.g_inv[18].u_inv._cell/A (sg13g2_inv_1)
     1    0.002884    0.029935    0.038920    4.783619 ^ u_dut.g_seg[0].u_bank.g_inv[18].u_inv._cell/Y (sg13g2_inv_1)
                                                         u_dut.g_seg[0].u_bank.node[19] (net)
                      0.029935    0.000115    4.783733 ^ u_dut.g_seg[0].u_bank.g_inv[19].u_inv._cell/A (sg13g2_inv_1)
     1    0.003186    0.026915    0.040145    4.823878 v u_dut.g_seg[0].u_bank.g_inv[19].u_inv._cell/Y (sg13g2_inv_1)
                                                         u_dut.g_seg[0].u_bank.node[20] (net)
                      0.026916    0.000125    4.824003 v u_dut.g_seg[0].u_bank.g_inv[20].u_inv._cell/A (sg13g2_inv_1)
     1    0.003373    0.033109    0.041803    4.865807 ^ u_dut.g_seg[0].u_bank.g_inv[20].u_inv._cell/Y (sg13g2_inv_1)
                                                         u_dut.g_seg[0].u_bank.node[21] (net)
                      0.033110    0.000254    4.866061 ^ u_dut.g_seg[0].u_bank.g_inv[21].u_inv._cell/A (sg13g2_inv_1)
     1    0.003190    0.027561    0.041309    4.907370 v u_dut.g_seg[0].u_bank.g_inv[21].u_inv._cell/Y (sg13g2_inv_1)
                                                         u_dut.g_seg[0].u_bank.node[22] (net)
                      0.027562    0.000244    4.907614 v u_dut.g_seg[0].u_bank.g_inv[22].u_inv._cell/A (sg13g2_inv_1)
     1    0.003216    0.032356    0.041376    4.948990 ^ u_dut.g_seg[0].u_bank.g_inv[22].u_inv._cell/Y (sg13g2_inv_1)
                                                         u_dut.g_seg[0].u_bank.node[23] (net)
                      0.032356    0.000128    4.949118 ^ u_dut.g_seg[0].u_bank.g_inv[23].u_inv._cell/A (sg13g2_inv_1)
     1    0.003108    0.027058    0.040744    4.989862 v u_dut.g_seg[0].u_bank.g_inv[23].u_inv._cell/Y (sg13g2_inv_1)
                                                         u_dut.g_seg[0].u_bank.node[24] (net)
                      0.027059    0.000124    4.989986 v u_dut.g_seg[0].u_bank.g_inv[24].u_inv._cell/A (sg13g2_inv_1)
     1    0.002871    0.030293    0.039631    5.029618 ^ u_dut.g_seg[0].u_bank.g_inv[24].u_inv._cell/Y (sg13g2_inv_1)
                                                         u_dut.g_seg[0].u_bank.node[25] (net)
                      0.030293    0.000114    5.029732 ^ u_dut.g_seg[0].u_bank.g_inv[25].u_inv._cell/A (sg13g2_inv_1)
     1    0.002771    0.025142    0.038646    5.068378 v u_dut.g_seg[0].u_bank.g_inv[25].u_inv._cell/Y (sg13g2_inv_1)
                                                         u_dut.g_seg[0].u_bank.node[26] (net)
                      0.025142    0.000110    5.068488 v u_dut.g_seg[0].u_bank.g_inv[26].u_inv._cell/A (sg13g2_inv_1)
     1    0.003288    0.032279    0.040804    5.109292 ^ u_dut.g_seg[0].u_bank.g_inv[26].u_inv._cell/Y (sg13g2_inv_1)
                                                         u_dut.g_seg[0].u_bank.node[27] (net)
                      0.032279    0.000129    5.109421 ^ u_dut.g_seg[0].u_bank.g_inv[27].u_inv._cell/A (sg13g2_inv_1)
     1    0.002869    0.025983    0.039769    5.149190 v u_dut.g_seg[0].u_bank.g_inv[27].u_inv._cell/Y (sg13g2_inv_1)
                                                         u_dut.g_seg[0].u_bank.node[28] (net)
                      0.025983    0.000114    5.149305 v u_dut.g_seg[0].u_bank.g_inv[28].u_inv._cell/A (sg13g2_inv_1)
     1    0.002855    0.029976    0.039159    5.188464 ^ u_dut.g_seg[0].u_bank.g_inv[28].u_inv._cell/Y (sg13g2_inv_1)
                                                         u_dut.g_seg[0].u_bank.node[29] (net)
                      0.029976    0.000114    5.188578 ^ u_dut.g_seg[0].u_bank.g_inv[29].u_inv._cell/A (sg13g2_inv_1)
     1    0.002741    0.024944    0.038411    5.226989 v u_dut.g_seg[0].u_bank.g_inv[29].u_inv._cell/Y (sg13g2_inv_1)
                                                         u_dut.g_seg[0].u_bank.node[30] (net)
                      0.024944    0.000109    5.227098 v u_dut.g_seg[0].u_bank.g_inv[30].u_inv._cell/A (sg13g2_inv_1)
     1    0.003289    0.032246    0.040734    5.267832 ^ u_dut.g_seg[0].u_bank.g_inv[30].u_inv._cell/Y (sg13g2_inv_1)
                                                         u_dut.g_seg[0].u_bank.node[31] (net)
                      0.032246    0.000131    5.267963 ^ u_dut.g_seg[0].u_bank.g_inv[31].u_inv._cell/A (sg13g2_inv_1)
     2    0.006837    0.044608    0.055458    5.323421 v u_dut.g_seg[0].u_bank.g_inv[31].u_inv._cell/Y (sg13g2_inv_1)
                                                         u_dut.g_seg[0].u_bank.node[32] (net)
                      0.044624    0.000126    5.323547 v u_dut.g_seg[0].u_bank.g_inv[32].u_inv._cell/A (sg13g2_inv_1)
     1    0.002878    0.033947    0.046136    5.369683 ^ u_dut.g_seg[0].u_bank.g_inv[32].u_inv._cell/Y (sg13g2_inv_1)
                                                         u_dut.g_seg[0].u_bank.node[33] (net)
                      0.033947    0.000115    5.369797 ^ u_dut.g_seg[0].u_bank.g_inv[33].u_inv._cell/A (sg13g2_inv_1)
     1    0.003036    0.027061    0.041054    5.410851 v u_dut.g_seg[0].u_bank.g_inv[33].u_inv._cell/Y (sg13g2_inv_1)
                                                         u_dut.g_seg[0].u_bank.node[34] (net)
                      0.027061    0.000119    5.410971 v u_dut.g_seg[0].u_bank.g_inv[34].u_inv._cell/A (sg13g2_inv_1)
     1    0.002854    0.030194    0.039553    5.450524 ^ u_dut.g_seg[0].u_bank.g_inv[34].u_inv._cell/Y (sg13g2_inv_1)
                                                         u_dut.g_seg[0].u_bank.node[35] (net)
                      0.030194    0.000114    5.450638 ^ u_dut.g_seg[0].u_bank.g_inv[35].u_inv._cell/A (sg13g2_inv_1)
     1    0.002935    0.025841    0.039218    5.489856 v u_dut.g_seg[0].u_bank.g_inv[35].u_inv._cell/Y (sg13g2_inv_1)
                                                         u_dut.g_seg[0].u_bank.node[36] (net)
                      0.025842    0.000222    5.490077 v u_dut.g_seg[0].u_bank.g_inv[36].u_inv._cell/A (sg13g2_inv_1)
     1    0.003853    0.035664    0.043569    5.533647 ^ u_dut.g_seg[0].u_bank.g_inv[36].u_inv._cell/Y (sg13g2_inv_1)
                                                         u_dut.g_seg[0].u_bank.node[37] (net)
                      0.035666    0.000277    5.533924 ^ u_dut.g_seg[0].u_bank.g_inv[37].u_inv._cell/A (sg13g2_inv_1)
     1    0.002771    0.026243    0.040636    5.574560 v u_dut.g_seg[0].u_bank.g_inv[37].u_inv._cell/Y (sg13g2_inv_1)
                                                         u_dut.g_seg[0].u_bank.node[38] (net)
                      0.026243    0.000110    5.574670 v u_dut.g_seg[0].u_bank.g_inv[38].u_inv._cell/A (sg13g2_inv_1)
     1    0.002884    0.030196    0.039387    5.614057 ^ u_dut.g_seg[0].u_bank.g_inv[38].u_inv._cell/Y (sg13g2_inv_1)
                                                         u_dut.g_seg[0].u_bank.node[39] (net)
                      0.030196    0.000115    5.614172 ^ u_dut.g_seg[0].u_bank.g_inv[39].u_inv._cell/A (sg13g2_inv_1)
     1    0.003233    0.027178    0.040429    5.654600 v u_dut.g_seg[0].u_bank.g_inv[39].u_inv._cell/Y (sg13g2_inv_1)
                                                         u_dut.g_seg[0].u_bank.node[40] (net)
                      0.027178    0.000126    5.654726 v u_dut.g_seg[0].u_bank.g_inv[40].u_inv._cell/A (sg13g2_inv_1)
     1    0.002943    0.030717    0.039961    5.694687 ^ u_dut.g_seg[0].u_bank.g_inv[40].u_inv._cell/Y (sg13g2_inv_1)
                                                         u_dut.g_seg[0].u_bank.node[41] (net)
                      0.030717    0.000227    5.694914 ^ u_dut.g_seg[0].u_bank.g_inv[41].u_inv._cell/A (sg13g2_inv_1)
     1    0.002741    0.025100    0.038688    5.733603 v u_dut.g_seg[0].u_bank.g_inv[41].u_inv._cell/Y (sg13g2_inv_1)
                                                         u_dut.g_seg[0].u_bank.node[42] (net)
                      0.025100    0.000109    5.733712 v u_dut.g_seg[0].u_bank.g_inv[42].u_inv._cell/A (sg13g2_inv_1)
     1    0.002854    0.029789    0.038830    5.772542 ^ u_dut.g_seg[0].u_bank.g_inv[42].u_inv._cell/Y (sg13g2_inv_1)
                                                         u_dut.g_seg[0].u_bank.node[43] (net)
                      0.029789    0.000114    5.772656 ^ u_dut.g_seg[0].u_bank.g_inv[43].u_inv._cell/A (sg13g2_inv_1)
     1    0.002748    0.024940    0.038372    5.811028 v u_dut.g_seg[0].u_bank.g_inv[43].u_inv._cell/Y (sg13g2_inv_1)
                                                         u_dut.g_seg[0].u_bank.node[44] (net)
                      0.024940    0.000110    5.811138 v u_dut.g_seg[0].u_bank.g_inv[44].u_inv._cell/A (sg13g2_inv_1)
     1    0.003270    0.032137    0.040648    5.851786 ^ u_dut.g_seg[0].u_bank.g_inv[44].u_inv._cell/Y (sg13g2_inv_1)
                                                         u_dut.g_seg[0].u_bank.node[45] (net)
                      0.032137    0.000129    5.851915 ^ u_dut.g_seg[0].u_bank.g_inv[45].u_inv._cell/A (sg13g2_inv_1)
     1    0.003475    0.028641    0.042070    5.893985 v u_dut.g_seg[0].u_bank.g_inv[45].u_inv._cell/Y (sg13g2_inv_1)
                                                         u_dut.g_seg[0].u_bank.node[46] (net)
                      0.028643    0.000253    5.894238 v u_dut.g_seg[0].u_bank.g_inv[46].u_inv._cell/A (sg13g2_inv_1)
     1    0.003474    0.034031    0.042907    5.937145 ^ u_dut.g_seg[0].u_bank.g_inv[46].u_inv._cell/Y (sg13g2_inv_1)
                                                         u_dut.g_seg[0].u_bank.node[47] (net)
                      0.034032    0.000260    5.937405 ^ u_dut.g_seg[0].u_bank.g_inv[47].u_inv._cell/A (sg13g2_inv_1)
     1    0.002972    0.026790    0.040798    5.978203 v u_dut.g_seg[0].u_bank.g_inv[47].u_inv._cell/Y (sg13g2_inv_1)
                                                         u_dut.g_seg[0].u_bank.node[48] (net)
                      0.026790    0.000222    5.978426 v u_dut.g_seg[0].u_bank.g_inv[48].u_inv._cell/A (sg13g2_inv_1)
     1    0.002854    0.030138    0.039453    6.017879 ^ u_dut.g_seg[0].u_bank.g_inv[48].u_inv._cell/Y (sg13g2_inv_1)
                                                         u_dut.g_seg[0].u_bank.node[49] (net)
                      0.030138    0.000114    6.017992 ^ u_dut.g_seg[0].u_bank.g_inv[49].u_inv._cell/A (sg13g2_inv_1)
     1    0.003142    0.026760    0.040048    6.058041 v u_dut.g_seg[0].u_bank.g_inv[49].u_inv._cell/Y (sg13g2_inv_1)
                                                         u_dut.g_seg[0].u_bank.node[50] (net)
                      0.026761    0.000123    6.058164 v u_dut.g_seg[0].u_bank.g_inv[50].u_inv._cell/A (sg13g2_inv_1)
     1    0.003059    0.031300    0.040369    6.098533 ^ u_dut.g_seg[0].u_bank.g_inv[50].u_inv._cell/Y (sg13g2_inv_1)
                                                         u_dut.g_seg[0].u_bank.node[51] (net)
                      0.031300    0.000122    6.098655 ^ u_dut.g_seg[0].u_bank.g_inv[51].u_inv._cell/A (sg13g2_inv_1)
     1    0.003085    0.026744    0.040259    6.138914 v u_dut.g_seg[0].u_bank.g_inv[51].u_inv._cell/Y (sg13g2_inv_1)
                                                         u_dut.g_seg[0].u_bank.node[52] (net)
                      0.026744    0.000123    6.139037 v u_dut.g_seg[0].u_bank.g_inv[52].u_inv._cell/A (sg13g2_inv_1)
     1    0.003979    0.036568    0.044480    6.183517 ^ u_dut.g_seg[0].u_bank.g_inv[52].u_inv._cell/Y (sg13g2_inv_1)
                                                         u_dut.g_seg[0].u_bank.node[53] (net)
                      0.036570    0.000274    6.183790 ^ u_dut.g_seg[0].u_bank.g_inv[53].u_inv._cell/A (sg13g2_inv_1)
     1    0.003788    0.030929    0.045008    6.228797 v u_dut.g_seg[0].u_bank.g_inv[53].u_inv._cell/Y (sg13g2_inv_1)
                                                         u_dut.g_seg[0].u_bank.node[54] (net)
                      0.030931    0.000264    6.229062 v u_dut.g_seg[0].u_bank.g_inv[54].u_inv._cell/A (sg13g2_inv_1)
     1    0.003273    0.033354    0.042851    6.271912 ^ u_dut.g_seg[0].u_bank.g_inv[54].u_inv._cell/Y (sg13g2_inv_1)
                                                         u_dut.g_seg[0].u_bank.node[55] (net)
                      0.033354    0.000242    6.272154 ^ u_dut.g_seg[0].u_bank.g_inv[55].u_inv._cell/A (sg13g2_inv_1)
     1    0.003135    0.027381    0.041227    6.313381 v u_dut.g_seg[0].u_bank.g_inv[55].u_inv._cell/Y (sg13g2_inv_1)
                                                         u_dut.g_seg[0].u_bank.node[56] (net)
                      0.027381    0.000123    6.313505 v u_dut.g_seg[0].u_bank.g_inv[56].u_inv._cell/A (sg13g2_inv_1)
     1    0.003463    0.033716    0.042384    6.355889 ^ u_dut.g_seg[0].u_bank.g_inv[56].u_inv._cell/Y (sg13g2_inv_1)
                                                         u_dut.g_seg[0].u_bank.node[57] (net)
                      0.033716    0.000260    6.356149 ^ u_dut.g_seg[0].u_bank.g_inv[57].u_inv._cell/A (sg13g2_inv_1)
     1    0.003140    0.027475    0.041382    6.397531 v u_dut.g_seg[0].u_bank.g_inv[57].u_inv._cell/Y (sg13g2_inv_1)
                                                         u_dut.g_seg[0].u_bank.node[58] (net)
                      0.027475    0.000123    6.397654 v u_dut.g_seg[0].u_bank.g_inv[58].u_inv._cell/A (sg13g2_inv_1)
     1    0.003015    0.031194    0.040434    6.438088 ^ u_dut.g_seg[0].u_bank.g_inv[58].u_inv._cell/Y (sg13g2_inv_1)
                                                         u_dut.g_seg[0].u_bank.node[59] (net)
                      0.031194    0.000119    6.438208 ^ u_dut.g_seg[0].u_bank.g_inv[59].u_inv._cell/A (sg13g2_inv_1)
     1    0.003621    0.029121    0.042287    6.480494 v u_dut.g_seg[0].u_bank.g_inv[59].u_inv._cell/Y (sg13g2_inv_1)
                                                         u_dut.g_seg[0].u_bank.node[60] (net)
                      0.029124    0.000266    6.480761 v u_dut.g_seg[0].u_bank.g_inv[60].u_inv._cell/A (sg13g2_inv_1)
     1    0.003783    0.035902    0.044531    6.525292 ^ u_dut.g_seg[0].u_bank.g_inv[60].u_inv._cell/Y (sg13g2_inv_1)
                                                         u_dut.g_seg[0].u_bank.node[61] (net)
                      0.035902    0.000152    6.525444 ^ u_dut.g_seg[0].u_bank.g_inv[61].u_inv._cell/A (sg13g2_inv_1)
     1    0.003266    0.028472    0.042706    6.568150 v u_dut.g_seg[0].u_bank.g_inv[61].u_inv._cell/Y (sg13g2_inv_1)
                                                         u_dut.g_seg[0].u_bank.node[62] (net)
                      0.028472    0.000129    6.568279 v u_dut.g_seg[0].u_bank.g_inv[62].u_inv._cell/A (sg13g2_inv_1)
     1    0.003061    0.031664    0.041015    6.609294 ^ u_dut.g_seg[0].u_bank.g_inv[62].u_inv._cell/Y (sg13g2_inv_1)
                                                         u_dut.g_seg[0].u_bank.node[63] (net)
                      0.031664    0.000121    6.609415 ^ u_dut.g_seg[0].u_bank.g_inv[63].u_inv._cell/A (sg13g2_inv_1)
     2    0.006526    0.043047    0.053871    6.663286 v u_dut.g_seg[0].u_bank.g_inv[63].u_inv._cell/Y (sg13g2_inv_1)
                                                         u_dut.g_seg[0].u_bank.node[64] (net)
                      0.043052    0.000378    6.663664 v u_dut.g_seg[0].u_bank.g_inv[64].u_inv._cell/A (sg13g2_inv_1)
     1    0.003211    0.035464    0.047073    6.710737 ^ u_dut.g_seg[0].u_bank.g_inv[64].u_inv._cell/Y (sg13g2_inv_1)
                                                         u_dut.g_seg[0].u_bank.node[65] (net)
                      0.035464    0.000240    6.710977 ^ u_dut.g_seg[0].u_bank.g_inv[65].u_inv._cell/A (sg13g2_inv_1)
     1    0.002972    0.027090    0.041367    6.752344 v u_dut.g_seg[0].u_bank.g_inv[65].u_inv._cell/Y (sg13g2_inv_1)
                                                         u_dut.g_seg[0].u_bank.node[66] (net)
                      0.027090    0.000118    6.752462 v u_dut.g_seg[0].u_bank.g_inv[66].u_inv._cell/A (sg13g2_inv_1)
     1    0.002891    0.030414    0.039734    6.792195 ^ u_dut.g_seg[0].u_bank.g_inv[66].u_inv._cell/Y (sg13g2_inv_1)
                                                         u_dut.g_seg[0].u_bank.node[67] (net)
                      0.030414    0.000115    6.792310 ^ u_dut.g_seg[0].u_bank.g_inv[67].u_inv._cell/A (sg13g2_inv_1)
     1    0.003058    0.026442    0.039820    6.832130 v u_dut.g_seg[0].u_bank.g_inv[67].u_inv._cell/Y (sg13g2_inv_1)
                                                         u_dut.g_seg[0].u_bank.node[68] (net)
                      0.026442    0.000120    6.832250 v u_dut.g_seg[0].u_bank.g_inv[68].u_inv._cell/A (sg13g2_inv_1)
     1    0.002985    0.030806    0.039878    6.872128 ^ u_dut.g_seg[0].u_bank.g_inv[68].u_inv._cell/Y (sg13g2_inv_1)
                                                         u_dut.g_seg[0].u_bank.node[69] (net)
                      0.030806    0.000231    6.872360 ^ u_dut.g_seg[0].u_bank.g_inv[69].u_inv._cell/A (sg13g2_inv_1)
     1    0.002770    0.025243    0.038832    6.911192 v u_dut.g_seg[0].u_bank.g_inv[69].u_inv._cell/Y (sg13g2_inv_1)
                                                         u_dut.g_seg[0].u_bank.node[70] (net)
                      0.025243    0.000110    6.911302 v u_dut.g_seg[0].u_bank.g_inv[70].u_inv._cell/A (sg13g2_inv_1)
     1    0.003278    0.032240    0.040794    6.952095 ^ u_dut.g_seg[0].u_bank.g_inv[70].u_inv._cell/Y (sg13g2_inv_1)
                                                         u_dut.g_seg[0].u_bank.node[71] (net)
                      0.032240    0.000130    6.952225 ^ u_dut.g_seg[0].u_bank.g_inv[71].u_inv._cell/A (sg13g2_inv_1)
     1    0.003407    0.028349    0.041850    6.994074 v u_dut.g_seg[0].u_bank.g_inv[71].u_inv._cell/Y (sg13g2_inv_1)
                                                         u_dut.g_seg[0].u_bank.node[72] (net)
                      0.028359    0.000241    6.994316 v u_dut.g_seg[0].u_bank.g_inv[72].u_inv._cell/A (sg13g2_inv_1)
     1    0.003212    0.032495    0.041654    7.035970 ^ u_dut.g_seg[0].u_bank.g_inv[72].u_inv._cell/Y (sg13g2_inv_1)
                                                         u_dut.g_seg[0].u_bank.node[73] (net)
                      0.032495    0.000127    7.036097 ^ u_dut.g_seg[0].u_bank.g_inv[73].u_inv._cell/A (sg13g2_inv_1)
     1    0.003432    0.028527    0.042079    7.078176 v u_dut.g_seg[0].u_bank.g_inv[73].u_inv._cell/Y (sg13g2_inv_1)
                                                         u_dut.g_seg[0].u_bank.node[74] (net)
                      0.028528    0.000135    7.078310 v u_dut.g_seg[0].u_bank.g_inv[74].u_inv._cell/A (sg13g2_inv_1)
     1    0.003156    0.032214    0.041466    7.119777 ^ u_dut.g_seg[0].u_bank.g_inv[74].u_inv._cell/Y (sg13g2_inv_1)
                                                         u_dut.g_seg[0].u_bank.node[75] (net)
                      0.032214    0.000125    7.119901 ^ u_dut.g_seg[0].u_bank.g_inv[75].u_inv._cell/A (sg13g2_inv_1)
     1    0.002927    0.026230    0.039978    7.159880 v u_dut.g_seg[0].u_bank.g_inv[75].u_inv._cell/Y (sg13g2_inv_1)
                                                         u_dut.g_seg[0].u_bank.node[76] (net)
                      0.026230    0.000115    7.159995 v u_dut.g_seg[0].u_bank.g_inv[76].u_inv._cell/A (sg13g2_inv_1)
     1    0.003458    0.033456    0.041930    7.201925 ^ u_dut.g_seg[0].u_bank.g_inv[76].u_inv._cell/Y (sg13g2_inv_1)
                                                         u_dut.g_seg[0].u_bank.node[77] (net)
                      0.033457    0.000262    7.202187 ^ u_dut.g_seg[0].u_bank.g_inv[77].u_inv._cell/A (sg13g2_inv_1)
     1    0.003405    0.028595    0.042339    7.244525 v u_dut.g_seg[0].u_bank.g_inv[77].u_inv._cell/Y (sg13g2_inv_1)
                                                         u_dut.g_seg[0].u_bank.node[78] (net)
                      0.028598    0.000132    7.244658 v u_dut.g_seg[0].u_bank.g_inv[78].u_inv._cell/A (sg13g2_inv_1)
     1    0.003338    0.033259    0.042316    7.286973 ^ u_dut.g_seg[0].u_bank.g_inv[78].u_inv._cell/Y (sg13g2_inv_1)
                                                         u_dut.g_seg[0].u_bank.node[79] (net)
                      0.033259    0.000131    7.287105 ^ u_dut.g_seg[0].u_bank.g_inv[79].u_inv._cell/A (sg13g2_inv_1)
     1    0.003583    0.029353    0.042929    7.330034 v u_dut.g_seg[0].u_bank.g_inv[79].u_inv._cell/Y (sg13g2_inv_1)
                                                         u_dut.g_seg[0].u_bank.node[80] (net)
                      0.029356    0.000253    7.330287 v u_dut.g_seg[0].u_bank.g_inv[80].u_inv._cell/A (sg13g2_inv_1)
     1    0.003511    0.034385    0.043346    7.373633 ^ u_dut.g_seg[0].u_bank.g_inv[80].u_inv._cell/Y (sg13g2_inv_1)
                                                         u_dut.g_seg[0].u_bank.node[81] (net)
                      0.034385    0.000253    7.373886 ^ u_dut.g_seg[0].u_bank.g_inv[81].u_inv._cell/A (sg13g2_inv_1)
     1    0.003574    0.029535    0.043330    7.417216 v u_dut.g_seg[0].u_bank.g_inv[81].u_inv._cell/Y (sg13g2_inv_1)
                                                         u_dut.g_seg[0].u_bank.node[82] (net)
                      0.029537    0.000245    7.417461 v u_dut.g_seg[0].u_bank.g_inv[82].u_inv._cell/A (sg13g2_inv_1)
     1    0.003505    0.034399    0.043428    7.460889 ^ u_dut.g_seg[0].u_bank.g_inv[82].u_inv._cell/Y (sg13g2_inv_1)
                                                         u_dut.g_seg[0].u_bank.node[83] (net)
                      0.034400    0.000139    7.461028 ^ u_dut.g_seg[0].u_bank.g_inv[83].u_inv._cell/A (sg13g2_inv_1)
     1    0.003418    0.028841    0.042744    7.503771 v u_dut.g_seg[0].u_bank.g_inv[83].u_inv._cell/Y (sg13g2_inv_1)
                                                         u_dut.g_seg[0].u_bank.node[84] (net)
                      0.028843    0.000135    7.503906 v u_dut.g_seg[0].u_bank.g_inv[84].u_inv._cell/A (sg13g2_inv_1)
     1    0.003845    0.036206    0.044710    7.548616 ^ u_dut.g_seg[0].u_bank.g_inv[84].u_inv._cell/Y (sg13g2_inv_1)
                                                         u_dut.g_seg[0].u_bank.node[85] (net)
                      0.036207    0.000153    7.548769 ^ u_dut.g_seg[0].u_bank.g_inv[85].u_inv._cell/A (sg13g2_inv_1)
     1    0.003052    0.027590    0.041963    7.590732 v u_dut.g_seg[0].u_bank.g_inv[85].u_inv._cell/Y (sg13g2_inv_1)
                                                         u_dut.g_seg[0].u_bank.node[86] (net)
                      0.027591    0.000120    7.590852 v u_dut.g_seg[0].u_bank.g_inv[86].u_inv._cell/A (sg13g2_inv_1)
     1    0.002873    0.030413    0.039836    7.630687 ^ u_dut.g_seg[0].u_bank.g_inv[86].u_inv._cell/Y (sg13g2_inv_1)
                                                         u_dut.g_seg[0].u_bank.node[87] (net)
                      0.030413    0.000115    7.630802 ^ u_dut.g_seg[0].u_bank.g_inv[87].u_inv._cell/A (sg13g2_inv_1)
     1    0.002983    0.026101    0.039491    7.670293 v u_dut.g_seg[0].u_bank.g_inv[87].u_inv._cell/Y (sg13g2_inv_1)
                                                         u_dut.g_seg[0].u_bank.node[88] (net)
                      0.026101    0.000223    7.670516 v u_dut.g_seg[0].u_bank.g_inv[88].u_inv._cell/A (sg13g2_inv_1)
     1    0.002856    0.030009    0.039210    7.709725 ^ u_dut.g_seg[0].u_bank.g_inv[88].u_inv._cell/Y (sg13g2_inv_1)
                                                         u_dut.g_seg[0].u_bank.node[89] (net)
                      0.030009    0.000114    7.709839 ^ u_dut.g_seg[0].u_bank.g_inv[89].u_inv._cell/A (sg13g2_inv_1)
     1    0.002743    0.024961    0.038431    7.748271 v u_dut.g_seg[0].u_bank.g_inv[89].u_inv._cell/Y (sg13g2_inv_1)
                                                         u_dut.g_seg[0].u_bank.node[90] (net)
                      0.024961    0.000109    7.748380 v u_dut.g_seg[0].u_bank.g_inv[90].u_inv._cell/A (sg13g2_inv_1)
     1    0.003783    0.035091    0.042966    7.791346 ^ u_dut.g_seg[0].u_bank.g_inv[90].u_inv._cell/Y (sg13g2_inv_1)
                                                         u_dut.g_seg[0].u_bank.node[91] (net)
                      0.035092    0.000146    7.791491 ^ u_dut.g_seg[0].u_bank.g_inv[91].u_inv._cell/A (sg13g2_inv_1)
     1    0.003431    0.029025    0.043022    7.834514 v u_dut.g_seg[0].u_bank.g_inv[91].u_inv._cell/Y (sg13g2_inv_1)
                                                         u_dut.g_seg[0].u_bank.node[92] (net)
                      0.029031    0.000242    7.834755 v u_dut.g_seg[0].u_bank.g_inv[92].u_inv._cell/A (sg13g2_inv_1)
     1    0.003719    0.035501    0.044163    7.878918 ^ u_dut.g_seg[0].u_bank.g_inv[92].u_inv._cell/Y (sg13g2_inv_1)
                                                         u_dut.g_seg[0].u_bank.node[93] (net)
                      0.035509    0.000270    7.879188 ^ u_dut.g_seg[0].u_bank.g_inv[93].u_inv._cell/A (sg13g2_inv_1)
     1    0.003353    0.028763    0.042862    7.922050 v u_dut.g_seg[0].u_bank.g_inv[93].u_inv._cell/Y (sg13g2_inv_1)
                                                         u_dut.g_seg[0].u_bank.node[94] (net)
                      0.028764    0.000251    7.922301 v u_dut.g_seg[0].u_bank.g_inv[94].u_inv._cell/A (sg13g2_inv_1)
     1    0.003776    0.035785    0.044315    7.966616 ^ u_dut.g_seg[0].u_bank.g_inv[94].u_inv._cell/Y (sg13g2_inv_1)
                                                         u_dut.g_seg[0].u_bank.node[95] (net)
                      0.035787    0.000284    7.966900 ^ u_dut.g_seg[0].u_bank.g_inv[95].u_inv._cell/A (sg13g2_inv_1)
     1    0.003079    0.027627    0.041915    8.008815 v u_dut.g_seg[0].u_bank.g_inv[95].u_inv._cell/Y (sg13g2_inv_1)
                                                         u_dut.g_seg[0].u_bank.node[96] (net)
                      0.027627    0.000122    8.008937 v u_dut.g_seg[0].u_bank.u_mux.u_m1/A1 (sg13g2_mux2_1)
     1    0.003122    0.056430    0.165422    8.174359 v u_dut.g_seg[0].u_bank.u_mux.u_m1/X (sg13g2_mux2_1)
                                                         u_dut.g_seg[0].u_bank.u_mux.w1 (net)
                      0.056430    0.000123    8.174481 v u_dut.g_seg[0].u_bank.u_mux.u_m2/A1 (sg13g2_mux2_1)
     2    0.016982    0.123198    0.250687    8.425169 v u_dut.g_seg[0].u_bank.u_mux.u_m2/X (sg13g2_mux2_1)
                                                         u_dut.g_seg[0].bank_dout (net)
                      0.123210    0.001210    8.426379 v u_dut.g_seg[1].g_fa[0].u_fa.u_a2/A (sg13g2_and2_1)
     1    0.002588    0.033992    0.140413    8.566792 v u_dut.g_seg[1].g_fa[0].u_fa.u_a2/X (sg13g2_and2_1)
                                                         u_dut.g_seg[1].g_fa[0].u_fa.v (net)
                      0.033992    0.000102    8.566895 v u_dut.g_seg[1].g_fa[0].u_fa.u_o1/B (sg13g2_or2_1)
     2    0.012034    0.086021    0.189598    8.756492 v u_dut.g_seg[1].g_fa[0].u_fa.u_o1/X (sg13g2_or2_1)
                                                         u_dut.g_seg[1].g_fa[0].u_fa.co (net)
                      0.086030    0.000911    8.757403 v u_dut.g_seg[1].g_fa[1].u_fa.u_a2/A (sg13g2_and2_1)
     1    0.004598    0.042917    0.132625    8.890029 v u_dut.g_seg[1].g_fa[1].u_fa.u_a2/X (sg13g2_and2_1)
                                                         u_dut.g_seg[1].g_fa[1].u_fa.v (net)
                      0.042931    0.000445    8.890473 v u_dut.g_seg[1].g_fa[1].u_fa.u_o1/B (sg13g2_or2_1)
     2    0.008596    0.068852    0.177860    9.068333 v u_dut.g_seg[1].g_fa[1].u_fa.u_o1/X (sg13g2_or2_1)
                                                         u_dut.g_seg[1].g_fa[1].u_fa.co (net)
                      0.068852    0.000258    9.068591 v u_dut.g_seg[1].g_fa[2].u_fa.u_a2/A (sg13g2_and2_1)
     1    0.004304    0.041827    0.122797    9.191388 v u_dut.g_seg[1].g_fa[2].u_fa.u_a2/X (sg13g2_and2_1)
                                                         u_dut.g_seg[1].g_fa[2].u_fa.v (net)
                      0.041827    0.000274    9.191662 v u_dut.g_seg[1].g_fa[2].u_fa.u_o1/B (sg13g2_or2_1)
     2    0.009100    0.071374    0.179523    9.371185 v u_dut.g_seg[1].g_fa[2].u_fa.u_o1/X (sg13g2_or2_1)
                                                         u_dut.g_seg[1].g_fa[2].u_fa.co (net)
                      0.071378    0.000620    9.371805 v u_dut.g_seg[1].g_fa[3].u_fa.u_a2/A (sg13g2_and2_1)
     1    0.002733    0.035038    0.117673    9.489478 v u_dut.g_seg[1].g_fa[3].u_fa.u_a2/X (sg13g2_and2_1)
                                                         u_dut.g_seg[1].g_fa[3].u_fa.v (net)
                      0.035038    0.000200    9.489677 v u_dut.g_seg[1].g_fa[3].u_fa.u_o1/B (sg13g2_or2_1)
     2    0.010440    0.077997    0.182744    9.672422 v u_dut.g_seg[1].g_fa[3].u_fa.u_o1/X (sg13g2_or2_1)
                                                         u_dut.g_seg[1].u_bank.node[0] (net)
                      0.078004    0.000788    9.673210 v u_dut.g_seg[1].u_bank.g_inv[0].u_inv._cell/A (sg13g2_inv_1)
     1    0.002855    0.040706    0.058316    9.731526 ^ u_dut.g_seg[1].u_bank.g_inv[0].u_inv._cell/Y (sg13g2_inv_1)
                                                         u_dut.g_seg[1].u_bank.node[1] (net)
                      0.040706    0.000114    9.731640 ^ u_dut.g_seg[1].u_bank.g_inv[1].u_inv._cell/A (sg13g2_inv_1)
     1    0.002761    0.027226    0.042427    9.774067 v u_dut.g_seg[1].u_bank.g_inv[1].u_inv._cell/Y (sg13g2_inv_1)
                                                         u_dut.g_seg[1].u_bank.node[2] (net)
                      0.027227    0.000216    9.774283 v u_dut.g_seg[1].u_bank.g_inv[2].u_inv._cell/A (sg13g2_inv_1)
     1    0.002854    0.030228    0.039614    9.813896 ^ u_dut.g_seg[1].u_bank.g_inv[2].u_inv._cell/Y (sg13g2_inv_1)
                                                         u_dut.g_seg[1].u_bank.node[3] (net)
                      0.030228    0.000114    9.814011 ^ u_dut.g_seg[1].u_bank.g_inv[3].u_inv._cell/A (sg13g2_inv_1)
     1    0.002745    0.025013    0.038519    9.852530 v u_dut.g_seg[1].u_bank.g_inv[3].u_inv._cell/Y (sg13g2_inv_1)
                                                         u_dut.g_seg[1].u_bank.node[4] (net)
                      0.025013    0.000109    9.852639 v u_dut.g_seg[1].u_bank.g_inv[4].u_inv._cell/A (sg13g2_inv_1)
     1    0.002854    0.029771    0.038798    9.891438 ^ u_dut.g_seg[1].u_bank.g_inv[4].u_inv._cell/Y (sg13g2_inv_1)
                                                         u_dut.g_seg[1].u_bank.node[5] (net)
                      0.029771    0.000114    9.891551 ^ u_dut.g_seg[1].u_bank.g_inv[5].u_inv._cell/A (sg13g2_inv_1)
     1    0.002763    0.024990    0.038384    9.929935 v u_dut.g_seg[1].u_bank.g_inv[5].u_inv._cell/Y (sg13g2_inv_1)
                                                         u_dut.g_seg[1].u_bank.node[6] (net)
                      0.024990    0.000216    9.930150 v u_dut.g_seg[1].u_bank.g_inv[6].u_inv._cell/A (sg13g2_inv_1)
     1    0.003895    0.035746    0.043442    9.973592 ^ u_dut.g_seg[1].u_bank.g_inv[6].u_inv._cell/Y (sg13g2_inv_1)
                                                         u_dut.g_seg[1].u_bank.node[7] (net)
                      0.035748    0.000266    9.973859 ^ u_dut.g_seg[1].u_bank.g_inv[7].u_inv._cell/A (sg13g2_inv_1)
     1    0.002898    0.026821    0.041178   10.015037 v u_dut.g_seg[1].u_bank.g_inv[7].u_inv._cell/Y (sg13g2_inv_1)
                                                         u_dut.g_seg[1].u_bank.node[8] (net)
                      0.026822    0.000115   10.015151 v u_dut.g_seg[1].u_bank.g_inv[8].u_inv._cell/A (sg13g2_inv_1)
     1    0.003065    0.031339    0.040380   10.055531 ^ u_dut.g_seg[1].u_bank.g_inv[8].u_inv._cell/Y (sg13g2_inv_1)
                                                         u_dut.g_seg[1].u_bank.node[9] (net)
                      0.031340    0.000234   10.055764 ^ u_dut.g_seg[1].u_bank.g_inv[9].u_inv._cell/A (sg13g2_inv_1)
     1    0.003257    0.027503    0.040915   10.096680 v u_dut.g_seg[1].u_bank.g_inv[9].u_inv._cell/Y (sg13g2_inv_1)
                                                         u_dut.g_seg[1].u_bank.node[10] (net)
                      0.027504    0.000237   10.096916 v u_dut.g_seg[1].u_bank.g_inv[10].u_inv._cell/A (sg13g2_inv_1)
     1    0.005193    0.043862    0.050258   10.147175 ^ u_dut.g_seg[1].u_bank.g_inv[10].u_inv._cell/Y (sg13g2_inv_1)
                                                         u_dut.g_seg[1].u_bank.node[11] (net)
                      0.043882    0.000336   10.147511 ^ u_dut.g_seg[1].u_bank.g_inv[11].u_inv._cell/A (sg13g2_inv_1)
     1    0.003512    0.031142    0.046689   10.194200 v u_dut.g_seg[1].u_bank.g_inv[11].u_inv._cell/Y (sg13g2_inv_1)
                                                         u_dut.g_seg[1].u_bank.node[12] (net)
                      0.031142    0.000245   10.194445 v u_dut.g_seg[1].u_bank.g_inv[12].u_inv._cell/A (sg13g2_inv_1)
     1    0.003012    0.031932    0.041779   10.236224 ^ u_dut.g_seg[1].u_bank.g_inv[12].u_inv._cell/Y (sg13g2_inv_1)
                                                         u_dut.g_seg[1].u_bank.node[13] (net)
                      0.031932    0.000119   10.236342 ^ u_dut.g_seg[1].u_bank.g_inv[13].u_inv._cell/A (sg13g2_inv_1)
     1    0.003674    0.029509    0.042788   10.279131 v u_dut.g_seg[1].u_bank.g_inv[13].u_inv._cell/Y (sg13g2_inv_1)
                                                         u_dut.g_seg[1].u_bank.node[14] (net)
                      0.029511    0.000252   10.279383 v u_dut.g_seg[1].u_bank.g_inv[14].u_inv._cell/A (sg13g2_inv_1)
     1    0.003909    0.036700    0.045215   10.324597 ^ u_dut.g_seg[1].u_bank.g_inv[14].u_inv._cell/Y (sg13g2_inv_1)
                                                         u_dut.g_seg[1].u_bank.node[15] (net)
                      0.036702    0.000274   10.324871 ^ u_dut.g_seg[1].u_bank.g_inv[15].u_inv._cell/A (sg13g2_inv_1)
     1    0.003541    0.029841    0.044063   10.368935 v u_dut.g_seg[1].u_bank.g_inv[15].u_inv._cell/Y (sg13g2_inv_1)
                                                         u_dut.g_seg[1].u_bank.node[16] (net)
                      0.029845    0.000266   10.369201 v u_dut.g_seg[1].u_bank.g_inv[16].u_inv._cell/A (sg13g2_inv_1)
     1    0.002856    0.030778    0.040586   10.409787 ^ u_dut.g_seg[1].u_bank.g_inv[16].u_inv._cell/Y (sg13g2_inv_1)
                                                         u_dut.g_seg[1].u_bank.node[17] (net)
                      0.030778    0.000114   10.409901 ^ u_dut.g_seg[1].u_bank.g_inv[17].u_inv._cell/A (sg13g2_inv_1)
     1    0.004705    0.034080    0.046403   10.456304 v u_dut.g_seg[1].u_bank.g_inv[17].u_inv._cell/Y (sg13g2_inv_1)
                                                         u_dut.g_seg[1].u_bank.node[18] (net)
                      0.034098    0.000304   10.456608 v u_dut.g_seg[1].u_bank.g_inv[18].u_inv._cell/A (sg13g2_inv_1)
     1    0.003776    0.036824    0.046330   10.502937 ^ u_dut.g_seg[1].u_bank.g_inv[18].u_inv._cell/Y (sg13g2_inv_1)
                                                         u_dut.g_seg[1].u_bank.node[19] (net)
                      0.036829    0.000279   10.503217 ^ u_dut.g_seg[1].u_bank.g_inv[19].u_inv._cell/A (sg13g2_inv_1)
     1    0.004343    0.033522    0.047340   10.550556 v u_dut.g_seg[1].u_bank.g_inv[19].u_inv._cell/Y (sg13g2_inv_1)
                                                         u_dut.g_seg[1].u_bank.node[20] (net)
                      0.033524    0.000287   10.550843 v u_dut.g_seg[1].u_bank.g_inv[20].u_inv._cell/A (sg13g2_inv_1)
     1    0.005455    0.046483    0.053809   10.604651 ^ u_dut.g_seg[1].u_bank.g_inv[20].u_inv._cell/Y (sg13g2_inv_1)
                                                         u_dut.g_seg[1].u_bank.node[21] (net)
                      0.046504    0.000348   10.605000 ^ u_dut.g_seg[1].u_bank.g_inv[21].u_inv._cell/A (sg13g2_inv_1)
     1    0.004073    0.034139    0.049993   10.654993 v u_dut.g_seg[1].u_bank.g_inv[21].u_inv._cell/Y (sg13g2_inv_1)
                                                         u_dut.g_seg[1].u_bank.node[22] (net)
                      0.034142    0.000286   10.655279 v u_dut.g_seg[1].u_bank.g_inv[22].u_inv._cell/A (sg13g2_inv_1)
     1    0.003606    0.035876    0.045572   10.700850 ^ u_dut.g_seg[1].u_bank.g_inv[22].u_inv._cell/Y (sg13g2_inv_1)
                                                         u_dut.g_seg[1].u_bank.node[23] (net)
                      0.035877    0.000262   10.701113 ^ u_dut.g_seg[1].u_bank.g_inv[23].u_inv._cell/A (sg13g2_inv_1)
     1    0.003042    0.027470    0.041761   10.742873 v u_dut.g_seg[1].u_bank.g_inv[23].u_inv._cell/Y (sg13g2_inv_1)
                                                         u_dut.g_seg[1].u_bank.node[24] (net)
                      0.027471    0.000228   10.743102 v u_dut.g_seg[1].u_bank.g_inv[24].u_inv._cell/A (sg13g2_inv_1)
     1    0.002866    0.030347    0.039758   10.782860 ^ u_dut.g_seg[1].u_bank.g_inv[24].u_inv._cell/Y (sg13g2_inv_1)
                                                         u_dut.g_seg[1].u_bank.node[25] (net)
                      0.030347    0.000115   10.782974 ^ u_dut.g_seg[1].u_bank.g_inv[25].u_inv._cell/A (sg13g2_inv_1)
     1    0.005485    0.037708    0.049231   10.832205 v u_dut.g_seg[1].u_bank.g_inv[25].u_inv._cell/Y (sg13g2_inv_1)
                                                         u_dut.g_seg[1].u_bank.node[26] (net)
                      0.037730    0.000419   10.832624 v u_dut.g_seg[1].u_bank.g_inv[26].u_inv._cell/A (sg13g2_inv_1)
     1    0.004958    0.044340    0.053035   10.885659 ^ u_dut.g_seg[1].u_bank.g_inv[26].u_inv._cell/Y (sg13g2_inv_1)
                                                         u_dut.g_seg[1].u_bank.node[27] (net)
                      0.044356    0.000653   10.886312 ^ u_dut.g_seg[1].u_bank.g_inv[27].u_inv._cell/A (sg13g2_inv_1)
     1    0.002959    0.028842    0.044631   10.930943 v u_dut.g_seg[1].u_bank.g_inv[27].u_inv._cell/Y (sg13g2_inv_1)
                                                         u_dut.g_seg[1].u_bank.node[28] (net)
                      0.028842    0.000117   10.931060 v u_dut.g_seg[1].u_bank.g_inv[28].u_inv._cell/A (sg13g2_inv_1)
     1    0.004258    0.038599    0.046580   10.977639 ^ u_dut.g_seg[1].u_bank.g_inv[28].u_inv._cell/Y (sg13g2_inv_1)
                                                         u_dut.g_seg[1].u_bank.node[29] (net)
                      0.038599    0.000171   10.977811 ^ u_dut.g_seg[1].u_bank.g_inv[29].u_inv._cell/A (sg13g2_inv_1)
     1    0.003137    0.028449    0.043201   11.021012 v u_dut.g_seg[1].u_bank.g_inv[29].u_inv._cell/Y (sg13g2_inv_1)
                                                         u_dut.g_seg[1].u_bank.node[30] (net)
                      0.028449    0.000123   11.021134 v u_dut.g_seg[1].u_bank.g_inv[30].u_inv._cell/A (sg13g2_inv_1)
     1    0.002993    0.031271    0.040696   11.061831 ^ u_dut.g_seg[1].u_bank.g_inv[30].u_inv._cell/Y (sg13g2_inv_1)
                                                         u_dut.g_seg[1].u_bank.node[31] (net)
                      0.031271    0.000119   11.061950 ^ u_dut.g_seg[1].u_bank.g_inv[31].u_inv._cell/A (sg13g2_inv_1)
     2    0.006649    0.043578    0.054180   11.116130 v u_dut.g_seg[1].u_bank.g_inv[31].u_inv._cell/Y (sg13g2_inv_1)
                                                         u_dut.g_seg[1].u_bank.node[32] (net)
                      0.043583    0.000375   11.116505 v u_dut.g_seg[1].u_bank.g_inv[32].u_inv._cell/A (sg13g2_inv_1)
     1    0.003850    0.039121    0.050304   11.166808 ^ u_dut.g_seg[1].u_bank.g_inv[32].u_inv._cell/Y (sg13g2_inv_1)
                                                         u_dut.g_seg[1].u_bank.node[33] (net)
                      0.039121    0.000151   11.166959 ^ u_dut.g_seg[1].u_bank.g_inv[33].u_inv._cell/A (sg13g2_inv_1)
     1    0.005615    0.039962    0.053351   11.220310 v u_dut.g_seg[1].u_bank.g_inv[33].u_inv._cell/Y (sg13g2_inv_1)
                                                         u_dut.g_seg[1].u_bank.node[34] (net)
                      0.039983    0.000371   11.220681 v u_dut.g_seg[1].u_bank.g_inv[34].u_inv._cell/A (sg13g2_inv_1)
     1    0.003179    0.034673    0.045826   11.266507 ^ u_dut.g_seg[1].u_bank.g_inv[34].u_inv._cell/Y (sg13g2_inv_1)
                                                         u_dut.g_seg[1].u_bank.node[35] (net)
                      0.034673    0.000123   11.266630 ^ u_dut.g_seg[1].u_bank.g_inv[35].u_inv._cell/A (sg13g2_inv_1)
     1    0.002745    0.025927    0.040166   11.306796 v u_dut.g_seg[1].u_bank.g_inv[35].u_inv._cell/Y (sg13g2_inv_1)
                                                         u_dut.g_seg[1].u_bank.node[36] (net)
                      0.025927    0.000109   11.306905 v u_dut.g_seg[1].u_bank.g_inv[36].u_inv._cell/A (sg13g2_inv_1)
     1    0.002858    0.029985    0.039154   11.346060 ^ u_dut.g_seg[1].u_bank.g_inv[36].u_inv._cell/Y (sg13g2_inv_1)
                                                         u_dut.g_seg[1].u_bank.node[37] (net)
                      0.029985    0.000114   11.346173 ^ u_dut.g_seg[1].u_bank.g_inv[37].u_inv._cell/A (sg13g2_inv_1)
     1    0.003434    0.028031    0.041096   11.387269 v u_dut.g_seg[1].u_bank.g_inv[37].u_inv._cell/Y (sg13g2_inv_1)
                                                         u_dut.g_seg[1].u_bank.node[38] (net)
                      0.028033    0.000245   11.387514 v u_dut.g_seg[1].u_bank.g_inv[38].u_inv._cell/A (sg13g2_inv_1)
     1    0.003788    0.035713    0.044104   11.431619 ^ u_dut.g_seg[1].u_bank.g_inv[38].u_inv._cell/Y (sg13g2_inv_1)
                                                         u_dut.g_seg[1].u_bank.node[39] (net)
                      0.035715    0.000268   11.431887 ^ u_dut.g_seg[1].u_bank.g_inv[39].u_inv._cell/A (sg13g2_inv_1)
     1    0.003620    0.030003    0.044017   11.475904 v u_dut.g_seg[1].u_bank.g_inv[39].u_inv._cell/Y (sg13g2_inv_1)
                                                         u_dut.g_seg[1].u_bank.node[40] (net)
                      0.030005    0.000249   11.476152 v u_dut.g_seg[1].u_bank.g_inv[40].u_inv._cell/A (sg13g2_inv_1)
     1    0.003057    0.031951    0.041561   11.517715 ^ u_dut.g_seg[1].u_bank.g_inv[40].u_inv._cell/Y (sg13g2_inv_1)
                                                         u_dut.g_seg[1].u_bank.node[41] (net)
                      0.031951    0.000121   11.517835 ^ u_dut.g_seg[1].u_bank.g_inv[41].u_inv._cell/A (sg13g2_inv_1)
     1    0.003181    0.027303    0.040885   11.558720 v u_dut.g_seg[1].u_bank.g_inv[41].u_inv._cell/Y (sg13g2_inv_1)
                                                         u_dut.g_seg[1].u_bank.node[42] (net)
                      0.027303    0.000124   11.558844 v u_dut.g_seg[1].u_bank.g_inv[42].u_inv._cell/A (sg13g2_inv_1)
     1    0.002939    0.030718    0.039988   11.598831 ^ u_dut.g_seg[1].u_bank.g_inv[42].u_inv._cell/Y (sg13g2_inv_1)
                                                         u_dut.g_seg[1].u_bank.node[43] (net)
                      0.030719    0.000227   11.599059 ^ u_dut.g_seg[1].u_bank.g_inv[43].u_inv._cell/A (sg13g2_inv_1)
     1    0.003000    0.026249    0.039708   11.638766 v u_dut.g_seg[1].u_bank.g_inv[43].u_inv._cell/Y (sg13g2_inv_1)
                                                         u_dut.g_seg[1].u_bank.node[44] (net)
                      0.026249    0.000119   11.638885 v u_dut.g_seg[1].u_bank.g_inv[44].u_inv._cell/A (sg13g2_inv_1)
     1    0.002864    0.030085    0.039300   11.678185 ^ u_dut.g_seg[1].u_bank.g_inv[44].u_inv._cell/Y (sg13g2_inv_1)
                                                         u_dut.g_seg[1].u_bank.node[45] (net)
                      0.030085    0.000114   11.678300 ^ u_dut.g_seg[1].u_bank.g_inv[45].u_inv._cell/A (sg13g2_inv_1)
     1    0.003051    0.026346    0.039671   11.717971 v u_dut.g_seg[1].u_bank.g_inv[45].u_inv._cell/Y (sg13g2_inv_1)
                                                         u_dut.g_seg[1].u_bank.node[46] (net)
                      0.026346    0.000120   11.718091 v u_dut.g_seg[1].u_bank.g_inv[46].u_inv._cell/A (sg13g2_inv_1)
     1    0.003087    0.031377    0.040345   11.758435 ^ u_dut.g_seg[1].u_bank.g_inv[46].u_inv._cell/Y (sg13g2_inv_1)
                                                         u_dut.g_seg[1].u_bank.node[47] (net)
                      0.031377    0.000123   11.758558 ^ u_dut.g_seg[1].u_bank.g_inv[47].u_inv._cell/A (sg13g2_inv_1)
     1    0.003635    0.029220    0.042411   11.800968 v u_dut.g_seg[1].u_bank.g_inv[47].u_inv._cell/Y (sg13g2_inv_1)
                                                         u_dut.g_seg[1].u_bank.node[48] (net)
                      0.029222    0.000266   11.801235 v u_dut.g_seg[1].u_bank.g_inv[48].u_inv._cell/A (sg13g2_inv_1)
     1    0.003407    0.033769    0.042826   11.844061 ^ u_dut.g_seg[1].u_bank.g_inv[48].u_inv._cell/Y (sg13g2_inv_1)
                                                         u_dut.g_seg[1].u_bank.node[49] (net)
                      0.033770    0.000246   11.844307 ^ u_dut.g_seg[1].u_bank.g_inv[49].u_inv._cell/A (sg13g2_inv_1)
     1    0.002920    0.026514    0.040528   11.884835 v u_dut.g_seg[1].u_bank.g_inv[49].u_inv._cell/Y (sg13g2_inv_1)
                                                         u_dut.g_seg[1].u_bank.node[50] (net)
                      0.026514    0.000115   11.884951 v u_dut.g_seg[1].u_bank.g_inv[50].u_inv._cell/A (sg13g2_inv_1)
     1    0.004221    0.037940    0.045479   11.930429 ^ u_dut.g_seg[1].u_bank.g_inv[50].u_inv._cell/Y (sg13g2_inv_1)
                                                         u_dut.g_seg[1].u_bank.node[51] (net)
                      0.037942    0.000296   11.930725 ^ u_dut.g_seg[1].u_bank.g_inv[51].u_inv._cell/A (sg13g2_inv_1)
     1    0.003079    0.028052    0.042683   11.973409 v u_dut.g_seg[1].u_bank.g_inv[51].u_inv._cell/Y (sg13g2_inv_1)
                                                         u_dut.g_seg[1].u_bank.node[52] (net)
                      0.028053    0.000230   11.973639 v u_dut.g_seg[1].u_bank.g_inv[52].u_inv._cell/A (sg13g2_inv_1)
     1    0.003472    0.033901    0.042679   12.016317 ^ u_dut.g_seg[1].u_bank.g_inv[52].u_inv._cell/Y (sg13g2_inv_1)
                                                         u_dut.g_seg[1].u_bank.node[53] (net)
                      0.033901    0.000252   12.016569 ^ u_dut.g_seg[1].u_bank.g_inv[53].u_inv._cell/A (sg13g2_inv_1)
     1    0.004186    0.032242    0.045564   12.062134 v u_dut.g_seg[1].u_bank.g_inv[53].u_inv._cell/Y (sg13g2_inv_1)
                                                         u_dut.g_seg[1].u_bank.node[54] (net)
                      0.032244    0.000286   12.062420 v u_dut.g_seg[1].u_bank.g_inv[54].u_inv._cell/A (sg13g2_inv_1)
     1    0.004846    0.042667    0.050530   12.112950 ^ u_dut.g_seg[1].u_bank.g_inv[54].u_inv._cell/Y (sg13g2_inv_1)
                                                         u_dut.g_seg[1].u_bank.node[55] (net)
                      0.042669    0.000311   12.113261 ^ u_dut.g_seg[1].u_bank.g_inv[55].u_inv._cell/A (sg13g2_inv_1)
     1    0.003088    0.029059    0.044529   12.157790 v u_dut.g_seg[1].u_bank.g_inv[55].u_inv._cell/Y (sg13g2_inv_1)
                                                         u_dut.g_seg[1].u_bank.node[56] (net)
                      0.029059    0.000122   12.157911 v u_dut.g_seg[1].u_bank.g_inv[56].u_inv._cell/A (sg13g2_inv_1)
     1    0.003184    0.032471    0.041750   12.199661 ^ u_dut.g_seg[1].u_bank.g_inv[56].u_inv._cell/Y (sg13g2_inv_1)
                                                         u_dut.g_seg[1].u_bank.node[57] (net)
                      0.032472    0.000240   12.199901 ^ u_dut.g_seg[1].u_bank.g_inv[57].u_inv._cell/A (sg13g2_inv_1)
     1    0.003038    0.026759    0.040471   12.240372 v u_dut.g_seg[1].u_bank.g_inv[57].u_inv._cell/Y (sg13g2_inv_1)
                                                         u_dut.g_seg[1].u_bank.node[58] (net)
                      0.026760    0.000228   12.240600 v u_dut.g_seg[1].u_bank.g_inv[58].u_inv._cell/A (sg13g2_inv_1)
     1    0.003760    0.035312    0.043540   12.284141 ^ u_dut.g_seg[1].u_bank.g_inv[58].u_inv._cell/Y (sg13g2_inv_1)
                                                         u_dut.g_seg[1].u_bank.node[59] (net)
                      0.035312    0.000149   12.284289 ^ u_dut.g_seg[1].u_bank.g_inv[59].u_inv._cell/A (sg13g2_inv_1)
     1    0.002748    0.026070    0.040415   12.324704 v u_dut.g_seg[1].u_bank.g_inv[59].u_inv._cell/Y (sg13g2_inv_1)
                                                         u_dut.g_seg[1].u_bank.node[60] (net)
                      0.026070    0.000109   12.324814 v u_dut.g_seg[1].u_bank.g_inv[60].u_inv._cell/A (sg13g2_inv_1)
     1    0.002859    0.030017    0.039210   12.364023 ^ u_dut.g_seg[1].u_bank.g_inv[60].u_inv._cell/Y (sg13g2_inv_1)
                                                         u_dut.g_seg[1].u_bank.node[61] (net)
                      0.030017    0.000114   12.364137 ^ u_dut.g_seg[1].u_bank.g_inv[61].u_inv._cell/A (sg13g2_inv_1)
     1    0.002746    0.024974    0.038445   12.402581 v u_dut.g_seg[1].u_bank.g_inv[61].u_inv._cell/Y (sg13g2_inv_1)
                                                         u_dut.g_seg[1].u_bank.node[62] (net)
                      0.024974    0.000109   12.402691 v u_dut.g_seg[1].u_bank.g_inv[62].u_inv._cell/A (sg13g2_inv_1)
     1    0.003894    0.035738    0.043435   12.446126 ^ u_dut.g_seg[1].u_bank.g_inv[62].u_inv._cell/Y (sg13g2_inv_1)
                                                         u_dut.g_seg[1].u_bank.node[63] (net)
                      0.035740    0.000266   12.446392 ^ u_dut.g_seg[1].u_bank.g_inv[63].u_inv._cell/A (sg13g2_inv_1)
     2    0.006216    0.042247    0.054349   12.500741 v u_dut.g_seg[1].u_bank.g_inv[63].u_inv._cell/Y (sg13g2_inv_1)
                                                         u_dut.g_seg[1].u_bank.node[64] (net)
                      0.042267    0.000374   12.501115 v u_dut.g_seg[1].u_bank.g_inv[64].u_inv._cell/A (sg13g2_inv_1)
     1    0.003133    0.034871    0.046457   12.547572 ^ u_dut.g_seg[1].u_bank.g_inv[64].u_inv._cell/Y (sg13g2_inv_1)
                                                         u_dut.g_seg[1].u_bank.node[65] (net)
                      0.034872    0.000123   12.547696 ^ u_dut.g_seg[1].u_bank.g_inv[65].u_inv._cell/A (sg13g2_inv_1)
     1    0.003437    0.029005    0.042952   12.590648 v u_dut.g_seg[1].u_bank.g_inv[65].u_inv._cell/Y (sg13g2_inv_1)
                                                         u_dut.g_seg[1].u_bank.node[66] (net)
                      0.029014    0.000260   12.590908 v u_dut.g_seg[1].u_bank.g_inv[66].u_inv._cell/A (sg13g2_inv_1)
     1    0.002854    0.030597    0.040272   12.631180 ^ u_dut.g_seg[1].u_bank.g_inv[66].u_inv._cell/Y (sg13g2_inv_1)
                                                         u_dut.g_seg[1].u_bank.node[67] (net)
                      0.030597    0.000114   12.631293 ^ u_dut.g_seg[1].u_bank.g_inv[67].u_inv._cell/A (sg13g2_inv_1)
     1    0.002933    0.025914    0.039360   12.670653 v u_dut.g_seg[1].u_bank.g_inv[67].u_inv._cell/Y (sg13g2_inv_1)
                                                         u_dut.g_seg[1].u_bank.node[68] (net)
                      0.025914    0.000221   12.670875 v u_dut.g_seg[1].u_bank.g_inv[68].u_inv._cell/A (sg13g2_inv_1)
     1    0.002883    0.030125    0.039264   12.710138 ^ u_dut.g_seg[1].u_bank.g_inv[68].u_inv._cell/Y (sg13g2_inv_1)
                                                         u_dut.g_seg[1].u_bank.node[69] (net)
                      0.030125    0.000115   12.710253 ^ u_dut.g_seg[1].u_bank.g_inv[69].u_inv._cell/A (sg13g2_inv_1)
     1    0.003126    0.026690    0.039982   12.750235 v u_dut.g_seg[1].u_bank.g_inv[69].u_inv._cell/Y (sg13g2_inv_1)
                                                         u_dut.g_seg[1].u_bank.node[70] (net)
                      0.026690    0.000123   12.750358 v u_dut.g_seg[1].u_bank.g_inv[70].u_inv._cell/A (sg13g2_inv_1)
     1    0.002854    0.030117    0.039416   12.789773 ^ u_dut.g_seg[1].u_bank.g_inv[70].u_inv._cell/Y (sg13g2_inv_1)
                                                         u_dut.g_seg[1].u_bank.node[71] (net)
                      0.030117    0.000114   12.789886 ^ u_dut.g_seg[1].u_bank.g_inv[71].u_inv._cell/A (sg13g2_inv_1)
     1    0.003027    0.026232    0.039550   12.829436 v u_dut.g_seg[1].u_bank.g_inv[71].u_inv._cell/Y (sg13g2_inv_1)
                                                         u_dut.g_seg[1].u_bank.node[72] (net)
                      0.026233    0.000225   12.829661 v u_dut.g_seg[1].u_bank.g_inv[72].u_inv._cell/A (sg13g2_inv_1)
     1    0.003105    0.031456    0.040384   12.870045 ^ u_dut.g_seg[1].u_bank.g_inv[72].u_inv._cell/Y (sg13g2_inv_1)
                                                         u_dut.g_seg[1].u_bank.node[73] (net)
                      0.031456    0.000122   12.870167 ^ u_dut.g_seg[1].u_bank.g_inv[73].u_inv._cell/A (sg13g2_inv_1)
     1    0.003052    0.026630    0.040189   12.910356 v u_dut.g_seg[1].u_bank.g_inv[73].u_inv._cell/Y (sg13g2_inv_1)
                                                         u_dut.g_seg[1].u_bank.node[74] (net)
                      0.026630    0.000120   12.910476 v u_dut.g_seg[1].u_bank.g_inv[74].u_inv._cell/A (sg13g2_inv_1)
     1    0.003317    0.032745    0.041489   12.951964 ^ u_dut.g_seg[1].u_bank.g_inv[74].u_inv._cell/Y (sg13g2_inv_1)
                                                         u_dut.g_seg[1].u_bank.node[75] (net)
                      0.032745    0.000131   12.952096 ^ u_dut.g_seg[1].u_bank.g_inv[75].u_inv._cell/A (sg13g2_inv_1)
     1    0.003057    0.026899    0.040650   12.992746 v u_dut.g_seg[1].u_bank.g_inv[75].u_inv._cell/Y (sg13g2_inv_1)
                                                         u_dut.g_seg[1].u_bank.node[76] (net)
                      0.026900    0.000228   12.992974 v u_dut.g_seg[1].u_bank.g_inv[76].u_inv._cell/A (sg13g2_inv_1)
     1    0.003216    0.032215    0.041093   13.034067 ^ u_dut.g_seg[1].u_bank.g_inv[76].u_inv._cell/Y (sg13g2_inv_1)
                                                         u_dut.g_seg[1].u_bank.node[77] (net)
                      0.032215    0.000240   13.034307 ^ u_dut.g_seg[1].u_bank.g_inv[77].u_inv._cell/A (sg13g2_inv_1)
     1    0.003040    0.026718    0.040385   13.074692 v u_dut.g_seg[1].u_bank.g_inv[77].u_inv._cell/Y (sg13g2_inv_1)
                                                         u_dut.g_seg[1].u_bank.node[78] (net)
                      0.026718    0.000228   13.074921 v u_dut.g_seg[1].u_bank.g_inv[78].u_inv._cell/A (sg13g2_inv_1)
     1    0.003084    0.031436    0.040469   13.115389 ^ u_dut.g_seg[1].u_bank.g_inv[78].u_inv._cell/Y (sg13g2_inv_1)
                                                         u_dut.g_seg[1].u_bank.node[79] (net)
                      0.031436    0.000123   13.115512 ^ u_dut.g_seg[1].u_bank.g_inv[79].u_inv._cell/A (sg13g2_inv_1)
     1    0.003548    0.028838    0.042099   13.157611 v u_dut.g_seg[1].u_bank.g_inv[79].u_inv._cell/Y (sg13g2_inv_1)
                                                         u_dut.g_seg[1].u_bank.node[80] (net)
                      0.028840    0.000250   13.157861 v u_dut.g_seg[1].u_bank.g_inv[80].u_inv._cell/A (sg13g2_inv_1)
     1    0.003433    0.033847    0.042837   13.200698 ^ u_dut.g_seg[1].u_bank.g_inv[80].u_inv._cell/Y (sg13g2_inv_1)
                                                         u_dut.g_seg[1].u_bank.node[81] (net)
                      0.033847    0.000135   13.200832 ^ u_dut.g_seg[1].u_bank.g_inv[81].u_inv._cell/A (sg13g2_inv_1)
     1    0.003402    0.028648    0.042438   13.243271 v u_dut.g_seg[1].u_bank.g_inv[81].u_inv._cell/Y (sg13g2_inv_1)
                                                         u_dut.g_seg[1].u_bank.node[82] (net)
                      0.028654    0.000239   13.243510 v u_dut.g_seg[1].u_bank.g_inv[82].u_inv._cell/A (sg13g2_inv_1)
     1    0.003329    0.033220    0.042297   13.285807 ^ u_dut.g_seg[1].u_bank.g_inv[82].u_inv._cell/Y (sg13g2_inv_1)
                                                         u_dut.g_seg[1].u_bank.node[83] (net)
                      0.033220    0.000131   13.285938 ^ u_dut.g_seg[1].u_bank.g_inv[83].u_inv._cell/A (sg13g2_inv_1)
     1    0.002935    0.026468    0.040381   13.326319 v u_dut.g_seg[1].u_bank.g_inv[83].u_inv._cell/Y (sg13g2_inv_1)
                                                         u_dut.g_seg[1].u_bank.node[84] (net)
                      0.026468    0.000117   13.326436 v u_dut.g_seg[1].u_bank.g_inv[84].u_inv._cell/A (sg13g2_inv_1)
     1    0.002870    0.030163    0.039407   13.365843 ^ u_dut.g_seg[1].u_bank.g_inv[84].u_inv._cell/Y (sg13g2_inv_1)
                                                         u_dut.g_seg[1].u_bank.node[85] (net)
                      0.030163    0.000115   13.365957 ^ u_dut.g_seg[1].u_bank.g_inv[85].u_inv._cell/A (sg13g2_inv_1)
     1    0.003295    0.027445    0.040657   13.406615 v u_dut.g_seg[1].u_bank.g_inv[85].u_inv._cell/Y (sg13g2_inv_1)
                                                         u_dut.g_seg[1].u_bank.node[86] (net)
                      0.027447    0.000129   13.406744 v u_dut.g_seg[1].u_bank.g_inv[86].u_inv._cell/A (sg13g2_inv_1)
     1    0.004021    0.036952    0.044939   13.451683 ^ u_dut.g_seg[1].u_bank.g_inv[86].u_inv._cell/Y (sg13g2_inv_1)
                                                         u_dut.g_seg[1].u_bank.node[87] (net)
                      0.036954    0.000281   13.451963 ^ u_dut.g_seg[1].u_bank.g_inv[87].u_inv._cell/A (sg13g2_inv_1)
     1    0.003834    0.031215    0.045346   13.497310 v u_dut.g_seg[1].u_bank.g_inv[87].u_inv._cell/Y (sg13g2_inv_1)
                                                         u_dut.g_seg[1].u_bank.node[88] (net)
                      0.031217    0.000266   13.497576 v u_dut.g_seg[1].u_bank.g_inv[88].u_inv._cell/A (sg13g2_inv_1)
     1    0.002921    0.031425    0.041354   13.538930 ^ u_dut.g_seg[1].u_bank.g_inv[88].u_inv._cell/Y (sg13g2_inv_1)
                                                         u_dut.g_seg[1].u_bank.node[89] (net)
                      0.031426    0.000226   13.539156 ^ u_dut.g_seg[1].u_bank.g_inv[89].u_inv._cell/A (sg13g2_inv_1)
     1    0.003310    0.027769    0.041196   13.580353 v u_dut.g_seg[1].u_bank.g_inv[89].u_inv._cell/Y (sg13g2_inv_1)
                                                         u_dut.g_seg[1].u_bank.node[90] (net)
                      0.027770    0.000131   13.580482 v u_dut.g_seg[1].u_bank.g_inv[90].u_inv._cell/A (sg13g2_inv_1)
     1    0.002910    0.030662    0.040071   13.620554 ^ u_dut.g_seg[1].u_bank.g_inv[90].u_inv._cell/Y (sg13g2_inv_1)
                                                         u_dut.g_seg[1].u_bank.node[91] (net)
                      0.030663    0.000115   13.620669 ^ u_dut.g_seg[1].u_bank.g_inv[91].u_inv._cell/A (sg13g2_inv_1)
     1    0.003056    0.026487    0.039909   13.660578 v u_dut.g_seg[1].u_bank.g_inv[91].u_inv._cell/Y (sg13g2_inv_1)
                                                         u_dut.g_seg[1].u_bank.node[92] (net)
                      0.026487    0.000120   13.660698 v u_dut.g_seg[1].u_bank.g_inv[92].u_inv._cell/A (sg13g2_inv_1)
     1    0.003849    0.035764    0.043784   13.704481 ^ u_dut.g_seg[1].u_bank.g_inv[92].u_inv._cell/Y (sg13g2_inv_1)
                                                         u_dut.g_seg[1].u_bank.node[93] (net)
                      0.035767    0.000290   13.704771 ^ u_dut.g_seg[1].u_bank.g_inv[93].u_inv._cell/A (sg13g2_inv_1)
     1    0.003128    0.027838    0.042103   13.746874 v u_dut.g_seg[1].u_bank.g_inv[93].u_inv._cell/Y (sg13g2_inv_1)
                                                         u_dut.g_seg[1].u_bank.node[94] (net)
                      0.027838    0.000123   13.746998 v u_dut.g_seg[1].u_bank.g_inv[94].u_inv._cell/A (sg13g2_inv_1)
     1    0.003250    0.032609    0.041635   13.788632 ^ u_dut.g_seg[1].u_bank.g_inv[94].u_inv._cell/Y (sg13g2_inv_1)
                                                         u_dut.g_seg[1].u_bank.node[95] (net)
                      0.032609    0.000130   13.788762 ^ u_dut.g_seg[1].u_bank.g_inv[95].u_inv._cell/A (sg13g2_inv_1)
     1    0.003089    0.027024    0.040764   13.829526 v u_dut.g_seg[1].u_bank.g_inv[95].u_inv._cell/Y (sg13g2_inv_1)
                                                         u_dut.g_seg[1].u_bank.node[96] (net)
                      0.027025    0.000122   13.829648 v u_dut.g_seg[1].u_bank.u_mux.u_m1/A1 (sg13g2_mux2_1)
     1    0.007772    0.075843    0.189912   14.019560 v u_dut.g_seg[1].u_bank.u_mux.u_m1/X (sg13g2_mux2_1)
                                                         u_dut.g_seg[1].u_bank.u_mux.w1 (net)
                      0.075845    0.000514   14.020075 v u_dut.g_seg[1].u_bank.u_mux.u_m2/A1 (sg13g2_mux2_1)
     2    0.012825    0.101220    0.236658   14.256732 v u_dut.g_seg[1].u_bank.u_mux.u_m2/X (sg13g2_mux2_1)
                                                         u_dut.g_seg[1].bank_dout (net)
                      0.101232    0.001122   14.257854 v u_dut.g_seg[2].g_fa[0].u_fa.u_a2/A (sg13g2_and2_1)
     1    0.004145    0.040378    0.138006   14.395860 v u_dut.g_seg[2].g_fa[0].u_fa.u_a2/X (sg13g2_and2_1)
                                                         u_dut.g_seg[2].g_fa[0].u_fa.v (net)
                      0.040378    0.000295   14.396155 v u_dut.g_seg[2].g_fa[0].u_fa.u_o1/B (sg13g2_or2_1)
     2    0.008653    0.069207    0.176826   14.572981 v u_dut.g_seg[2].g_fa[0].u_fa.u_o1/X (sg13g2_or2_1)
                                                         u_dut.g_seg[2].g_fa[0].u_fa.co (net)
                      0.069213    0.000680   14.573661 v u_dut.g_seg[2].g_fa[1].u_fa.u_a2/A (sg13g2_and2_1)
     1    0.003081    0.035823    0.118006   14.691667 v u_dut.g_seg[2].g_fa[1].u_fa.u_a2/X (sg13g2_and2_1)
                                                         u_dut.g_seg[2].g_fa[1].u_fa.v (net)
                      0.035823    0.000202   14.691869 v u_dut.g_seg[2].g_fa[1].u_fa.u_o1/B (sg13g2_or2_1)
     2    0.008107    0.066489    0.172340   14.864209 v u_dut.g_seg[2].g_fa[1].u_fa.u_o1/X (sg13g2_or2_1)
                                                         u_dut.g_seg[2].g_fa[1].u_fa.co (net)
                      0.066494    0.000643   14.864852 v u_dut.g_seg[2].g_fa[2].u_fa.u_a2/A (sg13g2_and2_1)
     1    0.002256    0.032124    0.113283   14.978135 v u_dut.g_seg[2].g_fa[2].u_fa.u_a2/X (sg13g2_and2_1)
                                                         u_dut.g_seg[2].g_fa[2].u_fa.v (net)
                      0.032124    0.000089   14.978224 v u_dut.g_seg[2].g_fa[2].u_fa.u_o1/B (sg13g2_or2_1)
     2    0.007972    0.065859    0.170271   15.148495 v u_dut.g_seg[2].g_fa[2].u_fa.u_o1/X (sg13g2_or2_1)
                                                         u_dut.g_seg[2].g_fa[2].u_fa.co (net)
                      0.065859    0.000329   15.148823 v u_dut.g_seg[2].g_fa[3].u_fa.u_a2/A (sg13g2_and2_1)
     1    0.002251    0.031978    0.112944   15.261767 v u_dut.g_seg[2].g_fa[3].u_fa.u_a2/X (sg13g2_and2_1)
                                                         u_dut.g_seg[2].g_fa[3].u_fa.v (net)
                      0.031978    0.000089   15.261856 v u_dut.g_seg[2].g_fa[3].u_fa.u_o1/B (sg13g2_or2_1)
     2    0.008260    0.067269    0.171466   15.433323 v u_dut.g_seg[2].g_fa[3].u_fa.u_o1/X (sg13g2_or2_1)
                                                         u_dut.g_seg[2].u_bank.node[0] (net)
                      0.067271    0.000478   15.433801 v u_dut.g_seg[2].u_bank.g_inv[0].u_inv._cell/A (sg13g2_inv_1)
     1    0.002854    0.038485    0.054358   15.488159 ^ u_dut.g_seg[2].u_bank.g_inv[0].u_inv._cell/Y (sg13g2_inv_1)
                                                         u_dut.g_seg[2].u_bank.node[1] (net)
                      0.038485    0.000114   15.488273 ^ u_dut.g_seg[2].u_bank.g_inv[1].u_inv._cell/A (sg13g2_inv_1)
     1    0.003213    0.028750    0.043428   15.531701 v u_dut.g_seg[2].u_bank.g_inv[1].u_inv._cell/Y (sg13g2_inv_1)
                                                         u_dut.g_seg[2].u_bank.node[2] (net)
                      0.028750    0.000234   15.531936 v u_dut.g_seg[2].u_bank.g_inv[2].u_inv._cell/A (sg13g2_inv_1)
     1    0.003492    0.034155    0.043029   15.574964 ^ u_dut.g_seg[2].u_bank.g_inv[2].u_inv._cell/Y (sg13g2_inv_1)
                                                         u_dut.g_seg[2].u_bank.node[3] (net)
                      0.034155    0.000259   15.575223 ^ u_dut.g_seg[2].u_bank.g_inv[3].u_inv._cell/A (sg13g2_inv_1)
     1    0.003096    0.027361    0.041334   15.616557 v u_dut.g_seg[2].u_bank.g_inv[3].u_inv._cell/Y (sg13g2_inv_1)
                                                         u_dut.g_seg[2].u_bank.node[4] (net)
                      0.027361    0.000231   15.616788 v u_dut.g_seg[2].u_bank.g_inv[4].u_inv._cell/A (sg13g2_inv_1)
     1    0.003578    0.034367    0.042901   15.659689 ^ u_dut.g_seg[2].u_bank.g_inv[4].u_inv._cell/Y (sg13g2_inv_1)
                                                         u_dut.g_seg[2].u_bank.node[5] (net)
                      0.034373    0.000258   15.659946 ^ u_dut.g_seg[2].u_bank.g_inv[5].u_inv._cell/A (sg13g2_inv_1)
     1    0.002741    0.025845    0.040037   15.699984 v u_dut.g_seg[2].u_bank.g_inv[5].u_inv._cell/Y (sg13g2_inv_1)
                                                         u_dut.g_seg[2].u_bank.node[6] (net)
                      0.025846    0.000110   15.700094 v u_dut.g_seg[2].u_bank.g_inv[6].u_inv._cell/A (sg13g2_inv_1)
     1    0.002854    0.029943    0.039105   15.739199 ^ u_dut.g_seg[2].u_bank.g_inv[6].u_inv._cell/Y (sg13g2_inv_1)
                                                         u_dut.g_seg[2].u_bank.node[7] (net)
                      0.029943    0.000114   15.739312 ^ u_dut.g_seg[2].u_bank.g_inv[7].u_inv._cell/A (sg13g2_inv_1)
     1    0.003543    0.028519    0.041505   15.780817 v u_dut.g_seg[2].u_bank.g_inv[7].u_inv._cell/Y (sg13g2_inv_1)
                                                         u_dut.g_seg[2].u_bank.node[8] (net)
                      0.028521    0.000258   15.781075 v u_dut.g_seg[2].u_bank.g_inv[8].u_inv._cell/A (sg13g2_inv_1)
     1    0.002897    0.030734    0.040249   15.821323 ^ u_dut.g_seg[2].u_bank.g_inv[8].u_inv._cell/Y (sg13g2_inv_1)
                                                         u_dut.g_seg[2].u_bank.node[9] (net)
                      0.030734    0.000226   15.821549 ^ u_dut.g_seg[2].u_bank.g_inv[9].u_inv._cell/A (sg13g2_inv_1)
     1    0.002741    0.025099    0.038691   15.860240 v u_dut.g_seg[2].u_bank.g_inv[9].u_inv._cell/Y (sg13g2_inv_1)
                                                         u_dut.g_seg[2].u_bank.node[10] (net)
                      0.025099    0.000110   15.860350 v u_dut.g_seg[2].u_bank.g_inv[10].u_inv._cell/A (sg13g2_inv_1)
     1    0.002854    0.029789    0.038829   15.899179 ^ u_dut.g_seg[2].u_bank.g_inv[10].u_inv._cell/Y (sg13g2_inv_1)
                                                         u_dut.g_seg[2].u_bank.node[11] (net)
                      0.029789    0.000114   15.899293 ^ u_dut.g_seg[2].u_bank.g_inv[11].u_inv._cell/A (sg13g2_inv_1)
     1    0.003003    0.026074    0.039373   15.938666 v u_dut.g_seg[2].u_bank.g_inv[11].u_inv._cell/Y (sg13g2_inv_1)
                                                         u_dut.g_seg[2].u_bank.node[12] (net)
                      0.026074    0.000119   15.938785 v u_dut.g_seg[2].u_bank.g_inv[12].u_inv._cell/A (sg13g2_inv_1)
     1    0.002855    0.029995    0.039194   15.977979 ^ u_dut.g_seg[2].u_bank.g_inv[12].u_inv._cell/Y (sg13g2_inv_1)
                                                         u_dut.g_seg[2].u_bank.node[13] (net)
                      0.029995    0.000114   15.978092 ^ u_dut.g_seg[2].u_bank.g_inv[13].u_inv._cell/A (sg13g2_inv_1)
     1    0.002741    0.024950    0.038419   16.016512 v u_dut.g_seg[2].u_bank.g_inv[13].u_inv._cell/Y (sg13g2_inv_1)
                                                         u_dut.g_seg[2].u_bank.node[14] (net)
                      0.024950    0.000110   16.016621 v u_dut.g_seg[2].u_bank.g_inv[14].u_inv._cell/A (sg13g2_inv_1)
     1    0.003141    0.031390    0.040032   16.056654 ^ u_dut.g_seg[2].u_bank.g_inv[14].u_inv._cell/Y (sg13g2_inv_1)
                                                         u_dut.g_seg[2].u_bank.node[15] (net)
                      0.031391    0.000234   16.056889 ^ u_dut.g_seg[2].u_bank.g_inv[15].u_inv._cell/A (sg13g2_inv_1)
     1    0.002988    0.026329    0.039909   16.096798 v u_dut.g_seg[2].u_bank.g_inv[15].u_inv._cell/Y (sg13g2_inv_1)
                                                         u_dut.g_seg[2].u_bank.node[16] (net)
                      0.026329    0.000117   16.096914 v u_dut.g_seg[2].u_bank.g_inv[16].u_inv._cell/A (sg13g2_inv_1)
     1    0.002982    0.030772    0.039861   16.136776 ^ u_dut.g_seg[2].u_bank.g_inv[16].u_inv._cell/Y (sg13g2_inv_1)
                                                         u_dut.g_seg[2].u_bank.node[17] (net)
                      0.030772    0.000119   16.136894 ^ u_dut.g_seg[2].u_bank.g_inv[17].u_inv._cell/A (sg13g2_inv_1)
     1    0.004027    0.030909    0.043734   16.180630 v u_dut.g_seg[2].u_bank.g_inv[17].u_inv._cell/Y (sg13g2_inv_1)
                                                         u_dut.g_seg[2].u_bank.node[18] (net)
                      0.030911    0.000274   16.180902 v u_dut.g_seg[2].u_bank.g_inv[18].u_inv._cell/A (sg13g2_inv_1)
     1    0.002856    0.031001    0.040981   16.221884 ^ u_dut.g_seg[2].u_bank.g_inv[18].u_inv._cell/Y (sg13g2_inv_1)
                                                         u_dut.g_seg[2].u_bank.node[19] (net)
                      0.031001    0.000114   16.221996 ^ u_dut.g_seg[2].u_bank.g_inv[19].u_inv._cell/A (sg13g2_inv_1)
     1    0.004239    0.031935    0.044658   16.266655 v u_dut.g_seg[2].u_bank.g_inv[19].u_inv._cell/Y (sg13g2_inv_1)
                                                         u_dut.g_seg[2].u_bank.node[20] (net)
                      0.031937    0.000277   16.266932 v u_dut.g_seg[2].u_bank.g_inv[20].u_inv._cell/A (sg13g2_inv_1)
     1    0.002979    0.031906    0.041920   16.308851 ^ u_dut.g_seg[2].u_bank.g_inv[20].u_inv._cell/Y (sg13g2_inv_1)
                                                         u_dut.g_seg[2].u_bank.node[21] (net)
                      0.031906    0.000119   16.308971 ^ u_dut.g_seg[2].u_bank.g_inv[21].u_inv._cell/A (sg13g2_inv_1)
     1    0.003393    0.028219    0.041668   16.350639 v u_dut.g_seg[2].u_bank.g_inv[21].u_inv._cell/Y (sg13g2_inv_1)
                                                         u_dut.g_seg[2].u_bank.node[22] (net)
                      0.028228    0.000238   16.350876 v u_dut.g_seg[2].u_bank.g_inv[22].u_inv._cell/A (sg13g2_inv_1)
     1    0.003001    0.031272    0.040650   16.391527 ^ u_dut.g_seg[2].u_bank.g_inv[22].u_inv._cell/Y (sg13g2_inv_1)
                                                         u_dut.g_seg[2].u_bank.node[23] (net)
                      0.031272    0.000119   16.391645 ^ u_dut.g_seg[2].u_bank.g_inv[23].u_inv._cell/A (sg13g2_inv_1)
     1    0.002746    0.025233    0.038911   16.430557 v u_dut.g_seg[2].u_bank.g_inv[23].u_inv._cell/Y (sg13g2_inv_1)
                                                         u_dut.g_seg[2].u_bank.node[24] (net)
                      0.025234    0.000110   16.430668 v u_dut.g_seg[2].u_bank.g_inv[24].u_inv._cell/A (sg13g2_inv_1)
     1    0.003103    0.031242    0.040005   16.470673 ^ u_dut.g_seg[2].u_bank.g_inv[24].u_inv._cell/Y (sg13g2_inv_1)
                                                         u_dut.g_seg[2].u_bank.node[25] (net)
                      0.031242    0.000123   16.470795 ^ u_dut.g_seg[2].u_bank.g_inv[25].u_inv._cell/A (sg13g2_inv_1)
     1    0.002744    0.025217    0.038892   16.509687 v u_dut.g_seg[2].u_bank.g_inv[25].u_inv._cell/Y (sg13g2_inv_1)
                                                         u_dut.g_seg[2].u_bank.node[26] (net)
                      0.025217    0.000110   16.509796 v u_dut.g_seg[2].u_bank.g_inv[26].u_inv._cell/A (sg13g2_inv_1)
     1    0.002851    0.029800    0.038863   16.548660 ^ u_dut.g_seg[2].u_bank.g_inv[26].u_inv._cell/Y (sg13g2_inv_1)
                                                         u_dut.g_seg[2].u_bank.node[27] (net)
                      0.029800    0.000114   16.548773 ^ u_dut.g_seg[2].u_bank.g_inv[27].u_inv._cell/A (sg13g2_inv_1)
     1    0.003228    0.027065    0.040224   16.588997 v u_dut.g_seg[2].u_bank.g_inv[27].u_inv._cell/Y (sg13g2_inv_1)
                                                         u_dut.g_seg[2].u_bank.node[28] (net)
                      0.027067    0.000233   16.589230 v u_dut.g_seg[2].u_bank.g_inv[28].u_inv._cell/A (sg13g2_inv_1)
     1    0.003273    0.032582    0.041453   16.630684 ^ u_dut.g_seg[2].u_bank.g_inv[28].u_inv._cell/Y (sg13g2_inv_1)
                                                         u_dut.g_seg[2].u_bank.node[29] (net)
                      0.032582    0.000128   16.630812 ^ u_dut.g_seg[2].u_bank.g_inv[29].u_inv._cell/A (sg13g2_inv_1)
     1    0.002810    0.025776    0.039613   16.670424 v u_dut.g_seg[2].u_bank.g_inv[29].u_inv._cell/Y (sg13g2_inv_1)
                                                         u_dut.g_seg[2].u_bank.node[30] (net)
                      0.025777    0.000217   16.670641 v u_dut.g_seg[2].u_bank.g_inv[30].u_inv._cell/A (sg13g2_inv_1)
     1    0.003142    0.031574    0.040382   16.711021 ^ u_dut.g_seg[2].u_bank.g_inv[30].u_inv._cell/Y (sg13g2_inv_1)
                                                         u_dut.g_seg[2].u_bank.node[31] (net)
                      0.031574    0.000124   16.711147 ^ u_dut.g_seg[2].u_bank.g_inv[31].u_inv._cell/A (sg13g2_inv_1)
     2    0.006036    0.040644    0.051903   16.763050 v u_dut.g_seg[2].u_bank.g_inv[31].u_inv._cell/Y (sg13g2_inv_1)
                                                         u_dut.g_seg[2].u_bank.node[32] (net)
                      0.040664    0.000357   16.763407 v u_dut.g_seg[2].u_bank.g_inv[32].u_inv._cell/A (sg13g2_inv_1)
     1    0.003210    0.034980    0.046219   16.809626 ^ u_dut.g_seg[2].u_bank.g_inv[32].u_inv._cell/Y (sg13g2_inv_1)
                                                         u_dut.g_seg[2].u_bank.node[33] (net)
                      0.034980    0.000126   16.809752 ^ u_dut.g_seg[2].u_bank.g_inv[33].u_inv._cell/A (sg13g2_inv_1)
     1    0.002746    0.025992    0.040282   16.850035 v u_dut.g_seg[2].u_bank.g_inv[33].u_inv._cell/Y (sg13g2_inv_1)
                                                         u_dut.g_seg[2].u_bank.node[34] (net)
                      0.025992    0.000110   16.850145 v u_dut.g_seg[2].u_bank.g_inv[34].u_inv._cell/A (sg13g2_inv_1)
     1    0.002858    0.029998    0.039179   16.889324 ^ u_dut.g_seg[2].u_bank.g_inv[34].u_inv._cell/Y (sg13g2_inv_1)
                                                         u_dut.g_seg[2].u_bank.node[35] (net)
                      0.029999    0.000114   16.889439 ^ u_dut.g_seg[2].u_bank.g_inv[35].u_inv._cell/A (sg13g2_inv_1)
     1    0.003200    0.026981    0.040190   16.929628 v u_dut.g_seg[2].u_bank.g_inv[35].u_inv._cell/Y (sg13g2_inv_1)
                                                         u_dut.g_seg[2].u_bank.node[36] (net)
                      0.026981    0.000231   16.929859 v u_dut.g_seg[2].u_bank.g_inv[36].u_inv._cell/A (sg13g2_inv_1)
     1    0.002999    0.031007    0.040183   16.970041 ^ u_dut.g_seg[2].u_bank.g_inv[36].u_inv._cell/Y (sg13g2_inv_1)
                                                         u_dut.g_seg[2].u_bank.node[37] (net)
                      0.031007    0.000119   16.970161 ^ u_dut.g_seg[2].u_bank.g_inv[37].u_inv._cell/A (sg13g2_inv_1)
     1    0.002745    0.025175    0.038810   17.008970 v u_dut.g_seg[2].u_bank.g_inv[37].u_inv._cell/Y (sg13g2_inv_1)
                                                         u_dut.g_seg[2].u_bank.node[38] (net)
                      0.025175    0.000110   17.009081 v u_dut.g_seg[2].u_bank.g_inv[38].u_inv._cell/A (sg13g2_inv_1)
     1    0.003269    0.032174    0.040728   17.049809 ^ u_dut.g_seg[2].u_bank.g_inv[38].u_inv._cell/Y (sg13g2_inv_1)
                                                         u_dut.g_seg[2].u_bank.node[39] (net)
                      0.032175    0.000130   17.049938 ^ u_dut.g_seg[2].u_bank.g_inv[39].u_inv._cell/A (sg13g2_inv_1)
     1    0.002745    0.025414    0.039242   17.089180 v u_dut.g_seg[2].u_bank.g_inv[39].u_inv._cell/Y (sg13g2_inv_1)
                                                         u_dut.g_seg[2].u_bank.node[40] (net)
                      0.025414    0.000110   17.089291 v u_dut.g_seg[2].u_bank.g_inv[40].u_inv._cell/A (sg13g2_inv_1)
     1    0.002858    0.029879    0.038966   17.128256 ^ u_dut.g_seg[2].u_bank.g_inv[40].u_inv._cell/Y (sg13g2_inv_1)
                                                         u_dut.g_seg[2].u_bank.node[41] (net)
                      0.029880    0.000114   17.128370 ^ u_dut.g_seg[2].u_bank.g_inv[41].u_inv._cell/A (sg13g2_inv_1)
     1    0.002750    0.024966    0.038412   17.166782 v u_dut.g_seg[2].u_bank.g_inv[41].u_inv._cell/Y (sg13g2_inv_1)
                                                         u_dut.g_seg[2].u_bank.node[42] (net)
                      0.024966    0.000110   17.166893 v u_dut.g_seg[2].u_bank.g_inv[42].u_inv._cell/A (sg13g2_inv_1)
     1    0.003791    0.035134    0.042954   17.209846 ^ u_dut.g_seg[2].u_bank.g_inv[42].u_inv._cell/Y (sg13g2_inv_1)
                                                         u_dut.g_seg[2].u_bank.node[43] (net)
                      0.035136    0.000281   17.210127 ^ u_dut.g_seg[2].u_bank.g_inv[43].u_inv._cell/A (sg13g2_inv_1)
     1    0.002885    0.026639    0.040897   17.251024 v u_dut.g_seg[2].u_bank.g_inv[43].u_inv._cell/Y (sg13g2_inv_1)
                                                         u_dut.g_seg[2].u_bank.node[44] (net)
                      0.026639    0.000115   17.251141 v u_dut.g_seg[2].u_bank.g_inv[44].u_inv._cell/A (sg13g2_inv_1)
     1    0.003594    0.034312    0.042702   17.293842 ^ u_dut.g_seg[2].u_bank.g_inv[44].u_inv._cell/Y (sg13g2_inv_1)
                                                         u_dut.g_seg[2].u_bank.node[45] (net)
                      0.034320    0.000256   17.294098 ^ u_dut.g_seg[2].u_bank.g_inv[45].u_inv._cell/A (sg13g2_inv_1)
     1    0.003287    0.028236    0.042157   17.336254 v u_dut.g_seg[2].u_bank.g_inv[45].u_inv._cell/Y (sg13g2_inv_1)
                                                         u_dut.g_seg[2].u_bank.node[46] (net)
                      0.028237    0.000236   17.336491 v u_dut.g_seg[2].u_bank.g_inv[46].u_inv._cell/A (sg13g2_inv_1)
     1    0.003411    0.033594    0.042474   17.378965 ^ u_dut.g_seg[2].u_bank.g_inv[46].u_inv._cell/Y (sg13g2_inv_1)
                                                         u_dut.g_seg[2].u_bank.node[47] (net)
                      0.033595    0.000249   17.379213 ^ u_dut.g_seg[2].u_bank.g_inv[47].u_inv._cell/A (sg13g2_inv_1)
     1    0.003485    0.028972    0.042663   17.421877 v u_dut.g_seg[2].u_bank.g_inv[47].u_inv._cell/Y (sg13g2_inv_1)
                                                         u_dut.g_seg[2].u_bank.node[48] (net)
                      0.028976    0.000256   17.422132 v u_dut.g_seg[2].u_bank.g_inv[48].u_inv._cell/A (sg13g2_inv_1)
     1    0.003694    0.035346    0.044031   17.466162 ^ u_dut.g_seg[2].u_bank.g_inv[48].u_inv._cell/Y (sg13g2_inv_1)
                                                         u_dut.g_seg[2].u_bank.node[49] (net)
                      0.035355    0.000268   17.466431 ^ u_dut.g_seg[2].u_bank.g_inv[49].u_inv._cell/A (sg13g2_inv_1)
     1    0.002888    0.026695    0.040989   17.507420 v u_dut.g_seg[2].u_bank.g_inv[49].u_inv._cell/Y (sg13g2_inv_1)
                                                         u_dut.g_seg[2].u_bank.node[50] (net)
                      0.026696    0.000114   17.507534 v u_dut.g_seg[2].u_bank.g_inv[50].u_inv._cell/A (sg13g2_inv_1)
     1    0.003421    0.033337    0.041933   17.549467 ^ u_dut.g_seg[2].u_bank.g_inv[50].u_inv._cell/Y (sg13g2_inv_1)
                                                         u_dut.g_seg[2].u_bank.node[51] (net)
                      0.033338    0.000263   17.549728 ^ u_dut.g_seg[2].u_bank.g_inv[51].u_inv._cell/A (sg13g2_inv_1)
     1    0.003097    0.027210    0.041069   17.590799 v u_dut.g_seg[2].u_bank.g_inv[51].u_inv._cell/Y (sg13g2_inv_1)
                                                         u_dut.g_seg[2].u_bank.node[52] (net)
                      0.027210    0.000123   17.590921 v u_dut.g_seg[2].u_bank.g_inv[52].u_inv._cell/A (sg13g2_inv_1)
     1    0.003731    0.035222    0.043537   17.634459 ^ u_dut.g_seg[2].u_bank.g_inv[52].u_inv._cell/Y (sg13g2_inv_1)
                                                         u_dut.g_seg[2].u_bank.node[53] (net)
                      0.035225    0.000268   17.634726 ^ u_dut.g_seg[2].u_bank.g_inv[53].u_inv._cell/A (sg13g2_inv_1)
     1    0.002931    0.026858    0.041112   17.675838 v u_dut.g_seg[2].u_bank.g_inv[53].u_inv._cell/Y (sg13g2_inv_1)
                                                         u_dut.g_seg[2].u_bank.node[54] (net)
                      0.026858    0.000117   17.675955 v u_dut.g_seg[2].u_bank.g_inv[54].u_inv._cell/A (sg13g2_inv_1)
     1    0.002854    0.030153    0.039478   17.715433 ^ u_dut.g_seg[2].u_bank.g_inv[54].u_inv._cell/Y (sg13g2_inv_1)
                                                         u_dut.g_seg[2].u_bank.node[55] (net)
                      0.030153    0.000114   17.715548 ^ u_dut.g_seg[2].u_bank.g_inv[55].u_inv._cell/A (sg13g2_inv_1)
     1    0.002741    0.024984    0.038479   17.754026 v u_dut.g_seg[2].u_bank.g_inv[55].u_inv._cell/Y (sg13g2_inv_1)
                                                         u_dut.g_seg[2].u_bank.node[56] (net)
                      0.024984    0.000110   17.754137 v u_dut.g_seg[2].u_bank.g_inv[56].u_inv._cell/A (sg13g2_inv_1)
     1    0.003279    0.032193    0.040703   17.794840 ^ u_dut.g_seg[2].u_bank.g_inv[56].u_inv._cell/Y (sg13g2_inv_1)
                                                         u_dut.g_seg[2].u_bank.node[57] (net)
                      0.032194    0.000130   17.794970 ^ u_dut.g_seg[2].u_bank.g_inv[57].u_inv._cell/A (sg13g2_inv_1)
     1    0.003294    0.027838    0.041380   17.836349 v u_dut.g_seg[2].u_bank.g_inv[57].u_inv._cell/Y (sg13g2_inv_1)
                                                         u_dut.g_seg[2].u_bank.node[58] (net)
                      0.027841    0.000240   17.836590 v u_dut.g_seg[2].u_bank.g_inv[58].u_inv._cell/A (sg13g2_inv_1)
     1    0.003268    0.032697    0.041675   17.878265 ^ u_dut.g_seg[2].u_bank.g_inv[58].u_inv._cell/Y (sg13g2_inv_1)
                                                         u_dut.g_seg[2].u_bank.node[59] (net)
                      0.032698    0.000242   17.878506 ^ u_dut.g_seg[2].u_bank.g_inv[59].u_inv._cell/A (sg13g2_inv_1)
     1    0.002911    0.026254    0.040091   17.918596 v u_dut.g_seg[2].u_bank.g_inv[59].u_inv._cell/Y (sg13g2_inv_1)
                                                         u_dut.g_seg[2].u_bank.node[60] (net)
                      0.026254    0.000115   17.918713 v u_dut.g_seg[2].u_bank.g_inv[60].u_inv._cell/A (sg13g2_inv_1)
     1    0.003261    0.032341    0.041059   17.959770 ^ u_dut.g_seg[2].u_bank.g_inv[60].u_inv._cell/Y (sg13g2_inv_1)
                                                         u_dut.g_seg[2].u_bank.node[61] (net)
                      0.032341    0.000238   17.960009 ^ u_dut.g_seg[2].u_bank.g_inv[61].u_inv._cell/A (sg13g2_inv_1)
     1    0.002896    0.026118    0.039902   17.999912 v u_dut.g_seg[2].u_bank.g_inv[61].u_inv._cell/Y (sg13g2_inv_1)
                                                         u_dut.g_seg[2].u_bank.node[62] (net)
                      0.026119    0.000115   18.000027 v u_dut.g_seg[2].u_bank.g_inv[62].u_inv._cell/A (sg13g2_inv_1)
     1    0.003451    0.033394    0.041858   18.041885 ^ u_dut.g_seg[2].u_bank.g_inv[62].u_inv._cell/Y (sg13g2_inv_1)
                                                         u_dut.g_seg[2].u_bank.node[63] (net)
                      0.033395    0.000259   18.042145 ^ u_dut.g_seg[2].u_bank.g_inv[63].u_inv._cell/A (sg13g2_inv_1)
     2    0.005943    0.040495    0.052356   18.094501 v u_dut.g_seg[2].u_bank.g_inv[63].u_inv._cell/Y (sg13g2_inv_1)
                                                         u_dut.g_seg[2].u_bank.node[64] (net)
                      0.040495    0.000174   18.094675 v u_dut.g_seg[2].u_bank.g_inv[64].u_inv._cell/A (sg13g2_inv_1)
     1    0.003251    0.035179    0.046350   18.141026 ^ u_dut.g_seg[2].u_bank.g_inv[64].u_inv._cell/Y (sg13g2_inv_1)
                                                         u_dut.g_seg[2].u_bank.node[65] (net)
                      0.035179    0.000128   18.141153 ^ u_dut.g_seg[2].u_bank.g_inv[65].u_inv._cell/A (sg13g2_inv_1)
     1    0.003236    0.028182    0.042274   18.183426 v u_dut.g_seg[2].u_bank.g_inv[65].u_inv._cell/Y (sg13g2_inv_1)
                                                         u_dut.g_seg[2].u_bank.node[66] (net)
                      0.028183    0.000238   18.183664 v u_dut.g_seg[2].u_bank.g_inv[66].u_inv._cell/A (sg13g2_inv_1)
     1    0.003314    0.033042    0.042055   18.225719 ^ u_dut.g_seg[2].u_bank.g_inv[66].u_inv._cell/Y (sg13g2_inv_1)
                                                         u_dut.g_seg[2].u_bank.node[67] (net)
                      0.033042    0.000130   18.225849 ^ u_dut.g_seg[2].u_bank.g_inv[67].u_inv._cell/A (sg13g2_inv_1)
     1    0.002741    0.025573    0.039545   18.265394 v u_dut.g_seg[2].u_bank.g_inv[67].u_inv._cell/Y (sg13g2_inv_1)
                                                         u_dut.g_seg[2].u_bank.node[68] (net)
                      0.025573    0.000110   18.265505 v u_dut.g_seg[2].u_bank.g_inv[68].u_inv._cell/A (sg13g2_inv_1)
     1    0.002854    0.029887    0.039005   18.304510 ^ u_dut.g_seg[2].u_bank.g_inv[68].u_inv._cell/Y (sg13g2_inv_1)
                                                         u_dut.g_seg[2].u_bank.node[69] (net)
                      0.029887    0.000114   18.304625 ^ u_dut.g_seg[2].u_bank.g_inv[69].u_inv._cell/A (sg13g2_inv_1)
     1    0.002741    0.024925    0.038378   18.343002 v u_dut.g_seg[2].u_bank.g_inv[69].u_inv._cell/Y (sg13g2_inv_1)
                                                         u_dut.g_seg[2].u_bank.node[70] (net)
                      0.024926    0.000110   18.343113 v u_dut.g_seg[2].u_bank.g_inv[70].u_inv._cell/A (sg13g2_inv_1)
     1    0.003012    0.030657    0.039480   18.382591 ^ u_dut.g_seg[2].u_bank.g_inv[70].u_inv._cell/Y (sg13g2_inv_1)
                                                         u_dut.g_seg[2].u_bank.node[71] (net)
                      0.030657    0.000119   18.382711 ^ u_dut.g_seg[2].u_bank.g_inv[71].u_inv._cell/A (sg13g2_inv_1)
     1    0.002741    0.025083    0.038662   18.421373 v u_dut.g_seg[2].u_bank.g_inv[71].u_inv._cell/Y (sg13g2_inv_1)
                                                         u_dut.g_seg[2].u_bank.node[72] (net)
                      0.025083    0.000110   18.421484 v u_dut.g_seg[2].u_bank.g_inv[72].u_inv._cell/A (sg13g2_inv_1)
     1    0.002854    0.029786    0.038824   18.460308 ^ u_dut.g_seg[2].u_bank.g_inv[72].u_inv._cell/Y (sg13g2_inv_1)
                                                         u_dut.g_seg[2].u_bank.node[73] (net)
                      0.029786    0.000114   18.460421 ^ u_dut.g_seg[2].u_bank.g_inv[73].u_inv._cell/A (sg13g2_inv_1)
     1    0.002741    0.024905    0.038339   18.498760 v u_dut.g_seg[2].u_bank.g_inv[73].u_inv._cell/Y (sg13g2_inv_1)
                                                         u_dut.g_seg[2].u_bank.node[74] (net)
                      0.024905    0.000110   18.498871 v u_dut.g_seg[2].u_bank.g_inv[74].u_inv._cell/A (sg13g2_inv_1)
     1    0.002854    0.029749    0.038758   18.537628 ^ u_dut.g_seg[2].u_bank.g_inv[74].u_inv._cell/Y (sg13g2_inv_1)
                                                         u_dut.g_seg[2].u_bank.node[75] (net)
                      0.029749    0.000114   18.537743 ^ u_dut.g_seg[2].u_bank.g_inv[75].u_inv._cell/A (sg13g2_inv_1)
     1    0.002781    0.025064    0.038446   18.576189 v u_dut.g_seg[2].u_bank.g_inv[75].u_inv._cell/Y (sg13g2_inv_1)
                                                         u_dut.g_seg[2].u_bank.node[76] (net)
                      0.025065    0.000217   18.576405 v u_dut.g_seg[2].u_bank.g_inv[76].u_inv._cell/A (sg13g2_inv_1)
     1    0.002917    0.030142    0.039101   18.615505 ^ u_dut.g_seg[2].u_bank.g_inv[76].u_inv._cell/Y (sg13g2_inv_1)
                                                         u_dut.g_seg[2].u_bank.node[77] (net)
                      0.030142    0.000115   18.615622 ^ u_dut.g_seg[2].u_bank.g_inv[77].u_inv._cell/A (sg13g2_inv_1)
     1    0.003499    0.028355    0.041400   18.657021 v u_dut.g_seg[2].u_bank.g_inv[77].u_inv._cell/Y (sg13g2_inv_1)
                                                         u_dut.g_seg[2].u_bank.node[78] (net)
                      0.028357    0.000263   18.657284 v u_dut.g_seg[2].u_bank.g_inv[78].u_inv._cell/A (sg13g2_inv_1)
     1    0.003037    0.031490    0.040821   18.698105 ^ u_dut.g_seg[2].u_bank.g_inv[78].u_inv._cell/Y (sg13g2_inv_1)
                                                         u_dut.g_seg[2].u_bank.node[79] (net)
                      0.031491    0.000231   18.698336 ^ u_dut.g_seg[2].u_bank.g_inv[79].u_inv._cell/A (sg13g2_inv_1)
     1    0.002880    0.025874    0.039522   18.737858 v u_dut.g_seg[2].u_bank.g_inv[79].u_inv._cell/Y (sg13g2_inv_1)
                                                         u_dut.g_seg[2].u_bank.node[80] (net)
                      0.025874    0.000114   18.737972 v u_dut.g_seg[2].u_bank.g_inv[80].u_inv._cell/A (sg13g2_inv_1)
     1    0.003777    0.035232    0.043279   18.781250 ^ u_dut.g_seg[2].u_bank.g_inv[80].u_inv._cell/Y (sg13g2_inv_1)
                                                         u_dut.g_seg[2].u_bank.node[81] (net)
                      0.035233    0.000149   18.781401 ^ u_dut.g_seg[2].u_bank.g_inv[81].u_inv._cell/A (sg13g2_inv_1)
     1    0.003808    0.030762    0.044578   18.825977 v u_dut.g_seg[2].u_bank.g_inv[81].u_inv._cell/Y (sg13g2_inv_1)
                                                         u_dut.g_seg[2].u_bank.node[82] (net)
                      0.030765    0.000270   18.826248 v u_dut.g_seg[2].u_bank.g_inv[82].u_inv._cell/A (sg13g2_inv_1)
     1    0.002854    0.030958    0.040917   18.867165 ^ u_dut.g_seg[2].u_bank.g_inv[82].u_inv._cell/Y (sg13g2_inv_1)
                                                         u_dut.g_seg[2].u_bank.node[83] (net)
                      0.030958    0.000114   18.867277 ^ u_dut.g_seg[2].u_bank.g_inv[83].u_inv._cell/A (sg13g2_inv_1)
     1    0.002741    0.025145    0.038774   18.906052 v u_dut.g_seg[2].u_bank.g_inv[83].u_inv._cell/Y (sg13g2_inv_1)
                                                         u_dut.g_seg[2].u_bank.node[84] (net)
                      0.025145    0.000110   18.906162 v u_dut.g_seg[2].u_bank.g_inv[84].u_inv._cell/A (sg13g2_inv_1)
     1    0.002854    0.029799    0.038847   18.945009 ^ u_dut.g_seg[2].u_bank.g_inv[84].u_inv._cell/Y (sg13g2_inv_1)
                                                         u_dut.g_seg[2].u_bank.node[85] (net)
                      0.029799    0.000114   18.945124 ^ u_dut.g_seg[2].u_bank.g_inv[85].u_inv._cell/A (sg13g2_inv_1)
     1    0.002741    0.024907    0.038344   18.983467 v u_dut.g_seg[2].u_bank.g_inv[85].u_inv._cell/Y (sg13g2_inv_1)
                                                         u_dut.g_seg[2].u_bank.node[86] (net)
                      0.024907    0.000110   18.983578 v u_dut.g_seg[2].u_bank.g_inv[86].u_inv._cell/A (sg13g2_inv_1)
     1    0.003102    0.031165    0.039876   19.023453 ^ u_dut.g_seg[2].u_bank.g_inv[86].u_inv._cell/Y (sg13g2_inv_1)
                                                         u_dut.g_seg[2].u_bank.node[87] (net)
                      0.031165    0.000123   19.023577 ^ u_dut.g_seg[2].u_bank.g_inv[87].u_inv._cell/A (sg13g2_inv_1)
     1    0.002741    0.025188    0.038851   19.062428 v u_dut.g_seg[2].u_bank.g_inv[87].u_inv._cell/Y (sg13g2_inv_1)
                                                         u_dut.g_seg[2].u_bank.node[88] (net)
                      0.025188    0.000110   19.062536 v u_dut.g_seg[2].u_bank.g_inv[88].u_inv._cell/A (sg13g2_inv_1)
     1    0.002855    0.029814    0.038868   19.101406 ^ u_dut.g_seg[2].u_bank.g_inv[88].u_inv._cell/Y (sg13g2_inv_1)
                                                         u_dut.g_seg[2].u_bank.node[89] (net)
                      0.029814    0.000114   19.101519 ^ u_dut.g_seg[2].u_bank.g_inv[89].u_inv._cell/A (sg13g2_inv_1)
     1    0.002747    0.024941    0.038376   19.139896 v u_dut.g_seg[2].u_bank.g_inv[89].u_inv._cell/Y (sg13g2_inv_1)
                                                         u_dut.g_seg[2].u_bank.node[90] (net)
                      0.024941    0.000110   19.140005 v u_dut.g_seg[2].u_bank.g_inv[90].u_inv._cell/A (sg13g2_inv_1)
     1    0.002858    0.029779    0.038790   19.178797 ^ u_dut.g_seg[2].u_bank.g_inv[90].u_inv._cell/Y (sg13g2_inv_1)
                                                         u_dut.g_seg[2].u_bank.node[91] (net)
                      0.029779    0.000114   19.178909 ^ u_dut.g_seg[2].u_bank.g_inv[91].u_inv._cell/A (sg13g2_inv_1)
     1    0.003263    0.027213    0.040348   19.219257 v u_dut.g_seg[2].u_bank.g_inv[91].u_inv._cell/Y (sg13g2_inv_1)
                                                         u_dut.g_seg[2].u_bank.node[92] (net)
                      0.027218    0.000238   19.219496 v u_dut.g_seg[2].u_bank.g_inv[92].u_inv._cell/A (sg13g2_inv_1)
     1    0.003147    0.031886    0.040899   19.260395 ^ u_dut.g_seg[2].u_bank.g_inv[92].u_inv._cell/Y (sg13g2_inv_1)
                                                         u_dut.g_seg[2].u_bank.node[93] (net)
                      0.031886    0.000238   19.260633 ^ u_dut.g_seg[2].u_bank.g_inv[93].u_inv._cell/A (sg13g2_inv_1)
     1    0.003073    0.026799    0.040394   19.301027 v u_dut.g_seg[2].u_bank.g_inv[93].u_inv._cell/Y (sg13g2_inv_1)
                                                         u_dut.g_seg[2].u_bank.node[94] (net)
                      0.026800    0.000229   19.301256 v u_dut.g_seg[2].u_bank.g_inv[94].u_inv._cell/A (sg13g2_inv_1)
     1    0.003223    0.032243    0.041128   19.342384 ^ u_dut.g_seg[2].u_bank.g_inv[94].u_inv._cell/Y (sg13g2_inv_1)
                                                         u_dut.g_seg[2].u_bank.node[95] (net)
                      0.032244    0.000126   19.342510 ^ u_dut.g_seg[2].u_bank.g_inv[95].u_inv._cell/A (sg13g2_inv_1)
     1    0.003034    0.026710    0.040412   19.382923 v u_dut.g_seg[2].u_bank.g_inv[95].u_inv._cell/Y (sg13g2_inv_1)
                                                         u_dut.g_seg[2].u_bank.node[96] (net)
                      0.026710    0.000121   19.383043 v u_dut.g_seg[2].u_bank.u_mux.u_m1/A1 (sg13g2_mux2_1)
     1    0.003792    0.059134    0.168605   19.551647 v u_dut.g_seg[2].u_bank.u_mux.u_m1/X (sg13g2_mux2_1)
                                                         u_dut.g_seg[2].u_bank.u_mux.w1 (net)
                      0.059134    0.000258   19.551905 v u_dut.g_seg[2].u_bank.u_mux.u_m2/A1 (sg13g2_mux2_1)
     2    0.021225    0.146826    0.273253   19.825159 v u_dut.g_seg[2].u_bank.u_mux.u_m2/X (sg13g2_mux2_1)
                                                         u_dut.g_seg[2].bank_dout (net)
                      0.146882    0.002604   19.827763 v u_dut.g_seg[3].g_fa[0].u_fa.u_a2/A (sg13g2_and2_1)
     1    0.003490    0.038073    0.153548   19.981312 v u_dut.g_seg[3].g_fa[0].u_fa.u_a2/X (sg13g2_and2_1)
                                                         u_dut.g_seg[3].g_fa[0].u_fa.v (net)
                      0.038073    0.000224   19.981535 v u_dut.g_seg[3].g_fa[0].u_fa.u_o1/B (sg13g2_or2_1)
     2    0.011067    0.081103    0.186994   20.168530 v u_dut.g_seg[3].g_fa[0].u_fa.u_o1/X (sg13g2_or2_1)
                                                         u_dut.g_seg[3].g_fa[0].u_fa.co (net)
                      0.081110    0.000819   20.169348 v u_dut.g_seg[3].g_fa[1].u_fa.u_a2/A (sg13g2_and2_1)
     1    0.003765    0.038239    0.126787   20.296135 v u_dut.g_seg[3].g_fa[1].u_fa.u_a2/X (sg13g2_and2_1)
                                                         u_dut.g_seg[3].g_fa[1].u_fa.v (net)
                      0.038239    0.000263   20.296398 v u_dut.g_seg[3].g_fa[1].u_fa.u_o1/B (sg13g2_or2_1)
     2    0.009046    0.071079    0.177783   20.474180 v u_dut.g_seg[3].g_fa[1].u_fa.u_o1/X (sg13g2_or2_1)
                                                         u_dut.g_seg[3].g_fa[1].u_fa.co (net)
                      0.071081    0.000487   20.474669 v u_dut.g_seg[3].g_fa[2].u_fa.u_a2/A (sg13g2_and2_1)
     1    0.003054    0.035116    0.118858   20.593525 v u_dut.g_seg[3].g_fa[2].u_fa.u_a2/X (sg13g2_and2_1)
                                                         u_dut.g_seg[3].g_fa[2].u_fa.v (net)
                      0.035116    0.000117   20.593643 v u_dut.g_seg[3].g_fa[2].u_fa.u_o1/B (sg13g2_or2_1)
     2    0.008776    0.069786    0.175142   20.768785 v u_dut.g_seg[3].g_fa[2].u_fa.u_o1/X (sg13g2_or2_1)
                                                         u_dut.g_seg[3].g_fa[2].u_fa.co (net)
                      0.069789    0.000584   20.769369 v u_dut.g_seg[3].g_fa[3].u_fa.u_a2/A (sg13g2_and2_1)
     1    0.002345    0.033494    0.115291   20.884661 v u_dut.g_seg[3].g_fa[3].u_fa.u_a2/X (sg13g2_and2_1)
                                                         u_dut.g_seg[3].g_fa[3].u_fa.v (net)
                      0.033494    0.000176   20.884836 v u_dut.g_seg[3].g_fa[3].u_fa.u_o1/B (sg13g2_or2_1)
     2    0.008564    0.068734    0.173534   21.058371 v u_dut.g_seg[3].g_fa[3].u_fa.u_o1/X (sg13g2_or2_1)
                                                         u_dut.g_seg[3].u_bank.node[0] (net)
                      0.068736    0.000488   21.058859 v u_dut.g_seg[3].u_bank.g_inv[0].u_inv._cell/A (sg13g2_inv_1)
     1    0.002897    0.039018    0.055113   21.113972 ^ u_dut.g_seg[3].u_bank.g_inv[0].u_inv._cell/Y (sg13g2_inv_1)
                                                         u_dut.g_seg[3].u_bank.node[1] (net)
                      0.039019    0.000115   21.114086 ^ u_dut.g_seg[3].u_bank.g_inv[1].u_inv._cell/A (sg13g2_inv_1)
     1    0.002780    0.026971    0.041917   21.156004 v u_dut.g_seg[3].u_bank.g_inv[1].u_inv._cell/Y (sg13g2_inv_1)
                                                         u_dut.g_seg[3].u_bank.node[2] (net)
                      0.026971    0.000110   21.156115 v u_dut.g_seg[3].u_bank.g_inv[2].u_inv._cell/A (sg13g2_inv_1)
     1    0.002943    0.030684    0.039924   21.196037 ^ u_dut.g_seg[3].u_bank.g_inv[2].u_inv._cell/Y (sg13g2_inv_1)
                                                         u_dut.g_seg[3].u_bank.node[3] (net)
                      0.030684    0.000117   21.196156 ^ u_dut.g_seg[3].u_bank.g_inv[3].u_inv._cell/A (sg13g2_inv_1)
     1    0.003236    0.027275    0.040583   21.236738 v u_dut.g_seg[3].u_bank.g_inv[3].u_inv._cell/Y (sg13g2_inv_1)
                                                         u_dut.g_seg[3].u_bank.node[4] (net)
                      0.027276    0.000238   21.236975 v u_dut.g_seg[3].u_bank.g_inv[4].u_inv._cell/A (sg13g2_inv_1)
     1    0.003336    0.032974    0.041776   21.278751 ^ u_dut.g_seg[3].u_bank.g_inv[4].u_inv._cell/Y (sg13g2_inv_1)
                                                         u_dut.g_seg[3].u_bank.node[5] (net)
                      0.032974    0.000245   21.278997 ^ u_dut.g_seg[3].u_bank.g_inv[5].u_inv._cell/A (sg13g2_inv_1)
     1    0.003055    0.026950    0.040767   21.319765 v u_dut.g_seg[3].u_bank.g_inv[5].u_inv._cell/Y (sg13g2_inv_1)
                                                         u_dut.g_seg[3].u_bank.node[6] (net)
                      0.026950    0.000121   21.319885 v u_dut.g_seg[3].u_bank.g_inv[6].u_inv._cell/A (sg13g2_inv_1)
     1    0.003431    0.033456    0.042121   21.362005 ^ u_dut.g_seg[3].u_bank.g_inv[6].u_inv._cell/Y (sg13g2_inv_1)
                                                         u_dut.g_seg[3].u_bank.node[7] (net)
                      0.033457    0.000137   21.362143 ^ u_dut.g_seg[3].u_bank.g_inv[7].u_inv._cell/A (sg13g2_inv_1)
     1    0.002782    0.025829    0.039824   21.401966 v u_dut.g_seg[3].u_bank.g_inv[7].u_inv._cell/Y (sg13g2_inv_1)
                                                         u_dut.g_seg[3].u_bank.node[8] (net)
                      0.025830    0.000217   21.402184 v u_dut.g_seg[3].u_bank.g_inv[8].u_inv._cell/A (sg13g2_inv_1)
     1    0.002854    0.029940    0.039099   21.441282 ^ u_dut.g_seg[3].u_bank.g_inv[8].u_inv._cell/Y (sg13g2_inv_1)
                                                         u_dut.g_seg[3].u_bank.node[9] (net)
                      0.029940    0.000114   21.441397 ^ u_dut.g_seg[3].u_bank.g_inv[9].u_inv._cell/A (sg13g2_inv_1)
     1    0.003067    0.026375    0.039641   21.481037 v u_dut.g_seg[3].u_bank.g_inv[9].u_inv._cell/Y (sg13g2_inv_1)
                                                         u_dut.g_seg[3].u_bank.node[10] (net)
                      0.026375    0.000226   21.481264 v u_dut.g_seg[3].u_bank.g_inv[10].u_inv._cell/A (sg13g2_inv_1)
     1    0.003566    0.034103    0.042480   21.523743 ^ u_dut.g_seg[3].u_bank.g_inv[10].u_inv._cell/Y (sg13g2_inv_1)
                                                         u_dut.g_seg[3].u_bank.node[11] (net)
                      0.034109    0.000252   21.523996 ^ u_dut.g_seg[3].u_bank.g_inv[11].u_inv._cell/A (sg13g2_inv_1)
     1    0.002947    0.026701    0.040759   21.564754 v u_dut.g_seg[3].u_bank.g_inv[11].u_inv._cell/Y (sg13g2_inv_1)
                                                         u_dut.g_seg[3].u_bank.node[12] (net)
                      0.026701    0.000117   21.564871 v u_dut.g_seg[3].u_bank.g_inv[12].u_inv._cell/A (sg13g2_inv_1)
     1    0.004839    0.041617    0.048352   21.613224 ^ u_dut.g_seg[3].u_bank.g_inv[12].u_inv._cell/Y (sg13g2_inv_1)
                                                         u_dut.g_seg[3].u_bank.node[13] (net)
                      0.041636    0.000316   21.613541 ^ u_dut.g_seg[3].u_bank.g_inv[13].u_inv._cell/A (sg13g2_inv_1)
     1    0.004133    0.033480    0.048402   21.661942 v u_dut.g_seg[3].u_bank.g_inv[13].u_inv._cell/Y (sg13g2_inv_1)
                                                         u_dut.g_seg[3].u_bank.node[14] (net)
                      0.033481    0.000160   21.662102 v u_dut.g_seg[3].u_bank.g_inv[14].u_inv._cell/A (sg13g2_inv_1)
     1    0.003080    0.032793    0.042956   21.705057 ^ u_dut.g_seg[3].u_bank.g_inv[14].u_inv._cell/Y (sg13g2_inv_1)
                                                         u_dut.g_seg[3].u_bank.node[15] (net)
                      0.032793    0.000121   21.705179 ^ u_dut.g_seg[3].u_bank.g_inv[15].u_inv._cell/A (sg13g2_inv_1)
     1    0.003131    0.027249    0.041000   21.746180 v u_dut.g_seg[3].u_bank.g_inv[15].u_inv._cell/Y (sg13g2_inv_1)
                                                         u_dut.g_seg[3].u_bank.node[16] (net)
                      0.027249    0.000123   21.746302 v u_dut.g_seg[3].u_bank.g_inv[16].u_inv._cell/A (sg13g2_inv_1)
     1    0.003707    0.035089    0.043439   21.789740 ^ u_dut.g_seg[3].u_bank.g_inv[16].u_inv._cell/Y (sg13g2_inv_1)
                                                         u_dut.g_seg[3].u_bank.node[17] (net)
                      0.035092    0.000270   21.790010 ^ u_dut.g_seg[3].u_bank.g_inv[17].u_inv._cell/A (sg13g2_inv_1)
     1    0.003585    0.029722    0.043636   21.833647 v u_dut.g_seg[3].u_bank.g_inv[17].u_inv._cell/Y (sg13g2_inv_1)
                                                         u_dut.g_seg[3].u_bank.node[18] (net)
                      0.029725    0.000250   21.833897 v u_dut.g_seg[3].u_bank.g_inv[18].u_inv._cell/A (sg13g2_inv_1)
     1    0.003147    0.032395    0.041828   21.875725 ^ u_dut.g_seg[3].u_bank.g_inv[18].u_inv._cell/Y (sg13g2_inv_1)
                                                         u_dut.g_seg[3].u_bank.node[19] (net)
                      0.032395    0.000236   21.875961 ^ u_dut.g_seg[3].u_bank.g_inv[19].u_inv._cell/A (sg13g2_inv_1)
     1    0.002766    0.025551    0.039405   21.915365 v u_dut.g_seg[3].u_bank.g_inv[19].u_inv._cell/Y (sg13g2_inv_1)
                                                         u_dut.g_seg[3].u_bank.node[20] (net)
                      0.025552    0.000110   21.915476 v u_dut.g_seg[3].u_bank.g_inv[20].u_inv._cell/A (sg13g2_inv_1)
     1    0.003567    0.033952    0.042212   21.957687 ^ u_dut.g_seg[3].u_bank.g_inv[20].u_inv._cell/Y (sg13g2_inv_1)
                                                         u_dut.g_seg[3].u_bank.node[21] (net)
                      0.033955    0.000140   21.957829 ^ u_dut.g_seg[3].u_bank.g_inv[21].u_inv._cell/A (sg13g2_inv_1)
     1    0.002884    0.026391    0.040451   21.998280 v u_dut.g_seg[3].u_bank.g_inv[21].u_inv._cell/Y (sg13g2_inv_1)
                                                         u_dut.g_seg[3].u_bank.node[22] (net)
                      0.026391    0.000114   21.998394 v u_dut.g_seg[3].u_bank.g_inv[22].u_inv._cell/A (sg13g2_inv_1)
     1    0.003612    0.034364    0.042684   22.041077 ^ u_dut.g_seg[3].u_bank.g_inv[22].u_inv._cell/Y (sg13g2_inv_1)
                                                         u_dut.g_seg[3].u_bank.node[23] (net)
                      0.034374    0.000268   22.041346 ^ u_dut.g_seg[3].u_bank.g_inv[23].u_inv._cell/A (sg13g2_inv_1)
     1    0.003228    0.027984    0.041931   22.083277 v u_dut.g_seg[3].u_bank.g_inv[23].u_inv._cell/Y (sg13g2_inv_1)
                                                         u_dut.g_seg[3].u_bank.node[24] (net)
                      0.027985    0.000250   22.083527 v u_dut.g_seg[3].u_bank.g_inv[24].u_inv._cell/A (sg13g2_inv_1)
     1    0.002854    0.030384    0.039893   22.123421 ^ u_dut.g_seg[3].u_bank.g_inv[24].u_inv._cell/Y (sg13g2_inv_1)
                                                         u_dut.g_seg[3].u_bank.node[25] (net)
                      0.030385    0.000114   22.123533 ^ u_dut.g_seg[3].u_bank.g_inv[25].u_inv._cell/A (sg13g2_inv_1)
     1    0.002741    0.025028    0.038561   22.162094 v u_dut.g_seg[3].u_bank.g_inv[25].u_inv._cell/Y (sg13g2_inv_1)
                                                         u_dut.g_seg[3].u_bank.node[26] (net)
                      0.025028    0.000110   22.162205 v u_dut.g_seg[3].u_bank.g_inv[26].u_inv._cell/A (sg13g2_inv_1)
     1    0.003313    0.032386    0.040826   22.203032 ^ u_dut.g_seg[3].u_bank.g_inv[26].u_inv._cell/Y (sg13g2_inv_1)
                                                         u_dut.g_seg[3].u_bank.node[27] (net)
                      0.032387    0.000254   22.203285 ^ u_dut.g_seg[3].u_bank.g_inv[27].u_inv._cell/A (sg13g2_inv_1)
     1    0.002741    0.025438    0.039302   22.242586 v u_dut.g_seg[3].u_bank.g_inv[27].u_inv._cell/Y (sg13g2_inv_1)
                                                         u_dut.g_seg[3].u_bank.node[28] (net)
                      0.025438    0.000110   22.242697 v u_dut.g_seg[3].u_bank.g_inv[28].u_inv._cell/A (sg13g2_inv_1)
     1    0.002854    0.029859    0.038956   22.281652 ^ u_dut.g_seg[3].u_bank.g_inv[28].u_inv._cell/Y (sg13g2_inv_1)
                                                         u_dut.g_seg[3].u_bank.node[29] (net)
                      0.029859    0.000114   22.281767 ^ u_dut.g_seg[3].u_bank.g_inv[29].u_inv._cell/A (sg13g2_inv_1)
     1    0.002746    0.024942    0.038387   22.320154 v u_dut.g_seg[3].u_bank.g_inv[29].u_inv._cell/Y (sg13g2_inv_1)
                                                         u_dut.g_seg[3].u_bank.node[30] (net)
                      0.024942    0.000110   22.320263 v u_dut.g_seg[3].u_bank.g_inv[30].u_inv._cell/A (sg13g2_inv_1)
     1    0.003393    0.032839    0.041201   22.361464 ^ u_dut.g_seg[3].u_bank.g_inv[30].u_inv._cell/Y (sg13g2_inv_1)
                                                         u_dut.g_seg[3].u_bank.node[31] (net)
                      0.032839    0.000135   22.361599 ^ u_dut.g_seg[3].u_bank.g_inv[31].u_inv._cell/A (sg13g2_inv_1)
     2    0.006677    0.043989    0.054959   22.416557 v u_dut.g_seg[3].u_bank.g_inv[31].u_inv._cell/Y (sg13g2_inv_1)
                                                         u_dut.g_seg[3].u_bank.node[32] (net)
                      0.043994    0.000382   22.416941 v u_dut.g_seg[3].u_bank.g_inv[32].u_inv._cell/A (sg13g2_inv_1)
     1    0.003745    0.038620    0.049967   22.466908 ^ u_dut.g_seg[3].u_bank.g_inv[32].u_inv._cell/Y (sg13g2_inv_1)
                                                         u_dut.g_seg[3].u_bank.node[33] (net)
                      0.038620    0.000147   22.467054 ^ u_dut.g_seg[3].u_bank.g_inv[33].u_inv._cell/A (sg13g2_inv_1)
     1    0.002919    0.027500    0.042332   22.509386 v u_dut.g_seg[3].u_bank.g_inv[33].u_inv._cell/Y (sg13g2_inv_1)
                                                         u_dut.g_seg[3].u_bank.node[34] (net)
                      0.027500    0.000115   22.509502 v u_dut.g_seg[3].u_bank.g_inv[34].u_inv._cell/A (sg13g2_inv_1)
     1    0.003563    0.034308    0.042888   22.552391 ^ u_dut.g_seg[3].u_bank.g_inv[34].u_inv._cell/Y (sg13g2_inv_1)
                                                         u_dut.g_seg[3].u_bank.node[35] (net)
                      0.034311    0.000252   22.552643 ^ u_dut.g_seg[3].u_bank.g_inv[35].u_inv._cell/A (sg13g2_inv_1)
     1    0.003589    0.029588    0.043348   22.595991 v u_dut.g_seg[3].u_bank.g_inv[35].u_inv._cell/Y (sg13g2_inv_1)
                                                         u_dut.g_seg[3].u_bank.node[36] (net)
                      0.029590    0.000263   22.596254 v u_dut.g_seg[3].u_bank.g_inv[36].u_inv._cell/A (sg13g2_inv_1)
     1    0.003126    0.032261    0.041725   22.637980 ^ u_dut.g_seg[3].u_bank.g_inv[36].u_inv._cell/Y (sg13g2_inv_1)
                                                         u_dut.g_seg[3].u_bank.node[37] (net)
                      0.032261    0.000124   22.638103 ^ u_dut.g_seg[3].u_bank.g_inv[37].u_inv._cell/A (sg13g2_inv_1)
     1    0.002741    0.025413    0.039257   22.677361 v u_dut.g_seg[3].u_bank.g_inv[37].u_inv._cell/Y (sg13g2_inv_1)
                                                         u_dut.g_seg[3].u_bank.node[38] (net)
                      0.025413    0.000110   22.677471 v u_dut.g_seg[3].u_bank.g_inv[38].u_inv._cell/A (sg13g2_inv_1)
     1    0.003144    0.031513    0.040256   22.717728 ^ u_dut.g_seg[3].u_bank.g_inv[38].u_inv._cell/Y (sg13g2_inv_1)
                                                         u_dut.g_seg[3].u_bank.node[39] (net)
                      0.031513    0.000126   22.717854 ^ u_dut.g_seg[3].u_bank.g_inv[39].u_inv._cell/A (sg13g2_inv_1)
     1    0.003458    0.028442    0.041773   22.759626 v u_dut.g_seg[3].u_bank.g_inv[39].u_inv._cell/Y (sg13g2_inv_1)
                                                         u_dut.g_seg[3].u_bank.node[40] (net)
                      0.028445    0.000243   22.759869 v u_dut.g_seg[3].u_bank.g_inv[40].u_inv._cell/A (sg13g2_inv_1)
     1    0.003062    0.031660    0.041007   22.800877 ^ u_dut.g_seg[3].u_bank.g_inv[40].u_inv._cell/Y (sg13g2_inv_1)
                                                         u_dut.g_seg[3].u_bank.node[41] (net)
                      0.031660    0.000121   22.800997 ^ u_dut.g_seg[3].u_bank.g_inv[41].u_inv._cell/A (sg13g2_inv_1)
     1    0.003212    0.027381    0.040897   22.841894 v u_dut.g_seg[3].u_bank.g_inv[41].u_inv._cell/Y (sg13g2_inv_1)
                                                         u_dut.g_seg[3].u_bank.node[42] (net)
                      0.027381    0.000126   22.842020 v u_dut.g_seg[3].u_bank.g_inv[42].u_inv._cell/A (sg13g2_inv_1)
     1    0.003918    0.036340    0.044448   22.886469 ^ u_dut.g_seg[3].u_bank.g_inv[42].u_inv._cell/Y (sg13g2_inv_1)
                                                         u_dut.g_seg[3].u_bank.node[43] (net)
                      0.036342    0.000272   22.886740 ^ u_dut.g_seg[3].u_bank.g_inv[43].u_inv._cell/A (sg13g2_inv_1)
     1    0.003073    0.027714    0.042101   22.928843 v u_dut.g_seg[3].u_bank.g_inv[43].u_inv._cell/Y (sg13g2_inv_1)
                                                         u_dut.g_seg[3].u_bank.node[44] (net)
                      0.027714    0.000119   22.928961 v u_dut.g_seg[3].u_bank.g_inv[44].u_inv._cell/A (sg13g2_inv_1)
     1    0.003006    0.031195    0.040483   22.969444 ^ u_dut.g_seg[3].u_bank.g_inv[44].u_inv._cell/Y (sg13g2_inv_1)
                                                         u_dut.g_seg[3].u_bank.node[45] (net)
                      0.031195    0.000119   22.969563 ^ u_dut.g_seg[3].u_bank.g_inv[45].u_inv._cell/A (sg13g2_inv_1)
     1    0.003173    0.027098    0.040526   23.010088 v u_dut.g_seg[3].u_bank.g_inv[45].u_inv._cell/Y (sg13g2_inv_1)
                                                         u_dut.g_seg[3].u_bank.node[46] (net)
                      0.027099    0.000234   23.010323 v u_dut.g_seg[3].u_bank.g_inv[46].u_inv._cell/A (sg13g2_inv_1)
     1    0.003626    0.034585    0.043018   23.053341 ^ u_dut.g_seg[3].u_bank.g_inv[46].u_inv._cell/Y (sg13g2_inv_1)
                                                         u_dut.g_seg[3].u_bank.node[47] (net)
                      0.034593    0.000259   23.053600 ^ u_dut.g_seg[3].u_bank.g_inv[47].u_inv._cell/A (sg13g2_inv_1)
     1    0.003087    0.027410    0.041464   23.095064 v u_dut.g_seg[3].u_bank.g_inv[47].u_inv._cell/Y (sg13g2_inv_1)
                                                         u_dut.g_seg[3].u_bank.node[48] (net)
                      0.027410    0.000227   23.095291 v u_dut.g_seg[3].u_bank.g_inv[48].u_inv._cell/A (sg13g2_inv_1)
     1    0.002867    0.030340    0.039741   23.135033 ^ u_dut.g_seg[3].u_bank.g_inv[48].u_inv._cell/Y (sg13g2_inv_1)
                                                         u_dut.g_seg[3].u_bank.node[49] (net)
                      0.030341    0.000114   23.135145 ^ u_dut.g_seg[3].u_bank.g_inv[49].u_inv._cell/A (sg13g2_inv_1)
     1    0.003229    0.027188    0.040465   23.175611 v u_dut.g_seg[3].u_bank.g_inv[49].u_inv._cell/Y (sg13g2_inv_1)
                                                         u_dut.g_seg[3].u_bank.node[50] (net)
                      0.027189    0.000128   23.175739 v u_dut.g_seg[3].u_bank.g_inv[50].u_inv._cell/A (sg13g2_inv_1)
     1    0.003401    0.033326    0.042039   23.217779 ^ u_dut.g_seg[3].u_bank.g_inv[50].u_inv._cell/Y (sg13g2_inv_1)
                                                         u_dut.g_seg[3].u_bank.node[51] (net)
                      0.033327    0.000245   23.218023 ^ u_dut.g_seg[3].u_bank.g_inv[51].u_inv._cell/A (sg13g2_inv_1)
     1    0.003641    0.029627    0.043173   23.261196 v u_dut.g_seg[3].u_bank.g_inv[51].u_inv._cell/Y (sg13g2_inv_1)
                                                         u_dut.g_seg[3].u_bank.node[52] (net)
                      0.029629    0.000270   23.261467 v u_dut.g_seg[3].u_bank.g_inv[52].u_inv._cell/A (sg13g2_inv_1)
     1    0.003000    0.031555    0.041165   23.302631 ^ u_dut.g_seg[3].u_bank.g_inv[52].u_inv._cell/Y (sg13g2_inv_1)
                                                         u_dut.g_seg[3].u_bank.node[53] (net)
                      0.031555    0.000119   23.302752 ^ u_dut.g_seg[3].u_bank.g_inv[53].u_inv._cell/A (sg13g2_inv_1)
     1    0.003074    0.026736    0.040274   23.343023 v u_dut.g_seg[3].u_bank.g_inv[53].u_inv._cell/Y (sg13g2_inv_1)
                                                         u_dut.g_seg[3].u_bank.node[54] (net)
                      0.026737    0.000229   23.343254 v u_dut.g_seg[3].u_bank.g_inv[54].u_inv._cell/A (sg13g2_inv_1)
     1    0.003161    0.031875    0.040822   23.384075 ^ u_dut.g_seg[3].u_bank.g_inv[54].u_inv._cell/Y (sg13g2_inv_1)
                                                         u_dut.g_seg[3].u_bank.node[55] (net)
                      0.031875    0.000124   23.384201 ^ u_dut.g_seg[3].u_bank.g_inv[55].u_inv._cell/A (sg13g2_inv_1)
     1    0.002748    0.025367    0.039144   23.423344 v u_dut.g_seg[3].u_bank.g_inv[55].u_inv._cell/Y (sg13g2_inv_1)
                                                         u_dut.g_seg[3].u_bank.node[56] (net)
                      0.025367    0.000110   23.423454 v u_dut.g_seg[3].u_bank.g_inv[56].u_inv._cell/A (sg13g2_inv_1)
     1    0.003244    0.032071    0.040687   23.464142 ^ u_dut.g_seg[3].u_bank.g_inv[56].u_inv._cell/Y (sg13g2_inv_1)
                                                         u_dut.g_seg[3].u_bank.node[57] (net)
                      0.032071    0.000128   23.464270 ^ u_dut.g_seg[3].u_bank.g_inv[57].u_inv._cell/A (sg13g2_inv_1)
     1    0.002967    0.026364    0.040039   23.504309 v u_dut.g_seg[3].u_bank.g_inv[57].u_inv._cell/Y (sg13g2_inv_1)
                                                         u_dut.g_seg[3].u_bank.node[58] (net)
                      0.026364    0.000229   23.504538 v u_dut.g_seg[3].u_bank.g_inv[58].u_inv._cell/A (sg13g2_inv_1)
     1    0.002871    0.030149    0.039375   23.543913 ^ u_dut.g_seg[3].u_bank.g_inv[58].u_inv._cell/Y (sg13g2_inv_1)
                                                         u_dut.g_seg[3].u_bank.node[59] (net)
                      0.030149    0.000114   23.544025 ^ u_dut.g_seg[3].u_bank.g_inv[59].u_inv._cell/A (sg13g2_inv_1)
     1    0.003185    0.026955    0.040222   23.584248 v u_dut.g_seg[3].u_bank.g_inv[59].u_inv._cell/Y (sg13g2_inv_1)
                                                         u_dut.g_seg[3].u_bank.node[60] (net)
                      0.026955    0.000124   23.584372 v u_dut.g_seg[3].u_bank.g_inv[60].u_inv._cell/A (sg13g2_inv_1)
     1    0.002994    0.030968    0.040147   23.624519 ^ u_dut.g_seg[3].u_bank.g_inv[60].u_inv._cell/Y (sg13g2_inv_1)
                                                         u_dut.g_seg[3].u_bank.node[61] (net)
                      0.030969    0.000119   23.624640 ^ u_dut.g_seg[3].u_bank.g_inv[61].u_inv._cell/A (sg13g2_inv_1)
     1    0.002745    0.025167    0.038796   23.663435 v u_dut.g_seg[3].u_bank.g_inv[61].u_inv._cell/Y (sg13g2_inv_1)
                                                         u_dut.g_seg[3].u_bank.node[62] (net)
                      0.025167    0.000110   23.663546 v u_dut.g_seg[3].u_bank.g_inv[62].u_inv._cell/A (sg13g2_inv_1)
     1    0.002858    0.029826    0.038874   23.702419 ^ u_dut.g_seg[3].u_bank.g_inv[62].u_inv._cell/Y (sg13g2_inv_1)
                                                         u_dut.g_seg[3].u_bank.node[63] (net)
                      0.029826    0.000114   23.702532 ^ u_dut.g_seg[3].u_bank.g_inv[63].u_inv._cell/A (sg13g2_inv_1)
     2    0.006441    0.042274    0.052840   23.755371 v u_dut.g_seg[3].u_bank.g_inv[63].u_inv._cell/Y (sg13g2_inv_1)
                                                         u_dut.g_seg[3].u_bank.node[64] (net)
                      0.042290    0.000185   23.755556 v u_dut.g_seg[3].u_bank.g_inv[64].u_inv._cell/A (sg13g2_inv_1)
     1    0.003455    0.036667    0.047937   23.803493 ^ u_dut.g_seg[3].u_bank.g_inv[64].u_inv._cell/Y (sg13g2_inv_1)
                                                         u_dut.g_seg[3].u_bank.node[65] (net)
                      0.036668    0.000245   23.803738 ^ u_dut.g_seg[3].u_bank.g_inv[65].u_inv._cell/A (sg13g2_inv_1)
     1    0.004091    0.032332    0.046253   23.849991 v u_dut.g_seg[3].u_bank.g_inv[65].u_inv._cell/Y (sg13g2_inv_1)
                                                         u_dut.g_seg[3].u_bank.node[66] (net)
                      0.032334    0.000293   23.850285 v u_dut.g_seg[3].u_bank.g_inv[66].u_inv._cell/A (sg13g2_inv_1)
     1    0.003779    0.036494    0.045681   23.895966 ^ u_dut.g_seg[3].u_bank.g_inv[66].u_inv._cell/Y (sg13g2_inv_1)
                                                         u_dut.g_seg[3].u_bank.node[67] (net)
                      0.036503    0.000275   23.896240 ^ u_dut.g_seg[3].u_bank.g_inv[67].u_inv._cell/A (sg13g2_inv_1)
     1    0.003073    0.027744    0.042160   23.938400 v u_dut.g_seg[3].u_bank.g_inv[67].u_inv._cell/Y (sg13g2_inv_1)
                                                         u_dut.g_seg[3].u_bank.node[68] (net)
                      0.027744    0.000121   23.938520 v u_dut.g_seg[3].u_bank.g_inv[68].u_inv._cell/A (sg13g2_inv_1)
     1    0.002887    0.030523    0.039954   23.978476 ^ u_dut.g_seg[3].u_bank.g_inv[68].u_inv._cell/Y (sg13g2_inv_1)
                                                         u_dut.g_seg[3].u_bank.node[69] (net)
                      0.030523    0.000115   23.978590 ^ u_dut.g_seg[3].u_bank.g_inv[69].u_inv._cell/A (sg13g2_inv_1)
     1    0.003053    0.026442    0.039840   24.018431 v u_dut.g_seg[3].u_bank.g_inv[69].u_inv._cell/Y (sg13g2_inv_1)
                                                         u_dut.g_seg[3].u_bank.node[70] (net)
                      0.026442    0.000121   24.018551 v u_dut.g_seg[3].u_bank.g_inv[70].u_inv._cell/A (sg13g2_inv_1)
     1    0.002854    0.030068    0.039327   24.057878 ^ u_dut.g_seg[3].u_bank.g_inv[70].u_inv._cell/Y (sg13g2_inv_1)
                                                         u_dut.g_seg[3].u_bank.node[71] (net)
                      0.030068    0.000114   24.057991 ^ u_dut.g_seg[3].u_bank.g_inv[71].u_inv._cell/A (sg13g2_inv_1)
     1    0.003231    0.027131    0.040336   24.098328 v u_dut.g_seg[3].u_bank.g_inv[71].u_inv._cell/Y (sg13g2_inv_1)
                                                         u_dut.g_seg[3].u_bank.node[72] (net)
                      0.027132    0.000233   24.098560 v u_dut.g_seg[3].u_bank.g_inv[72].u_inv._cell/A (sg13g2_inv_1)
     1    0.003010    0.031098    0.040286   24.138845 ^ u_dut.g_seg[3].u_bank.g_inv[72].u_inv._cell/Y (sg13g2_inv_1)
                                                         u_dut.g_seg[3].u_bank.node[73] (net)
                      0.031098    0.000119   24.138966 ^ u_dut.g_seg[3].u_bank.g_inv[73].u_inv._cell/A (sg13g2_inv_1)
     1    0.002741    0.025176    0.038828   24.177794 v u_dut.g_seg[3].u_bank.g_inv[73].u_inv._cell/Y (sg13g2_inv_1)
                                                         u_dut.g_seg[3].u_bank.node[74] (net)
                      0.025176    0.000110   24.177902 v u_dut.g_seg[3].u_bank.g_inv[74].u_inv._cell/A (sg13g2_inv_1)
     1    0.002863    0.029857    0.038899   24.216803 ^ u_dut.g_seg[3].u_bank.g_inv[74].u_inv._cell/Y (sg13g2_inv_1)
                                                         u_dut.g_seg[3].u_bank.node[75] (net)
                      0.029857    0.000114   24.216915 ^ u_dut.g_seg[3].u_bank.g_inv[75].u_inv._cell/A (sg13g2_inv_1)
     1    0.002746    0.024941    0.038385   24.255301 v u_dut.g_seg[3].u_bank.g_inv[75].u_inv._cell/Y (sg13g2_inv_1)
                                                         u_dut.g_seg[3].u_bank.node[76] (net)
                      0.024941    0.000110   24.255411 v u_dut.g_seg[3].u_bank.g_inv[76].u_inv._cell/A (sg13g2_inv_1)
     1    0.002861    0.029799    0.038806   24.294216 ^ u_dut.g_seg[3].u_bank.g_inv[76].u_inv._cell/Y (sg13g2_inv_1)
                                                         u_dut.g_seg[3].u_bank.node[77] (net)
                      0.029799    0.000114   24.294331 ^ u_dut.g_seg[3].u_bank.g_inv[77].u_inv._cell/A (sg13g2_inv_1)
     1    0.003372    0.027722    0.040821   24.335152 v u_dut.g_seg[3].u_bank.g_inv[77].u_inv._cell/Y (sg13g2_inv_1)
                                                         u_dut.g_seg[3].u_bank.node[78] (net)
                      0.027722    0.000133   24.335285 v u_dut.g_seg[3].u_bank.g_inv[78].u_inv._cell/A (sg13g2_inv_1)
     1    0.003541    0.034226    0.042869   24.378153 ^ u_dut.g_seg[3].u_bank.g_inv[78].u_inv._cell/Y (sg13g2_inv_1)
                                                         u_dut.g_seg[3].u_bank.node[79] (net)
                      0.034227    0.000252   24.378407 ^ u_dut.g_seg[3].u_bank.g_inv[79].u_inv._cell/A (sg13g2_inv_1)
     1    0.003161    0.027660    0.041620   24.420025 v u_dut.g_seg[3].u_bank.g_inv[79].u_inv._cell/Y (sg13g2_inv_1)
                                                         u_dut.g_seg[3].u_bank.node[80] (net)
                      0.027661    0.000233   24.420258 v u_dut.g_seg[3].u_bank.g_inv[80].u_inv._cell/A (sg13g2_inv_1)
     1    0.003029    0.031312    0.040567   24.460825 ^ u_dut.g_seg[3].u_bank.g_inv[80].u_inv._cell/Y (sg13g2_inv_1)
                                                         u_dut.g_seg[3].u_bank.node[81] (net)
                      0.031313    0.000121   24.460945 ^ u_dut.g_seg[3].u_bank.g_inv[81].u_inv._cell/A (sg13g2_inv_1)
     1    0.003078    0.026703    0.040199   24.501144 v u_dut.g_seg[3].u_bank.g_inv[81].u_inv._cell/Y (sg13g2_inv_1)
                                                         u_dut.g_seg[3].u_bank.node[82] (net)
                      0.026703    0.000227   24.501371 v u_dut.g_seg[3].u_bank.g_inv[82].u_inv._cell/A (sg13g2_inv_1)
     1    0.003270    0.032492    0.041304   24.542677 ^ u_dut.g_seg[3].u_bank.g_inv[82].u_inv._cell/Y (sg13g2_inv_1)
                                                         u_dut.g_seg[3].u_bank.node[83] (net)
                      0.032492    0.000130   24.542807 ^ u_dut.g_seg[3].u_bank.g_inv[83].u_inv._cell/A (sg13g2_inv_1)
     1    0.003553    0.029077    0.042560   24.585365 v u_dut.g_seg[3].u_bank.g_inv[83].u_inv._cell/Y (sg13g2_inv_1)
                                                         u_dut.g_seg[3].u_bank.node[84] (net)
                      0.029077    0.000139   24.585505 v u_dut.g_seg[3].u_bank.g_inv[84].u_inv._cell/A (sg13g2_inv_1)
     1    0.003797    0.035971    0.044578   24.630081 ^ u_dut.g_seg[3].u_bank.g_inv[84].u_inv._cell/Y (sg13g2_inv_1)
                                                         u_dut.g_seg[3].u_bank.node[85] (net)
                      0.035972    0.000149   24.630232 ^ u_dut.g_seg[3].u_bank.g_inv[85].u_inv._cell/A (sg13g2_inv_1)
     1    0.003017    0.027390    0.041736   24.671967 v u_dut.g_seg[3].u_bank.g_inv[85].u_inv._cell/Y (sg13g2_inv_1)
                                                         u_dut.g_seg[3].u_bank.node[86] (net)
                      0.027390    0.000119   24.672085 v u_dut.g_seg[3].u_bank.g_inv[86].u_inv._cell/A (sg13g2_inv_1)
     1    0.003949    0.036521    0.044587   24.716673 ^ u_dut.g_seg[3].u_bank.g_inv[86].u_inv._cell/Y (sg13g2_inv_1)
                                                         u_dut.g_seg[3].u_bank.node[87] (net)
                      0.036523    0.000274   24.716946 ^ u_dut.g_seg[3].u_bank.g_inv[87].u_inv._cell/A (sg13g2_inv_1)
     1    0.004196    0.032790    0.046628   24.763573 v u_dut.g_seg[3].u_bank.g_inv[87].u_inv._cell/Y (sg13g2_inv_1)
                                                         u_dut.g_seg[3].u_bank.node[88] (net)
                      0.032792    0.000282   24.763855 v u_dut.g_seg[3].u_bank.g_inv[88].u_inv._cell/A (sg13g2_inv_1)
     1    0.003004    0.032213    0.042311   24.806168 ^ u_dut.g_seg[3].u_bank.g_inv[88].u_inv._cell/Y (sg13g2_inv_1)
                                                         u_dut.g_seg[3].u_bank.node[89] (net)
                      0.032213    0.000229   24.806396 ^ u_dut.g_seg[3].u_bank.g_inv[89].u_inv._cell/A (sg13g2_inv_1)
     1    0.003893    0.030566    0.043759   24.850155 v u_dut.g_seg[3].u_bank.g_inv[89].u_inv._cell/Y (sg13g2_inv_1)
                                                         u_dut.g_seg[3].u_bank.node[90] (net)
                      0.030568    0.000261   24.850416 v u_dut.g_seg[3].u_bank.g_inv[90].u_inv._cell/A (sg13g2_inv_1)
     1    0.003007    0.031782    0.041540   24.891956 ^ u_dut.g_seg[3].u_bank.g_inv[90].u_inv._cell/Y (sg13g2_inv_1)
                                                         u_dut.g_seg[3].u_bank.node[91] (net)
                      0.031782    0.000119   24.892075 ^ u_dut.g_seg[3].u_bank.g_inv[91].u_inv._cell/A (sg13g2_inv_1)
     1    0.003051    0.026692    0.040307   24.932383 v u_dut.g_seg[3].u_bank.g_inv[91].u_inv._cell/Y (sg13g2_inv_1)
                                                         u_dut.g_seg[3].u_bank.node[92] (net)
                      0.026692    0.000121   24.932503 v u_dut.g_seg[3].u_bank.g_inv[92].u_inv._cell/A (sg13g2_inv_1)
     1    0.002854    0.030118    0.039417   24.971920 ^ u_dut.g_seg[3].u_bank.g_inv[92].u_inv._cell/Y (sg13g2_inv_1)
                                                         u_dut.g_seg[3].u_bank.node[93] (net)
                      0.030118    0.000114   24.972034 ^ u_dut.g_seg[3].u_bank.g_inv[93].u_inv._cell/A (sg13g2_inv_1)
     1    0.004450    0.032756    0.045135   25.017170 v u_dut.g_seg[3].u_bank.g_inv[93].u_inv._cell/Y (sg13g2_inv_1)
                                                         u_dut.g_seg[3].u_bank.node[94] (net)
                      0.032759    0.000293   25.017462 v u_dut.g_seg[3].u_bank.g_inv[94].u_inv._cell/A (sg13g2_inv_1)
     1    0.003789    0.036644    0.045931   25.063395 ^ u_dut.g_seg[3].u_bank.g_inv[94].u_inv._cell/Y (sg13g2_inv_1)
                                                         u_dut.g_seg[3].u_bank.node[95] (net)
                      0.036648    0.000151   25.063545 ^ u_dut.g_seg[3].u_bank.g_inv[95].u_inv._cell/A (sg13g2_inv_1)
     1    0.003128    0.028017    0.042435   25.105980 v u_dut.g_seg[3].u_bank.g_inv[95].u_inv._cell/Y (sg13g2_inv_1)
                                                         u_dut.g_seg[3].u_bank.node[96] (net)
                      0.028017    0.000123   25.106102 v u_dut.g_seg[3].u_bank.u_mux.u_m1/A1 (sg13g2_mux2_1)
     1    0.003415    0.057620    0.167152   25.273254 v u_dut.g_seg[3].u_bank.u_mux.u_m1/X (sg13g2_mux2_1)
                                                         u_dut.g_seg[3].u_bank.u_mux.w1 (net)
                      0.057620    0.000135   25.273390 v u_dut.g_seg[3].u_bank.u_mux.u_m2/A1 (sg13g2_mux2_1)
     1    0.005293    0.065423    0.189353   25.462742 v u_dut.g_seg[3].u_bank.u_mux.u_m2/X (sg13g2_mux2_1)
                                                         rca_cout (net)
                      0.065424    0.000403   25.463144 v _1228_/B (sg13g2_xor2_1)
     1    0.016973    0.267490    0.244045   25.707190 ^ _1228_/X (sg13g2_xor2_1)
                                                         _0217_ (net)
                      0.267493    0.001423   25.708612 ^ _1229_/B (sg13g2_nand2_1)
     1    0.005703    0.103184    0.167445   25.876057 v _1229_/Y (sg13g2_nand2_1)
                                                         _0218_ (net)
                      0.103184    0.000405   25.876463 v _1230_/B1 (sg13g2_o21ai_1)
     1    0.003210    0.121502    0.081563   25.958025 ^ _1230_/Y (sg13g2_o21ai_1)
                                                         _0149_ (net)
                      0.121502    0.000179   25.958204 ^ _1422_/D (sg13g2_dfrbpq_1)
                                             25.958204   data arrival time

                                 20.000000   20.000000   clock clk (rise edge)
                                  0.000000   20.000000   clock source latency
     1    0.034007    0.075930    0.045787   20.045788 ^ clk (in)
                                                         clk (net)
                      0.076319    0.000000   20.045788 ^ clkbuf_0_clk/A (sg13g2_buf_16)
    16    0.179861    0.090608    0.160336   20.206123 ^ clkbuf_0_clk/X (sg13g2_buf_16)
                                                         clknet_0_clk (net)
                      0.093256    0.012040   20.218164 ^ clkbuf_4_0_0_clk/A (sg13g2_buf_8)
     2    0.038559    0.050876    0.148138   20.366301 ^ clkbuf_4_0_0_clk/X (sg13g2_buf_8)
                                                         clknet_4_0_0_clk (net)
                      0.050918    0.001455   20.367756 ^ clkbuf_5_0__f_clk/A (sg13g2_buf_16)
     6    0.025875    0.032467    0.108713   20.476469 ^ clkbuf_5_0__f_clk/X (sg13g2_buf_16)
                                                         clknet_5_0__leaf_clk (net)
                      0.032498    0.001915   20.478384 ^ _1422_/CLK (sg13g2_dfrbpq_1)
                                 -0.250000   20.228384   clock uncertainty
                                  0.000000   20.228384   clock reconvergence pessimism
                                 -0.230412   19.997974   library setup time
                                             19.997974   data required time
---------------------------------------------------------------------------------------------
                                             19.997974   data required time
                                            -25.958204   data arrival time
---------------------------------------------------------------------------------------------
                                             -5.960232   slack (VIOLATED)




===========================================================================
 report_check_types -max_slew -max_cap -max_fanout -violators
============================================================================
======================= nom_slow_1p08V_125C Corner ===================================

max fanout

Pin                                   Limit Fanout  Slack
---------------------------------------------------------
clkbuf_0_clk/X                            8     16     -8 (VIOLATED)
_1429_/Q                                  8     10     -2 (VIOLATED)



===========================================================================
report_parasitic_annotation -report_unannotated
============================================================================
Found 4 unannotated drivers.
 ena
 clkload0/Y
 clkload1/Y
 clkload2/Y
Found 0 partially unannotated drivers.

===========================================================================
max slew violation count 0
max fanout violation count 2
max cap violation count 0
============================================================================

===========================================================================
check_setup -verbose -unconstrained_endpoints -multiple_clock -no_clock -no_input_delay -loops -generated_clocks
===========================================================================
Warning: There are 20 unclocked register/latch pins.
  _1286_/CLK
  _1287_/CLK
  _1288_/CLK
  _1289_/CLK
  _1290_/CLK
  _1291_/CLK
  _1292_/CLK
  _1293_/CLK
  _1294_/CLK
  _1295_/CLK
  _1296_/CLK
  _1297_/CLK
  _1298_/CLK
  _1299_/CLK
  _1300_/CLK
  _1301_/CLK
  _1302_/CLK
  _1303_/CLK
  _1304_/CLK
  _1305_/CLK
Warning: There are 20 unconstrained endpoints.
  _1286_/D
  _1287_/D
  _1288_/D
  _1289_/D
  _1290_/D
  _1291_/D
  _1292_/D
  _1293_/D
  _1294_/D
  _1295_/D
  _1296_/D
  _1297_/D
  _1298_/D
  _1299_/D
  _1300_/D
  _1301_/D
  _1302_/D
  _1303_/D
  _1304_/D
  _1305_/D
